,baseMean,log2FoldChange,lfcSE,stat,pvalue,padj,DEG
ENSG00000002726.21,96.8545933774057,-1.363641197397174,0.3443458262529937,-3.96009213248107,7.49208527604309e-05,0.00200024911884279,True
ENSG00000003987.14,192.63125279514298,-1.2286759179743376,0.28038546275947135,-4.382095654610871,1.1754317830622214e-05,0.0005273052850753716,True
ENSG00000004799.8,7329.201155149554,1.0721817003961964,0.24574186904349232,4.363040390998401,1.2826725040729463e-05,0.000559971876027039,True
ENSG00000004948.16,5.316803054759873,-1.0614489978067823,0.343837873206923,-3.0870624806593026,0.002021451030429368,0.020507513179714956,True
ENSG00000005001.10,93.07846240830018,-3.276124666041783,0.477366706338704,-6.862909839626076,6.747181474392401e-12,4.380787018565075e-09,True
ENSG00000005884.18,1008.6204450177822,-1.952061695422751,0.2327538980933665,-8.386805597729257,4.9953003925437154e-17,1.270304889823867e-13,True
ENSG00000005981.13,108.86589035972554,1.8529692292566144,0.3001511725496319,6.1734532419666435,6.681431623232332e-10,2.0805159940261005e-07,True
ENSG00000006118.15,700.0254682327684,-1.7894219467067423,0.25458447613440444,-7.028794425635132,2.0832564363956235e-12,1.6729645635012856e-09,True
ENSG00000006283.18,4.700803565908535,-1.382308181648916,0.34593954181368153,-3.995808557766458,6.447382105839889e-05,0.0017967882405644751,True
ENSG00000006606.9,13.572142267847664,-1.176416014429859,0.32801459546104056,-3.586474598108504,0.000335178697986933,0.0058958997946438555,True
ENSG00000006659.13,6.045141761855422,-4.355797893215014,0.949621799331102,-4.586876476807047,4.499266986099102e-06,0.00025905590820339655,True
ENSG00000006747.15,47.2128787053079,-1.5611357297434052,0.30111385704234445,-5.18453632482237,2.165529377793613e-07,2.4295328857628636e-05,True
ENSG00000007001.13,422.80038416211477,1.0076018007833607,0.36830938217683057,2.7357483939944727,0.006223859372727663,0.04494256805919483,True
ENSG00000007062.12,250.10560229145392,-2.9359553174698267,0.4777498425384783,-6.145382072487784,7.977126152422144e-10,2.3183807777839443e-07,True
ENSG00000007306.15,34.0985406388042,-4.987008123394738,0.8414095898231017,-5.926968486826029,3.0857816461886472e-09,7.027291993663639e-07,True
ENSG00000007350.17,23.079369650682075,-2.8390912920244396,0.37490298260211646,-7.572869312265674,3.6506952315395034e-14,4.8436789428547603e-11,True
ENSG00000007372.24,7.376258830794043,1.2871200539603591,0.46657540302160905,2.7586538973653254,0.005803996913218608,0.042978590100407436,True
ENSG00000008277.14,79.97795793314188,-1.2246974623549338,0.2553155704220343,-4.796798958757275,1.6122126578845894e-06,0.00011441460806513053,True
ENSG00000010310.9,51.83923233265371,-2.08817674144184,0.27980332808396413,-7.463016096846477,8.456401145938443e-14,9.21626919176634e-11,True
ENSG00000011426.11,531.4133060079515,-1.1464725416750987,0.19204602313664376,-5.969780175345602,2.375734608185758e-09,5.799833384271728e-07,True
ENSG00000011638.11,140.5772433099447,-1.3536756012133508,0.20688704501219568,-6.543066053911464,6.027019324401291e-11,2.7047135544622026e-08,True
ENSG00000013588.9,66.9988553369504,-1.9050040112045248,0.3160652723441762,-6.027248729591808,1.6677424335243686e-09,4.276708243817616e-07,True
ENSG00000014257.16,30.36418118522505,-1.7623846613411454,0.38723616011745965,-4.551188248552419,5.33437931321166e-06,0.00029543361002171874,True
ENSG00000016402.13,55.11911668580697,-1.4860090509197752,0.5398840916029628,-2.7524594149601356,0.005914947749405341,0.043536288769881734,True
ENSG00000018625.15,130.9763676240762,1.1494533785188772,0.28800580757663663,3.9910770834474047,6.577389603581558e-05,0.0018280111215199894,True
ENSG00000019186.10,2.758730775662169,-1.7089423217776767,0.6142801593819346,-2.782024285949834,0.005402099746509424,0.04088347740311865,True
ENSG00000019505.8,383.77775312013114,-2.706143887740893,0.5139276022285781,-5.265613047452721,1.3972230782546303e-07,1.6720650767066e-05,True
ENSG00000035499.13,263.17863931795597,-1.3468115536390184,0.22774124716463207,-5.913779653035011,3.3434510141697313e-09,7.393387764377066e-07,True
ENSG00000036473.8,5212.622136337746,1.0626154889018757,0.25538834765775675,4.1607829748202745,3.1715836982173284e-05,0.001056594411951965,True
ENSG00000036828.17,31.271798601452854,2.00262105867159,0.43527440541147067,4.600824293306393,4.208222989283732e-06,0.00024695794757881225,True
ENSG00000040731.10,5.9417742964753,-2.2425241857666194,0.7052016240554002,-3.179975923581322,0.0014728728913762613,0.016529663050121785,True
ENSG00000041353.10,153.93843062264904,-1.1365911897722776,0.2913581331850219,-3.9010106817595007,9.579192353812224e-05,0.002392132846717953,True
ENSG00000042980.13,118.3840456258656,-1.3970684744171395,0.25944519272775385,-5.3848308374059535,7.251281280287698e-08,1.0104114134669377e-05,True
ENSG00000043039.7,11.255530766399707,-2.4800349696903328,0.4163606528620326,-5.956458547758426,2.577624528420515e-09,6.050676162252341e-07,True
ENSG00000046604.13,1785.3812748469338,-1.189445554133939,0.22232220014164467,-5.350097981110866,8.790662478393817e-08,1.1817438598707743e-05,True
ENSG00000047617.15,42.10216828119566,1.2867526768628115,0.27590357952486627,4.663776668206803,3.1045830641004173e-06,0.00019178027689086707,True
ENSG00000049283.18,44.011316567536305,-3.0341261444429173,0.3546976940945018,-8.55411860567252,1.1877273800900014e-17,3.624468873082648e-14,True
ENSG00000052850.8,2.191764035706457,-1.2733835041290542,0.38220606704713045,-3.3316674273829125,0.0008632735412949219,0.011369726105375845,True
ENSG00000053918.18,353.20113611121957,-1.3870327583648685,0.22485083275990886,-6.168679659042731,6.886257733540605e-10,2.1155745628507408e-07,True
ENSG00000054356.14,3.3885131511659106,-1.0262244583498281,0.2817920612610942,-3.6417791677920293,0.0002707602936470235,0.005078378070640793,True
ENSG00000055732.13,106.59499640312607,-1.3742119709190217,0.41810274784221324,-3.2867805294540475,0.0010133978045240818,0.012751800945992958,True
ENSG00000058085.15,374.86173803461656,-2.385588289577576,0.3748455503496288,-6.364189963979757,1.963230429260106e-10,7.306090216987975e-08,True
ENSG00000060140.9,5.949406129667183,-1.582669799003755,0.30184230715451793,-5.243366358823784,1.5767302401305603e-07,1.8577413130434046e-05,True
ENSG00000062038.14,17.656561204281317,-1.0055802558939029,0.2925813578629175,-3.4369252478657413,0.0005883579585710843,0.008692690370854628,True
ENSG00000064042.18,667.4400292223766,-1.3699284381527088,0.2158992935473205,-6.345219642196049,2.2210833124433925e-10,7.97395039559089e-08,True
ENSG00000064195.7,7.705453647073207,-1.8910695524986736,0.5375848714257794,-3.5177134867712896,0.0004352820609701124,0.007110849771179845,True
ENSG00000064270.13,19.35017051483908,-1.719679988225595,0.39126304144468615,-4.395201708487232,1.1066994023492836e-05,0.0005078502099562517,True
ENSG00000064547.14,207.59112968573956,-1.1792313189598311,0.21352767347492818,-5.522615873479712,3.339893912214405e-08,5.450278215247849e-06,True
ENSG00000064886.14,40.881640051709184,-1.2182243127210286,0.2962352671196731,-4.112354091280059,3.916449934297818e-05,0.0012333785985039446,True
ENSG00000065325.13,17.823643802946503,-1.0345317322300516,0.3690249791872,-2.803419255001845,0.005056389163273879,0.03922062902079333,True
ENSG00000066032.18,207.74885569909188,3.0605512661488317,0.5136766941112838,5.958127556174055,2.5514434246393806e-09,6.05027927686429e-07,True
ENSG00000066405.13,18.22379042397547,-2.6023817214635256,0.3839733312523233,-6.777506429875992,1.222677123328691e-11,7.4051749892981725e-09,True
ENSG00000067057.18,752.7262101244501,-1.5903866219903875,0.25802440547110306,-6.163706177664267,7.106174744827152e-10,2.147049787258865e-07,True
ENSG00000067225.18,7613.3616400102155,-1.3026932765685875,0.20550808969388001,-6.338890495790451,2.3142564232716692e-10,8.211842908437006e-08,True
ENSG00000067715.14,186.02651882836392,-1.085581844654228,0.3402081162887372,-3.190934585854755,0.001418133842659773,0.01611452341510665,True
ENSG00000069018.19,1.6006210203655806,-1.1710178140692256,0.43436270331871,-2.695944668182068,0.007018932488329395,0.04867854492601688,True
ENSG00000072041.17,3.817528038240151,-3.3067193660532403,0.7191854118449831,-4.597867686957459,4.268369106242911e-06,0.0002487331485799002,True
ENSG00000072080.11,4936.434160167937,1.3180890249224602,0.30745125966048026,4.287147908836125,1.8098179402488543e-05,0.0007247822081972972,True
ENSG00000072182.13,2.313465404359637,-1.3506520603432968,0.3262308784644962,-4.140172342668931,3.47044989336323e-05,0.001130248121087218,True
ENSG00000072195.15,87.61363230109572,-1.4684867421961643,0.3433038200212557,-4.27751355084031,1.8899245680791737e-05,0.0007443751045847154,True
ENSG00000073067.14,18.402279496357206,-1.481180861544712,0.2779157095932959,-5.329604662191583,9.842678539590099e-08,1.2881362088753792e-05,True
ENSG00000073146.16,52.13605676602048,1.2344610217348186,0.230229351049776,5.361875087194795,8.236248867485152e-08,1.1270734100456364e-05,True
ENSG00000073282.14,33.39265181938296,-1.4061069246746136,0.2569865932288849,-5.471518599502447,4.46195503763028e-08,6.707439405336237e-06,True
ENSG00000073754.6,565.7853055792706,1.111170362088328,0.3393806506652477,3.2741122981237503,0.0010599447903350619,0.013142107374072504,True
ENSG00000074410.14,1382.1062056525548,-1.0111474183920761,0.3626072429158569,-2.788547217813609,0.0052945028833670275,0.04037157670885263,True
ENSG00000075043.19,3.1544938195364547,-1.1542380594950121,0.41692106396397094,-2.7684810369637693,0.0056318262925517,0.04213307456325268,True
ENSG00000075223.14,119.15009370963573,-1.3029535759114883,0.31399236447423007,-4.149634587749423,3.330064453220801e-05,0.0010948831714756749,True
ENSG00000075429.9,1.2143260964411162,-1.0848828875454752,0.40264442768928477,-2.694394391029955,0.007051666965811537,0.048833492855808125,True
ENSG00000076716.9,332.0486356498783,-1.536577848352068,0.29404019127825115,-5.225740881449774,1.7345913558809495e-07,2.0082821689488273e-05,True
ENSG00000077274.9,88.04682704018057,-1.35201916780733,0.45526545251360634,-2.9697381172732906,0.0029805371863828034,0.027077723363994534,True
ENSG00000077522.14,216.41744606893835,1.260638880669782,0.3607912549567955,3.4940948910215206,0.00047567191515324425,0.007498954070787864,True
ENSG00000078114.19,342.2890386746722,-1.2940928383919608,0.33272570358773346,-3.8893684029756153,0.00010050545013591384,0.002479405267863821,True
ENSG00000078579.9,1.3523352681330483,-1.2746132708610123,0.4320431722128174,-2.9501988524266243,0.003175694641260079,0.02836929088779057,True
ENSG00000079112.10,49.891896689099184,-2.213664487646899,0.47297670413041265,-4.680282280956761,2.8648019694043976e-06,0.00018025215855328782,True
ENSG00000079393.20,6.061096450166972,1.08757420571973,0.4009001073448375,2.71283091671573,0.006671113614720343,0.04708023357062364,True
ENSG00000080224.17,12.077198903579367,-3.1820834764449066,0.6189094029034571,-5.1414366327558865,2.7264560987186457e-07,2.8396086794709282e-05,True
ENSG00000080293.10,238.16991857436346,-3.0898094843923736,0.3111985302229959,-9.928740608698586,3.121732965431452e-23,2.3815700793276544e-19,True
ENSG00000080709.16,69.83219069744133,1.3760556065282854,0.3117349833117081,4.414184099294202,1.0139165050328958e-05,0.00047502101160593654,True
ENSG00000081479.15,104.84450180193096,-1.4105377087918165,0.4290228764456239,-3.287791365527786,0.0010097664065979964,0.012720188622820094,True
ENSG00000082482.14,14.125084372020394,-2.48926348266414,0.5747356281989543,-4.331145244057221,1.4833578942386666e-05,0.0006235006818262693,True
ENSG00000083307.12,88.4674200586556,-1.8562495139755524,0.46734337369122664,-3.9719179054884273,7.12962918625129e-05,0.0019305036756667644,True
ENSG00000083720.13,279.9854656342951,-1.0234507133165192,0.29137865564765447,-3.512442292801681,0.0004440084153353024,0.007180371384404923,True
ENSG00000085491.17,292.8041090758968,-1.161668667023893,0.21387816142664498,-5.431450594465285,5.5897792416807055e-08,8.122747778053735e-06,True
ENSG00000086159.13,34.1826219691115,2.0140454598075483,0.41353831096973015,4.870275392586229,1.114428161876795e-06,8.480770520656428e-05,True
ENSG00000086548.9,27.833906551766486,-1.9605189525141917,0.5836453282338212,-3.359093027347534,0.0007819873829285069,0.010634192057685524,True
ENSG00000087250.9,21.980329520788253,1.4340062278628503,0.4754682320381363,3.015987465063348,0.002561438486618054,0.024365603758614882,True
ENSG00000087494.16,69.32624923672721,-1.0444650900472097,0.34624071607541046,-3.0165865582941076,0.002556382200070166,0.02432813738373964,True
ENSG00000088002.12,28.698590785668358,-1.1936681311791353,0.3982260448791929,-2.9974637433401683,0.0027223623913430347,0.025483316176142346,True
ENSG00000088340.17,168.31525686033945,-1.0308456805225952,0.31330982156499554,-3.2901799100120077,0.0010012334392297934,0.012641141759013808,True
ENSG00000088756.13,60.63605022594442,-1.0766988235802528,0.2382659268208802,-4.518895496080212,6.216306619750938e-06,0.00033338631425012237,True
ENSG00000088836.14,82.35274219320829,-1.149153015496797,0.2927689055732607,-3.925119756986078,8.668660096597305e-05,0.0022192351636557326,True
ENSG00000088992.18,1486.2223178924805,-1.390897897148012,0.32519161253624,-4.2771641196404095,1.8928925191956324e-05,0.0007443751045847154,True
ENSG00000089356.18,5.29266716616197,-2.361264650921247,0.4073106768232882,-5.797207844727532,6.742810422402938e-09,1.4093397455482743e-06,True
ENSG00000090530.10,161.3583622743872,-1.081077407153251,0.196312421347963,-5.506923096002394,3.651596818354762e-08,5.8037566931726005e-06,True
ENSG00000091490.11,1864.6350469380907,-1.4231822850750455,0.253385796146788,-5.616661654746372,1.946821097444357e-08,3.43405737627815e-06,True
ENSG00000091622.16,48.61087380418264,-1.2603593341897332,0.28346027600310447,-4.4463349572690385,8.734771714984313e-06,0.0004230957042134306,True
ENSG00000092009.10,9.392162543588162,1.0507677872588845,0.37385236870775984,2.81064900268231,0.004944168993270142,0.03866639184998249,True
ENSG00000095596.12,28.020681538112942,1.005089940589886,0.3574493841204145,2.811838501451439,0.004925922906517605,0.038543452157766986,True
ENSG00000095627.9,5.396190353750238,1.3790509722868478,0.4551672278490816,3.02976771593076,0.0024474188915069844,0.023569475593724982,True
ENSG00000095777.17,11.158591883776461,-4.100819869972166,0.6237960494324502,-6.573975378175645,4.8989336014906216e-11,2.2999362735859664e-08,True
ENSG00000096433.11,559.760585012783,-2.1143644050566897,0.2700854166539948,-7.828502668714586,4.9371447123073435e-15,7.533095402038545e-12,True
ENSG00000099282.10,882.2209407922038,-1.0805707593657534,0.22017781310630866,-4.9077186484908015,9.214190687344898e-07,7.22828388213411e-05,True
ENSG00000099960.13,7.661270061895365,-1.560548545125059,0.4101692821359518,-3.804645089457993,0.00014200765540620653,0.003177056900568767,True
ENSG00000100033.16,724.9562113122056,1.233836299484989,0.383082371425576,3.220812001589832,0.0012782797001263798,0.015027591130747468,True
ENSG00000100228.12,54.99242709538605,-1.511034860457999,0.26487573747796295,-5.704693358649784,1.1655271907148764e-08,2.1781227494880525e-06,True
ENSG00000100604.13,12.688015016137625,-2.0148276097802924,0.3616329518341752,-5.571471293092175,2.5259699078910978e-08,4.25870153089529e-06,True
ENSG00000100721.11,12.045835540066996,1.1158823105595117,0.3330139201545439,3.350857856157055,0.0008056164344292876,0.010844371906944922,True
ENSG00000100842.13,46.183084911016465,-1.0487492690018922,0.2528503391787034,-4.147707582312882,3.3582094033051675e-05,0.0010995613535542972,True
ENSG00000101187.16,84.88697143858856,-1.5951623381457547,0.3005171625757167,-5.308057365089243,1.1079977422834169e-07,1.4029734067850934e-05,True
ENSG00000101489.20,12.656008041912676,-1.1563952509908615,0.28261906438466594,-4.091709996665052,4.282039387063623e-05,0.0013199062013700355,True
ENSG00000101680.15,25.434317200947792,-1.4021452973656412,0.3308074689266724,-4.238553929616517,2.2496414575580516e-05,0.0008371958380346524,True
ENSG00000101850.13,152.94338118969117,1.190235974513796,0.27198491971281746,4.376110174676369,1.2081596397578956e-05,0.0005360402628056383,True
ENSG00000102109.9,208.0247774143008,-1.9987189990344494,0.4927754100482674,-4.056044514962048,4.99107512133983e-05,0.0014888333177204911,True
ENSG00000102230.14,7.8624275008890185,-1.2475408346970394,0.32963337602409354,-3.784631428238184,0.00015393654174142467,0.00337708663391899,True
ENSG00000102243.13,1.9065266982073261,-2.117003877528171,0.6172662798355331,-3.429644460883614,0.0006043726139715406,0.008855438039697912,True
ENSG00000102385.12,5.115851593892106,-1.1840934029011465,0.3020332518592758,-3.92040742405688,8.839939032352859e-05,0.0022536305723582276,True
ENSG00000102837.7,15.10070606629383,-2.3531351312550175,0.4919322617725333,-4.783453564879414,1.7230871151881887e-06,0.00012060028992450177,True
ENSG00000103089.9,120.6800096428063,-1.6802457565866877,0.48575477829106983,-3.4590411287315534,0.0005421021186304766,0.008213896848126923,True
ENSG00000103222.20,710.7765332871958,-1.1255436658179805,0.2049906290572973,-5.49070789720528,4.003259610606047e-08,6.203823250187682e-06,True
ENSG00000103253.19,123.58662843977108,-1.4038069312929253,0.2700305225887682,-5.198697235537313,2.0069010124598626e-07,2.2682441220824136e-05,True
ENSG00000103534.17,357.5807723460539,-2.3252879956559553,0.3745831091527027,-6.207669109575432,5.377622830935885e-10,1.7457823224344625e-07,True
ENSG00000103546.18,179.51609137299354,2.0089380828536916,0.6119825158637692,3.2826723489284992,0.0010282810654881252,0.012860256145260502,True
ENSG00000104140.7,84.57315877830669,-2.6291961561787263,0.414026229602399,-6.3503130193070545,2.1487724436770954e-10,7.806183320386933e-08,True
ENSG00000104371.5,97.51963315169093,1.6123159700875767,0.4673213730426333,3.450122470517706,0.0005603322896573894,0.008390137463780615,True
ENSG00000104415.14,152.83468132228396,-1.0650510092857681,0.24632233677381135,-4.3238101068510275,1.533573128626668e-05,0.0006428367801259808,True
ENSG00000104728.16,3.731359555914078,-1.0413690728807434,0.27388587537355835,-3.80220072123252,0.00014341645934686946,0.0031952224031172654,True
ENSG00000104826.15,3.2030242404809224,-1.0501786111602192,0.361431667055696,-2.9056076345363184,0.003665407587248016,0.03143720571457573,True
ENSG00000104892.17,29.941044948025628,-1.318819133329105,0.38975609361415314,-3.383703692993948,0.0007151513748539931,0.009997049635842628,True
ENSG00000105048.17,34.63083035532192,-1.6517949773971605,0.3827727461866725,-4.315341136099604,1.5935662009220984e-05,0.0006602476974112543,True
ENSG00000105290.13,159.5501862295953,-2.124586444649204,0.29962605355953587,-7.090793405343996,1.3334528353987506e-12,1.1303235201396743e-09,True
ENSG00000105388.16,7.844531710459974,-2.100689851277612,0.6359319974590497,-3.3033246631262396,0.000955456986386541,0.012206860279271255,True
ENSG00000105419.18,88.78083337029135,-1.1507175124553786,0.1990466797164091,-5.781143971328024,7.419436005758921e-09,1.5122204516305606e-06,True
ENSG00000105426.17,435.0236150585493,-1.022435639647952,0.33149814691276197,-3.084287647366606,0.0020404021314374032,0.020665420326234252,True
ENSG00000105523.3,6.2271635302573785,-1.3598255299525595,0.38584031801945773,-3.5243220224693683,0.0004245679275185063,0.006981281519961615,True
ENSG00000105655.19,1438.3874414049608,-1.1312015061035028,0.25355547383553306,-4.461357071065437,8.144225721212836e-06,0.0004041125074935462,True
ENSG00000105825.14,78.5154148487577,-1.0403315928178385,0.25016799625915387,-4.158531900060225,3.202995080783841e-05,0.0010601149445249424,True
ENSG00000105855.10,155.66942811613575,-1.9876193582441133,0.40071178024885606,-4.960221925618788,7.041269019056824e-07,5.903059488613682e-05,True
ENSG00000105880.7,13.373529825222294,-1.4504904491196668,0.36923923574292167,-3.9283215560806575,8.554078685642218e-05,0.0021972749593523397,True
ENSG00000105889.16,7.894608602920703,-1.1369739320468883,0.2449939119301299,-4.6408252478173555,3.4702050525368736e-06,0.00021137081314015016,True
ENSG00000105963.15,164.05097563203873,-1.1143320679784428,0.280229557905017,-3.9764972557111284,6.99378056217869e-05,0.0019106733002277967,True
ENSG00000106123.12,355.71385218464616,-1.1487604823215072,0.2884968419150635,-3.9818823481600347,6.837162396941299e-05,0.0018830581922839411,True
ENSG00000106236.4,590.2592375729123,-1.7313830589535832,0.4521680237768195,-3.829070097641749,0.00012862836848962522,0.0029780360691710975,True
ENSG00000106366.9,6965.665280583896,-1.1172311032732047,0.24542970555691435,-4.552142947562321,5.310223358181211e-06,0.00029463050181501423,True
ENSG00000106541.12,278.2615489526914,-2.7127198413161078,0.5125233439862692,-5.292870799244577,1.2041099291597135e-07,1.4997803509484823e-05,True
ENSG00000106571.15,53.389611289952086,-1.0270665164444788,0.2080733021300087,-4.936080246387138,7.970832129155628e-07,6.535454844753933e-05,True
ENSG00000106633.17,464.99168880739273,2.622224220088463,0.48904526802206155,5.3619253503750715,8.233956878613018e-08,1.1270734100456364e-05,True
ENSG00000106976.21,318.4411035453017,-1.0111599469180987,0.24679197256165844,-4.097215709337834,4.181492192272713e-05,0.0012954559973542548,True
ENSG00000107159.13,435.0851846702696,-1.9447853424026995,0.46533539897346693,-4.179319576144238,2.923825776109417e-05,0.0010127521836975593,True
ENSG00000107295.10,5.016840474173987,1.1092078006151762,0.36979340942328265,2.9995337189623235,0.0027039319289022313,0.025358244108753772,True
ENSG00000107317.13,107.63348131916408,-1.1930658815009483,0.3640408717143469,-3.2772855308321396,0.0010481032091134977,0.013054660216043875,True
ENSG00000108515.18,1732.5204214090054,1.4985397962174918,0.2685279006921156,5.58057390816779,2.3972625865001205e-08,4.086863971488138e-06,True
ENSG00000108813.11,16.95456922307477,-1.472260794367956,0.3698431543189193,-3.980770705568911,6.869218678400878e-05,0.0018835702139341985,True
ENSG00000108852.15,37.513563966369155,-1.9924894233435868,0.2516147608858879,-7.918809756345014,2.3979491542881122e-15,4.065323132903113e-12,True
ENSG00000109063.15,156.32430985265015,1.10229937156042,0.22590425200947817,4.879498113714882,1.0635614060579687e-06,8.216617687915183e-05,True
ENSG00000109089.7,278.7170399220784,-1.2995350877157514,0.19166276057670334,-6.780321246576631,1.1990895447483284e-11,7.4051749892981725e-09,True
ENSG00000109101.8,2.0910849186812523,-2.710951056106366,0.5088206512988962,-5.327910825132516,9.93488770426031e-08,1.2900980135455643e-05,True
ENSG00000109586.12,162.55320470727784,-1.1343551560820793,0.24717786108513637,-4.589226361544447,4.448917813550595e-06,0.00025761513472165077,True
ENSG00000110195.14,65.08589858278256,-1.2677749710482142,0.3878037786188579,-3.2691145392221963,0.001078846198713246,0.013334171972431516,True
ENSG00000110427.17,23.648144778993178,-1.6785783026152727,0.35564856364805486,-4.719766854664909,2.361151093017509e-06,0.00015663671033591803,True
ENSG00000110660.15,83.07113620273418,-1.2436512637231654,0.23123648021753865,-5.378265845221241,7.52067114604409e-08,1.038465161505346e-05,True
ENSG00000111432.4,16.26047197574916,-1.4547110012256166,0.34084791907640805,-4.267918094285075,1.973057404944644e-05,0.000761186090635787,True
ENSG00000111674.9,214.1379222326637,-1.2841418562787397,0.2229604709487931,-5.759504592065856,8.436116456420217e-09,1.6716657778189568e-06,True
ENSG00000111863.13,60.65245247268695,-1.0215250601347416,0.3231911757169568,-3.160745518093505,0.001573659196255344,0.017274023033427365,True
ENSG00000111981.5,12.041945707099126,-1.1427020325409973,0.28149963088244906,-4.059337587615439,4.9212122854582406e-05,0.0014709966210538466,True
ENSG00000112218.9,6.540666888213499,-1.086625520841357,0.26085023319121636,-4.165706534158265,3.103897731109629e-05,0.0010431557617019984,True
ENSG00000112499.13,9.676148496621124,1.0052625400722823,0.34061898023645953,2.9512816325573623,0.0031645822341451898,0.028294870043121773,True
ENSG00000112655.16,750.1963099733398,-1.1813245475315184,0.27020627666593455,-4.371935996853364,1.2314963042904686e-05,0.0005446426264018542,True
ENSG00000112761.21,5.5240286572501285,-1.5676093239716988,0.2786315469012937,-5.626101356452041,1.8432806466225878e-08,3.270322803042726e-06,True
ENSG00000112812.16,87.33056438435393,-1.400132677378955,0.5063310501216679,-2.765251463528679,0.005687893015374327,0.04243629015387794,True
ENSG00000113248.6,56.509225815399624,-1.1552295292462447,0.21398012585681422,-5.398770211114241,6.709924968979916e-08,9.435947942552588e-06,True
ENSG00000113249.13,59.16405493881949,-1.7609414794986487,0.4448463585349202,-3.95853859588336,7.540975649704507e-05,0.0020097852657326005,True
ENSG00000113361.13,469.77278700951484,-1.1012159498917446,0.25824892140732275,-4.264164759684914,2.0065135055915858e-05,0.0007701983161840607,True
ENSG00000114120.14,293.7872689212784,-1.0222385576454656,0.1983220110560709,-5.1544382401227855,2.543923829546662e-07,2.686172303890863e-05,True
ENSG00000114529.13,39.59729151551753,-2.103050119967914,0.3440044159666714,-6.113439311696704,9.750646243637837e-10,2.7050065524622934e-07,True
ENSG00000114923.17,114.77491136647131,-1.5234216419930346,0.3591405890143007,-4.241853158881948,2.216817204980577e-05,0.0008269974795499668,True
ENSG00000114948.13,125.41721846558514,1.066577024212016,0.3488384821212838,3.0575096466598817,0.0022318445765115765,0.02201259505391961,True
ENSG00000115221.12,34.098621431190054,-2.0160409269166832,0.3731303601671374,-5.403047144203522,6.551823067047083e-08,9.274179672161021e-06,True
ENSG00000115297.11,5.753058822817519,-1.5711605741508279,0.44781746401856704,-3.508484372297025,0.00045066771068027876,0.00725346828012626,True
ENSG00000115339.14,104.10410995344125,-2.0387594532240167,0.28405647643148496,-7.1773031857478875,7.109990196697919e-13,6.381425318895108e-10,True
ENSG00000115423.19,171.85615577961923,1.2430426520177802,0.28670508224336927,4.335614291492136,1.4535362607780266e-05,0.0006152026703731242,True
ENSG00000115616.3,10.686877557628183,-1.0668690035957167,0.3348868714992222,-3.1857594142749024,0.001443746031177938,0.01628181195191066,True
ENSG00000116014.10,12.482743661689085,-1.382031204957377,0.4951353654033375,-2.791218930264805,0.005250994145224233,0.04018037546029656,True
ENSG00000116032.5,7.947278068856007,-1.1847619631655115,0.2775169803119633,-4.269151249172908,1.9621818574882178e-05,0.000757948627381145,True
ENSG00000116132.12,164.58934347297728,-1.2044141489127813,0.24079631959947717,-5.0017963352434744,5.679857685191412e-07,4.995001069778131e-05,True
ENSG00000116183.11,316.963814307199,1.2723033348549642,0.34440681583893334,3.694187444449341,0.0002205910399656873,0.0043570663305093835,True
ENSG00000116299.17,102.96407693450278,-1.4425302323170506,0.2539542061416506,-5.6802769847113135,1.344767888960799e-08,2.487087084819863e-06,True
ENSG00000116785.14,7695.830952263214,1.1139028455430462,0.31460354228135884,3.5406557646030934,0.00039913395793442165,0.006677616151494962,True
ENSG00000117013.17,38.138416434501345,-1.033730474635418,0.23229111583955395,-4.450150712390684,8.581004937300133e-06,0.0004176362785752007,True
ENSG00000117148.8,22.536268001292726,1.6472094431416062,0.5703308158404038,2.8881648990233533,0.003874966701700541,0.03271955834783999,True
ENSG00000117215.15,90.65348984236353,1.017527217359725,0.3564367990493185,2.8547198832265757,0.004307480239850915,0.0350838806381606,True
ENSG00000117983.17,1141.7902755162227,-1.6303239533306253,0.5528442393493951,-2.948975203665399,0.003188295560563029,0.028440230145028177,True
ENSG00000118017.4,25.541785201875026,-3.019251904055052,0.5561144054562751,-5.429192041119393,5.66097442278416e-08,8.187217795529925e-06,True
ENSG00000118271.12,109777.62964314724,1.3889247510844305,0.25213631147043924,5.508626436963125,3.616444411420091e-08,5.777979982141125e-06,True
ENSG00000118322.14,33.96967422271522,-2.454906306162183,0.41604021853036954,-5.900646612565374,3.6207970043944773e-09,7.836329176319282e-07,True
ENSG00000118972.3,1.1823180114646754,-2.013393832097998,0.5941361267789681,-3.3887753013999524,0.0007020551477093659,0.009850075810344373,True
ENSG00000119457.8,5.938409645027609,1.4711738743324858,0.40072835949760227,3.67124971184199,0.00024136737305744858,0.0046529164600259635,True
ENSG00000119508.18,179.6211074629008,1.1035584460031989,0.24726074345327176,4.463136487380794,8.076856790782243e-06,0.000402369415161336,True
ENSG00000119913.6,29.482625682914232,1.547776013342187,0.2921554754907791,5.297781979756315,1.1721780444654706e-07,1.4720240825065146e-05,True
ENSG00000119915.5,11.072365477794522,-1.5881566616709828,0.32077681898190435,-4.950970792439256,7.38441869215792e-07,6.156910404641832e-05,True
ENSG00000120149.9,9.191833363020672,-1.6776059045717935,0.41943768574689116,-3.999654684305457,6.343497488175547e-05,0.001772693858508837,True
ENSG00000120498.14,42.984526466869546,1.1566852320115328,0.42773783372865876,2.704192009223322,0.006847071131411161,0.04783415896740143,True
ENSG00000120875.9,235.73667380965156,-1.4735164491238477,0.22798713258896408,-6.463156198294914,1.0254134840801307e-10,4.2285834973228745e-08,True
ENSG00000120952.4,4.448134459688998,2.1118682226376913,0.6058610956889622,3.485730042190867,0.0004907960268218539,0.007689042198577891,True
ENSG00000121753.12,32.993660014608125,-1.2384789406141539,0.2586041626746524,-4.789091280685504,1.6753826334145838e-06,0.00011780178903520609,True
ENSG00000121895.8,226.84332667163116,-1.4020092408821043,0.30988649119210226,-4.524267048520622,6.060516308719773e-06,0.0003256033726705856,True
ENSG00000121905.10,2.478591942635004,-1.4551335370542273,0.29926472499493834,-4.862362368564618,1.1599302704831857e-06,8.761493102491311e-05,True
ENSG00000122136.14,0.9500776393106413,-1.8066316963030462,0.5471609325093427,-3.3018287471980616,0.0009605669745280059,0.012239107221167693,True
ENSG00000122691.13,14.556178597832783,-1.0066804467918489,0.24380425987952864,-4.129051917670681,3.64262152135523e-05,0.0011640163032553674,True
ENSG00000122711.9,2.9210817536415528,-1.4632542580058616,0.534175821934634,-2.739274594470352,0.0061574921275624845,0.04465352418362566,True
ENSG00000122870.12,1107.131120474533,-1.3923904832880094,0.29803653843651184,-4.6718784568913465,2.984575611463174e-06,0.00018701706233965136,True
ENSG00000123095.6,156.86159022738966,-1.1055837754446225,0.2650330971832258,-4.171493248182122,3.026100251057058e-05,0.001024910935197083,True
ENSG00000123119.12,36.94971344108322,-1.1443552862322262,0.2401014618694245,-4.766132106494904,1.8779615188253906e-06,0.00013054185355005835,True
ENSG00000123243.15,673.9665235249878,-2.0596680738396373,0.3457134632370167,-5.957731742797519,2.557628872445581e-09,6.05027927686429e-07,True
ENSG00000123500.10,82.37251834735972,-1.5706498252860204,0.40994485872672887,-3.831368516644876,0.00012743246918127667,0.0029602789773732732,True
ENSG00000123610.5,28.097631690302673,-1.2438886202958601,0.33163971780297113,-3.750722707570451,0.0001763256132954667,0.00374183060870964,True
ENSG00000123901.9,5.08097878368641,-1.032672628442095,0.24177033010920412,-4.271295936005266,1.9434031022018932e-05,0.0007558734048264326,True
ENSG00000124102.5,114.27057061427958,-1.218987775998837,0.3932777127605663,-3.0995597676824773,0.001938084708569986,0.01994691162452671,True
ENSG00000124225.16,1120.999974559798,-1.4320347070274757,0.2710213714920458,-5.28384421916153,1.2650083255250236e-07,1.5628742535109968e-05,True
ENSG00000124429.18,181.4242016073958,-1.2353614207276873,0.40132608758667865,-3.0781986492738853,0.0020825604039993186,0.020983232113314976,True
ENSG00000124479.11,1.6687067779647793,-1.8918336121596335,0.46424722566789495,-4.075056365577466,4.600320312400672e-05,0.001391311939080465,True
ENSG00000124613.8,48.446050594060424,-1.201786095487774,0.27872359510551764,-4.311748687917176,1.6196846686826484e-05,0.0006661226057886752,True
ENSG00000125531.7,4.134152240509639,-2.0561478865293368,0.3220448497628214,-6.384663154972491,1.7177515427740118e-10,6.635304566998955e-08,True
ENSG00000125787.11,9.41466335328706,1.6402238853182574,0.38973225058236377,4.208591623781008,2.5696732953111672e-05,0.0009225429444672421,True
ENSG00000125850.11,29.152362986451852,-2.336393345086831,0.45976375393332763,-5.081725832231745,3.7402099442096687e-07,3.60051251285496e-05,True
ENSG00000125869.10,53.64060309186703,-2.7268987203213646,0.34776261563108674,-7.841264695380918,4.460311040621401e-15,7.163729037663298e-12,True
ENSG00000126010.6,41.57413912891894,1.3392572390999609,0.3921660348751202,3.4150260858935138,0.0006377590344057737,0.009188788807330778,True
ENSG00000126709.15,8046.51309427023,1.1789371254034244,0.2518218777501151,4.68163106373662,2.846013456875238e-06,0.0001794399724173652,True
ENSG00000126733.21,8.374368758450863,1.5995517437079212,0.4451571837114313,3.5932290935347786,0.0003266051927808963,0.005813792130091235,True
ENSG00000127074.15,8.3787006909658,1.2344801365741012,0.39913128398937237,3.0929175088339393,0.0019819921999706556,0.020275720407074933,True
ENSG00000127252.7,2.882515512627713,-1.0760455995393354,0.3467208155617452,-3.1034929293067197,0.001912508048387597,0.019750286160607755,True
ENSG00000127561.15,34.039942832174674,-1.3928577485826403,0.28821971391028345,-4.832624839174627,1.3474456298561405e-06,9.980255058419899e-05,True
ENSG00000128242.13,850.0534227941041,-1.3143758594332609,0.3148063969628475,-4.175187899972628,2.9774019575785244e-05,0.001014044622069936,True
ENSG00000128342.5,274.48329179173317,-1.2780619725211126,0.28003857079788363,-4.5638783574693615,5.021718223175399e-06,0.00028169623768092,True
ENSG00000128422.17,167.30458752713787,-1.191381469744694,0.33545677155458326,-3.5515201086076167,0.00038301272435814856,0.006469605856010731,True
ENSG00000128510.12,9.444463274481564,-1.265403160216063,0.3214371184804697,-3.936705151533232,8.260800174606387e-05,0.0021472451288610606,True
ENSG00000128683.14,34.71098345810863,-1.3435212369567981,0.38166072862431305,-3.5201977468299877,0.00043122516805386594,0.0070596927190621096,True
ENSG00000129009.13,684.913704434616,-1.1243252940933077,0.3250909314964928,-3.4584947938033674,0.0005432027710228995,0.00821812385421816,True
ENSG00000129195.16,70.72260887592212,-1.1197768547585432,0.2491821124170957,-4.493809141822326,6.996033606266881e-06,0.0003612368215378006,True
ENSG00000129451.12,4.768925497843961,-1.5488066442132977,0.40548132831932293,-3.819674387062252,0.0001336279578709896,0.0030568146644611082,True
ENSG00000129521.15,468.87582248833627,-1.708662386886966,0.2743705481924667,-6.227572157957586,4.737185805045708e-10,1.5544081938362885e-07,True
ENSG00000129757.14,350.1776860842638,-1.0846081923121653,0.25675470964168323,-4.224297166060953,2.396876114608692e-05,0.0008759649283041777,True
ENSG00000130045.16,4.489868142689507,-1.8560917635796563,0.33985208287547836,-5.461469436571696,4.7220955283142036e-08,7.063699369707659e-06,True
ENSG00000130294.17,241.74530383726025,-1.1890541626359563,0.4301219608185313,-2.7644581559452597,0.005701741956569668,0.042487865253636264,True
ENSG00000130427.3,184.78134940972296,-1.4631731482433936,0.428901589896926,-3.411442584288449,0.0006462010891835517,0.009279751735306006,True
ENSG00000130558.20,202.48190432813735,-2.0347803300411784,0.2785521296948258,-7.304845711538551,2.7758507786071465e-13,2.7325116890314734e-10,True
ENSG00000130612.16,4.890030029843989,1.0591194339598415,0.30953899234484417,3.421602641840747,0.0006225322222326807,0.009032156026424777,True
ENSG00000130643.9,14.442947886599844,1.314080479017206,0.3451598068575954,3.8071654141334133,0.00014056872820724585,0.003156435106675728,True
ENSG00000130701.4,18.549242615385218,-2.8711548852531044,0.6149856429490436,-4.668653517641553,3.0318018736752583e-06,0.00018881319587157997,True
ENSG00000130720.13,13.28100937730857,-1.6977404101887528,0.3790111736858691,-4.479394086665816,7.485522101444301e-06,0.0003788195562979673,True
ENSG00000130821.17,1442.561741586657,-1.673729811924066,0.27394008473375253,-6.109838994723226,9.973170147976268e-10,2.74181315527607e-07,True
ENSG00000130822.16,190.6224417771278,-3.3952669403975797,0.5316039395588946,-6.386835551321999,1.693535850471454e-10,6.62563333499832e-08,True
ENSG00000130876.11,91.54740648332113,-1.4691556294579597,0.5216266255423423,-2.8164889549693877,0.004855171234953723,0.03821578281263352,True
ENSG00000131015.5,41.76828922666033,-1.4902941382044248,0.2719631188711532,-5.479765581415012,4.258897235964157e-08,6.465895923019016e-06,True
ENSG00000131037.15,237.1088908123043,-2.1419289648889186,0.3366655228172607,-6.362186858235376,1.9890125601319266e-10,7.312856299395889e-08,True
ENSG00000131142.13,308.25994976027687,2.8926243687459894,0.4023784757448845,7.188814867373691,6.535612012861117e-13,6.043658672256663e-10,True
ENSG00000131389.17,472.70262528051546,-1.2033081166098807,0.2347188618993787,-5.12659317991123,2.9503207052030895e-07,3.0010662213325827e-05,True
ENSG00000132185.18,33.06491158464514,1.0617912753315846,0.30358016865625903,3.497564679640984,0.0004695268442169442,0.007443159053571048,True
ENSG00000132321.17,18.902444135875577,-1.5402833937506322,0.21734556473039054,-7.086794688731279,1.3725377086253152e-12,1.1320097490921654e-09,True
ENSG00000132470.14,869.8812071659349,-1.3245879443428539,0.21643644383568028,-6.119985714367439,9.358374703814596e-10,2.6200014904734517e-07,True
ENSG00000132639.13,269.92923163895796,-1.4129320012575097,0.32527247943121423,-4.343841211922462,1.4001273457607793e-05,0.0005984073681125482,True
ENSG00000132698.15,339.91636630024163,-2.1351765627071777,0.5575869812876486,-3.8293156661878385,0.00012850009289714894,0.0029780360691710975,True
ENSG00000132746.15,15.814037400535645,-4.1750081713487885,0.5593024707226878,-7.46466963743994,8.350886495242473e-14,9.21626919176634e-11,True
ENSG00000132874.15,16.409174668580413,1.6149380070282242,0.36674433104427856,4.403443680860185,1.0654595261881929e-05,0.0004933772822634127,True
ENSG00000132932.17,21.584000921245526,-2.280794664797724,0.28293928477773994,-8.061074539682176,7.562669467826804e-16,1.538549476534685e-12,True
ENSG00000132938.21,22.73138702254359,1.191658253588186,0.4149271858675867,2.8719695748460135,0.004079222387606031,0.03385410671204396,True
ENSG00000133055.9,14.62432518913751,1.0538471233573823,0.3740118291304158,2.8176839374508433,0.004837139958303324,0.03809294528195722,True
ENSG00000133067.17,171.94318231367012,1.0488021520749577,0.30348487885241887,3.455862961083401,0.0005485341218633439,0.00828666696177317,True
ENSG00000133110.15,1070.9121779666627,-1.015403526189748,0.33049274635758913,-3.0723927752746922,0.002123501080709101,0.021246150484891455,True
ENSG00000133477.17,65.8800738109011,-1.4743626625498805,0.3924623412225945,-3.7566984336814624,0.00017216976115823514,0.0036689472287044014,True
ENSG00000133519.12,16.118982733632983,-1.8498632811201285,0.4146188126797786,-4.4615999673628615,8.134998081683973e-06,0.0004041125074935462,True
ENSG00000133636.11,1011.57655694339,-5.774999670366141,0.5010889947087593,-11.52489823433991,9.882890441563254e-31,3.015862847147443e-26,True
ENSG00000133863.9,20.089641540728874,-3.546417236458757,0.6151680455658899,-5.764956847191935,8.167873735307164e-09,1.6290904242263621e-06,True
ENSG00000133962.8,32.531420598268426,-1.1557157916462535,0.32677171375372494,-3.536768156491266,0.0004050550689316436,0.006761849279823871,True
ENSG00000134020.8,20.625447226186814,1.582227861772168,0.41683538533889686,3.795809850657904,0.00014716226493247155,0.0032605963298239326,True
ENSG00000134258.17,142.01094692156573,-2.9495396535680873,0.4726422079866044,-6.240533756248199,4.360802714734609e-10,1.4548335646942476e-07,True
ENSG00000134278.15,180.0727574530259,-1.1593578116557077,0.23545651504186788,-4.923872297394513,8.484821859216551e-07,6.795874641885888e-05,True
ENSG00000134365.13,2017.547036837034,1.0776438385893568,0.30089373568914823,3.581476484118849,0.00034165789480568076,0.005974803620567424,True
ENSG00000134398.15,5.463217549819566,-1.5345564114594703,0.517844688749795,-2.9633526128543846,0.003043077537368308,0.027531145606383423,True
ENSG00000134533.6,143.671951220051,-1.0310703888886141,0.21701221233251752,-4.751209057805253,2.02203941437282e-06,0.00013835101966143718,True
ENSG00000134762.17,8.13548101500752,-1.8855565734383943,0.4042080835636788,-4.664816588561234,3.0889242689475073e-06,0.00019120002635132277,True
ENSG00000134775.15,100.06524575837808,-1.3270628669193363,0.3500112080490964,-3.79148677642685,0.00014974812293271544,0.0033065945871307845,True
ENSG00000134827.8,9.756601383279827,-1.9515913889172194,0.5046044243137154,-3.8675669393336585,0.0001099266586759833,0.0026507730549819317,True
ENSG00000135116.9,2.753148262053149,-1.2697837584301612,0.43156005805331554,-2.9423106581223286,0.003257729359205153,0.028823679073790794,True
ENSG00000135245.10,213.23935520902197,-1.1287353851417596,0.14042210893515888,-8.038160042610974,9.119746980905096e-16,1.7393637429331243e-12,True
ENSG00000135314.12,8.037263727925465,-1.0779173175881103,0.31676322726280437,-3.4029117802042412,0.0006667180426324416,0.009498397660584306,True
ENSG00000135346.9,8.573994683097496,1.5857288539488874,0.44156525338484925,3.5911540633991743,0.0003292169455905645,0.005827369090279389,True
ENSG00000135423.13,70.18094537983241,1.0216997384799433,0.3313833225383009,3.083135658891997,0.002048317570583641,0.020731827192016716,True
ENSG00000135443.8,20.110084509450008,2.1129207536155605,0.44794460707615,4.716924191602929,2.3943685462404633e-06,0.00015781112431333474,True
ENSG00000135519.8,43.834368315461205,-1.1471146861731312,0.310305843283008,-3.6967228010815423,0.0002184005892159898,0.00433336305625172,True
ENSG00000135643.5,104.90714790902979,-1.108394480590729,0.22508175211253528,-4.924408443544368,8.461593430708086e-07,6.795874641885888e-05,True
ENSG00000135747.11,1.1866712832651694,-1.4281963616218198,0.5032536329703141,-2.8379255867310675,0.004540776735909664,0.03637866707088982,True
ENSG00000135903.20,1.1103115258414218,-2.268926475382824,0.676541726542288,-3.3537125447960117,0.00079735149709704,0.010789320568582278,True
ENSG00000136193.17,514.5926896178634,-1.0252048366256177,0.24540858499367071,-4.177542675013014,2.9467538903042807e-05,0.0010138885703395476,True
ENSG00000136231.14,179.0967127042319,-1.2519743548534867,0.37854324695423014,-3.307348275070044,0.0009418371671701572,0.012121932936889294,True
ENSG00000136327.7,1.382529858345478,-2.045664359064938,0.6832962137286713,-2.9938177878990073,0.002755104271572542,0.025632549375398685,True
ENSG00000136542.9,11.77977793403789,-1.8534991201848778,0.32905944466409764,-5.632718191927058,1.7739119709958842e-08,3.1656548366614274e-06,True
ENSG00000136573.14,18.524238963192875,1.2396002941853013,0.2841680750645942,4.362208154112766,1.2875627920883449e-05,0.0005607354261200215,True
ENSG00000136928.7,138.02151417027852,1.6422037300184769,0.4303947824484418,3.8155753670531567,0.00013586597777029446,0.003086892242931317,True
ENSG00000136931.10,4.540526848450667,1.0240380842770223,0.3566052907278134,2.8716289715921275,0.004083621098287891,0.033863417511987105,True
ENSG00000137203.15,77.15859614670855,-1.8466409251022182,0.3312318356393598,-5.575070770409922,2.4742925740496463e-08,4.1947506772055e-06,True
ENSG00000137273.6,20.867440978886847,-1.5503527724616353,0.26647655236953316,-5.8179706945161245,5.956634148152603e-09,1.2536044666553435e-06,True
ENSG00000137460.9,69.00353945604981,-1.2772373716949676,0.24001815342110772,-5.321419873829612,1.0296045859514442e-07,1.3307882247643664e-05,True
ENSG00000137648.19,16.015345146854838,-1.491963925277088,0.32069611590251423,-4.652266900951859,3.283057607022571e-06,0.00020177315144383648,True
ENSG00000137673.9,728.9176103874154,-2.246180752173577,0.4230967039766208,-5.308906288000047,1.1028501526832623e-07,1.402273969136768e-05,True
ENSG00000137747.16,27.715626231761494,-2.073288470346623,0.28987961881749524,-7.152239535860368,8.537342097577668e-13,7.443586612848002e-10,True
ENSG00000137766.17,1.8516502744150176,-1.9945631282488736,0.43765397387583777,-4.557397504208954,5.17913499169968e-06,0.00028813578958616773,True
ENSG00000137869.15,76.22504072442996,-1.8899533066711356,0.4823197155520892,-3.9184657929808924,8.911437290288334e-05,0.00226903895118556,True
ENSG00000137959.16,517.8961454226337,1.1114084037197223,0.2521734865966718,4.407316640298975,1.046591337518863e-05,0.0004868564215811833,True
ENSG00000138180.16,179.9322869051539,-1.1905100169607803,0.19428062848985042,-6.127785493667861,8.911061022908207e-10,2.5178697979172853e-07,True
ENSG00000138622.4,13.175763580619181,-2.3012567021979127,0.46182273383024813,-4.982987050273242,6.261014228298836e-07,5.382003103965275e-05,True
ENSG00000138669.9,6.08780132097631,-2.6025377223393367,0.40056255777428035,-6.497206670539296,8.18250215739185e-11,3.516862476548869e-08,True
ENSG00000138675.16,1.3293105454250578,-2.1720992791709213,0.7538619525530349,-2.8812958019898374,0.00396043763738793,0.03318416115939869,True
ENSG00000138759.19,520.4079247621594,-1.504606785264877,0.3785444324826135,-3.974716456393751,7.046315238342144e-05,0.0019215849491800612,True
ENSG00000138769.11,2.802783124711202,-1.0627624965568614,0.34249831404696895,-3.102971468674494,0.001915881098749289,0.019766224475732504,True
ENSG00000138772.13,167.24611277037994,-2.391601230213458,0.30921515876959293,-7.7344242750903565,1.038720840493941e-14,1.5094097699291953e-11,True
ENSG00000138829.12,18.880039952469517,-1.3605168200559041,0.2527280137618914,-5.383324150751724,7.312268222471634e-08,1.0142780776224746e-05,True
ENSG00000139044.12,126.44707736444879,-1.3589450869802786,0.32004260085507386,-4.246138118330237,2.1748659342164314e-05,0.0008171698523715467,True
ENSG00000139946.10,91.5743221371485,-1.0177169500911407,0.2198244337280376,-4.629680754006809,3.662299193822046e-06,0.00022130440039341297,True
ENSG00000139973.16,1.1367689846871627,-1.5301591725812007,0.4690526832899674,-3.262233064841587,0.0011053822234399345,0.013563266558300379,True
ENSG00000140274.14,112.73867049385953,-2.4604391118949436,0.4747104445897302,-5.183031340339236,2.1830833790614968e-07,2.4313493574978336e-05,True
ENSG00000140279.13,1057.9001995309563,-4.345489634337289,0.42697473823628196,-10.177392817868665,2.5017435654166487e-24,3.817160332112723e-20,True
ENSG00000140297.13,295.1434102749014,-1.8166249346551164,0.3111398377801291,-5.838612463180807,5.263734639097051e-09,1.1154730989353166e-06,True
ENSG00000140519.14,83.94842946309748,1.2103459816202833,0.3413717947444918,3.5455359823332704,0.0003918154897407385,0.0065804300962731856,True
ENSG00000140835.10,165.42241244045823,-2.812692697863947,0.5333009499764106,-5.274119046644038,1.3339529931225643e-07,1.623300256656087e-05,True
ENSG00000140937.14,441.04454417610094,-1.0054102092653525,0.2759532186497658,-3.643408162386389,0.00026905167712843755,0.005060655118362925,True
ENSG00000141391.14,25.16847616666979,-1.1733062962462055,0.2267590623385856,-5.1742421411775,2.2883789916570924e-07,2.4851307227547273e-05,True
ENSG00000141434.12,16.507648318910455,1.5596158600346632,0.3817132765663633,4.085830794422248,4.3919377708882025e-05,0.0013456262351046625,True
ENSG00000141526.17,755.1249463486887,-1.1222064871417337,0.22818955286414166,-4.917869696733519,8.749111674081491e-07,6.934750437565474e-05,True
ENSG00000141655.17,147.7128896172782,-1.1434631399207917,0.2095175426537638,-5.457600950438841,4.826107742810875e-08,7.1840733599812995e-06,True
ENSG00000141682.12,42.96036961206523,-1.3686997883495293,0.2480925881758819,-5.516891086561635,3.4504912169801256e-08,5.541852104071869e-06,True
ENSG00000141750.7,2.8930972424274732,-2.4817570868391843,0.36879309872308175,-6.729402191722352,1.7036155703000482e-11,9.774726762083982e-09,True
ENSG00000141934.10,1151.2340723091838,-1.2832576849948512,0.3637200408516929,-3.5281467636205956,0.00041848006407048605,0.006921592214186966,True
ENSG00000142149.9,253.97596270214183,-1.156196853257614,0.32883828127979975,-3.516004428553246,0.0004380936767113109,0.007141488588954254,True
ENSG00000142319.18,9.796152629455039,-2.4157532528245675,0.46027299273253697,-5.248522704933838,1.533237463391031e-07,1.8141180172036488e-05,True
ENSG00000142623.11,64.7392120506613,1.776585517367722,0.506350418529272,3.508608766490075,0.00045045700339044377,0.00725346828012626,True
ENSG00000143001.5,9.321622334988177,-1.1981568552292372,0.37219373796474425,-3.219175211762245,0.001285599056960874,0.015088977239314627,True
ENSG00000143125.6,4.214800558701088,2.522163798467522,0.4392144957906501,5.7424420701945635,9.332080912097582e-09,1.8254985968818578e-06,True
ENSG00000143171.13,63.296525159360876,1.0013834256842982,0.36434599007789914,2.74844091318309,0.0059879426389111345,0.04388281882060811,True
ENSG00000143217.9,63.995789932437525,-2.764200446277599,0.32822505567581156,-8.421661900814192,3.711809344975973e-17,1.0297233997389707e-13,True
ENSG00000143320.9,55.57614273565047,-1.5375001656968557,0.2536029851616378,-6.062626450224575,1.3391644636741946e-09,3.5535602411723233e-07,True
ENSG00000143340.6,5.906150140598522,-1.0326792301972032,0.24324899378152146,-4.245358692520319,2.18244012872857e-05,0.0008171698523715467,True
ENSG00000143469.20,4.391586481518382,-4.9112140863355975,0.5947003007256357,-8.258300996893862,1.4776056086288848e-16,3.2207580537799324e-13,True
ENSG00000143768.13,2.089723728706175,-1.5067424706228616,0.3367040442481655,-4.474975861924388,7.641994561760607e-06,0.0003848236073377668,True
ENSG00000143797.12,125.85302251050769,-1.5554502096883878,0.24348124010676922,-6.3883780491930535,1.676544467995186e-10,6.62563333499832e-08,True
ENSG00000143847.15,34.00445181934281,-1.773713965758932,0.30697312285481965,-5.77807577830778,7.555977811573811e-09,1.5270080721720955e-06,True
ENSG00000144057.15,59.105350881040245,-1.4185751560675108,0.3414538744639063,-4.154514744618787,3.259785977434557e-05,0.00107657607020988,True
ENSG00000144130.11,3.948301269769358,-1.1463438655237834,0.34712306483439576,-3.3024134137288663,0.0009585667716282594,0.012218723309527136,True
ENSG00000144227.5,2.8744048771221986,-1.821664551924598,0.6789748116171151,-2.6829633747177413,0.007297298150601644,0.04986723158495697,True
ENSG00000144366.16,148.37996204959595,-1.1579655794452088,0.3706149763701329,-3.1244435688663303,0.0017814168808503001,0.018764831734907752,True
ENSG00000144452.15,7.08243230527782,-1.9028568370003096,0.2985175264917751,-6.374355500539557,1.837339536552337e-10,6.996964372068001e-08,True
ENSG00000144730.19,44.86944504404532,-1.1703914273143146,0.2273463551636105,-5.14805450244425,2.632020244305752e-07,2.7506414306587095e-05,True
ENSG00000144820.8,181.20330160560417,-1.146970447023883,0.25699649385581386,-4.462980913923998,8.082725504453367e-06,0.000402369415161336,True
ENSG00000144959.11,587.9126465503019,-1.2088277612247278,0.22292879901284499,-5.422483620678708,5.8776601743338935e-08,8.460503673583637e-06,True
ENSG00000145198.14,18.209905974989574,-1.4877850864707163,0.25189459690731836,-5.906379512451905,3.4970784711555296e-09,7.642243323354924e-07,True
ENSG00000145423.5,28.166479552903247,-1.4757168383287806,0.5236399001938328,-2.818190206251516,0.004829519078628815,0.03804398051348625,True
ENSG00000145526.12,4.814454269330666,-2.5666610606504947,0.714268684869858,-3.5934111560807804,0.0003263769660723847,0.005813792130091235,True
ENSG00000145708.11,166.49151023756545,1.109269078841739,0.3132841653287393,3.5407760800094916,0.0003989520053745002,0.006677616151494962,True
ENSG00000146013.11,10.666369635915947,-3.321496823071615,0.3855684883339821,-8.61454429905203,7.022032968855953e-18,2.380937311973425e-14,True
ENSG00000146038.12,1780.6516757125985,-1.0013187420336578,0.3198734111135268,-3.1303594085795337,0.001745925490376226,0.018519940781504263,True
ENSG00000146242.9,104.68643337129339,-1.604665633107366,0.2670747782854023,-6.0083009088659916,1.874776472984191e-09,4.7281552768252543e-07,True
ENSG00000146267.12,15.96172592632585,-1.8099496196413434,0.4079471208314757,-4.436726053985413,9.133741117154984e-06,0.00043687342308950083,True
ENSG00000146352.13,13.122047086678982,3.0013636743092755,0.6663504604509419,4.504181886928015,6.662912253553173e-06,0.00034756483816996347,True
ENSG00000146530.14,14.119246391111707,-3.0624534048929517,0.5064349418880321,-6.047081572760101,1.474930912156217e-09,3.8268923592024124e-07,True
ENSG00000146858.8,30.712576872525407,-1.263781391675127,0.25188261718297467,-5.017342624946129,5.239108596721448e-07,4.730078045489695e-05,True
ENSG00000147246.10,2.669286637482149,-2.714712325518768,0.6492101165515891,-4.181561957072561,2.8951333474412043e-05,0.0010060210977449245,True
ENSG00000147381.11,6.45367188238351,3.646720485178696,1.0198198364870101,3.5758477671317053,0.00034909476238093994,0.006063162076731226,True
ENSG00000147434.9,1.94237693582274,-1.0056247247842143,0.350769446141955,-2.8669108322999204,0.004144997796423253,0.034186149393419456,True
ENSG00000147481.17,69.02562489163714,1.680551741328274,0.463408657281901,3.6265005301917785,0.0002872882298104965,0.005317121394000399,True
ENSG00000147509.14,8.752466241694233,-1.270528056800118,0.29587571265265317,-4.294127576100407,1.7538160985565214e-05,0.0007098070565457667,True
ENSG00000147571.5,0.9152746537353216,2.025151581717228,0.6348478150879938,3.189979603909528,0.0014228283500915314,0.01613490521419293,True
ENSG00000147689.16,39.58605823145739,1.197379936464763,0.3555480912394773,3.367701770780356,0.0007579753973886654,0.010382530262956415,True
ENSG00000147852.16,191.7203220433201,-1.2845135863231165,0.3093760039373607,-4.151949634022656,3.296548221907184e-05,0.0010851938030174719,True
ENSG00000148053.17,119.13167916773386,-1.3899755708579409,0.3440448058049528,-4.040100438679349,5.3428315826645995e-05,0.001558717481611787,True
ENSG00000148357.16,525.8208448469189,1.1625534073051027,0.31868653389293505,3.647952717373589,0.0002643382683492802,0.005007167347577055,True
ENSG00000148408.13,2.825535061077076,-1.4602473229011768,0.44508339238466654,-3.280839833356773,0.0010349849921573308,0.012919719512829947,True
ENSG00000148735.15,12.768115617131432,-1.0908435511117436,0.33644562026790426,-3.242258140388717,0.0011858655561557527,0.014254192633067235,True
ENSG00000148848.14,126.18128127669547,-1.257010810415934,0.2868730637453588,-4.381766604381205,1.1772087876243686e-05,0.0005273052850753716,True
ENSG00000149243.16,12.92193784960005,-1.1330249110307276,0.2597419508772556,-4.362117506255865,1.2880965189085564e-05,0.0005607354261200215,True
ENSG00000149256.16,33.443530720920734,-1.717872702191789,0.3128733453617344,-5.4906329594987975,4.004958645585835e-08,6.203823250187682e-06,True
ENSG00000149328.15,56.6374043069083,-1.188264231664435,0.33426782484020806,-3.5548268285542215,0.0003782281114764497,0.006422932136792065,True
ENSG00000149435.12,4.32096768381483,-1.417008068058084,0.3397908631545465,-4.170235935430638,3.0428445221796836e-05,0.001025789775296375,True
ENSG00000149599.15,34.635939551453774,-1.4711930304474934,0.2779358158835485,-5.2932833638968795,1.2013954240912016e-07,1.4997803509484823e-05,True
ENSG00000149654.11,21.87604604180397,1.6283508897791086,0.5900351298310482,2.7597524409188545,0.005784517689352695,0.0428968023835448,True
ENSG00000149927.18,16.507679858953846,-1.5050537802557409,0.28349283490261284,-5.308965853661754,1.102489836309176e-07,1.402273969136768e-05,True
ENSG00000150551.11,109.26148991454214,-1.150017965011334,0.3171177627945357,-3.6264697217747597,0.0002873224924205878,0.005317121394000399,True
ENSG00000150556.17,61.43692748234161,-2.2869378457924916,0.47616349746842157,-4.802841582673309,1.5642964527493358e-06,0.00011153287512172601,True
ENSG00000150750.8,5.172422016215598,-2.0655816369269213,0.7129633082024912,-2.8971780359000863,0.003765360065611557,0.03205124902711361,True
ENSG00000151572.18,14.398611813467781,-1.0322719544278,0.2949147066472943,-3.500238988292823,0.0004648412105841434,0.00740859754170864,True
ENSG00000152076.19,9.683171601775552,-1.8965399597455959,0.3017653647917098,-6.284816552935628,3.282410558241965e-10,1.1382504613103614e-07,True
ENSG00000152527.14,97.66907866424107,-1.2705051041749247,0.25872851284115767,-4.910572438357158,9.081090112773676e-07,7.142230563953646e-05,True
ENSG00000152932.8,140.16403728657448,1.1482668895762305,0.3911950614861179,2.935279615274433,0.0033324724117686166,0.029323451014282322,True
ENSG00000153162.9,95.82932619379142,-1.1190683559354777,0.26793972095994434,-4.176567594853817,2.9594082825369784e-05,0.0010138885703395476,True
ENSG00000153292.16,8.715988379705944,-1.461119254578512,0.5206418103273395,-2.806380942897907,0.005010142306745118,0.039012376277783624,True
ENSG00000153294.12,5.431005186736269,-2.7025261223770576,0.586496549741739,-4.607914784097369,4.067272786419209e-06,0.0002419432677395099,True
ENSG00000153303.17,32.407062443836004,-1.1452346519092769,0.36525171383555516,-3.1354668808614767,0.00171580801012859,0.018352470114645653,True
ENSG00000153347.10,1.3801378855783408,-1.6288405635442238,0.40470751054077264,-4.024735200411174,5.703946121849904e-05,0.0016374564426563656,True
ENSG00000153498.12,5.755391335276801,1.2939721081340598,0.480645588552175,2.69215434189634,0.007099208304825873,0.04904805433114066,True
ENSG00000153558.16,59.77551045145304,-1.2003358291575308,0.17354675460005659,-6.916498276926807,4.6294404630368345e-12,3.3636191707150487e-09,True
ENSG00000153822.14,110.25025693453804,-2.9934969701329384,0.5244920569872623,-5.7074209804585045,1.1470084161172966e-08,2.1740440264742496e-06,True
ENSG00000153930.12,13.334962915217337,1.6086621228928442,0.5559539162296355,2.893517027099041,0.003809536351356669,0.03232808990489436,True
ENSG00000154102.11,27.525133125906777,-1.0656416315594182,0.22423859625178186,-4.752266779100257,2.0114872556120107e-06,0.00013793830357810362,True
ENSG00000154127.10,172.2245947999903,-1.0546250001231938,0.2080845335591786,-5.068252705207722,4.014841554611852e-07,3.8319025316435394e-05,True
ENSG00000154319.16,79.9348619164,-1.1919704920656258,0.3609152437992513,-3.3026327165294935,0.0009578175101135188,0.012214274608702107,True
ENSG00000154342.6,26.748634560569112,2.39195319807666,0.48055378755153044,4.977493175662813,6.441305227141383e-07,5.505962753822029e-05,True
ENSG00000154645.14,9.724369924307815,-1.4866682913563056,0.35276536378111845,-4.214326132876083,2.5052505827047776e-05,0.0009040935421113954,True
ENSG00000154760.14,363.1521688745666,-1.2430314295144824,0.2947900580713637,-4.216666727660013,2.4793998759323954e-05,0.0008964616897387794,True
ENSG00000155052.14,1.2911620847362595,-2.3719001813002163,0.5798203941499641,-4.090749834312917,4.299807415982405e-05,0.0013240456418377304,True
ENSG00000155066.16,128.8196614135956,-3.5004228229163497,0.3729600929158757,-9.385515741240175,6.260927197523578e-21,2.7294064908518504e-17,True
ENSG00000155622.7,2.443001982422453,-3.8818497160508407,0.7349606541002663,-5.281710924788176,1.279830249023787e-07,1.5684859389240917e-05,True
ENSG00000155760.2,177.20440303371026,-1.4623194254739726,0.23787273343811785,-6.1474865334004,7.87203812243769e-10,2.3126810004326999e-07,True
ENSG00000155761.14,6.463725905205853,-1.638647532104418,0.3473187480559565,-4.717993316733986,2.3818231677693004e-06,0.00015732406014642416,True
ENSG00000155918.8,1.106110612643618,-1.992258193862361,0.5558233849175271,-3.584336765819904,0.0003379358316113238,0.005923291118581939,True
ENSG00000155974.12,24.083279397261045,-1.1819162504090934,0.1939521203389557,-6.093855784322163,1.102229670987166e-09,2.976605366357908e-07,True
ENSG00000156689.7,1.6979169417700184,-1.1532595004062298,0.3705819489027002,-3.112022870571683,0.001858101034996905,0.019385234592808734,True
ENSG00000156738.18,62.56366592904136,1.2758399369512106,0.3394957668149502,3.758043727380659,0.00017124695995605882,0.003658562086402453,True
ENSG00000157064.11,18.825065291689384,-1.0103137095647825,0.24286638110312114,-4.15995703059372,3.183074734366114e-05,0.0010570741071392984,True
ENSG00000157193.18,51.91029123006818,-1.7194664980933212,0.23032782307062027,-7.465300870603547,8.310948886050457e-14,9.21626919176634e-11,True
ENSG00000157240.4,436.85079494447984,-1.0969643756027527,0.21187513904151678,-5.177409584556324,2.2498791874814476e-07,2.4660786721335112e-05,True
ENSG00000157315.5,84.87298717277983,1.113056277949886,0.2350426792842415,4.735549651405421,2.1846221145336263e-06,0.00014587730513590402,True
ENSG00000157613.11,265.23022794424196,-1.2390644411716232,0.2888777620437808,-4.289234423603147,1.7929005749647022e-05,0.0007214688768223511,True
ENSG00000157765.13,298.299267980486,-2.4388404035330296,0.4956867859054518,-4.920123902593237,8.648944333384267e-07,6.883490398543196e-05,True
ENSG00000157851.17,1.936632221683411,-1.665055889420025,0.519651930887991,-3.20417531514748,0.0013544997033239788,0.015639013600694113,True
ENSG00000158008.10,10.928115252218344,-1.1206944323674881,0.25231920573316724,-4.441574033617741,8.930321074750884e-06,0.00042983860870204725,True
ENSG00000158022.7,9.787314023849728,-1.9344995720742089,0.47332163747899597,-4.087071916631011,4.368517339988223e-05,0.0013397957301214132,True
ENSG00000158077.5,7.570568052258718,1.3264912997127412,0.30282903089134905,4.380330696196258,1.1849933264738474e-05,0.0005286733384601744,True
ENSG00000158163.15,75.02016979895573,-1.487144713127528,0.22356664899473133,-6.651907696494456,2.8931813771946432e-11,1.548917945727574e-08,True
ENSG00000158164.7,6.016422926326599,-1.0901108963403225,0.225616728408223,-4.831693571798958,1.3537650652536704e-06,0.00010002783227913077,True
ENSG00000158258.16,99.558596324099,-1.1831242950023708,0.2816839718183218,-4.200183231460016,2.666990589262776e-05,0.0009485534361531803,True
ENSG00000158315.11,21.56623003655495,-1.0102265786054854,0.19710368251860513,-5.125356186636074,2.9697577610623596e-07,3.010801589255115e-05,True
ENSG00000158427.15,1.131185438278936,-1.0696113828746083,0.30294027579723576,-3.5307665184490746,0.0004143573329022954,0.006872026288503502,True
ENSG00000158445.10,431.5898082089005,1.1835133259967965,0.32772984797679866,3.611246681689433,0.0003047286400194208,0.005558337823570021,True
ENSG00000158477.7,7.331209306745777,-1.0208152641703077,0.2912132842010326,-3.5053870120348307,0.0004559439821577134,0.007307555966136965,True
ENSG00000158816.15,1.6615882100854351,1.7337286338154283,0.5332709471321407,3.2511214855022335,0.001149507273686932,0.013931042082537893,True
ENSG00000159212.13,66.65659151969052,-1.0396460571878559,0.38056558860916656,-2.731844623649229,0.006298083495525832,0.045307005174320195,True
ENSG00000159263.16,17.79321618936475,-1.7908245575630977,0.5829771682513613,-3.071860537754286,0.0021272908968517795,0.02127012090705403,True
ENSG00000159337.7,1.8678716298712041,-1.4651076267311607,0.462716286463529,-3.1663195560475255,0.0015438109445322801,0.017062997024030083,True
ENSG00000159374.17,9.98722212228385,-1.0739791105413354,0.23258225941689312,-4.617631255427254,3.881451752824645e-06,0.00023362205461380055,True
ENSG00000159399.10,429.21893103692344,-1.4613964917967437,0.2873322714553092,-5.086085473082841,3.655293708144896e-07,3.542735005192459e-05,True
ENSG00000159650.9,2391.6834434132147,1.2224095848922563,0.3477402991798972,3.5152945683176764,0.0004392664617407739,0.007156783420438577,True
ENSG00000160097.20,1514.986248033229,1.0527403407157006,0.3557224644928818,2.9594429528550803,0.003081957572153778,0.027786711857784693,True
ENSG00000160161.9,46.78385943253904,-1.0491082528970221,0.30400965999570895,-3.450904332815708,0.0005587115766294209,0.008374087658361203,True
ENSG00000160181.9,22.626631013223953,-3.393932029125391,0.5195661808821264,-6.532242001130882,6.479234944441017e-11,2.8655120806458272e-08,True
ENSG00000160182.3,23.00763742804803,-1.9990022290847407,0.5525209375273962,-3.6179664756788013,0.00029692684556576485,0.005458445553786072,True
ENSG00000160224.17,5.4688614459472165,-1.4429665818511486,0.386867855979827,-3.729869410309424,0.000191579037991323,0.003973589653089665,True
ENSG00000160321.15,33.79204976496515,-1.6388534756910704,0.3242700297976984,-5.053977626959537,4.3270231830751234e-07,4.113502786751417e-05,True
ENSG00000160870.15,2128.35846525102,1.4520525454924016,0.32902228105647924,4.413234692890435,1.0183749549883995e-05,0.0004759070463464931,True
ENSG00000160973.8,4.190780118599612,-1.1561837473055712,0.28635004781520157,-4.037658649359557,5.398733295972873e-05,0.0015720204700372918,True
ENSG00000161040.16,10.586592246127081,-1.45585872785819,0.19256722354489117,-7.560262338823206,4.022572306541787e-14,5.114700687767882e-11,True
ENSG00000161249.21,569.1871655276121,-1.4532744884345263,0.41196585288504284,-3.527657640207515,0.0004192540331341944,0.006923136404287379,True
ENSG00000161714.12,337.06485110198423,-1.319157574863765,0.18873483420830262,-6.9894758982745016,2.7591500727519033e-12,2.1049555905024268e-09,True
ENSG00000162004.18,46.00245741515599,-1.030476232990702,0.2483615046591673,-4.149098043212656,3.337878384406197e-05,0.0010952548040703172,True
ENSG00000162069.16,91.13277565053542,-1.631131622287296,0.5005751523219278,-3.2585149596843936,0.0011199697131993337,0.013681743702158074,True
ENSG00000162078.11,78.27954696312256,-2.558997119116723,0.3483176286892484,-7.346734441051597,2.0310782844810446e-13,2.137254652731847e-10,True
ENSG00000162399.9,8.467810742945174,-1.1751783680661905,0.4184764277693348,-2.808230739137239,0.004981452056366428,0.03883852604805261,True
ENSG00000162460.7,885.263044240737,1.0830856501131447,0.288213136865235,3.7579329724292982,0.00017132275597945686,0.003658562086402453,True
ENSG00000162738.6,154.3555826315253,-1.0406514410830778,0.34226824645873427,-3.0404557006095057,0.0023622043874704404,0.022978970063132917,True
ENSG00000162747.12,51.89250553299055,-1.5736058218784157,0.30674297601132305,-5.13004679794307,2.896701553955267e-07,2.9762876976598966e-05,True
ENSG00000162753.13,6.495091867962388,1.611284527257672,0.3504431469114363,4.597848585308117,4.268760355236651e-06,0.0002487331485799002,True
ENSG00000162761.14,4.112702134123463,1.0659027734511717,0.37712206606808424,2.826413167928332,0.004707250438852479,0.03733254264807294,True
ENSG00000162782.16,12.671452460410356,-2.014065279390406,0.5208628274980431,-3.8667863649724032,0.00011027895288953155,0.0026560951273693328,True
ENSG00000162873.15,30.72988458698608,-1.519341163689527,0.35861577678696893,-4.236682438519909,2.2684661256266484e-05,0.0008411008372379669,True
ENSG00000162981.14,150.3499774153655,-1.0280847938878166,0.2438142119737659,-4.21667295587526,2.479331428116056e-05,0.0008964616897387794,True
ENSG00000163040.15,48.998949202344534,-1.123729788591178,0.24077700633462645,-4.667097600795998,3.0548424112386716e-06,0.00018986063344472365,True
ENSG00000163082.10,331.94546406074,-2.30676961036915,0.34883768912318436,-6.612730454003682,3.7729509114445e-11,1.8570220969941995e-08,True
ENSG00000163191.6,3170.850334506336,-1.080669706621805,0.2024143148843917,-5.338899609145854,9.351240331563025e-08,1.2407063041651184e-05,True
ENSG00000163209.15,1.6662499283702383,-1.9825953391961082,0.6493289904535221,-3.0532986642277744,0.002263405469348124,0.022255746363946772,True
ENSG00000163218.15,1.8626296766563522,-1.4127754654690772,0.4420261934861516,-3.196135175444843,0.0013928184206054679,0.015942703272016676,True
ENSG00000163235.16,298.49821768975767,-1.5011472608843905,0.28463443225082286,-5.273948232522915,1.335195846181275e-07,1.623300256656087e-05,True
ENSG00000163377.16,23.279221670128155,1.7376887458850372,0.6468880920384347,2.686227752947712,0.007226381211435969,0.049622018237664274,True
ENSG00000163393.13,187.65738541824703,-1.0009496726640126,0.2676240403012177,-3.7401336275224675,0.000183922450476728,0.0038521465331145034,True
ENSG00000163462.18,27.995204670007848,-1.1981264185678855,0.21805062846876913,-5.494716648979942,3.913382366921769e-08,6.124142374819728e-06,True
ENSG00000163464.8,15.03132958905869,-1.0091940195713482,0.265302861114991,-3.8039319113634824,0.00014241734094457296,0.0031838883342597715,True
ENSG00000163485.17,145.421128753042,-1.3263224369988282,0.32200638578197077,-4.118932094399133,3.8063228472046794e-05,0.001206165607531651,True
ENSG00000163534.15,6.571352682668576,1.1310425677193185,0.34276327425254577,3.2997775802724236,0.0009676148326725029,0.01230835107704631,True
ENSG00000163554.15,14.407112297293462,1.31110142133609,0.40884422942481746,3.2068482981418454,0.0013419774316668959,0.015512039130585981,True
ENSG00000163618.18,42.7749117417311,-1.8240274550744338,0.4525732106192608,-4.030347825004041,5.569437644647107e-05,0.001606398479811447,True
ENSG00000163734.4,34.90528869380339,-1.1704987809265115,0.2835768045629307,-4.127625257399206,3.6652878831125224e-05,0.0011699782954085955,True
ENSG00000163735.7,184.1683657050842,-2.4710351292544877,0.4996763284219263,-4.945271546199699,7.603779622127696e-07,6.288263928153084e-05,True
ENSG00000163739.5,379.77754373460397,-1.5940472201289329,0.375606715213093,-4.243926307932439,2.1964250708657643e-05,0.0008203929921975478,True
ENSG00000163814.8,218.247144287274,-1.5267672720398286,0.3093344737698493,-4.935651863929568,7.988349249879463e-07,6.535454844753933e-05,True
ENSG00000163915.7,11.446161533868986,1.3286153607362141,0.38613621751167004,3.4407944670356128,0.0005800089329374087,0.008608918761796154,True
ENSG00000163975.12,499.8918399825795,-1.1207490803953106,0.2733536386651107,-4.099996933892495,4.131556120020793e-05,0.0012852045520749694,True
ENSG00000164078.13,155.47014571243045,-1.7821054900196585,0.31243316810027966,-5.703957428257641,1.170573243269238e-08,2.1781227494880525e-06,True
ENSG00000164089.9,3435.5821818882537,1.1316583739676367,0.2889455102275103,3.9165113625631003,8.983958337190146e-05,0.0022808659026491034,True
ENSG00000164093.17,19.727328652622052,-3.4128442967714876,0.556635032299972,-6.131206443600727,8.721514354446642e-10,2.487343290096203e-07,True
ENSG00000164099.3,30.22625599667975,-1.1334438545672743,0.39733504479849796,-2.852614863463861,0.004336113854410943,0.03519441171995363,True
ENSG00000164100.9,3.4147354636161116,1.1035629778245255,0.3665591588359576,3.0105999297057298,0.002607321375811969,0.024671323753264512,True
ENSG00000164114.19,53.05476360187035,-1.3030001974507113,0.2770982733195404,-4.702303561264474,2.5724266604995566e-06,0.00016561217715570565,True
ENSG00000164181.14,451.02790177368144,-1.2689409738972586,0.33846969806774235,-3.749053404607254,0.00017750328737977593,0.0037558949094769305,True
ENSG00000164287.13,15.665834322844503,-1.1361488790107843,0.40599691287664724,-2.7984175321943314,0.00513536812836804,0.03962348768780761,True
ENSG00000164303.11,37.91497216409887,-1.619381730360447,0.3678367302672359,-4.402447056290314,1.0703671495004944e-05,0.0004948988474872286,True
ENSG00000164362.21,252.08446225997574,1.3610364880639694,0.410649658591718,3.3143494937546234,0.0009185661581965767,0.011907801564794705,True
ENSG00000164385.9,2.2035279929883984,-1.3196195704233527,0.33693793043529363,-3.9165064281083533,8.984142138498566e-05,0.0022808659026491034,True
ENSG00000164393.8,0.8273882822558809,-1.9162609266948816,0.508604975900237,-3.7676802577542152,0.00016477155738714517,0.0035559892823381345,True
ENSG00000164626.9,753.2214637505198,-1.1410541692901073,0.2651744705038181,-4.303031762907501,1.6847668597469743e-05,0.0006873308220860785,True
ENSG00000164929.17,135.7311368689797,1.034142272580263,0.2790857044885892,3.705464865981859,0.0002110033785010794,0.004244547856518747,True
ENSG00000164946.20,34.40756581284692,-1.4108425648650036,0.3695110679890005,-3.8181334392587156,0.00013446519277768586,0.0030644808236025855,True
ENSG00000165061.15,1.6347690228489866,-1.7397135171939204,0.5696516416594338,-3.0539954420670443,0.002258155116546691,0.022217166666550797,True
ENSG00000165078.13,14.080103347464465,1.6030255353460687,0.38205476190495524,4.195800432778947,2.7190959165283608e-05,0.0009625978072944251,True
ENSG00000165105.10,453.55156086537534,-1.0018254731871024,0.2900546407756829,-3.4539198218237637,0.0005525016101608406,0.008309580648431845,True
ENSG00000165188.13,12.960040172012668,-1.3342499572098518,0.3258363348693379,-4.094847057940586,4.224471638867455e-05,0.0013061193164303874,True
ENSG00000165192.14,3.861782040165462,-1.3019977139381105,0.40999371080948027,-3.1756528932297083,0.001494997166569584,0.01668056070750911,True
ENSG00000165238.16,738.5393812874389,-1.2630816490563255,0.40207583669637686,-3.1414015311995174,0.0016814133820514502,0.018093829817989085,True
ENSG00000165309.14,3.543353357195079,-1.9601314510385894,0.45943028141087977,-4.266439393196191,1.9861741875398765e-05,0.0007643138903778925,True
ENSG00000165556.10,19.804823435065387,-3.264044184196817,0.3928057014962872,-8.309564173237106,9.605419978157893e-17,2.2547615081035865e-13,True
ENSG00000165887.12,16.72748796946054,-1.3597538567433718,0.30440358805530526,-4.4669442480301065,7.934479691981085e-06,0.00039628245872421413,True
ENSG00000165929.13,543.8358604211354,-1.05516968974172,0.2771403560110784,-3.8073476736803378,0.00014046520513556564,0.003156433136904949,True
ENSG00000165996.14,47.49851402337947,-1.4342753748074701,0.29765302082862516,-4.818615214502592,1.4455803963955888e-06,0.00010553428558949232,True
ENSG00000166049.11,0.8799638758301694,-2.734612067182744,0.9515504413125774,-2.873848771916489,0.00405503077395322,0.03374511019851553,True
ENSG00000166145.14,1654.351250993251,-1.2543219658455018,0.3650557514958685,-3.4359737127979413,0.0005904282576533821,0.00870831740480938,True
ENSG00000166250.12,36.93408013374713,-1.196396739846989,0.32657673524825903,-3.6634475475955295,0.0002488431920661244,0.004757956672362063,True
ENSG00000166257.9,9.504040825100448,-1.0464433386205132,0.28932922554775115,-3.616790998695039,0.0002982779524447316,0.005470102161540522,True
ENSG00000166292.12,148.31468407614358,1.0102050200212038,0.321392138882599,3.1432163323391693,0.0016710229194320315,0.01801870509165649,True
ENSG00000166415.15,1143.7630075123996,-1.0650919466303963,0.2733432148403774,-3.89653698648555,9.757791162785787e-05,0.002424826996120286,True
ENSG00000166546.14,33.128662257482794,-1.2907710713800236,0.2443595527668318,-5.2822615558299,1.2759885104917436e-07,1.5684859389240917e-05,True
ENSG00000166558.11,8.63911721913974,1.6800356197413102,0.5829839036031359,2.881787317553433,0.003954265399695843,0.03316887381449102,True
ENSG00000166670.10,46.19161639484615,-3.7309452684086297,0.3837525490035884,-9.722268368238884,2.423220270860547e-22,1.478939795711609e-18,True
ENSG00000166743.9,1971.005042274176,1.0853365457253328,0.3172453855644175,3.4211263429234413,0.0006236235410492744,0.009036322876856438,True
ENSG00000166920.13,89.09590857222257,-1.4178621954766515,0.30252861009376575,-4.686704490650319,2.776393985367276e-06,0.0001768777429174693,True
ENSG00000167117.10,2.552045715536585,-1.3701637072550112,0.33108635024353733,-4.138387783873178,3.4975486472148375e-05,0.0011354382395575317,True
ENSG00000167123.19,425.5965919461439,-1.2514278495130589,0.23362243549204906,-5.356625303889742,8.479070389512936e-08,1.1501573357938208e-05,True
ENSG00000167157.11,13.504372692305902,-2.134901581118403,0.37101056238918806,-5.754287876254323,8.700778010127766e-09,1.7129867210132833e-06,True
ENSG00000167608.12,967.3761986579525,-1.2524362803896922,0.3487321933379466,-3.5913985124281065,0.0003289082554215948,0.005827369090279389,True
ENSG00000167614.14,88.44340215479097,-1.090257147327761,0.3463250727020072,-3.148074549791157,0.0016434977277984862,0.017810005916725356,True
ENSG00000167642.13,467.02820255537597,-1.1678561487582602,0.34925005765405426,-3.3438967959028,0.0008261046290239216,0.011013284779071207,True
ENSG00000167741.11,51.957074443616655,-1.7778881782403273,0.43912454921031274,-4.048710511488238,5.150059899523153e-05,0.0015213865236577788,True
ENSG00000167748.11,3.6579671777175387,-1.458601452381293,0.35578135731233296,-4.099712990584882,4.1366281855046555e-05,0.0012854719522287176,True
ENSG00000167749.11,14.565746413492684,2.1181136197788937,0.6272282518875134,3.376942306735817,0.0007329642217438748,0.010169959831799129,True
ENSG00000167751.13,15.778975101225843,2.183112952720475,0.7035595758770863,3.1029539325065922,0.001915994625744421,0.019766224475732504,True
ENSG00000167757.14,12.467160022902275,-3.0400634564242606,0.5507615262888667,-5.519745500214534,3.394909882021451e-08,5.484362211164126e-06,True
ENSG00000167767.14,251.33833521223502,-2.1181711583581326,0.36725893222682554,-5.767514340672083,8.044924139589424e-09,1.6151243752875715e-06,True
ENSG00000167769.5,4.0871447314162985,1.8868838701441866,0.4481358069151582,4.210517974747361,2.547858500168234e-05,0.0009157885746894443,True
ENSG00000167771.6,34.81788837572359,-1.747361424874744,0.29477708514667283,-5.927738324725295,3.071354078171871e-09,7.027291993663639e-07,True
ENSG00000167861.16,709.3533571379068,-1.0190525291512953,0.20864943930845956,-4.8840415412991645,1.0393316317455042e-06,8.049808140696906e-05,True
ENSG00000167910.4,4040.8063552412546,1.0313521116672546,0.3556055889915964,2.9002696909008012,0.0037284171683642435,0.03186120927185753,True
ENSG00000167971.16,14.453495362255737,-2.179999315637084,0.3295911190876237,-6.6142538114248115,3.7343055622417354e-11,1.8570220969941995e-08,True
ENSG00000168004.10,6.268876084730339,-1.7234242226371344,0.35794976485267765,-4.8147097494153925,1.474139948599314e-06,0.0001068523863930087,True
ENSG00000168032.10,10.723097736841057,-2.1677369471130725,0.34502435257780134,-6.282852010059952,3.324174724806214e-10,1.1397810775526566e-07,True
ENSG00000168079.17,56.453942614712325,1.3342304896589001,0.40215621598740214,3.317692072427636,0.0009076448667271002,0.01180131689520417,True
ENSG00000168143.9,16.214770982664625,-2.74074753928209,0.6431883828556141,-4.261189431179987,2.0334178261836318e-05,0.0007790987684430675,True
ENSG00000168453.15,65.8968086912744,-1.1315667805178027,0.28419766622749254,-3.9816188343081405,6.84474848405272e-05,0.0018834476531952463,True
ENSG00000168502.17,290.4967608636824,-1.0971948686823338,0.2494623047954957,-4.398239123068284,1.091327018569109e-05,0.0005023067164201347,True
ENSG00000168539.4,1.8032739528154687,-1.5163018669235184,0.5499441760843997,-2.7571923349013012,0.005830004820068511,0.04309797167858786,True
ENSG00000168615.13,1562.3172646117123,-1.0109248881976602,0.15863357500463035,-6.372704442726908,1.8572359225898155e-10,6.996964372068001e-08,True
ENSG00000168631.13,10.875529789711061,1.5798857321755124,0.5827865076203333,2.7109167963180734,0.0067097460874136015,0.04724379593989697,True
ENSG00000168779.20,16.12567598026649,-1.1745431080578288,0.2880999488828502,-4.076859828029447,4.5647991932082946e-05,0.0013844119265185736,True
ENSG00000169035.12,1.0045330007665993,-1.806838290962126,0.5699626396503423,-3.1700995210327743,0.001523867346062953,0.01691609164512807,True
ENSG00000169059.12,9.770393376630976,-2.710381334294767,0.632689638781831,-4.283903462546478,1.836426187858629e-05,0.0007306438272319937,True
ENSG00000169271.3,1.234982514078726,-2.0882114452328167,0.6697911260758541,-3.1177054516490053,0.0018226486046133844,0.01912652847949864,True
ENSG00000169297.8,13.279099767049653,-2.03958472607815,0.6227181601508351,-3.275293473991702,0.0010555225986206133,0.01310961645075565,True
ENSG00000169302.16,11.204095859103697,-1.5678068472797384,0.30394214879113274,-5.158240979460621,2.4928065641180907e-07,2.6416699227811783e-05,True
ENSG00000169347.17,163.7658036520894,2.5968386530475467,0.6101823010826315,4.25584066997689,2.082649850044141e-05,0.0007904744132331717,True
ENSG00000169435.14,125.85135639302408,-1.114008210217593,0.25808377068914334,-4.316459757399442,1.5855157054169152e-05,0.0006582802349184025,True
ENSG00000169548.3,1.7211641657320913,-2.7700298370225047,0.6341713193611843,-4.367951927899894,1.2541708874068735e-05,0.0005514737579266304,True
ENSG00000169618.7,4.469575211573336,1.0558658191423256,0.36115317326083934,2.923595574722354,0.003460139830979415,0.03011683601887274,True
ENSG00000169760.17,6.436511941828349,-2.34233480633745,0.3540081769344753,-6.616612154614161,3.675240644596221e-11,1.8570220969941995e-08,True
ENSG00000169851.15,62.59941058568621,-1.0043169253935438,0.3113429764890987,-3.2257574483255085,0.0012563978268974201,0.014843497597895971,True
ENSG00000169894.18,850.8711956036697,-1.1158486743143035,0.3478003867384951,-3.208301994078259,0.0013352121437510476,0.015463124773702834,True
ENSG00000170044.8,37.6339972592791,-2.0545840234247166,0.5133999020911543,-4.001917443022661,6.283122344583369e-05,0.001762277219368622,True
ENSG00000170122.5,10.511617563017637,-1.0608850027001637,0.2078269663499236,-5.10465519144385,3.3139821461206e-07,3.272798678673665e-05,True
ENSG00000170369.4,19.647935692403177,-1.3438254083926433,0.38568178919849233,-3.4842853513652403,0.0004934530885783239,0.007706353352638757,True
ENSG00000170373.8,92.34168441648441,1.8138539735117958,0.590041627263388,3.0741118756729877,0.0021113024199977013,0.02115878641991785,True
ENSG00000170381.14,81.1183468860227,-2.6214536823504195,0.5363443427882291,-4.88763183130185,1.02056154622854e-06,7.92593896196678e-05,True
ENSG00000170425.3,48.496530099589414,-1.3415516080680399,0.21630606605134567,-6.202098871094947,5.571505515905143e-10,1.7896848665616986e-07,True
ENSG00000170465.10,19.222541374961956,2.2729795007440936,0.663151805947683,3.427540240949615,0.000609076024909411,0.008884997951646136,True
ENSG00000170477.13,2.2645250991000196,-2.4063686886992826,0.7104693984692614,-3.3870124369661987,0.0007065818461553701,0.009909031074116394,True
ENSG00000170525.21,1526.7910091274528,-1.4878473191239825,0.2229936634093297,-6.672150662832393,2.520815742730472e-11,1.3736645215207694e-08,True
ENSG00000170689.10,15.75078680746424,-2.988480233388602,0.4850149890844135,-6.1616244871732775,7.200243368414284e-10,2.1541433983385323e-07,True
ENSG00000170743.17,44.653764694931695,2.024814924785995,0.5430318406888002,3.7287222830573814,0.00019245310490443665,0.003980292462752026,True
ENSG00000170748.7,1.284516032672909,1.2255447538509097,0.41341180586272797,2.964464818060488,0.003032099116493,0.0274562423260832,True
ENSG00000170807.12,3.18555574917975,1.3751828641297905,0.347535944523182,3.9569514630106424,7.591234766341974e-05,0.0020178930324886036,True
ENSG00000170921.15,278.3247781429015,-1.4203187924310856,0.2222595976060902,-6.390359776266269,1.654959065709222e-10,6.62563333499832e-08,True
ENSG00000170927.15,493.69265532077117,-1.3083268090006286,0.34192130622376754,-3.8263974346904406,0.00013003229144996063,0.0029992935796575955,True
ENSG00000170954.11,59.14550305916148,-1.3044739903237623,0.23099463901985168,-5.64720460985095,1.6307770078423438e-08,2.9621899506736287e-06,True
ENSG00000170956.17,5.480927779772428,-1.080063685396961,0.26827042726652833,-4.026025888883797,5.67274460599469e-05,0.0016315690329550799,True
ENSG00000170962.13,485.97770145271727,-1.0821478499884953,0.21145162965441974,-5.117708724955557,3.092697242933998e-07,3.1044983245188776e-05,True
ENSG00000171016.13,22.935442694804063,-1.023362178222484,0.2674005190397898,-3.827076259602194,0.00012967434980434844,0.0029937175018798787,True
ENSG00000171033.13,37.252277974278705,-2.026130891750136,0.300141390993752,-6.750588064650883,1.4724711274416193e-11,8.64114017788624e-09,True
ENSG00000171126.8,1.6796815091506851,-1.63422082828232,0.5815874895978981,-2.809931192660624,0.004955209252474085,0.03870313937765528,True
ENSG00000171199.11,74.90826264215231,2.242660879029747,0.42874348584796107,5.230775400806973,1.6880049594559317e-07,1.9660747840747026e-05,True
ENSG00000171241.9,186.93434869953887,-1.0936309060863676,0.19928490505929974,-5.487775934463997,4.070258999399197e-08,6.273132506346762e-06,True
ENSG00000171246.6,33.018954758751974,-4.030668510337571,0.39929172940049745,-10.094545450238293,5.840100670934934e-24,5.940550402475015e-20,True
ENSG00000171345.13,1333.8733254318126,-2.423438024460269,0.4524887727900194,-5.355797027885336,8.518008844193325e-08,1.1501573357938208e-05,True
ENSG00000171517.6,21.649751414516665,-2.1678303508467156,0.5303433856219021,-4.087597601136536,4.358633238737204e-05,0.0013381091741781139,True
ENSG00000171551.12,95.70900544798093,2.385793184112809,0.47270470606616405,5.047111131952369,4.4854047287315336e-07,4.198669039937776e-05,True
ENSG00000171722.13,8.96731967117032,1.0262668583897885,0.3490386686346198,2.9402669406354622,0.0032792959588286274,0.02894278117563861,True
ENSG00000171843.17,189.7799042001491,-1.1250947338711923,0.23229707317299672,-4.843344423170194,1.2767169473918185e-06,9.549091756521749e-05,True
ENSG00000171873.8,23.176214422238747,1.4265731269089417,0.36478658036100425,3.9107061600159745,9.202667309635528e-05,0.002322817168079717,True
ENSG00000171877.21,3.1124210703279545,-1.3961355390887966,0.29657460329587615,-4.707535721445269,2.5072935436231927e-06,0.00016244706959066952,True
ENSG00000171916.17,27.907820756690093,1.7570872446996422,0.37358465239753197,4.703317530373071,2.5596786013710453e-06,0.00016513985665843304,True
ENSG00000172016.16,1928.6867843637242,2.938164434969971,0.6669330312956893,4.4054864538075575,1.0554674817564123e-05,0.0004894930953385818,True
ENSG00000172031.7,14.682786090132778,-1.303726183740294,0.2306249991436098,-5.6530132838221325,1.576591167692817e-08,2.880913537324192e-06,True
ENSG00000172137.19,7.315857335234443,-1.5979406665895093,0.3839497474023049,-4.161848464286597,3.1568181755799633e-05,0.0010539766241356473,True
ENSG00000172139.15,1.7591895914717246,-1.044523519068067,0.3811802760882868,-2.7402349612290546,0.006139527655595223,0.04457621364219458,True
ENSG00000172379.21,199.06108929633757,-1.0870604936202815,0.318257430910319,-3.41566413865322,0.0006362667043628926,0.009175952150443303,True
ENSG00000172460.17,15.450082319251829,-1.7187154656648727,0.290184912510283,-5.922828484764756,3.164508482479415e-09,7.140663718570177e-07,True
ENSG00000172689.2,9.579602026991317,3.0105953128665366,0.6728336775755271,4.47450151977357,7.658978189866952e-06,0.0003850434570708071,True
ENSG00000172724.12,484.0466476269363,1.5734647845782366,0.3722353136067216,4.22707015444712,2.367538692880777e-05,0.0008683631099993965,True
ENSG00000173080.6,1.7373293767450655,-1.0778044527702186,0.39040031514750934,-2.760767373773711,0.005766573447239594,0.04282617554537928,True
ENSG00000173237.4,5.768177656162514,-1.1020739760133471,0.3103943396644014,-3.550560803411913,0.0003844113278044195,0.0064808217590725786,True
ENSG00000173262.12,42.20879415783066,1.0000413992297978,0.3347940369287382,2.98703468079588,0.0028169776425800356,0.026017823771480743,True
ENSG00000173467.9,5.732036193124361,-3.003260698690696,0.5568130959153642,-5.393660315681929,6.903667349239031e-08,9.663867560980657e-06,True
ENSG00000173610.12,2.2319178030174007,1.5818500852649966,0.5676267078521474,2.786778816751923,0.00532348004654061,0.04047118014455238,True
ENSG00000173621.9,91.89592538278231,-1.3770033464438127,0.23179443910277417,-5.940622871600772,2.8394114314466477e-09,6.61431139252106e-07,True
ENSG00000173838.12,2.0452520368503877,-1.1660711204363323,0.43146775364077566,-2.702568408871548,0.006880602402357988,0.04800998024746706,True
ENSG00000173947.14,16.499691142684984,-1.2916411866318533,0.301894197700854,-4.278456480676506,1.8819377419398008e-05,0.000742939354890491,True
ENSG00000174145.8,41.29216001040236,2.1347108121642275,0.4910117907642631,4.347575460136174,1.376507186580104e-05,0.0005899647936190794,True
ENSG00000174332.5,3.5309093130807057,-1.2306327747053059,0.3977356125455774,-3.0940975258137966,0.001974125812971662,0.020202019888881033,True
ENSG00000174358.16,136.23515294812543,-2.2765790935930776,0.6110042451279775,-3.7259628091720356,0.00019457109342941093,0.0039956470303444845,True
ENSG00000174460.4,8.738057363207776,-1.226569470065701,0.35821774688786145,-3.4240890651620153,0.0006168640025529832,0.008972460391757309,True
ENSG00000174482.10,1.0936169168982017,-1.8382362996873387,0.5579638704995327,-3.294543601974813,0.000985816493962514,0.012484988918774158,True
ENSG00000174502.19,17.61772943829213,-1.5602575206616554,0.3593739109649901,-4.34159930105125,1.4144932380948489e-05,0.0006037017573944393,True
ENSG00000174607.11,29.29346010740362,-2.2908569089282214,0.42321616020772995,-5.412971252807986,6.198744512513288e-08,8.88079284243453e-06,True
ENSG00000174672.16,51.43332239154501,-1.0670228497440213,0.35180133730388663,-3.033026701721503,0.00242114175908061,0.023358698046191555,True
ENSG00000174844.14,42.04160290542524,1.155876754776007,0.3030255675989327,3.814452898924553,0.00013648496425999507,0.003090809347074706,True
ENSG00000174950.11,0.83732281325973,-1.484219639848568,0.543545039907523,-2.7306286156177393,0.006321366204395582,0.04542510557364208,True
ENSG00000174992.8,617.4952020989724,1.0027970024574027,0.30090809625999876,3.33256902995039,0.0008604812099481966,0.011352548466398256,True
ENSG00000175147.13,22.68522645275096,-1.8058834103700054,0.30269226813855654,-5.966070496202326,2.4303531443417026e-09,5.886083853391381e-07,True
ENSG00000175161.14,34.84478812136383,-1.3475905713915113,0.4675685767998281,-2.8821239027968972,0.003950043749669405,0.03315168731158184,True
ENSG00000175164.15,54.182781584548074,-1.0788553383514579,0.3147619513429178,-3.427527799178299,0.0006091039361267439,0.008884997951646136,True
ENSG00000175344.19,4.704697105337584,-1.0837691878897533,0.3969980660169587,-2.7299104974568253,0.0063351522512808504,0.04542510557364208,True
ENSG00000175426.11,63.431482145087905,-3.760432941486383,0.39408302440372966,-9.542235287034083,1.3978629444601573e-21,7.109530935524359e-18,True
ENSG00000175928.6,20.759223586511915,-1.2080704199021093,0.4092626355415045,-2.951821923112244,0.003159050580226359,0.028270260265744158,True
ENSG00000176040.13,1.516237468386099,-2.490441925593102,0.4488842690174078,-5.548071290278434,2.8883810919617187e-08,4.816493847120427e-06,True
ENSG00000176349.11,2.065188189607705,1.4754321065480696,0.47296479541463105,3.1195389611495545,0.0018113430427420761,0.019034071726004544,True
ENSG00000176383.9,14.006296434357878,-1.5369742840235037,0.25002463689762466,-6.147291335344823,7.88172840624593e-10,2.3126810004326999e-07,True
ENSG00000176490.5,61.09038652936852,-1.2987176922716002,0.3653946115013704,-3.554288025582253,0.00037900389597715184,0.006432526634949258,True
ENSG00000176753.5,2.365825665662681,-1.1863108796339672,0.4175333120127426,-2.8412364846179328,0.004493897429932929,0.036116874893819664,True
ENSG00000176884.16,10.785532858479165,-2.1749971516125326,0.34857786175542943,-6.239630769031921,4.3860495462010346e-10,1.4548335646942476e-07,True
ENSG00000176887.7,11.10114908365645,-1.620148346765643,0.3998240453479616,-4.05215335499807,5.074838178715801e-05,0.0015035316685601105,True
ENSG00000177669.4,25.459054506419704,-1.8959802895774327,0.34790906513960485,-5.449643253235256,5.047095626249059e-08,7.4404430014790475e-06,True
ENSG00000177679.16,128.083284479749,-1.2367317276148382,0.32991340996467733,-3.7486555267554924,0.0001777850751396657,0.0037558949094769305,True
ENSG00000177807.10,51.79660408546738,1.1594867922182004,0.30320932120410815,3.824047320226284,0.00013127870214907722,0.003021192213258854,True
ENSG00000177984.7,2.9803583105980334,-1.4215127216591998,0.49433331916693785,-2.8756158376189704,0.004032401546178323,0.03360261211992838,True
ENSG00000178053.20,55.68804797868745,-1.1042402812216756,0.2399045531312575,-4.6028316962267875,4.167850283648233e-06,0.00024553304875638894,True
ENSG00000178162.8,3.579948392980907,-1.086837464094115,0.3307621058021144,-3.2858584615020527,0.0010167208444450313,0.012768005468759084,True
ENSG00000178172.7,1.1398410524818487,1.0444601937275235,0.3883620400788792,2.6893982571401316,0.007158096371111609,0.049297067001682085,True
ENSG00000178372.8,1.1322126426222086,-2.0835534357467624,0.7687989343506144,-2.710140899852689,0.006725463113341996,0.0472998922255691,True
ENSG00000178522.14,2.518991479968603,1.6660720857111855,0.6205659965891521,2.684762128232131,0.007258144288702252,0.04972127651480018,True
ENSG00000178531.6,39.41162595363007,-1.282833241899202,0.2785614828417215,-4.605206824764453,4.120561230496708e-06,0.0002436880746314681,True
ENSG00000178750.3,4.1777152530318915,-1.13541894841189,0.2586784020636889,-4.389307106251336,1.1371239040823795e-05,0.0005163760871574091,True
ENSG00000178828.7,8.582484274663377,-1.3013517139947735,0.3306102962417761,-3.9362104834239395,8.277837660314236e-05,0.002148014405120317,True
ENSG00000178882.15,70.1004489377409,-1.8414013270310619,0.35051194342783115,-5.253462432757867,1.4926613290669142e-07,1.779298949914295e-05,True
ENSG00000178919.9,9.922612998815428,-3.9966239093588967,0.5945455494062968,-6.722149233729625,1.7906341403307993e-11,9.935089350242669e-09,True
ENSG00000179104.9,95.95989730113916,-1.0767141405644076,0.19627530626889195,-5.485734099883854,4.1175586470191335e-08,6.314141692082205e-06,True
ENSG00000179148.10,2.936122183488527,-2.776839815769231,0.4271441793685271,-6.500942655649434,7.981825599073086e-11,3.4796198568759185e-08,True
ENSG00000179178.11,93.39803104781414,-1.1355593675464528,0.38958795248074285,-2.914770234335167,0.0035595049457178376,0.03074493431178192,True
ENSG00000179593.16,92.71635537080566,1.0280829814878167,0.35146791123620436,2.9251119337517344,0.0034433234361064395,0.02999613416392352,True
ENSG00000179674.4,64.19821842136257,-1.4340412795305666,0.4069400981326666,-3.5239616005180565,0.0004251458568899418,0.006981281519961615,True
ENSG00000179913.11,836.1104473243099,-1.219679178518798,0.344167157688664,-3.5438569638946436,0.0003943191107845873,0.006615350656023545,True
ENSG00000179935.10,3.8331365476793846,-1.0860008829825258,0.26041120254340877,-4.170330893508687,3.041576849768892e-05,0.001025789775296375,True
ENSG00000180178.11,11.33012721271467,-1.9125218972699598,0.6489060156823765,-2.947301845027265,0.0032056012827950046,0.028552868869168815,True
ENSG00000180287.17,14.789452673991521,-3.0680491476735505,0.3337470008412023,-9.19273923043682,3.82962564033701e-20,1.4608107005065525e-16,True
ENSG00000180316.12,1.5385128748103918,-1.3841693709293053,0.2789549749828365,-4.96198130545788,6.977771292264667e-07,5.865941288009603e-05,True
ENSG00000180730.5,24.963522269130276,-1.0559266242749035,0.31868075044422434,-3.3134308325902864,0.0009215889847712846,0.011916614177661237,True
ENSG00000180777.14,1.1341475333562059,-1.7606237454387277,0.4732643161414258,-3.7201700728110665,0.0001990886660890604,0.00406380584239048,True
ENSG00000180818.5,16.691542490749875,2.4786430034074862,0.6890008608923406,3.5974454374372478,0.0003213578799017905,0.005761784408391916,True
ENSG00000180861.9,17.3534792806092,-3.5458958127992792,0.5370073727622567,-6.603067281106239,4.027366470132287e-11,1.9507796063897915e-08,True
ENSG00000180871.8,15.27459835453704,-1.2856501517385066,0.2595749306510233,-4.952905692834242,7.311341402916666e-07,6.112682034285068e-05,True
ENSG00000180914.10,70.79073602766772,-1.762494614394223,0.25662069091182027,-6.868092390102127,6.506607911113738e-12,4.316427109033627e-09,True
ENSG00000181085.15,17.859520853838276,-1.888631757641764,0.29945269961561194,-6.306945170526359,2.845965916212128e-10,9.982470793003367e-08,True
ENSG00000181218.5,116.5215455411668,-1.104821084101333,0.3442543669345075,-3.2093161052377277,0.0013305112667372071,0.015426246890483516,True
ENSG00000181458.10,1807.8282761583487,-1.5249732913362106,0.27733442263489955,-5.498680174093575,3.826444333161446e-08,6.018957488183231e-06,True
ENSG00000181577.16,295.3900460905617,-1.506808539802541,0.47634301686000174,-3.163284621521796,0.0015599973400593412,0.017198294374729355,True
ENSG00000181751.10,162.05829445486054,-1.080858324041427,0.23625862662450686,-4.574894637643299,4.764597057189417e-06,0.000271262022009687,True
ENSG00000181778.5,14.768549137751716,1.2617979802729018,0.42910330342346237,2.940545948274118,0.0032763440476935245,0.02894278117563861,True
ENSG00000182195.9,321.34769244975706,-1.22473729121347,0.2894930150799397,-4.2306281237054195,2.3303966170623152e-05,0.0008567190403698687,True
ENSG00000182240.16,1534.2289239343718,-1.5188835304928334,0.2854655237372991,-5.320724935914127,1.0335457113289908e-07,1.3307882247643664e-05,True
ENSG00000182379.10,280.8404569054063,-1.3287108029994168,0.34396222030875157,-3.8629556519513195,0.00011202335077570309,0.0026774249102877066,True
ENSG00000182397.14,4.104778025116059,-1.1555926802535161,0.3262825291984383,-3.5416934001719365,0.0003975672910392253,0.006659834348426594,True
ENSG00000182601.7,11.976658445391728,3.7596435072101477,0.8914899541368775,4.217258410780588,2.472905324103061e-05,0.0008964616897387794,True
ENSG00000182759.4,80.37104264401985,1.7698478155344612,0.4455251184589257,3.972498389442949,7.112271725691676e-05,0.0019275140673286606,True
ENSG00000182782.8,23.103651692570022,-1.1310390816308646,0.288100924081661,-3.925843296879799,8.642640961751036e-05,0.002214431835338326,True
ENSG00000182795.13,314.35396378593015,-1.5222279288435534,0.3645742446950834,-4.175357834497303,2.9751801072965998e-05,0.001014044622069936,True
ENSG00000183018.9,505.4736673459148,-1.042229782407303,0.24601687280846626,-4.236415862495414,2.2711596863418688e-05,0.0008411008372379669,True
ENSG00000183019.7,5.031782059558671,-1.809578195089695,0.3511245265278598,-5.153665034407999,2.554440594591067e-07,2.6879761787772757e-05,True
ENSG00000183036.11,11.748982249870032,2.1345956837550855,0.629806108701057,3.389290218473079,0.0007007380335453886,0.009836118597824782,True
ENSG00000183242.12,2.7829338115824243,1.4666428056488436,0.49008190384784145,2.992648359659084,0.002765682068855506,0.025707448679011462,True
ENSG00000183454.18,67.52567442805872,-2.1455478855628254,0.4071381310719826,-5.269827908070565,1.365517231474759e-07,1.6470404678135867e-05,True
ENSG00000183476.12,1.7289542413248566,-1.1628177503500572,0.3355477517729371,-3.4654315047741044,0.0005293813551279287,0.008073264084499687,True
ENSG00000183569.18,54.22766831863618,-1.2504428548075581,0.20910416909734916,-5.979999634657739,2.2313812074214377e-09,5.536002351680699e-07,True
ENSG00000183628.14,20.586086806280104,1.105822590066258,0.3755015160585508,2.944921772017108,0.0032303632651780657,0.028672997498596232,True
ENSG00000183690.13,9.222697829250674,-1.6678169961135068,0.399198609397994,-4.177912840499709,2.9419634396692114e-05,0.0010138885703395476,True
ENSG00000183742.13,71.4479680309281,-2.1410566316664927,0.35605509766979654,-6.013273354822451,1.8181406575781931e-09,4.6235316922213456e-07,True
ENSG00000183770.7,1.811481102428008,-1.889466818889073,0.5456594093339061,-3.4627219590982055,0.0005347406609848742,0.008122521657846899,True
ENSG00000183778.17,29.0501117955667,-2.7488277778490198,0.42368475397851846,-6.487908172377593,8.703629737499857e-11,3.638355685884187e-08,True
ENSG00000183780.13,10.981537788283111,-1.8792882399068584,0.36939369447434034,-5.087494096457572,3.628256767709904e-07,3.5373764703972984e-05,True
ENSG00000184139.8,3.12882799714467,-1.4489854484598326,0.5328898659844695,-2.719108658189536,0.006545810122583166,0.0464323434915732,True
ENSG00000184155.8,0.7321544202517463,1.2415482368097543,0.43640190170193865,2.8449652303708985,0.004441627110461607,0.03583836406738403,True
ENSG00000184156.17,25.05573063147953,-1.2477691098090646,0.2268206615428786,-5.50112631416157,3.7737272197294074e-08,5.96679066514314e-06,True
ENSG00000184349.13,143.07031738308604,-1.2397327308252442,0.38710496745051215,-3.2025751025365823,0.0013620477971078221,0.015696469250960084,True
ENSG00000184350.11,0.9371590572884598,-1.5115529312025664,0.4943163243144309,-3.057865696219814,0.002229194597611116,0.021993566873812095,True
ENSG00000184363.10,119.6656764673853,-1.3649770261021654,0.427664630074565,-3.191699593824666,0.0014143835167730822,0.016099139813865286,True
ENSG00000184374.3,149.0088722690357,1.062794891061366,0.3116657327727862,3.410047301658844,0.0006495161343634745,0.009322970064080803,True
ENSG00000184408.10,20.929075062570252,-1.9593913870650292,0.3829738893895961,-5.116253199893105,3.116646232642849e-07,3.1182811946009566e-05,True
ENSG00000184486.10,14.110616922344006,-1.8968980768598762,0.40275094308202225,-4.70985384253604,2.4789449434125603e-06,0.00016190439832974474,True
ENSG00000184571.13,0.7554561427780322,-2.2477706359761087,0.49854427965633596,-4.508667991387998,6.5235903301188565e-06,0.0003444184818579706,True
ENSG00000184908.18,4.466408744373489,-1.2943539099079775,0.4082952320256133,-3.1701421137996038,0.0015236439792380707,0.01691609164512807,True
ENSG00000184956.16,311.16652023594764,-1.9631098830057447,0.46754152812530814,-4.198792545503256,2.6834201682917302e-05,0.0009517722317988398,True
ENSG00000184999.12,1052.139775130949,1.1114712866868588,0.27558396594678475,4.033149326624771,5.503428295996415e-05,0.001591873155266603,True
ENSG00000185008.17,95.78244103094738,-1.2433653348062979,0.4131068242510408,-3.009791322282097,0.0026142723620315536,0.024714106381584538,True
ENSG00000185101.13,243.17620494385193,-1.1487560477344467,0.2837683769954628,-4.048217281634642,5.1609224846608956e-05,0.0015231209917012756,True
ENSG00000185156.6,4.841795886980783,-1.0723846402861894,0.384785118415421,-2.786970152854049,0.005320337902007141,0.040457371397371024,True
ENSG00000185275.6,1.4502986232136592,-1.0415317169498681,0.320657818712201,-3.248109530379706,0.0011617454035384909,0.014051455701300272,True
ENSG00000185483.12,84.97850590657829,-1.1704296285360287,0.28575036722090963,-4.095986437109933,4.203745423885329e-05,0.0013010293646580598,True
ENSG00000185499.16,169.69773280324844,-2.222827701906482,0.3085278908105016,-7.20462482684182,5.820388143202824e-13,5.550467643061792e-10,True
ENSG00000185565.12,45.80321079008745,-1.1024533601361008,0.36642783214531116,-3.0086507176095467,0.0026241060823258204,0.024776367948098618,True
ENSG00000185567.7,232.3947987281973,-1.5994538322253928,0.34163068931526747,-4.681821283185033,2.84337323654114e-06,0.0001794399724173652,True
ENSG00000185594.7,0.9555037252260454,-2.1351844638265653,0.7295698801488778,-2.926634612973406,0.003426511840215356,0.02989970435256393,True
ENSG00000185633.10,1223.9629241635612,-1.1712999616062585,0.1973800130631662,-5.934237937411704,2.9521344836906904e-09,6.824798174568569e-07,True
ENSG00000185634.12,21.481312631740334,1.089539661288417,0.2924752202181869,3.7252375106363504,0.00019513140851390106,0.003999079961188854,True
ENSG00000185686.18,421.6751661674933,-1.7695604833761422,0.5986203480655328,-2.956064706277614,0.0031159171375384096,0.0279992130062197,True
ENSG00000185737.13,23.444988927625328,-1.3769660303871245,0.3839359515809377,-3.5864472308914412,0.0003352138597361086,0.0058958997946438555,True
ENSG00000186047.10,6.517951611084053,-1.5897717764586856,0.24293182625535553,-6.544106636680909,5.985208036887326e-11,2.7047135544622026e-08,True
ENSG00000186193.9,99.29804482773027,-1.6550715572214658,0.22580932035796283,-7.329509493220979,2.3099661759283394e-13,2.349697594154307e-10,True
ENSG00000186297.12,2.338382424260688,-2.8302494287696907,0.7287069525010555,-3.8839336156403568,0.0001027799806043996,0.0025151835510215386,True
ENSG00000186417.14,224.55633992642504,-1.6047272300372073,0.3532554538505441,-4.542682108783912,5.554297805419699e-06,0.00030375439396090957,True
ENSG00000186451.2,3.279177273605319,-1.5503511980392954,0.3536237698711942,-4.384182654361735,1.164220614187311e-05,0.0005255526074340234,True
ENSG00000186453.13,4.934959211344136,1.1418681268071846,0.31098196474211404,3.6718146267874223,0.0002408343498108286,0.004645575865251103,True
ENSG00000186458.5,50.469635954083984,1.5030042347347723,0.3967475684141284,3.7883136643850177,0.00015167328569360642,0.003341849809549526,True
ENSG00000186472.20,57.51865605070221,-1.537153452635198,0.4601076822534302,-3.340855873361672,0.0008352056718307152,0.011100669112189071,True
ENSG00000186765.12,7.387192586507173,-1.1395243913256983,0.26620604177735374,-4.2806105515770385,1.8638127202773532e-05,0.0007376927233720326,True
ENSG00000186897.5,19.403119911202317,-1.482659834742975,0.375137857997813,-3.952306607113,7.740147762681134e-05,0.0020432383142385594,True
ENSG00000187094.12,2.5243346167713208,2.71844499521561,0.6032951629152771,4.505995012589502,6.606263888926682e-06,0.0003465485628120501,True
ENSG00000187123.15,46.8430109768842,-1.3345084407470365,0.34057808180610116,-3.9183626664114053,8.915250040868681e-05,0.00226903895118556,True
ENSG00000187166.1,2.4427053548771034,1.7459159438907221,0.4948888717594639,3.5278949346416266,0.00041887838124263704,0.006922879982456294,True
ENSG00000187242.6,6.059771480361169,1.7752489592515284,0.5856522379063717,3.031233971883734,0.0024355643723544414,0.023468166209904683,True
ENSG00000187416.12,4.613554315507605,-1.9498027587497255,0.4792690711538271,-4.068284135372285,4.7360608192275283e-05,0.0014238978518181995,True
ENSG00000187642.9,6.025006547741621,-1.8305418063276455,0.3537272059224729,-5.175009938955188,2.2789884900282698e-07,2.483771884346524e-05,True
ENSG00000187720.14,866.3155983019096,-1.141194431912833,0.22604810217598933,-5.048458363186603,4.453895128471741e-07,4.194909374705051e-05,True
ENSG00000187726.9,2.8243935673329386,-1.0997741838600377,0.27673411390330166,-3.9741185802785712,7.064036503076924e-05,0.0019229807130053116,True
ENSG00000187773.8,19.507531497182107,-1.1115855032590276,0.3086164500787156,-3.6018349085912535,0.0003159790137902214,0.005698827177791014,True
ENSG00000187783.12,31.351683066911214,-1.085561342627147,0.4023428574157336,-2.6981001964338494,0.0069736447661261705,0.04847556803715403,True
ENSG00000187908.20,22.79044867199154,-2.219369583116589,0.39092777882533175,-5.677185667862741,1.3692882604185656e-08,2.517180756321262e-06,True
ENSG00000187912.12,7.3114287145874135,1.000965622090401,0.2902692383560415,3.4484040670635108,0.0005639097471620337,0.008435426394312068,True
ENSG00000187959.9,4.916216648451236,-1.0172825293874854,0.27738526738880076,-3.667399278136851,0.00024503002073011573,0.00469977128384677,True
ENSG00000187987.9,3.3066849677652956,-1.1683436837149985,0.3932659072987405,-2.970874571203239,0.002969530342123464,0.026993800393279598,True
ENSG00000187997.11,2.45479804425042,-1.0544919319621375,0.34238905101442835,-3.0798062287269254,0.002071353091890059,0.02091423923157868,True
ENSG00000188064.10,82.07444215420723,-3.2019632481394478,0.48852146025338516,-6.554396293007601,5.586742405514342e-11,2.5831065340405405e-08,True
ENSG00000188112.9,189.13911888829162,-1.65786086364113,0.361978948843393,-4.579992480055488,4.6499264838994005e-06,0.00026572501232710507,True
ENSG00000188158.16,41.69083146647331,-1.0932503100359339,0.2186990967623454,-4.998878944726235,5.766458923269951e-07,5.0521197585572205e-05,True
ENSG00000188175.10,3.046830122171069,-2.034054251663603,0.3710636509095187,-5.481685545533515,4.21292562753148e-08,6.4280819224875325e-06,True
ENSG00000188211.9,43.66519690465855,-1.4517979448416527,0.2954083792766778,-4.914545580583912,8.898862089546392e-07,7.035172941051753e-05,True
ENSG00000188611.16,163.61883596616156,1.1293941534026841,0.24028353420873172,4.7002561250060175,2.598353928002908e-06,0.00016692919677249837,True
ENSG00000188828.12,1.1246540921094779,1.4994563524645137,0.5173413883868682,2.8983885421191533,0.003750855999698383,0.031990252008607,True
ENSG00000188910.8,43.15874970749991,-1.8441348262282788,0.3651444047813143,-5.050426083709908,4.4082566747534596e-07,4.1647789686308535e-05,True
ENSG00000189068.11,0.9140112190408677,-1.386851792071662,0.3459969578466599,-4.008277415798239,6.116324786681949e-05,0.001726602841724203,True
ENSG00000189377.9,58.07059838170816,1.124754214642916,0.3748277624956415,3.0007228044000467,0.002693396285941234,0.025281968951640324,True
ENSG00000189410.12,9.812981903614267,-1.1892369574179742,0.3070879885648004,-3.8726260931792407,0.00010766894070583011,0.002603506651805952,True
ENSG00000189431.8,6.67870350295448,-2.1023610643197617,0.5637001426144156,-3.7295734121497763,0.00019180421939314055,0.003973589653089665,True
ENSG00000196092.14,36.75141381799801,1.0602083955485022,0.3081294789253502,3.440788590712401,0.0005800215288456185,0.008608918761796154,True
ENSG00000196096.3,1.7509938181034324,1.136006264873686,0.3609082382964164,3.147631847463333,0.0016459885589187443,0.017830666263388143,True
ENSG00000196167.10,115.18566834407676,-1.1162630299124923,0.2566349324066738,-4.349614526145716,1.3637704575074042e-05,0.0005853279786398868,True
ENSG00000196188.12,89.73269360088148,-3.3506434063986634,0.44172153156895333,-7.585420150332028,3.314113705297564e-14,4.596976992311839e-11,True
ENSG00000196260.5,4.7358124766666,-2.5438562974833347,0.47606259809322676,-5.343533198516836,9.115212555911387e-08,1.2199992384043503e-05,True
ENSG00000196277.16,7.9759804102692184,-1.1659199179107673,0.420002788409301,-2.7759813746154354,0.005503536115439977,0.04144765747748429,True
ENSG00000196368.5,6.13070877965848,-1.5145640349851157,0.2968064914138624,-5.1028669479914806,3.3454621621882384e-07,3.293229785204396e-05,True
ENSG00000196421.8,268.48718171291006,1.2861088600686208,0.3350059982191276,3.839062186663823,0.00012350514919661783,0.002888033052018383,True
ENSG00000196482.18,51.45144176700176,-1.1911523407549056,0.38289196037278334,-3.1109358880118574,0.0018649542504649889,0.01944657047346923,True
ENSG00000196503.5,5.646632958297485,-1.0242099460934513,0.24630938740190197,-4.158225380270433,3.207295036654231e-05,0.001060388031836842,True
ENSG00000196542.8,52.80223683928528,-1.1500750076824524,0.36751572267269855,-3.1293219221172857,0.0017521023744565167,0.018558540804899364,True
ENSG00000196549.12,2005.5518542694517,1.446675577147488,0.4435656718370188,3.261468749725624,0.001108366488098321,0.013593658096954156,True
ENSG00000196604.13,3.230329075805506,-1.378078765378657,0.3630647727382565,-3.7956829438039486,0.0001472375718474695,0.0032605963298239326,True
ENSG00000196611.5,55.1084402038547,-1.9811093109335793,0.28680696935566025,-6.907465726458231,4.9338810478858214e-12,3.501449164122877e-09,True
ENSG00000196754.13,32.715427122653395,-1.008212554850348,0.2870348557607116,-3.512509141715008,0.00044389673326861206,0.007180371384404923,True
ENSG00000196800.6,2.304323287899561,1.1251004159943572,0.3713518270697801,3.029742508262768,0.0024476231536411873,0.023569475593724982,True
ENSG00000197093.11,127.06643643471722,-1.0572601741007894,0.2129683556928393,-4.9644003244578645,6.891366718303363e-07,5.809307921981918e-05,True
ENSG00000197106.7,9.243779025367632,-1.3933249313098954,0.28507360295757594,-4.887597156855127,1.0207412544412586e-06,7.92593896196678e-05,True
ENSG00000197134.13,38.2992114599002,-1.0939247482835845,0.27216357234637917,-4.019365041591093,5.835519702592847e-05,0.0016642684041525543,True
ENSG00000197140.15,11.169007759600056,-2.126345807284635,0.3092459175564899,-6.875905829528746,6.159718262143777e-12,4.272044601990443e-09,True
ENSG00000197273.4,36.215826961171395,-1.5414277600367923,0.44443237223311854,-3.4683066678776173,0.0005237492319189157,0.008023459619095197,True
ENSG00000197301.7,1.520184162002136,-1.3650255770009518,0.3831056412407882,-3.563052667613972,0.00036656709846614685,0.006284360436400526,True
ENSG00000197355.11,387.9715761325028,-1.317658837806993,0.23348681503655894,-5.643397198255826,1.6672709571735056e-08,3.0105586111897455e-06,True
ENSG00000197385.6,6.857162410570679,-1.4867440910164258,0.3121497037288607,-4.762920077309574,1.90811429435144e-06,0.0001320363170213799,True
ENSG00000197408.10,5742.936514442746,1.292291137726223,0.28616453329549296,4.51590252238493,6.304766311218829e-06,0.00033694614492671415,True
ENSG00000197410.14,8.832712491272519,-1.690025365625304,0.40102925843825377,-4.214219611324235,2.5064331387673368e-05,0.0009040935421113954,True
ENSG00000197415.12,120.85086097305351,-1.9033181798755712,0.37865515121386684,-5.026521291930252,4.994570526358725e-07,4.590792595854303e-05,True
ENSG00000197472.15,7.3766872607023215,-1.3530392192717855,0.41246127980097147,-3.280402999100132,0.0010365890300522102,0.012927074311840312,True
ENSG00000197487.9,11.685359518856501,1.3521745692130094,0.33466967170678485,4.040325979695268,5.337695865430752e-05,0.0015587093495644483,True
ENSG00000197549.9,19.427442574885063,1.2080620136454785,0.419588917037386,2.8791561564001906,0.003987408434046419,0.033336919389961785,True
ENSG00000197565.16,22.233842177430702,-1.5722685459130588,0.3244901823417911,-4.8453501260539245,1.2638859068501435e-06,9.476349467675424e-05,True
ENSG00000197838.5,104.41221819144292,1.6659331597980034,0.4158302349053874,4.006281939015445,6.168201728727778e-05,0.0017380318001279488,True
ENSG00000197888.2,734.1029296096356,1.2916836020031481,0.4631666216980128,2.7888097749093257,0.00529021276915833,0.0403590332159089,True
ENSG00000197927.13,7.937729981804787,-1.0977051055850484,0.23526938701079897,-4.6657370919858066,3.0751268522024383e-06,0.00019073286793050732,True
ENSG00000198010.13,13.455386496428721,1.3881294608779549,0.3908777524203343,3.5513135559202045,0.00038331346213549364,0.00646968673148602,True
ENSG00000198049.7,1.7548173106925935,-1.4494747381121529,0.4096370730577845,-3.5384364195661706,0.0004025042019409423,0.0067303113569478325,True
ENSG00000198077.10,3114.332108343714,1.4310350149603026,0.46472219630867273,3.0793343342046784,0.0020746371755215815,0.02092188633450647,True
ENSG00000198121.13,88.35323087575784,-1.0526596051255481,0.2965176893330327,-3.550073547022882,0.0003851235418339732,0.006485888522409232,True
ENSG00000198354.7,2.6084514282080025,-2.278637000330682,0.5188556031415322,-4.391659233386212,1.124889069513219e-05,0.0005123449976905283,True
ENSG00000198443.6,0.8103411125195852,-2.60691374728945,0.8245876574555203,-3.161475585668794,0.0015697197664822052,0.017249394452276186,True
ENSG00000198535.5,221.09609665363837,-1.0559866000603766,0.34072788074096666,-3.099208077026062,0.001940386920374193,0.0199504202365697,True
ENSG00000198626.17,70.89332144971425,-1.0257094609100164,0.3598248984524428,-2.850579449397335,0.0043639646423108466,0.035333177241909736,True
ENSG00000198633.10,7.816922155803154,-1.4310584810118883,0.4533505708512431,-3.1566266219204966,0.0015960557396928721,0.01740716116957387,True
ENSG00000198729.5,12.224788407930275,-2.5060346653257906,0.38611456284124634,-6.490391470565081,8.561362090525613e-11,3.628590632701105e-08,True
ENSG00000198744.5,206.3333649269287,1.031747674434359,0.25877711774072915,3.9870127754806948,6.691042398025879e-05,0.0018528271757952942,True
ENSG00000198759.12,17.845774169754957,-1.2774946246024221,0.29079133250782874,-4.393166101565387,1.1171170910080649e-05,0.0005103285201976364,True
ENSG00000198774.5,124.80184354960946,-1.7968846346009097,0.31344053099660213,-5.732776896745332,9.879955545817379e-09,1.92036129577174e-06,True
ENSG00000198807.13,3.0274624884921075,-2.2704546256688176,0.36361893180147364,-6.24404954500121,4.2638483402521605e-10,1.4457288439014992e-07,True
ENSG00000198889.5,6.038061914315594,-4.687411925439297,0.7687669314853217,-6.097312115627588,1.0786678335395915e-09,2.9389846078834085e-07,True
ENSG00000198915.12,106.41723624393713,-1.4214095007051368,0.3329460245076824,-4.269188985833165,1.961849948961231e-05,0.000757948627381145,True
ENSG00000199047.3,0.8340867687476706,1.0697056224162567,0.39111954474236504,2.7349838094153136,0.006238334439011196,0.04503643570874513,True
ENSG00000199461.1,8.033866967067942,1.1013765832576476,0.2781020238034457,3.9603328598430774,7.484536372123181e-05,0.0019999834670027233,True
ENSG00000199506.1,0.8796921744576671,1.9698071413171938,0.5962298011630371,3.3037716958709287,0.0009539348341338829,0.012195545751964859,True
ENSG00000203307.2,4.798151748278553,1.0161984874286971,0.2738190183653301,3.7112049173767843,0.00020627503106562884,0.00416315399999916,True
ENSG00000203434.2,4.353466609015994,2.7799414987076863,0.7593778093576575,3.660814767630862,0.0002514144763920708,0.004798101414371753,True
ENSG00000203499.12,104.61323910918438,-1.5222872424467304,0.25533564435105766,-5.961906518440321,2.493117718653117e-09,5.990549630111694e-07,True
ENSG00000203645.2,4.607689837921349,-1.4155281414679375,0.4324362362990876,-3.273380033048179,0.0010626949100945267,0.01316654400180454,True
ENSG00000203740.4,2.6458564084185703,-1.6217490423360361,0.49319209094287125,-3.288270578783249,0.0010080490596766523,0.012711207465521169,True
ENSG00000203805.11,17.8944081914791,-1.1406819400380581,0.39286114559351965,-2.903524445805806,0.003689881630417744,0.0316027021705944,True
ENSG00000203930.12,16.225124967392052,-1.5193398053379223,0.393262909919911,-3.8634200353329526,0.00011181050574225857,0.0026772347295764467,True
ENSG00000203952.9,1.0771682885150167,-1.5927790739677288,0.436067029585858,-3.6526014715683144,0.00025959696123898534,0.00493573885929525,True
ENSG00000204060.7,48.665720873686425,-1.0415968369176771,0.342143847231987,-3.0443243254099306,0.0023320358470245053,0.022765324986500256,True
ENSG00000204175.5,27.779924864688358,-2.1521906121473586,0.5496099289542332,-3.915851040468693,9.008585973265086e-05,0.00228327250465247,True
ENSG00000204385.13,70.50540488549586,-1.4256226468805506,0.2542232178758641,-5.607759428081328,2.0496265039079677e-08,3.553772863253156e-06,True
ENSG00000204538.4,0.7342310483197545,-1.6996750085786232,0.45879185927206173,-3.7046756044786813,0.0002116614339751345,0.004249535564158849,True
ENSG00000204540.11,24.399050814181926,-1.3860037058234043,0.2612285734373707,-5.3057124937969204,1.1223373748029699e-07,1.4152581541110509e-05,True
ENSG00000204580.13,1959.7844549230551,-1.333915041073689,0.246897830081791,-5.402700544722474,6.56449996456541e-08,9.274179672161021e-06,True
ENSG00000204588.5,9.730740044496992,-1.3349565593548418,0.28940639185241396,-4.612740412573949,3.973944843642793e-06,0.00023824931404440761,True
ENSG00000204616.11,456.19850964799997,-1.0037954190797433,0.28233147698062044,-3.5553790523634916,0.0003774345436361968,0.006413024795992306,True
ENSG00000204618.8,34.58237421870392,-1.1787500594652696,0.22851287098797937,-5.158353025669509,2.491315565043746e-07,2.6416699227811783e-05,True
ENSG00000204653.10,2214.733725687656,1.090892429346681,0.2565332673370736,4.252440397577346,2.114535053299556e-05,0.0007991756022462458,True
ENSG00000204657.4,0.8328435006293085,-2.0614444875736515,0.4475535109331075,-4.606029083037984,4.1043101292719395e-06,0.00024319830661138352,True
ENSG00000204866.8,3.8798283633009802,-1.8417401561698803,0.3867598603891166,-4.761973371065233,1.9170898440894075e-06,0.00013235727077428135,True
ENSG00000204949.9,622.9137973653676,2.156243994911734,0.5079057200189386,4.245362692177069,2.1824011974130417e-05,0.0008171698523715467,True
ENSG00000204969.7,2.234932583054424,-1.4725556744210477,0.4671758849923474,-3.1520369987529837,0.0016213572760324555,0.017600250786633943,True
ENSG00000204983.14,2.464308468381481,-2.1031899878047935,0.5867355693047042,-3.5845619352805294,0.00033764443692602293,0.005923291118581939,True
ENSG00000205312.8,5.698717382600304,1.3829524655747252,0.38919999153081597,3.553320903567456,0.0003804001189029398,0.0064454691995791845,True
ENSG00000205360.6,4.6836028331874475,1.3451864316259758,0.4165552281697765,3.229311122888403,0.0012408881793087663,0.014751357057839585,True
ENSG00000205364.4,439.6953319929148,1.9918691082340005,0.3635547768641442,5.478869306614383,4.280523798813534e-08,6.466557635870981e-06,True
ENSG00000205396.11,4.700962299762154,-1.9240202891348681,0.512185098453957,-3.7564940779077127,0.0001723103470594447,0.00366938070541941,True
ENSG00000205642.10,3.6610838138801123,-1.6985936989027735,0.5065309117806833,-3.3533860607469244,0.0007982927375179343,0.010789320568582278,True
ENSG00000205795.4,86.84524817022057,-1.1119715308514833,0.3568354689890708,-3.1162023607175127,0.0018319651093404994,0.019184710801865023,True
ENSG00000206228.4,7.8086718649494795,-1.0937146973053244,0.2089505243995367,-5.234323773287211,1.6558997087795276e-07,1.936070326173029e-05,True
ENSG00000206262.9,1.0021321321352443,-2.6124014930018484,0.5716777949296704,-4.569709574469713,4.884005541330534e-06,0.0002758425964592352,True
ENSG00000206587.1,1.9947439995856162,1.7342349594631086,0.39470758459567934,4.393720888945118,1.114268595007687e-05,0.0005101147724054935,True
ENSG00000206878.1,1.6724985501951417,-1.3764522145200873,0.46683115968698524,-2.9485011571271538,0.003193189442251768,0.028467241898847487,True
ENSG00000211648.2,199.5870393690193,1.2382821622863915,0.40464398374025773,3.0601768765731823,0.0022120631033249764,0.021866963932965656,True
ENSG00000211713.3,1.2733432443386195,1.1595462945912933,0.41840590194237637,2.7713430647328394,0.005582557532852931,0.04187741535706491,True
ENSG00000211750.2,2.9450997428010313,1.1037135763442878,0.33894571898025705,3.2563136648100786,0.001128689873600867,0.013766227091448464,True
ENSG00000211891.6,15.038304799138874,-1.2506021281975082,0.4052730635333536,-3.0858259300388586,0.0020298761805858656,0.020574165220381684,True
ENSG00000211972.2,15.350236576150385,1.3529890825274076,0.44034563278635086,3.0725616011363,0.0021223002442053982,0.021241100115504077,True
ENSG00000212743.2,6.066141929837596,-1.7509810667758006,0.31575851502595625,-5.545317017442474,2.9342205039997463e-08,4.866340918481319e-06,True
ENSG00000213065.2,2.67084024101664,1.195055203375295,0.3035417654321299,3.9370371377855817,8.249384410065828e-05,0.0021461058368079182,True
ENSG00000213171.3,77.18854448414602,1.04348003842499,0.28246569537655636,3.694183242442669,0.00022059468739798788,0.0043570663305093835,True
ENSG00000213222.3,14.661111825608302,-1.1505438112506186,0.2017073787203992,-5.704024406789145,1.1701131149772029e-08,2.1781227494880525e-06,True
ENSG00000213279.2,15.508707946922309,-1.1341885958487519,0.3383161119822637,-3.3524522057294512,0.0008009907000250382,0.010805938197154759,True
ENSG00000213412.3,0.8452542886877115,-1.346203275722755,0.43968403446639515,-3.0617515538323343,0.002200460097769886,0.021794625233218384,True
ENSG00000213424.9,38.239492992937855,1.0030763104724152,0.29522360788160484,3.3976832600551523,0.000679590534589402,0.00961891686156317,True
ENSG00000213988.11,14.223058226383536,-1.014741977672418,0.2801575136308071,-3.6220409173449823,0.00029228787425877845,0.005392658265345154,True
ENSG00000213996.13,433.60127142049123,1.0922691252065186,0.22755038251634815,4.80011992565227,1.5857064546121594e-06,0.00011279584654765654,True
ENSG00000214018.3,0.8222028840262826,-1.5772314024638827,0.4544404381093117,-3.470710945148093,0.0005190824475958867,0.007967967792171066,True
ENSG00000214049.8,24.949120823094574,-1.425896153442316,0.4449737856390352,-3.20444978886691,0.0013532089129451009,0.015630023916515027,True
ENSG00000214290.8,117.01321447639614,-1.1720346231134204,0.23737943787361243,-4.937388990437516,7.917544747719612e-07,6.512447318636433e-05,True
ENSG00000214376.6,5.503040604577949,-1.0948397988370224,0.2425541003422552,-4.5137962924236374,6.367738287320375e-06,0.0003391237374797008,True
ENSG00000214402.7,9.083789325024675,-1.2816586740410347,0.41307169751121997,-3.102751124715394,0.001917308027385292,0.01977308947742128,True
ENSG00000214425.8,23.102999303439688,-1.2051225747995242,0.24920168983811689,-4.835932595731514,1.325228264046205e-06,9.863577001374144e-05,True
ENSG00000214435.8,2.9633832869612595,1.107103473392931,0.34442883949106146,3.2143169980447075,0.0013075523288552265,0.015260161851908222,True
ENSG00000214510.10,1.2960137294667458,-1.7758052567160476,0.4326790091782736,-4.1042094001476634,4.0569987495069416e-05,0.0012693194796858714,True
ENSG00000214548.18,730.522107637683,1.31537317000411,0.3090703075136551,4.255902744542988,2.0820720380985127e-05,0.0007904744132331717,True
ENSG00000214617.9,1.2060087515242601,-2.721604233330265,0.8090340225206226,-3.3640170345999136,0.0007681680175065374,0.01049772289396753,True
ENSG00000214855.9,3128.119793054387,1.1138374007093927,0.3111004303518165,3.5803145609595552,0.0003431808227300216,0.005985339055878141,True
ENSG00000215196.5,4.055299810431673,-1.418207800485488,0.36081692707295865,-3.9305467512025025,8.47529111002133e-05,0.002184391752647052,True
ENSG00000215244.3,13.310197251729452,-1.8386732640401802,0.27041491036516996,-6.799452225312668,1.0501768240108573e-11,6.676499158649025e-09,True
ENSG00000215246.5,51.13705936069587,-1.6946764376611045,0.40863720862359487,-4.147141772452029,3.3665161779907535e-05,0.0011010997608527956,True
ENSG00000215875.4,1.6570610995971709,-1.5174186541526133,0.5419439015147443,-2.7999552166034105,0.00511096966692193,0.03949515076115209,True
ENSG00000216863.10,8.882749537599025,1.2745284412092681,0.37501803629592234,3.3985790491515258,0.0006773688486722344,0.009606181586975487,True
ENSG00000218336.9,16.578441980958708,-1.1078191673499544,0.4062358922546681,-2.7270341899170885,0.006390641697809104,0.045669211287950894,True
ENSG00000218672.1,2.4858014939146225,2.424927086976568,0.7115825898861118,3.407794290420562,0.0006549024593160555,0.009382630726990023,True
ENSG00000220586.2,6.210661562346816,1.089717464749219,0.3289233663125051,3.31298282930102,0.0009230664671635521,0.011930663410403624,True
ENSG00000221923.9,112.8542713130239,-1.1316125388594587,0.23521640670376862,-4.810942207295135,1.5022045261499908e-06,0.00010837180453899082,True
ENSG00000222035.4,3.4125870272596224,1.9537813106207238,0.4384777859983589,4.45582734863571,8.357026971396496e-06,0.0004106651128166433,True
ENSG00000223382.5,7.455417373539929,1.0999085753375533,0.2767980587683284,3.973686015833454,7.076884148162723e-05,0.0019230471653190885,True
ENSG00000223403.6,6.619077463047568,1.1750078774176624,0.4282400470490203,2.743806623211865,0.006073130155434058,0.044284747926147276,True
ENSG00000223523.1,3.930721400172469,1.6872116740508865,0.5878512343954702,2.8701337606035104,0.004102981929554144,0.03393132698164614,True
ENSG00000223572.10,18.06362350717637,-1.2336295178341252,0.45167359649071015,-2.7312411604726115,0.006309628241992414,0.04537271602575717,True
ENSG00000223658.8,8.882788864915742,-1.121533014091966,0.3098702968016035,-3.6193627645764157,0.00029532938372201504,0.005438908553808697,True
ENSG00000223784.2,7.709498191599483,-2.709302100679644,0.75256176801497,-3.6001059525332546,0.0003180875399219947,0.005722742756314644,True
ENSG00000223802.8,38.34326123262922,-1.3381793531223996,0.41209100466255366,-3.2472908604694877,0.0011650925614357782,0.01406262019923784,True
ENSG00000223823.1,1.1433072244067228,-1.5519570976746566,0.3674586464204258,-4.223487766019236,2.4055043395106287e-05,0.0008780666318720855,True
ENSG00000223829.6,4.64797532962345,-2.684976310615112,0.7378138957964943,-3.6390969672868416,0.0002735957715035123,0.00512211568294551,True
ENSG00000223949.8,1.4316065846578856,-1.1560613599064549,0.3922893673789413,-2.9469607285831168,0.003209139564344258,0.02856118007373901,True
ENSG00000223991.1,146.13154389527188,2.0856303538265952,0.5166737191236733,4.036648810711756,5.422013891552204e-05,0.0015772943366502102,True
ENSG00000224040.1,1.0346909262422221,-1.0081175569813838,0.3646913860259264,-2.7643031769050763,0.0057044510073357155,0.042488900888419986,True
ENSG00000224177.8,26.569325594979173,1.2643447463749435,0.30198683911481117,4.186754462813716,2.8297165494000486e-05,0.0009891366577490478,True
ENSG00000224259.7,7.28296630886628,-1.380241506781096,0.29055943862351663,-4.750289693977215,2.031254453243405e-06,0.00013867060602947592,True
ENSG00000224307.2,22.80005255611405,-1.2843613184293008,0.25039591015147844,-5.129322270688523,2.90787161682689e-07,2.9777385992983012e-05,True
ENSG00000224405.1,0.7599784387830496,1.2496424070092673,0.42281502664086,2.9555297902662203,0.0031213255186045576,0.028023056641876046,True
ENSG00000224739.2,24.760455962632488,-1.3837440851701857,0.4135309133695201,-3.3461684252217174,0.0008193660985542153,0.010952157627455293,True
ENSG00000224976.2,3.9654428155876116,1.0384232174921604,0.29083273428347045,3.570516984790386,0.0003562773500804757,0.006135530256803497,True
ENSG00000225206.10,2.351202896178665,-2.9165210677387803,0.665510366871016,-4.382382623806727,1.1738841234880011e-05,0.0005273052850753716,True
ENSG00000225269.3,1.016597987548154,-1.627692375593773,0.533622537902258,-3.050269169650238,0.0022863635590562614,0.02242708787147569,True
ENSG00000225362.10,1.3625153878815943,-1.381714165489499,0.3792145955848513,-3.6436207402790566,0.00026882945584762706,0.005060655118362925,True
ENSG00000225522.2,2.9428068693523843,1.8347935761202787,0.4392263901384898,4.177329999551623,2.949509555976283e-05,0.0010138885703395476,True
ENSG00000225676.2,4.225940433961989,-1.1924447987957862,0.39530104479359024,-3.016548563433298,0.002556702601574683,0.02432813738373964,True
ENSG00000225684.4,2.575550705594783,-1.1725939851289167,0.30461485200700145,-3.8494314292395866,0.00011839232019441985,0.0027941686334515977,True
ENSG00000225794.3,1.2807068724601087,1.8158223557984927,0.505998113922014,3.5885951070528153,0.0003324647100435114,0.005867838688078538,True
ENSG00000225969.2,6.147857654863127,-1.067628356824135,0.2849903400232431,-3.7461913857749067,0.00017953963705725847,0.0037863383306422247,True
ENSG00000226040.3,2.114136903845249,1.0240148348510476,0.33885761687130866,3.0219619800960467,0.002511420897042116,0.024039686353242537,True
ENSG00000226321.5,17.317791670237657,1.3991048863282922,0.33802389563031443,4.139070948577101,3.4871510500061005e-05,0.001133268385963644,True
ENSG00000226496.3,2.2648087595584885,-1.1025029677473386,0.36988262235830394,-2.9806833333179625,0.0028760602691845012,0.02641958313498924,True
ENSG00000226521.7,1.1829485904449353,-2.244386088792335,0.5345525505451169,-4.198625722585354,2.685397468799322e-05,0.0009517722317988398,True
ENSG00000226876.3,1.0026662035732254,1.739771995057708,0.5709383509307641,3.047215154178152,0.0023097232058555683,0.022619869496113134,True
ENSG00000227076.1,2.239702444068623,-1.068042974022493,0.26933961599549283,-3.9654135915912416,7.326879161597545e-05,0.0019699299074476713,True
ENSG00000227141.2,3.2553983626405354,-1.7953655290416535,0.40752531147843135,-4.405531333816733,1.0552489629081674e-05,0.0004894930953385818,True
ENSG00000227145.2,5.934660503558962,1.4575910098885532,0.5210490252110984,2.7974162494556496,0.0051513120340016,0.03971638151328773,True
ENSG00000227192.1,18.416914812813662,1.0182917742777526,0.22884422545385283,4.449715837304772,8.59839797215223e-06,0.00041781642120732076,True
ENSG00000227240.2,63.25155555011883,1.1149574777606397,0.3561159232705595,3.130883526692372,0.0017428126661470675,0.018511545882403033,True
ENSG00000227487.4,11.272449316502932,1.1067983930819614,0.3768981213016342,2.9365983286400703,0.003318336023614867,0.02923277774152173,True
ENSG00000227555.1,6.838796519725345,1.534197795998587,0.41942158983317024,3.657889420067365,0.00025430071106097204,0.004843149793442006,True
ENSG00000227683.1,1.445204689567423,-2.4656730589657356,0.8539180795301927,-2.887481970544874,0.0038833886132899373,0.03277253510043023,True
ENSG00000227695.6,27.294110211259056,1.163623002937051,0.26290818876232014,4.425967134819882,9.601114218522934e-06,0.00045494969175845625,True
ENSG00000227755.1,3.4860733110619133,-1.3820532497125004,0.4255477382582662,-3.24770437123961,0.0011634007972298969,0.01406262019923784,True
ENSG00000227877.7,1.551090453944574,-1.4999825181807667,0.5330657689788265,-2.813878897259198,0.004894766437195876,0.03841299792560247,True
ENSG00000227888.4,0.7983258626171302,-1.1776491381771017,0.4357619844996836,-2.7025054503761026,0.006881905613629323,0.04800998024746706,True
ENSG00000228058.2,2.0176886975312347,-1.5671196785061943,0.44695894549220305,-3.506182602029456,0.0004545832412186457,0.0072934080909717106,True
ENSG00000228322.1,0.6883059630859331,-1.0636879126010068,0.30621334269175843,-3.473682443915385,0.0005133682178404828,0.007924099411037012,True
ENSG00000228412.9,5.914715516374173,-1.1502479026557335,0.3285045318644331,-3.5014673804573766,0.0004627036094055085,0.007392598609747904,True
ENSG00000228509.6,61.461882861284266,1.0381855988594857,0.309467941533475,3.354743608384992,0.000794385740234058,0.010763292998697997,True
ENSG00000228952.1,11.769588793796085,-1.6472389950351314,0.43928797318553253,-3.7497930641944133,0.00017698055637963033,0.003747910241832616,True
ENSG00000229191.1,2.0264525658520016,-1.1455279259810716,0.35688910855104183,-3.2097587136572416,0.0013284643615611323,0.01541602734994642,True
ENSG00000229312.2,1.6487492935407233,1.2168864231472438,0.44539685517674177,2.732139683977698,0.006292445672823602,0.045277121469437645,True
ENSG00000229380.1,22.024215603853044,-2.6502183180783034,0.7370109803076307,-3.5959007245347885,0.00032327107478190433,0.005775726064428919,True
ENSG00000229536.3,1.981255915670276,-1.0324403027222226,0.33443674159664133,-3.0871019069054078,0.0020211829311303398,0.020507513179714956,True
ENSG00000229656.7,74.09703122499182,-1.1979629803643732,0.2666914443517304,-4.49194380148326,7.057604916309887e-06,0.00036380045882789273,True
ENSG00000229676.3,9.900998119808078,-1.0616674863345539,0.3892577342525115,-2.727415264781483,0.0063832649919391945,0.04562935453127582,True
ENSG00000229769.2,1.255913734706431,1.1265262941853775,0.3570785438669201,3.1548417386994374,0.001605851885250414,0.017457846857962818,True
ENSG00000229848.1,2.075136048249539,-1.2361239327309823,0.3129083886058446,-3.950433985609977,7.800961272208914e-05,0.0020504232057082447,True
ENSG00000229901.1,1.8913066403425112,-1.248465263395229,0.4227518645882488,-2.953186888037045,0.0031451149048610802,0.028195160527832178,True
ENSG00000229961.3,1.6991729613848177,1.3477518601350509,0.3602186692372496,3.741482536118597,0.0001829378918401186,0.0038394310229663406,True
ENSG00000229976.2,16.179957914259727,1.842063459947405,0.4940704202869979,3.7283419211321718,0.0001927437524705416,0.003982239912248509,True
ENSG00000230234.1,45.43147370583691,1.96011600035669,0.4318384302324809,4.539003162135103,5.652078858198904e-06,0.00030799792577999597,True
ENSG00000230445.4,33.892626940127954,-1.100949527112817,0.26766394338522465,-4.1131783130323205,3.9024871436910484e-05,0.0012315232438146436,True
ENSG00000230453.9,7.230633744471826,-1.3430347233911863,0.4234131644763199,-3.171924814978911,0.0015143220627455327,0.01684897349981041,True
ENSG00000230501.1,1.1909112462710165,-3.092844950025962,0.8441505509843964,-3.6638546837637866,0.00024844777464919435,0.004753374477238129,True
ENSG00000230533.4,34.97114728215356,1.2900085209737029,0.3377653252566238,3.8192449742838277,0.00013386077343012232,0.00305984671310383,True
ENSG00000230638.4,2.5377832828598814,-1.451446953549101,0.32405577220732446,-4.479003548254941,7.49922872725964e-06,0.00037888487390903174,True
ENSG00000230921.1,5.646947741483617,1.2523173787295492,0.4016665900084932,3.11780319767962,0.0018220442624665325,0.01912652847949864,True
ENSG00000231013.2,92.14056230151907,-1.7117127585388674,0.29976089792737587,-5.710260312049005,1.128035017795986e-08,2.1514447876913942e-06,True
ENSG00000231172.2,15.755800569131182,-1.8938827655613886,0.4649670366965234,-4.073154903661473,4.638055428444018e-05,0.001399949549499482,True
ENSG00000231298.7,5.969723825414404,-1.0722457514225678,0.33897996578302436,-3.1631537543693513,0.0015606988035282076,0.017199813899771318,True
ENSG00000231359.3,2.9445164753045794,-1.1698769458362355,0.39066089621259686,-2.9946097937572715,0.0027479613667498156,0.02560358984393498,True
ENSG00000231464.1,1.578228094672753,-1.1315830602095076,0.31382103169383635,-3.6058228924359654,0.000311165312442652,0.005645087741504604,True
ENSG00000231824.4,8.35282788810897,2.0179122478790013,0.4196716018479108,4.808312592497726,1.5220962764861362e-06,0.00010929009405470807,True
ENSG00000231881.2,15.411160958973085,-1.3172829261923251,0.314487942017061,-4.188659564317612,2.8060697709610843e-05,0.0009842531624212466,True
ENSG00000231916.1,15.140044417944106,1.6248846927709766,0.4112249113253766,3.9513284531668527,7.771857239424301e-05,0.002048065591694922,True
ENSG00000231920.1,1.0439194876533253,-1.9445858236137081,0.544226011768637,-3.5731217941864863,0.00035275058910551636,0.006098887805747273,True
ENSG00000231992.1,2.764921692121398,1.0531283623460987,0.29390506652668696,3.583226294094775,0.0003393763519725545,0.005945125577953199,True
ENSG00000232044.7,1.0625939541209548,-2.2882444556822,0.6112911104537649,-3.7432974511663075,0.00018162101495117572,0.003814416305746785,True
ENSG00000232046.7,1.177929232564148,-1.0573522214384639,0.2914043636042123,-3.628470790075635,0.0002851050002277211,0.005288914399361177,True
ENSG00000232131.1,2.8290957640187853,1.7225818015646652,0.4507325883658265,3.821737868588663,0.00013251450787593917,0.0030358954371938135,True
ENSG00000232234.4,0.70846062823251,-1.4533933152377219,0.4620148590720336,-3.1457718008396793,0.0016564919753476065,0.017920516678965322,True
ENSG00000232259.1,0.8371013919344535,-1.2210530405772906,0.4025299360552152,-3.0334465370292314,0.0024177754765698895,0.02334097957703472,True
ENSG00000232380.1,0.8960310301726734,-1.0724574923066874,0.305698920818199,-3.5082148456274216,0.00045112456876969737,0.007256993853756503,True
ENSG00000232528.3,1.3669119099763378,-1.082687181739975,0.319906493081598,-3.3843863915066454,0.0007133753426590312,0.009981367242816596,True
ENSG00000232560.7,45.83907262326806,1.0862711437692611,0.37699508056275194,2.8813934180460694,0.003959211121841752,0.03318416115939869,True
ENSG00000232667.10,334.1584147289781,1.4779590912701366,0.32747932968428195,4.5131370358398355,6.3875720649477315e-06,0.0003394698667818388,True
ENSG00000233017.3,0.7598143629458285,-2.072558850346373,0.7447496358691148,-2.782893405416331,0.005387650376187945,0.0407862909649594,True
ENSG00000233041.8,5.479353687016725,1.6803609273056967,0.47172919188148316,3.5621304685504165,0.00036785748372686995,0.006292342473884061,True
ENSG00000233098.9,81.21802028359095,-1.398332939213467,0.2931694438857302,-4.769709014280836,1.8449222692362592e-06,0.00012853800905939197,True
ENSG00000233101.10,5.806004080334809,-1.3095269220589814,0.29023243266844184,-4.511993749351126,6.422108126771051e-06,0.0003402379367995579,True
ENSG00000233191.2,2.5724913141701524,-1.0235364918800267,0.36801605685379146,-2.7812278100861945,0.005415372109674947,0.040935223011850555,True
ENSG00000233308.2,16.567457662784108,1.192480797555878,0.3397966490413103,3.509395401397569,0.00044912667561019067,0.007243948008943224,True
ENSG00000233392.5,35.33292162903561,1.3422644151925092,0.3575705908917932,3.7538445537281353,0.00017414288073641553,0.003705818792574935,True
ENSG00000233491.8,18.378367349601817,-1.5003372059030786,0.5064941823215726,-2.9622002744949913,0.003054490336574493,0.027593495296301725,True
ENSG00000233521.7,3.749690938928997,-1.2673067972576495,0.36422708769484513,-3.479441370707216,0.0005024602988830764,0.007815024709845035,True
ENSG00000233610.1,0.8917281642898676,-1.8831814058555139,0.4991613128816119,-3.7726910264420983,0.00016149623207327457,0.0035076291942690726,True
ENSG00000233922.3,12.637632559186477,-1.0890340625658672,0.38338507630306423,-2.8405749985557356,0.004503228269283057,0.036182336457462286,True
ENSG00000233942.1,16.404072182135526,1.0809544275201939,0.2651392022031211,4.076931734493502,4.5633883248169924e-05,0.0013844119265185736,True
ENSG00000233985.2,16.14241058834032,1.3127084432400098,0.4793036649055949,2.7387824032152244,0.006166717315156762,0.044688564613945325,True
ENSG00000234184.6,3.143302658031629,1.7174685316323073,0.4244234180583126,4.046592290994509,5.19686407421514e-05,0.0015322464163164177,True
ENSG00000234311.1,5.106747756293451,-2.255230958779533,0.5107078202349222,-4.415892746154038,1.005939556316231e-05,0.0004722654077007093,True
ENSG00000234389.1,2.458510060234765,1.2543709580375644,0.3403414086854118,3.6856254514625304,0.00022814166730266634,0.004459943061760517,True
ENSG00000234493.4,0.7553668294619713,-2.780324583575701,0.6964044786000966,-3.992399056888137,6.540817913708225e-05,0.0018195040971259817,True
ENSG00000234602.9,4.239274290540971,-1.329774363709918,0.4447431571464561,-2.989982740244875,0.002789932111500853,0.025844196273316616,True
ENSG00000234707.3,2.2246346126754677,-1.2667598961003006,0.4306328188822012,-2.9416241413936928,0.003264959462333251,0.02886254430838977,True
ENSG00000234928.1,3.2745283414523536,-1.5710753818206593,0.5043784760508726,-3.1148739615569903,0.0018402352385130517,0.019247717059951007,True
ENSG00000235023.1,7.251538204730182,-1.451579172032855,0.42334180966209883,-3.4288585226001427,0.0006061253960716324,0.00887123385444697,True
ENSG00000235162.9,600.9403543395108,-1.4251384345754914,0.26607670671595807,-5.356118737957974,8.502864266583932e-08,1.1501573357938208e-05,True
ENSG00000235269.2,64.91064932444614,-1.2898783081296195,0.3448389700189266,-3.7405236074647368,0.00018363729623498959,0.00384995123469906,True
ENSG00000235335.3,8.555108669454967,1.1589818294341068,0.41734386266262546,2.7770429449708005,0.005485593051436247,0.04134313597372895,True
ENSG00000235357.2,16.93666481613286,1.113668291933335,0.35754702017739165,3.11474639442053,0.001841031227616228,0.019247717059951007,True
ENSG00000235385.2,2.1766311370691853,-1.6969237332771683,0.481290156981068,-3.5257810879018634,0.00042223583294456675,0.006961074380408644,True
ENSG00000235532.1,12.25763949872129,1.1872659311644824,0.31840841251585394,3.7287517681567763,0.0001924305915412073,0.003980292462752026,True
ENSG00000235649.2,3.257167895789074,-1.2460587591703418,0.41487278568830716,-3.003471912728695,0.0026691818546609896,0.02510874028262477,True
ENSG00000235875.3,1.9980886528229298,1.720795749845836,0.44064415052941364,3.9051823285941256,9.415436904617949e-05,0.0023608995281949167,True
ENSG00000235885.8,3.375158021056359,1.15821217589077,0.35293848641072834,3.2816261770412685,0.0010321033571721228,0.01289220877915043,True
ENSG00000235934.2,1.4171896665192474,-1.8694198046755952,0.5049044774701673,-3.7025217404336668,0.00021346706166221554,0.004263194275971315,True
ENSG00000235939.1,1.7945916093594863,-1.9864092155679114,0.5647359344312581,-3.517412465648058,0.0004357760531874141,0.007115110775316816,True
ENSG00000236008.3,32.079293625491424,-1.1665579898505956,0.34479850509793125,-3.3833035021983764,0.0007161943755485248,0.010001935904805304,True
ENSG00000236013.7,2.5317467862132466,1.3051596922160977,0.4764758237077918,2.7391939470501083,0.00615900285800566,0.04465386819075807,True
ENSG00000236039.3,71.29626152694388,-1.2304814252997733,0.26512108299232556,-4.641205487740829,3.463824500248815e-06,0.00021137081314015016,True
ENSG00000236081.1,30.703492456717967,-1.514673392722907,0.4510033984097873,-3.358452282318848,0.0007838025246650613,0.010649384613837493,True
ENSG00000236213.2,12.375610387799181,1.1629309642906316,0.24484953427808537,4.749573928002022,2.0384566893295885e-06,0.0001388516614544235,True
ENSG00000236230.2,2.584019226359925,1.0484174837142035,0.3363808098198322,3.1167577136036475,0.0018285178187346497,0.019168344127965156,True
ENSG00000236393.2,3.3833981557349198,-1.2768944535781377,0.31768184286534346,-4.019412762344677,5.834337946376389e-05,0.0016642684041525543,True
ENSG00000236404.10,7.927058035044526,-1.261661958744461,0.3062733533624107,-4.119398390011249,3.798628871662739e-05,0.001206165607531651,True
ENSG00000236427.1,0.686198573846891,-1.522469979891821,0.4117576435065612,-3.697490511472585,0.00021774135558806109,0.004327957800360391,True
ENSG00000236699.9,48.5225494923707,-1.7696993287177294,0.2988820959718797,-5.921061691444479,3.198698315586977e-09,7.140663718570177e-07,True
ENSG00000236700.6,24.168544576274773,1.039269619041745,0.27973012388785296,3.7152581373695748,0.0002029963536395871,0.0041270064807899,True
ENSG00000237070.1,37.965015400844685,1.9250228210708462,0.5712027089121651,3.3701220092898065,0.0007513490821164239,0.010337316767297022,True
ENSG00000237076.1,3.388783637511723,1.1026733047479778,0.3457409248382909,3.189305128583541,0.0014261525689035607,0.016154592350653696,True
ENSG00000237330.3,1.0769151344762093,-1.9439366169203485,0.47895932736399915,-4.058667418837001,4.935354412142039e-05,0.0014736523996176757,True
ENSG00000237412.7,10.32296334895752,2.1161188317356556,0.6713679245505947,3.1519510455495166,0.0016218346182990775,0.017600250786633943,True
ENSG00000237423.3,3.6535807217628213,-1.4962289166881382,0.44030186986357367,-3.398188876989645,0.0006783357005391892,0.009606181586975487,True
ENSG00000237515.9,11.621268446928026,-1.6767930336232204,0.4961891633683227,-3.3793423101796605,0.0007265947669938558,0.010096887936969263,True
ENSG00000237686.7,52.72594373453083,-1.3770671278028406,0.34526202898510483,-3.9884696612909307,6.650090565125693e-05,0.0018456182792185494,True
ENSG00000237742.7,21.706545204524218,1.1176180008003564,0.3104357341225114,3.600158995740149,0.0003180226563918991,0.005722742756314644,True
ENSG00000237879.1,4.884356947280837,1.2627508161082293,0.32159310980128414,3.92654810573677,8.617366374602099e-05,0.002209811363759308,True
ENSG00000238021.6,3.5530559373587702,1.4526243209665457,0.3659230068331272,3.9697540024560136,7.194687334432694e-05,0.001942947599093346,True
ENSG00000238024.1,1.0607909394816242,-1.494653666531338,0.3768446056009228,-3.9662334137646416,7.301735931642684e-05,0.001966635248808545,True
ENSG00000239093.1,1.0302884955624616,-1.5833881898939757,0.43767511720052393,-3.6177249463522396,0.0002972039934001941,0.005460251091270514,True
ENSG00000239855.1,75.11535242912042,1.405165648621576,0.4155600761842427,3.381377878077445,0.0007212328401904843,0.010054427296141078,True
ENSG00000240505.9,9.092635510534743,1.0093687451125455,0.32580690592418654,3.098058165002248,0.0019479319289537674,0.02000777204441372,True
ENSG00000240535.8,1.1853267553013664,1.0973998444705912,0.39383484252390066,2.786446819783329,0.0053289361179958625,0.04050256901040143,True
ENSG00000240694.9,56.72214276787526,-2.0012073059984563,0.291225187069048,-6.871683476759105,6.344861568304387e-12,4.302662124852815e-09,True
ENSG00000240790.1,1.9460020553234614,1.2250802930000508,0.3155256361948629,3.882664837552102,0.00010331793189071622,0.0025239607037712683,True
ENSG00000241155.1,2.3866312527908393,-1.7447693611988049,0.34529675680872735,-5.0529561219287595,4.3502386491972815e-07,4.1227292738790135e-05,True
ENSG00000241484.10,2.990492696243254,-1.5882675852857615,0.32956652060900643,-4.8192625341639665,1.440898428010684e-06,0.00010544473963830702,True
ENSG00000241544.2,21.652953628737237,1.0637762518667562,0.3178611067572534,3.346670068317446,0.0008178849219587546,0.01094298286661306,True
ENSG00000241634.1,3.2712570646277905,-1.1892008275044263,0.2417157729352748,-4.919831308744851,8.661883317081489e-07,6.883490398543196e-05,True
ENSG00000241720.2,0.689596282530237,-1.1814907285584209,0.40135812160552864,-2.943731956468639,0.003242807187424959,0.02873330549693962,True
ENSG00000241749.4,1.04253097287557,-1.4972129796599671,0.39557261544484784,-3.7849257537108603,0.00015375447457086208,0.0033755190978449114,True
ENSG00000242390.1,0.9437085162541398,1.0553705757525578,0.3897773258039243,2.707624343144724,0.006776667983700606,0.04749275214316546,True
ENSG00000243384.1,12.070838779445928,1.0893124059595536,0.29420265123335343,3.7025920785993907,0.00021340786799021585,0.004263194275971315,True
ENSG00000243709.1,33.88989985519204,-1.8981857639185409,0.3230069395296707,-5.87660985452041,4.187535526364199e-09,8.936142246330762e-07,True
ENSG00000244558.6,1.4007395651026473,-1.2080735710462143,0.4461683432642747,-2.707663126002302,0.006775876210518924,0.04749275214316546,True
ENSG00000244607.7,7.358492551158851,-1.5472030498019487,0.27798360755603474,-5.565806787690063,2.6094225002252943e-08,4.37522730861951e-06,True
ENSG00000245688.1,1.372462998745249,1.3983640018138512,0.5170867268247661,2.7043123121737724,0.006844592437121827,0.047829077813421036,True
ENSG00000246465.1,4.396639679594251,-1.4046125476046647,0.3363135839427661,-4.17649662299606,2.9603313546091784e-05,0.0010138885703395476,True
ENSG00000246640.1,2.5203799123628863,-2.0645966930380055,0.41886970327579,-4.928971173832175,8.266376883363581e-07,6.744833074136979e-05,True
ENSG00000248362.1,1.8011457950124372,-2.0201891599834694,0.4419726802728158,-4.57084623134731,4.857586325664722e-06,0.00027501689112056525,True
ENSG00000248409.2,1.3757475567643034,-1.6539854027564338,0.4832600819293376,-3.4225574687509153,0.0006203498266164943,0.009010278585925246,True
ENSG00000248599.2,2.0744127350486465,-2.6698566868930524,0.506714734366208,-5.268954119189909,1.3720324961466054e-07,1.6483836083625908e-05,True
ENSG00000248663.6,26.69486512955817,-1.5156146186976769,0.4335339266432134,-3.495953893234719,0.00047237031353446397,0.007464967627041793,True
ENSG00000248752.3,3.6641054211881774,1.3021415649790018,0.29454987769154317,4.420784605935648,9.834316462335523e-06,0.0004627412007498035,True
ENSG00000248801.7,2.123202695842939,-2.108558113139701,0.6318813365097565,-3.3369526702378622,0.0008470237100875446,0.011238163276970222,True
ENSG00000248874.5,19.43173714280662,2.0644759012298532,0.5386879420372513,3.832415281883348,0.00012689130281385506,0.002954971935911766,True
ENSG00000248905.10,77.64256794359476,-1.3222478740671377,0.2214258769772006,-5.971514676233098,2.350609110233062e-09,5.784773194183235e-07,True
ENSG00000248994.2,1.0583693894656059,-1.1922722624386022,0.3561078888474213,-3.348064729196284,0.0008137800202827161,0.01090136571507786,True
ENSG00000249378.6,3.660088861258364,-1.7606268170398973,0.5020273223039194,-3.507033858157308,0.0004531314887803316,0.0072811618466292905,True
ENSG00000249628.3,66.88304157677324,-2.2920803333656354,0.48426390641317646,-4.733122380196597,2.2109209161937587e-06,0.00014731105388333785,True
ENSG00000249797.2,0.794036304196285,-1.0802894584363762,0.3671019250081033,-2.942750731728062,0.0032531023659021717,0.02879944061440983,True
ENSG00000250250.2,2.377212020185307,2.2680077004882517,0.821406482653908,2.7611271013597,0.00576022544028533,0.04280714071878165,True
ENSG00000250348.1,6.30980170927497,1.2713780032822803,0.3658736398226333,3.4749100916333124,0.0005110245966340061,0.007907924234727855,True
ENSG00000250358.6,17.77257981552479,4.172904729210257,0.6203042131202366,6.727190692805115,1.7296999775610665e-11,9.774726762083982e-09,True
ENSG00000250548.7,6.48769778853888,-1.3780361905349379,0.3221718362552908,-4.2773328871707275,1.8914585106784027e-05,0.0007443751045847154,True
ENSG00000250564.2,29.6588581811138,1.0892211258339841,0.3694605677605002,2.9481390461676087,0.0031969323532911173,0.028492286125301327,True
ENSG00000250584.3,2.758384219066337,-1.818052271444917,0.37616355881102564,-4.833143000856861,1.3439417600882158e-06,9.97852232380827e-05,True
ENSG00000250697.2,1.0180045145136492,-1.390658189241569,0.47143972008779084,-2.949811248366181,0.003179681199063756,0.028388283051676295,True
ENSG00000250919.1,6.09252703527002,-1.1973923348564062,0.3143071168381541,-3.809625270028418,0.00013917757568106693,0.003136349604896529,True
ENSG00000251303.1,1.1534800533499496,-1.5326236789195762,0.3429330092655314,-4.46916347365346,7.852610008129779e-06,0.0003932340122733632,True
ENSG00000251441.3,0.8267960066551228,-1.2737735820992946,0.36733103911378506,-3.46764483930455,0.0005250407101839727,0.008034582161860208,True
ENSG00000251443.2,4.608410205230972,2.0523535317582735,0.5763940670615691,3.5606777533659892,0.0003698988098955461,0.0063201747383944485,True
ENSG00000251468.2,3.7118678627573547,-1.2352812732657674,0.4131493817536973,-2.9899143695250436,0.0027905566496453744,0.025844196273316616,True
ENSG00000251637.6,286.1372393186063,1.2384406094468494,0.3143433133048722,3.9397708079946425,8.155948961420286e-05,0.002127238790655568,True
ENSG00000253258.1,1.0813182276396356,2.2251097811963167,0.7626999748626285,2.9174116356790045,0.0035294963901840986,0.030528943266116198,True
ENSG00000253348.1,3.7066920208015333,-1.3898586693661044,0.35758600637188137,-3.8867814864116434,0.00010158211817752669,0.0024938696044291267,True
ENSG00000253361.3,2.5044346936065986,-1.7343305379184724,0.4620565899445564,-3.753502440310569,0.0001743808339187542,0.0037082965350973543,True
ENSG00000253452.6,1.0223943393497805,-1.5277968472576136,0.5244530730509909,-2.9131240253197466,0.0035783244898724754,0.03087253325783106,True
ENSG00000253497.1,1.4707042417411196,2.157943484611203,0.6890447641147942,3.1317899750439024,0.0017374411614261144,0.018473782049504985,True
ENSG00000253553.7,8.110941340810168,-1.5983479802820553,0.5102222179105611,-3.132650684690952,0.0017323547933141797,0.01843897414467231,True
ENSG00000253574.5,5.407642217614615,1.5344202219734897,0.39362707649685286,3.8981571990151385,9.692748993655671e-05,0.0024125732366852676,True
ENSG00000253651.1,0.9691320493096877,1.039423350550035,0.316418808372632,3.284960700964253,0.001019965970804287,0.012787708120404119,True
ENSG00000253692.3,1.116896991365403,-1.7153205827335936,0.5488492735230418,-3.125303549593896,0.0017762166578151263,0.01874930594167741,True
ENSG00000253760.1,6.810599143165625,1.2859395006578886,0.362193160089234,3.5504245865412534,0.00038461030953206314,0.0064808217590725786,True
ENSG00000253767.2,13.47932741437726,-1.8685441296347285,0.2811846469449475,-6.645256595395006,3.026892870868729e-11,1.592563152541899e-08,True
ENSG00000253873.6,19.639075008718716,-1.3784671269255182,0.24110076086874194,-5.717390198017549,1.0817252853430237e-08,2.0760961514168372e-06,True
ENSG00000254126.8,2.8233540818368286,1.8150913601554997,0.46198058987967044,3.928934245112477,8.532316410196856e-05,0.002193531319069648,True
ENSG00000254366.7,4.389707724319817,1.4352299590285187,0.4490790526008922,3.1959405603895834,0.0013937582124852062,0.015946643839410087,True
ENSG00000254427.2,3.978044157350267,-1.2753426354395034,0.34184691679539453,-3.7307419572335463,0.0001909166903720842,0.003963274641764981,True
ENSG00000254431.1,1.7947852312261738,-1.0866862372909032,0.29477282774226804,-3.6865210596718825,0.00022734063652105242,0.004457712752395629,True
ENSG00000254454.2,1.1586379773756748,-1.461515047930802,0.35033396897248253,-4.171776582834303,3.0223390487468988e-05,0.001024774426795115,True
ENSG00000254480.2,20.300771826039057,1.414685422390666,0.3267110705808425,4.330081070946175,1.4905445638430733e-05,0.000625659668641475,True
ENSG00000254528.7,14.150252322700588,-1.5657380746767522,0.34442146391175615,-4.545994482730345,5.4676468491176325e-06,0.00030009120727998863,True
ENSG00000254561.4,2.8908176705625697,1.4989127879098916,0.4152439415968298,3.6097162119832236,0.0003065321804659853,0.00557457450482718,True
ENSG00000254573.1,0.9924473959643074,1.7204750168956175,0.592910431754777,2.9017452295512864,0.0037109020298167874,0.031753629085952126,True
ENSG00000254607.2,226.11252240882908,1.7398573425303625,0.41644586569884817,4.17787156947918,2.9424971765830326e-05,0.0010138885703395476,True
ENSG00000254615.3,22.89569989841782,-1.5023592765454092,0.2481052246026236,-6.055331075561407,1.4012915701650966e-09,3.6863632375136285e-07,True
ENSG00000254734.1,2.365155644108423,2.9254931099729276,0.8933876328602178,3.274606679529287,0.0010580917994827523,0.013130837475809544,True
ENSG00000255085.8,5.24731021189844,-1.0363081205508586,0.323569980276698,-3.2027325886804117,0.0013613032280633442,0.015696469250960084,True
ENSG00000255202.1,4.2495699173423995,-2.002761049673457,0.4862229292795923,-4.119018106860631,3.804902511741549e-05,0.001206165607531651,True
ENSG00000255310.2,15.987673377196256,-1.13843772012858,0.29572583413980985,-3.849639053145295,0.00011829201359777267,0.0027941686334515977,True
ENSG00000255408.4,3.9417418294623037,-1.4022556752635538,0.35846654769344427,-3.9118173907338876,9.160416704932107e-05,0.0023179044458350594,True
ENSG00000255562.2,0.9659109484598415,-1.191176866219893,0.43279862733735835,-2.75226581366071,0.005918445987933105,0.043536288769881734,True
ENSG00000255599.1,3.3637834695778976,1.1547995548969279,0.3517993372936562,3.2825518199682855,0.0010287207612078263,0.012860484534624347,True
ENSG00000255733.6,4.1892636737267175,1.162546500605519,0.3612382047422321,3.2182268800584763,0.001289857463873509,0.01511606524242454,True
ENSG00000255794.9,11.223386217477358,1.2207888555472033,0.40083406184835596,3.0456215470257457,0.002321999038638055,0.02269646343105129,True
ENSG00000256196.2,1.061614513413725,-1.5410280657494886,0.44349596600690033,-3.474728484284594,0.0005113706615345973,0.007909268680886858,True
ENSG00000256612.7,3645.7692956540736,1.0902844275706196,0.36704056805434115,2.970473899793008,0.002973406706346894,0.02702098840109643,True
ENSG00000256663.1,10.039667190800898,-1.0422960545269049,0.244739686355904,-4.258794599463459,2.055322174899632e-05,0.0007830238637857325,True
ENSG00000256894.1,2.9959488821552798,-1.1917155027708635,0.3596098682145331,-3.313912125625873,0.0009200041570405996,0.011913640726204395,True
ENSG00000257084.1,1.1456436273530801,-2.46414447765967,0.6462861386193556,-3.812776308221245,0.00013741447188227973,0.0031038786261729447,True
ENSG00000257743.8,48.920673665086596,-2.041259066767794,0.4761325267994298,-4.287165761367259,1.809672549847631e-05,0.0007247822081972972,True
ENSG00000257940.1,6.006342654550029,1.3164908653704208,0.45334073002665415,2.9039765857636874,0.0036845571402975633,0.03157482327810178,True
ENSG00000258053.1,5.421798404079082,1.188959905433782,0.40159231997627004,2.9606141509479995,0.0030702632072709935,0.027719571607420605,True
ENSG00000258084.6,3.9953930258638075,1.5636516716459852,0.39942355246309785,3.9147708291199192,9.049011509336317e-05,0.0022916152300324235,True
ENSG00000258227.7,21.943113498878883,-1.1150624009725043,0.29917737048798415,-3.7270947303057755,0.00019369967011803396,0.003990240246742184,True
ENSG00000258343.2,1.8693174358384146,2.296550205648351,0.48364710914409076,4.748400563610421,2.0503165029919883e-06,0.00013892818318911567,True
ENSG00000258405.11,27.608260853529657,-1.5480190585359632,0.25041299899465386,-6.18186381997291,6.334916366759208e-10,1.992951627299216e-07,True
ENSG00000258479.6,3.915070847977234,1.4333673197306496,0.37640850157448286,3.8080099512497814,0.00014008963698002686,0.0031503134576879145,True
ENSG00000258538.5,2.1612733545866836,1.0261852730009293,0.34581860636893874,2.9674090812399414,0.0030032108837721935,0.02725936446436415,True
ENSG00000258556.1,1.7760977219183838,1.070227650578708,0.3280292195698354,3.2625985330884926,0.0011039578818311932,0.013551238423958445,True
ENSG00000258667.2,3.10614450530898,-1.209191564587034,0.24148794859759756,-5.007254281670036,5.521196666471131e-07,4.891594946965574e-05,True
ENSG00000258679.1,9.733252882678052,1.1811753449188303,0.27235259856139843,4.336934368013931,1.4448374390795626e-05,0.0006125375682371743,True
ENSG00000258710.8,2.4570333957052624,-2.0170661393271483,0.7282092649529727,-2.7698990337034632,0.005607367179021322,0.041992773038792584,True
ENSG00000258736.1,2.015201661150398,1.162769609323209,0.42540520243223245,2.733322495059142,0.006269890857627845,0.0451752399293631,True
ENSG00000258837.1,9.867456266265735,-1.6307899933638463,0.5533896872824478,-2.9469107047733947,0.0032096587429480345,0.02856118007373901,True
ENSG00000258947.7,3.503840690476783,-1.266920445645715,0.36940735699910776,-3.4296026368764907,0.0006044657699793796,0.008855438039697912,True
ENSG00000258949.1,2.382245712047541,-1.166878051587465,0.2663366949020858,-4.381213981860247,1.1801989438539743e-05,0.0005273052850753716,True
ENSG00000258976.1,3.4820393639651708,-1.0245489666175105,0.36586896237604405,-2.800316703455343,0.00510524918154814,0.03947898008356873,True
ENSG00000258986.7,28.351989225904532,-2.030752754486349,0.5682934163581258,-3.5734229819171692,0.0003523449110203073,0.006095327270235656,True
ENSG00000259108.3,264.6109712244064,2.512196764257508,0.3787519089335184,6.632829313867482,3.2931254674961896e-11,1.703271470612097e-08,True
ENSG00000259342.1,5.395587125673967,-1.7958091752272147,0.4044687850592167,-4.439920314157981,8.999219310814587e-06,0.0004311148767485368,True
ENSG00000259354.5,2.271986579274659,-1.2344013530331168,0.31223298866049554,-3.953462311361773,7.702840163042115e-05,0.002036913955072731,True
ENSG00000259363.6,20.876340106203283,-1.0342701549084283,0.25456852891306714,-4.062835886762822,4.848011499267607e-05,0.00145468946815782,True
ENSG00000259374.2,1.1882575713203205,-1.147337130417039,0.3973449939855927,-2.8875087085119797,0.0038830585667076396,0.03277253510043023,True
ENSG00000259478.2,3.03712357918631,1.6469225581906817,0.47162393644358525,3.492024960840136,0.0004793734478673167,0.007540494915009812,True
ENSG00000259495.3,25.939557573722468,-1.2077096539276924,0.44193206687143716,-2.7327947991586417,0.006279944390576545,0.04520848856400893,True
ENSG00000259660.2,0.8526522375518313,-1.23763061039655,0.39610297411889717,-3.1245173383248916,0.0017809702556873478,0.018764831734907752,True
ENSG00000259721.1,21.343811077627585,1.3403300145030104,0.40014526820463775,3.349608557204165,0.0008092583721393817,0.010874208931838561,True
ENSG00000260015.1,14.671885584688013,-2.19810404348083,0.6514670105060928,-3.374083427145805,0.0007406191809873706,0.010221951572596382,True
ENSG00000260078.3,0.9387417362132143,-1.0437344229959942,0.31814313685928847,-3.280707021687623,0.0010354724281064773,0.012919719512829947,True
ENSG00000260192.3,1.0317728692799057,-1.8356371628467714,0.4896902784752017,-3.7485677039833853,0.0001778473302259577,0.0037558949094769305,True
ENSG00000260196.1,68.35055017649802,-1.0269097026026959,0.2646850049634087,-3.8797426501159777,0.00010456704044136089,0.0025426038295685805,True
ENSG00000260230.5,43.38054060699935,1.3829463459432982,0.4422340105517649,3.1271822450241418,0.0017649048682523726,0.0186488355123232,True
ENSG00000260254.1,4.36980198047003,1.4918384134687122,0.3890288323427379,3.834775958596275,0.00012567879869891633,0.0029343643619710257,True
ENSG00000260398.1,0.8040874326692621,-1.3368026427988449,0.42779700739315846,-3.124852721492468,0.0017789410304121607,0.018751697576531084,True
ENSG00000260430.2,4.091408083913679,-1.0367942411369262,0.24308226673892447,-4.265199000511482,1.9972410636796557e-05,0.0007676046385295764,True
ENSG00000260494.1,1.4758121723837907,-1.1358585825618173,0.2945764425709001,-3.855904337253422,0.00011530257491891886,0.0027381893978410334,True
ENSG00000260573.4,21.2824801665361,1.8684541355392896,0.6444596051743483,2.8992571769239266,0.0037404794888036413,0.03194936968600173,True
ENSG00000260604.2,76.29212013907357,-1.2084176792030332,0.2958679293688609,-4.084314517564657,4.420712116335075e-05,0.0013517279653515145,True
ENSG00000260725.1,0.842749934253368,-2.153421211000903,0.6776542740187804,-3.1777578826887516,0.0014841863463644724,0.016597262919330658,True
ENSG00000260932.1,10.281988545333704,1.533880145967585,0.39442788210371094,3.888873519251528,0.00010071058260877919,0.002480455317909206,True
ENSG00000261068.2,10.639501964875302,-2.550657006429386,0.3877901247052311,-6.577416091676403,4.786938271985025e-11,2.2824720048108597e-08,True
ENSG00000261126.7,16.77792363454552,-1.1399050245513433,0.21814522824252056,-5.225441022638673,1.7374049436442863e-07,2.0082821689488273e-05,True
ENSG00000261175.6,22.135545101907358,-3.2072080584404685,0.40127743545389655,-7.992495403616957,1.3223444364606877e-15,2.373686048413785e-12,True
ENSG00000261411.1,2.11918972034506,-1.5961878920932608,0.4702576674412775,-3.3942836079171035,0.0006880839429073307,0.009712879841269097,True
ENSG00000261437.1,10.508303913023214,-2.3032369012061,0.6257986362639875,-3.6804760632851563,0.00023279891324940678,0.004522018864875173,True
ENSG00000261456.6,2.6954244819272697,-1.253189174826651,0.3855414333723407,-3.2504656214637517,0.001152161977165246,0.013957671653503234,True
ENSG00000261488.1,6.782926572837617,-2.228109970731546,0.4551245767788322,-4.895604597978668,9.800394618012193e-07,7.668431850340002e-05,True
ENSG00000261634.4,6.514334091463082,-1.2786705161304865,0.3841777513488325,-3.3283304710934623,0.0008736816085935408,0.011469871640355045,True
ENSG00000261798.1,3.9226952009408373,-1.0974119416754216,0.336959124411669,-3.256810284011463,0.0011267171121015248,0.013747660692878902,True
ENSG00000261888.1,16.932306364232836,-1.0540232730157235,0.255007669802141,-4.133300280079944,3.5759103911911615e-05,0.0011547352539427458,True
ENSG00000262003.1,27.02906729348707,1.093605698747551,0.38515208794572425,2.8394126190006848,0.004519667180367772,0.03623808819655883,True
ENSG00000262188.2,8.45491429134153,-1.099053851233723,0.27312776008074363,-4.023955129675629,5.7228825374024466e-05,0.001639807356914301,True
ENSG00000262406.3,134.12074600450265,-2.5540559474395224,0.43312510995945397,-5.896808771208426,3.7059893078643627e-09,7.964223219633021e-07,True
ENSG00000262576.3,57.565998691255125,-1.1155021010808626,0.2933881235735992,-3.8021378898830176,0.00014345284492021037,0.0031952224031172654,True
ENSG00000263257.3,15.677684530616014,1.5203825748058857,0.42996704543309944,3.5360444270198124,0.0004061663815243229,0.006770268242880929,True
ENSG00000263567.1,1.0531589830726926,-2.7637700832995007,0.9437818822757215,-2.928399172736056,0.0034071231762708163,0.02978280459670015,True
ENSG00000263961.8,55.2659942591087,-1.0090030073729155,0.37061307318734177,-2.7225240564109106,0.0064785316502705675,0.046083653109477075,True
ENSG00000264230.9,5.496156798515185,-2.0452401513187297,0.46670149743761297,-4.3823303815135715,1.174165727602901e-05,0.0005273052850753716,True
ENSG00000264424.1,2329.076161688057,1.9390697175073415,0.6472284442693781,2.9959587448234832,0.002735834445155548,0.02553891830173347,True
ENSG00000265190.7,15.121412813690243,-1.6348302287511918,0.39355494483699904,-4.154007592074085,3.267023275313707e-05,0.001077799808318628,True
ENSG00000265758.1,11.194270345902238,1.329990547985448,0.33105586635429657,4.017420269973678,5.883873331846314e-05,0.0016733669952900476,True
ENSG00000265763.4,5.85034878681331,-2.2185218648430167,0.29566860631282865,-7.503406913941131,6.218014463023132e-14,7.589957174144556e-11,True
ENSG00000265790.1,0.7746674427501883,-2.6379234870155717,0.8303323596833363,-3.176948912386838,0.001488332511302673,0.01663052175573503,True
ENSG00000266830.1,18.352758074230877,-2.6643103928337752,0.7815458297630343,-3.409026433730185,0.0006519516213659561,0.009349133307144509,True
ENSG00000266835.6,45.34402871420191,1.467486565401095,0.3216022690023695,4.563047922371103,5.041630099610603e-06,0.0002822942827884719,True
ENSG00000266970.1,13.798439078296354,-1.1965889614471212,0.29667657382062224,-4.033311245432569,5.499635890159698e-05,0.001591873155266603,True
ENSG00000267286.1,3.2565932633717254,3.075635592588744,0.6132046285190376,5.015675762292877,5.284738718321751e-07,4.75720019847512e-05,True
ENSG00000267405.1,9.206414340776359,1.67465143844384,0.4496235304199918,3.7245636074240904,0.00019565337771334582,0.004007086224362725,True
ENSG00000267432.6,1.5617061036793842,-1.4658232342500517,0.3594510063835348,-4.077950007701512,4.5434532443340305e-05,0.001380956366574674,True
ENSG00000267440.2,1.8724489987397086,1.0802329458146926,0.3547958973488543,3.0446601944569553,0.0023294333705840176,0.022754477828662575,True
ENSG00000267453.7,0.9725637000780307,1.3742001984756396,0.4943407107404738,2.779864511699275,0.005438158262499209,0.04104763157955089,True
ENSG00000267505.1,17.612979573980432,1.2707437166620694,0.41310353762815744,3.0760901345896743,0.002097344329108221,0.02108121197202453,True
ENSG00000267795.6,10.552563454571578,-1.7642245844050821,0.37154220333958093,-4.748382737001271,2.0504971960555456e-06,0.00013892818318911567,True
ENSG00000267909.3,51.82549663221556,1.965330042010993,0.414449585543502,4.7420243874383265,2.1159314491111925e-06,0.0001419959661667989,True
ENSG00000268101.2,1.3059496274339348,1.710003819602828,0.5626200061303283,3.0393583608306916,0.002370826549166158,0.023040809864444102,True
ENSG00000268307.1,1.7467458499137734,-1.1379319506897794,0.4084672947419016,-2.7858581711145445,0.005338622445922041,0.04055927701770334,True
ENSG00000268510.1,1.4316190290959683,-1.2900548001989283,0.4191626476993918,-3.0776950362335445,0.0020860827898185686,0.021002607196998826,True
ENSG00000268658.5,9.30495562878719,-1.2301886975181948,0.3443674859074022,-3.5723137283900934,0.0003538411545879088,0.006110818717263511,True
ENSG00000268812.3,7.211890818923922,-1.2895997283308176,0.36069274417521857,-3.5753414759692292,0.00034977106289662234,0.006071452648096318,True
ENSG00000269345.1,3.5522343000056167,-1.9525342530227432,0.45334437163598035,-4.3069559813363245,1.6551653179493506e-05,0.0006779734878193609,True
ENSG00000269356.1,0.8075998065210455,-1.8055509135290286,0.488876739840105,-3.6932641019484036,0.00022139388328115897,0.004370023119151259,True
ENSG00000269376.1,2.043464889347078,-1.99158325419196,0.46463051837278874,-4.286380630284052,1.8160771579818367e-05,0.000725384954881855,True
ENSG00000269404.7,43.88066885475475,-1.6774478704248634,0.3227273036236756,-5.197725298076715,2.0174195724810025e-07,2.2717186595509327e-05,True
ENSG00000269959.1,0.9893446350659578,-1.393297287435009,0.4672198028072201,-2.98210238321148,0.0028627624445680283,0.0263450116883106,True
ENSG00000270164.1,28.275046966271685,1.637297366190804,0.313826959551974,5.217197937768776,1.8165011366026555e-07,2.0761179282609225e-05,True
ENSG00000271133.5,7.470763134653497,-1.592066990415835,0.42206270947049584,-3.7721100554303484,0.0001618728239529061,0.003513308033959376,True
ENSG00000271284.1,1.426142594169589,-1.2221046052844986,0.4438674499755994,-2.7533098120884536,0.005899603735136824,0.043465067016280855,True
ENSG00000271474.1,4.443988939946838,-1.1144254458666978,0.2456854617657223,-4.535984497647556,5.733539177795763e-06,0.00031132505613810593,True
ENSG00000271732.1,34.47263079084457,1.3151591533395968,0.37036027796571397,3.5510264776865386,0.0003837318104993839,0.006473167456715975,True
ENSG00000271947.1,2.6149882250753356,-1.4442629811182572,0.43694187821346103,-3.3053892362605843,0.000948445836288821,0.012162622869368428,True
ENSG00000271952.2,3.606740222801194,-1.3013306205462893,0.48433059692008035,-2.6868643625276114,0.007212623486836144,0.049572166289254906,True
ENSG00000272319.2,0.8135401065931157,-1.0284309758186578,0.33448618616709336,-3.0746590392970745,0.002107433274543312,0.021145442228909732,True
ENSG00000272398.6,6459.160963039785,-1.0378353526345134,0.2930373487048859,-3.5416487257387246,0.000397634623896751,0.006659834348426594,True
ENSG00000272609.1,0.7235147207376598,-1.8432858696655334,0.6059099521553829,-3.0421779063183814,0.0023487303207478053,0.022891681401450027,True
ENSG00000272620.2,188.9080165906566,-1.7889493429566854,0.45274142040048976,-3.9513710527616444,7.77047370536159e-05,0.002048065591694922,True
ENSG00000272865.2,1.40518618869034,-1.9423756839748703,0.5332265227235501,-3.6426839273745015,0.00026981005964206136,0.005069903805441591,True
ENSG00000273001.1,2.1798680606871113,-1.0923685853155038,0.33430836500979105,-3.2675478679198204,0.0010848351940065666,0.013381095707479541,True
ENSG00000273045.7,34.28384928385829,-1.1942747409622723,0.20837510679789456,-5.731369544638618,9.962295413550479e-09,1.9241101698728254e-06,True
ENSG00000273066.5,33.470251903991915,-1.0995413018575995,0.25733150025245966,-4.272859330392411,1.9298221048279314e-05,0.0007526806852655945,True
ENSG00000273129.1,0.7851131011391651,-1.3620750953684206,0.404327397132896,-3.3687430162461345,0.0007551179722804952,0.010375137344489685,True
ENSG00000273186.1,3.0306475819861034,-1.269142214127056,0.2893031879069628,-4.386893291114373,1.1498116343721917e-05,0.000521361840037174,True
ENSG00000273203.1,4.706785616224935,-1.3894164907520352,0.46361904797099435,-2.9968925928146124,0.0027274679151990545,0.025499819515997044,True
ENSG00000273209.1,1.1637991273934374,-1.2917693749816792,0.41586772613028894,-3.1062025105958218,0.001895068840390084,0.019643315466489064,True
ENSG00000273213.3,4.192441588208407,-1.0757644109311904,0.3943835297433421,-2.727711300802239,0.006377539725552891,0.04559911018392034,True
ENSG00000274248.1,1.5872286659720587,-1.2236665934726447,0.4316230412505697,-2.835035381631238,0.004582061068772348,0.036612351187422454,True
ENSG00000275004.4,15.53688630710773,-1.8468343290930485,0.28647673588824796,-6.446716601146567,1.1429922418328397e-10,4.650606833569458e-08,True
ENSG00000275152.5,4421.603058994054,1.1096703251435656,0.2585309037094288,4.292215395613824,1.7689921750257186e-05,0.0007150008637494678,True
ENSG00000275395.6,623.3302660745046,-1.2983393898020674,0.28431565021593874,-4.566542111965958,4.958354632288666e-06,0.00027916817335594266,True
ENSG00000275465.7,6.534443207735044,-2.0002806716857715,0.5276669003002755,-3.7908018686551803,0.0001501617069749525,0.003313329464965763,True
ENSG00000275591.5,1.75645218599534,-1.4168543387256594,0.38908610719302716,-3.641493007671827,0.00027106148891506264,0.005080904419982833,True
ENSG00000275620.1,1.7339749257794146,-1.5871184083911536,0.4627916994186782,-3.4294444139442524,0.0006048183061166168,0.00885635097382662,True
ENSG00000275713.2,13.834013547409109,-1.277025437689648,0.3468955548046625,-3.6812966323789973,0.00023205084049238075,0.004513233555427337,True
ENSG00000275896.6,4.097962227935796,-1.5455305171819504,0.5169987856310422,-2.9894277513543774,0.0027950053943725933,0.025863565905912524,True
ENSG00000276476.3,7.058250191148814,-1.7089023773122085,0.46244559158799337,-3.695358780357281,0.00021957649989991454,0.004348213154409988,True
ENSG00000276649.1,15.409133651892402,-1.1463189308109845,0.23158970493233283,-4.949783631987969,7.429603127981215e-07,6.177704878841274e-05,True
ENSG00000276850.5,47.16030331584958,-1.838269124357517,0.40397134442272914,-4.5504938648170326,5.352014777680636e-06,0.0002958733386878665,True
ENSG00000276851.1,1.1379237251070835,-1.2219122251639154,0.33648302337624725,-3.6314231039157137,0.00028186264449052705,0.005231946751382556,True
ENSG00000277022.1,1.1254741385276001,-1.034649381018395,0.33402231255632453,-3.0975457091475804,0.0019513030147621847,0.020028914496630617,True
ENSG00000277150.2,1.7496348587099733,-1.2533094488122052,0.2994514722199875,-4.185350766589253,2.8472607972818758e-05,0.0009929944055983282,True
ENSG00000277215.2,1.6103669204888618,-1.254752483530271,0.35047782611286515,-3.580119454193945,0.00034343717023340624,0.005985339055878141,True
ENSG00000277287.1,10.95890146299784,-1.045152678541512,0.2537894425344158,-4.118188164583644,3.818628480237367e-05,0.0012087833717490352,True
ENSG00000277342.1,2.061418100688017,-1.0190842401833866,0.2707293247322684,-3.7642181584547107,0.0001670709820152007,0.0035929091523438086,True
ENSG00000277373.1,0.8749689577424977,-1.3011162784283052,0.4298989470611142,-3.026563073306014,0.0024735121026821637,0.023790105601596136,True
ENSG00000277840.1,6.0920193294491956,-1.0515055563997056,0.2954016170337138,-3.5595795546362856,0.00037144900037854164,0.006332479159526021,True
ENSG00000278195.2,14.812193868210295,-1.201551539049846,0.4374507651746488,-2.7467126239226847,0.006019585347456238,0.044030121395727366,True
ENSG00000278683.1,65.22798546643166,1.0382192378525457,0.2941431639315337,3.5296391864956176,0.0004161267535605597,0.006897623037291711,True
ENSG00000278698.1,0.9307114826992875,-1.0076216051409284,0.365682304139,-2.755456290162512,0.005861033510801445,0.04328540624772916,True
ENSG00000278709.2,12.563940949456788,-1.3233065074830124,0.2661614148742673,-4.971819480701711,6.632745129231753e-07,5.626282649396008e-05,True
ENSG00000278998.1,8.83399300184469,1.2862394013322682,0.38303845413830395,3.3579902681725136,0.0007851137724381221,0.010662452994980745,True
ENSG00000279218.1,30.860630839367335,1.114806135700473,0.33173656713581323,3.3605162835246634,0.0007779694464286672,0.010603178038060388,True
ENSG00000279286.2,3.237543280927403,-1.2111923789348107,0.44128922362372175,-2.7446679277343278,0.006057215540525212,0.044220571635087885,True
ENSG00000279375.1,0.8957861741916039,-1.2033438952482098,0.4338711141192374,-2.773505439953083,0.005545591318567502,0.04168208489591278,True
ENSG00000279377.1,0.94695724738576,-1.6784254935519323,0.5197648957030904,-3.2292013320397714,0.001241364691457991,0.014751357057839585,True
ENSG00000279428.1,105.68867249051236,1.0237047410536921,0.31887634939194376,3.2103501655289444,0.0013257336442009258,0.01540010958752777,True
ENSG00000279530.2,2.006819299900032,-1.0551886080661592,0.3373793909564853,-3.1276024450534856,0.0017623838872049546,0.018635102807327233,True
ENSG00000279622.2,2.5118723122377915,1.0796688480719308,0.33637996994087993,3.2096704457809624,0.0013288723367361867,0.01541602734994642,True
ENSG00000280109.3,1.3513151578065297,-1.3739763844415853,0.3843979616946326,-3.5743591833431165,0.0003510866998652166,0.00607700608796764,True
ENSG00000280623.1,4.224314714944731,-1.9649169532665856,0.4948133819107795,-3.9710263002161135,7.156367767302275e-05,0.0019360258757712431,True
ENSG00000280780.2,5.673114142903137,1.5853076921299933,0.42957159570587505,3.6904388185280377,0.0002238675293662852,0.004404604465597395,True
ENSG00000280837.1,16.996089145440806,1.714073995747384,0.37234713587286533,4.603430053864144,4.155888152382992e-06,0.0002453019010795346,True
ENSG00000281327.2,16.15033424049563,1.4861387185919488,0.5222372429013825,2.845715694911835,0.004431173786164233,0.03577293631179569,True
ENSG00000281706.3,7.713398960271511,-1.348290002130083,0.34634443429440337,-3.8929166131308333,9.904620447724353e-05,0.002451333313728762,True
ENSG00000282301.3,40.674485901692236,1.767339924760843,0.3763217489896693,4.696353398403661,2.64847162606202e-06,0.0001697915129010685,True
ENSG00000282608.2,73.66045932620993,-1.09810266186843,0.21184137214266113,-5.183608143969774,2.176339404265562e-07,2.4313493574978336e-05,True
ENSG00000282651.2,51.22827196933993,-1.4263234057979395,0.5026923669308008,-2.837368338227191,0.004548710280210491,0.03643266218133946,True
ENSG00000283051.1,1.7770161911409785,-2.2264535106884407,0.43141960928762985,-5.160761038110467,2.4594795626619514e-07,2.6416699227811783e-05,True
ENSG00000283403.1,3.906037732450681,-2.1910503026862584,0.595442371128554,-3.679701695620881,0.00023350694146018991,0.004530004974951783,True
ENSG00000283538.3,1.366081699667585,-1.693778854900028,0.48702710067579397,-3.477791795466325,0.0005055624517506855,0.007843286109620701,True
ENSG00000283757.1,0.7077105698437194,-1.4214511109046546,0.5033961751366116,-2.8237225094507354,0.004746946336019718,0.037596110664411556,True
ENSG00000284095.1,3.0142863047026514,1.796949129420598,0.6153978049342299,2.919979751329541,0.0035005412964781877,0.030357288609122637,True
ENSG00000284668.2,1.697957023511053,-2.324750872851745,0.7342553483978804,-3.1661340675614693,0.0015447957662600195,0.01706770007356653,True
ENSG00000284703.1,0.7924170230439023,-1.5037141201375732,0.4546129108895075,-3.307680191474032,0.0009407217074407235,0.012112685073527897,True
ENSG00000285016.1,0.8358353245455727,1.1679520913897108,0.3687465838616691,3.167357048188558,0.0015383131978531726,0.017029571517553514,True
ENSG00000285094.1,73.95265411553886,1.5542494978798105,0.4268851746704681,3.6409076494155728,0.0002716785809936287,0.0050893453515049565,True
ENSG00000285155.1,0.7819094733309208,-2.132723362153563,0.6755992228249198,-3.156787767214845,0.001595174023535382,0.017403764927495787,True
ENSG00000285212.1,2.708370397229497,1.3094951149187528,0.3322478432682038,3.9413201363106394,8.103438745017803e-05,0.002115351041428257,True
ENSG00000285294.1,1.6671832340721229,-2.0049275820097603,0.5717077667489499,-3.506909821097761,0.00045334275490220387,0.0072811618466292905,True
ENSG00000285417.1,129.58538283666803,-1.3235234297404732,0.3831935593717317,-3.453929215069448,0.0005524823669652265,0.008309580648431845,True
ENSG00000285715.1,5.9943521214695625,1.0877376663829816,0.34746761404204884,3.130472085526074,0.0017452558522874568,0.018519940781504263,True
ENSG00000285722.1,3.2126483736165343,-1.3871015337425927,0.3956403077091904,-3.505966168548633,0.0004549530434685659,0.007295505556745537,True
ENSG00000285777.1,3.1141496327870266,2.1533284528737284,0.5715094288245168,3.767791648342013,0.00016469807177301149,0.0035559892823381345,True
ENSG00000286024.1,220.096639051459,1.0198512134606723,0.2273773742516397,4.48528010677086,7.2818209642938905e-06,0.0003728390076281751,True
ENSG00000286046.1,2.802533161887335,-2.5133637775966364,0.6430219791676077,-3.9086747561104946,9.28038041915064e-05,0.0023385639047960437,True
ENSG00000286119.1,0.9739684052163382,1.4449722342378726,0.4699228030791848,3.0749140598618405,0.0021056321761531087,0.021136668252463246,True
ENSG00000286217.2,3.633423653695255,1.7333908955784265,0.6318049882258677,2.743553672227017,0.006077811166013709,0.04429674839791601,True
ENSG00000286381.1,2.8981955504526655,-1.3589074815388607,0.3182085071028814,-4.27049387808952,1.9504057508888912e-05,0.0007562716886165871,True
ENSG00000286447.1,1.5271264824007809,-2.943506328989958,0.7443923863598735,-3.9542402406664756,7.677823430617817e-05,0.0020338234358396987,True
ENSG00000286448.1,30.381349302324786,1.27147125543666,0.44908298155217824,2.8312612761277167,0.004636482975600904,0.036951401014217074,True
ENSG00000286451.1,73.85198533451862,-1.1428952005818351,0.3066319310466175,-3.727254355672697,0.00019357707606490124,0.003990240246742184,True
ENSG00000286471.1,3.5920115665168866,1.5969434725308693,0.5451883539555169,2.9291591813077638,0.0033988031550315125,0.029740777968571372,True
ENSG00000286518.1,1.4841004912484506,-1.5921863578223858,0.3814081038887987,-4.174495354421192,2.9864731331774817e-05,0.001016000157547871,True
ENSG00000286614.1,1.4336066106902494,-1.2608191468921803,0.4010688004621006,-3.143648036046431,0.0016685599560344376,0.018004871152173585,True
ENSG00000286710.1,6.383000397872947,-1.5446269173018656,0.4768387500490101,-3.2393066149575866,0.0011982068923960469,0.014372830789448808,True
ENSG00000286733.1,311.564680065583,-1.0030876044918318,0.36280914309785434,-2.764780390943141,0.005696112967306892,0.04245788551791332,True
ENSG00000286833.1,1.4222989277247633,-1.0754560209650113,0.2706146507352809,-3.9741234188278947,7.063892917645064e-05,0.0019229807130053116,True
ENSG00000286924.1,1.1650316338082092,-1.3599285861297012,0.34948297523926547,-3.891258466020147,9.972563086779046e-05,0.0024641517016692257,True
ENSG00000286962.1,5.828548793674104,1.3269847636111514,0.39622284403101377,3.349086968613257,0.0008107834152544671,0.01088032836407446,True
ENSG00000287037.1,1.0683197207064394,-2.485132217168805,0.6006290642523835,-4.137549054943095,3.510354157294392e-05,0.0011371758754139666,True
ENSG00000287125.1,1.591745442455684,-1.0793346554896914,0.3215316791287485,-3.356853229561562,0.0007883494917383926,0.010696875540190656,True
ENSG00000287151.1,32.894949107595195,-1.2892514020408619,0.21548302437052114,-5.9830764200896205,2.1896197026371714e-09,5.47692088898983e-07,True
ENSG00000287252.1,9.000726328569916,-1.2837771770462192,0.29285624045090625,-4.383642892736748,1.1671103383679634e-05,0.0005260788638941917,True
ENSG00000287278.1,1.3701040174336534,-1.4899839308418412,0.4465786944310138,-3.336442041285088,0.0008485812028770067,0.011244161522794066,True
ENSG00000287281.1,1.972557726365001,-1.0811785580961746,0.33375358491959045,-3.2394515203684104,0.0011975982342624849,0.014372830789448808,True
ENSG00000287312.1,1.0549994036252741,2.2577717333811558,0.6286780316769569,3.59130050617277,0.0003290319851514297,0.005827369090279389,True
ENSG00000287316.1,13.625802014811878,1.3410903769555391,0.44150973506990315,3.0375103206800356,0.0023854123597128467,0.023130995732124952,True
ENSG00000287381.1,7.799555100888745,2.491709630482852,0.5038007083375086,4.945823992001206,7.582244541098463e-07,6.287493870004367e-05,True
ENSG00000287430.1,0.8784004505733408,-1.4532595096295509,0.3817602320110309,-3.8067336190940892,0.00014081427382600965,0.003159623808878316,True
ENSG00000287486.1,2.8815961265734136,1.89005897337466,0.6232262313010959,3.0327012542922414,0.002423754180844355,0.02337651156215118,True
ENSG00000287498.1,10.66536501484648,-1.7813631770992708,0.5545157469849008,-3.2124663488551506,0.001316005644297856,0.01530458393345784,True
ENSG00000287538.1,1.9217741125411425,-1.8706346146755992,0.5846144891004809,-3.199774637049892,0.0013753508336858868,0.01579999520196276,True
ENSG00000287566.1,5.1530044899128,1.3710298685670488,0.44100038695288357,3.1089085386982425,0.0018777983754580984,0.019537298065284463,True
ENSG00000287590.1,1.7788857827268607,-1.3700560161185014,0.48517868791961505,-2.8238173898221466,0.004745541406502967,0.037594740799803884,True
ENSG00000287591.1,46.56599029699814,2.3554105686849107,0.5946348088294021,3.961104418561993,7.460389716013121e-05,0.001995278287238005,True
ENSG00000287592.1,5.176344519003831,-1.7848052831622463,0.604739946849764,-2.951359989462788,0.003163779446068949,0.028294870043121773,True
ENSG00000287627.1,44.65917195179298,1.2548204740509652,0.3161724040030537,3.968785568138469,7.223985026898936e-05,0.001949134633782917,True
ENSG00000287642.1,2.0789316825792654,-1.2242293475471375,0.3874593200099196,-3.159633242312496,0.0015796785150735812,0.017290928782818626,True
ENSG00000287647.1,0.9873915376131287,-2.962811413876154,0.7104198832204918,-4.1705074475746216,3.0392212203105788e-05,0.001025789775296375,True
ENSG00000287688.1,93.20926642368376,1.0254625512895112,0.37593077818033305,2.727796208262574,0.006375898488368619,0.04559805912141007,True
ENSG00000287738.1,1.6267988555370958,1.0089256507810054,0.37397640335621546,2.697832381205067,0.00697925725862305,0.04849248964119786,True
ENSG00000287788.1,3.2119817400534436,1.0665795333299466,0.3524040523088747,3.0265813526886243,0.002473362547110942,0.023790105601596136,True
ENSG00000287815.1,1.830041206051979,-1.9248150760818261,0.3104419473859958,-6.200241598435018,5.637655054806728e-10,1.7920696005466887e-07,True
ENSG00000287862.1,2.5650754385823737,1.4013064361793868,0.5200105203274282,2.6947655506989445,0.007043817382741729,0.048807704643902494,True
ENSG00000287887.1,0.754770261385441,-1.6746228581944462,0.6134546836123415,-2.72982325007838,0.006336829021726121,0.04542510557364208,True
ENSG00000287928.1,24.22575601923652,1.959661637239584,0.39763907687707284,4.928242094891994,8.297276688226451e-07,6.751991877811158e-05,True
ENSG00000288039.1,3.5608222464803814,1.621530114407225,0.3923829905703572,4.132518874098525,3.588092925276272e-05,0.0011566755085610136,True
ENSG00000288658.1,2.618452778131808,-1.3402671532848078,0.3880265502660379,-3.4540604305707863,0.0005522136214649582,0.008309580648431845,True
