Gene_set,Term,Overlap,P-value,Adjusted P-value,Old P-value,Old Adjusted P-value,Odds Ratio,Combined Score,Genes
GO_Biological_Process_2023,Cell-Cell Adhesion Via Plasma-Membrane Adhesion Molecules (GO:0098742),20/172,0.00021196133453749356,0.2095113963290754,0,0,2.661726586272963,22.51582915741028,ROBO2;NLGN1;PTPRS;TENM3;TENM4;CADM2;CDH6;CDH3;LRFN4;PTK7;CEACAM6;CDH10;CEACAM5;CDH11;CLDN18;DSG2;GPC4;NECTIN4;CDH17;CDH18
GO_Biological_Process_2023,O-glycan Processing (GO:0016266),8/41,0.0006107151131910152,0.2095113963290754,0,0,4.872317252866936,36.05943516772172,GALNT7;GALNT5;GALNT3;B3GNT4;B3GNT3;GCNT3;C1GALT1C1L;CHST4
GO_Biological_Process_2023,Monoatomic Cation Transmembrane Transport (GO:0098655),26/281,0.000999809923353149,0.2095113963290754,0,0,2.0645960108181205,14.262116461481927,KCNK5;HCN4;KCNG3;ATP2C2;SLC9C1;SLC6A3;CACNA1G;GRIN2A;ASIC4;SCN3B;KCNH3;SLC6A19;MCOLN3;SLC6A17;KCND2;SLC6A15;SLC4A11;GRIN1;SLC9A2;SLC6A6;SLC6A8;KCNQ1;KCNQ2;KCNQ3;KCNQ4;KCNK2
GO_Biological_Process_2023,Galactolipid Biosynthetic Process (GO:0019375),3/5,0.0010063183159067,0.2095113963290754,0,0,30.037854889589905,207.30495908523528,FA2H;UGT8;GAL3ST1
GO_Biological_Process_2023,Galactosylceramide Biosynthetic Process (GO:0006682),3/5,0.0010063183159067,0.2095113963290754,0,0,30.037854889589905,207.30495908523528,FA2H;UGT8;GAL3ST1
GO_Biological_Process_2023,Sphingolipid Biosynthetic Process (GO:0030148),11/77,0.0010252197940676,0.2095113963290754,0,0,3.3545422410745847,23.08880521413684,ALDH3B2;FA2H;HACD1;ELOVL3;SPNS2;SPTSSB;ELOVL7;PLPP2;ALOXE3;SGPP2;PNPLA1
GO_Biological_Process_2023,Cell-Cell Adhesion Mediated By Cadherin (GO:0044331),6/26,0.0011734266312142,0.2095113963290754,0,0,6.020886075949367,40.627898024364825,CDH6;CDH3;CDH10;CDH11;CDH17;CDH18
GO_Biological_Process_2023,Regulation Of Nervous System Process (GO:0031644),5/18,0.0012442686769362,0.2095113963290754,0,0,7.713787792818351,51.599125843783376,CHRNA7;HTR2C;NPTX1;NPTX2;CACNG5
GO_Biological_Process_2023,Epithelial Cell Development (GO:0002064),5/18,0.0012442686769362,0.2095113963290754,0,0,7.713787792818351,51.599125843783376,PKHD1;POF1B;RAB25;WNT7B;GRHL2
GO_Biological_Process_2023,Cellular Component Disassembly (GO:0022411),8/46,0.0013513297130045,0.2095113963290754,0,0,4.230110159118727,27.946925805039985,MMP12;PRSS1;MMP7;MMP1;PLAAT1;PRSS2;KLK7;MMP10
GO_Biological_Process_2023,Anterograde Trans-Synaptic Signaling (GO:0098916),20/199,0.0013756257986583,0.2095113963290754,0,0,2.2570071656717667,14.871073820673864,UNC13C;SNAP25;NLGN1;CHRM1;DOC2A;KCND2;SYT1;GAD1;CHRNA6;CACNA1B;HTR2C;LPAR3;GRIN1;GRIN2A;GRM7;KCNQ2;KCNQ3;KCNMB4;NPTX1;NPTX2
GO_Biological_Process_2023,Membrane Lipid Biosynthetic Process (GO:0046467),9/57,0.0014081998219159,0.2095113963290754,0,0,3.769444444444445,24.74807306513141,ALDH3B2;FA2H;HACD1;ELOVL3;SPNS2;SPTSSB;ELOVL7;PLPP2;SGPP2
GO_Biological_Process_2023,Inorganic Anion Transport (GO:0015698),9/58,0.0015975841348972,0.2095113963290754,0,0,3.692322643343051,23.77583549763366,SLC34A2;TTYH1;FXYD3;CLCNKB;BSND;ANO9;SLC4A11;SLC26A9;ANO4
GO_Biological_Process_2023,Sphingolipid Metabolic Process (GO:0006665),12/94,0.0016843443603884,0.2095113963290754,0,0,2.9460929004194503,18.814865520549652,ALDH3B2;UGT8;FA2H;HACD1;GAL3ST1;ELOVL3;SPNS2;SPTSSB;ELOVL7;PLPP2;ALOXE3;SGPP2
GO_Biological_Process_2023,Sodium Ion Transmembrane Transport (GO:0035725),11/82,0.0017316285629767,0.2095113963290754,0,0,3.1174854002061148,19.823132427903467,SLC9A2;HCN4;SLC6A6;SLC6A19;ASIC4;SLC6A8;SLC6A17;SLC6A15;SCN3B;SLC9C1;SLC6A3
GO_Biological_Process_2023,Epithelial Cell Morphogenesis (GO:0003382),4/12,0.0018716424408984,0.2095113963290754,0,0,10.02,62.935008008097995,PKHD1;POF1B;RAB25;GRHL2
GO_Biological_Process_2023,Calcium-Dependent Cell-Cell Adhesion Via Plasma Membrane Cell Adhesion Molecules (GO:0016339),7/38,0.0018956080484861,0.2095113963290754,0,0,4.534012330960248,28.420166923274454,CDH6;NLGN1;CDH3;CDH10;CDH11;CDH17;CDH18
GO_Biological_Process_2023,SA Node Cell Action Potential (GO:0086015),3/6,0.0019412075627839,0.2095113963290754,0,0,20.024185068349105,125.03992322037224,HCN4;SCN3B;CACNA1G
GO_Biological_Process_2023,Glycosylceramide Biosynthetic Process (GO:0046476),3/6,0.0019412075627839,0.2095113963290754,0,0,20.024185068349105,125.03992322037224,FA2H;UGT8;GAL3ST1
GO_Biological_Process_2023,Homophilic Cell Adhesion Via Plasma Membrane Adhesion Molecules (GO:0007156),9/60,0.0020374898005401,0.2095113963290754,0,0,3.5471521942110176,21.97828524226101,ROBO2;TENM3;CEACAM6;CADM2;PTK7;CEACAM5;DSG2;NECTIN4;CDH17
GO_Biological_Process_2023,Potassium Ion Transport (GO:0006813),14/122,0.0020398763404201,0.2095113963290754,0,0,2.6116233254531127,16.178656779758743,KCNK5;HCN4;KCNH3;KCNG3;KCND2;KCNJ16;SLC9C1;SLC9A2;KCNQ1;KCNQ2;KCNQ3;KCNQ4;KCNMB4;KCNK2
GO_Biological_Process_2023,Modulation Of Chemical Synaptic Transmission (GO:0050804),14/123,0.0022033663079875,0.2095113963290754,0,0,2.5875268397423383,15.829891352537848,NLGN1;FER1L4;CLSTN2;SYT1;CHRNA7;CACNA1B;LRP8;GRIN3B;GRM7;NRG3;KCNMB4;NPTX1;NPTX2;CACNG5
GO_Biological_Process_2023,Organonitrogen Compound Biosynthetic Process (GO:1901566),14/123,0.0022033663079875,0.2095113963290754,0,0,2.5875268397423383,15.829891352537848,PCSK1;HACD1;PCYT1B;SLC44A4;SPNS2;ELOVL3;ELOVL7;SGPP2;ALDH3B2;FA2H;MUC1;SPTSSB;PLPP2;GAL3ST4
GO_Biological_Process_2023,Regulation Of Dendritic Spine Development (GO:0060998),5/21,0.0026236321209524,0.2390784770217886,0,0,6.266464699683878,37.2428255280767,NLGN1;PTPRS;FOXO6;KIF1A;TANC2
GO_Biological_Process_2023,Regulation Of Phospholipase A2 Activity (GO:0032429),3/7,0.0032768440741658,0.2654243700074324,0,0,15.017350157728709,85.91237545901129,ANXA8L1;AVPR1B;ANXA8
GO_Biological_Process_2023,Sinoatrial Node Development (GO:0003163),3/7,0.0032768440741658,0.2654243700074324,0,0,15.017350157728709,85.91237545901129,HCN4;SHOX2;CACNA1G
GO_Biological_Process_2023,Galactosylceramide Metabolic Process (GO:0006681),3/7,0.0032768440741658,0.2654243700074324,0,0,15.017350157728709,85.91237545901129,FA2H;UGT8;GAL3ST1
GO_Biological_Process_2023,Regulation Of Cell Adhesion Mediated By Integrin (GO:0033628),6/33,0.0042487908135184,0.3318609110416041,0,0,4.458274730426629,24.34717708979239,MUC1;SFRP2;TESC;SERPINE1;LIF;ADAM9
GO_Biological_Process_2023,Extracellular Matrix Disassembly (GO:0022617),7/44,0.0044934998843536,0.3388718705890166,0,0,3.7975684237563856,20.526325937443396,MMP12;PRSS1;MMP7;MMP1;PRSS2;KLK7;MMP10
GO_Biological_Process_2023,Cell-Cell Junction Organization (GO:0045216),9/68,0.0048432202790579,0.3456686283834705,0,0,3.0648910411622277,16.336406931155597,CDH6;PKHD1;CDH3;CDH10;CDH11;DSG2;PKP3;CDH17;CDH18
GO_Biological_Process_2023,Inorganic Cation Transmembrane Transport (GO:0098662),24/284,0.0049464938708554,0.3456686283834705,0,0,1.8646153846153848,9.899385276760256,KCNK5;HCN4;KCNH3;SLC6A19;KCNG3;MCOLN3;SLC6A17;KCND2;SLC6A15;SLC4A11;ATP2C2;SLC9C1;SLC6A3;CACNA1G;SLC9A2;SLC6A6;ASIC4;SLC6A8;KCNQ1;KCNQ2;KCNQ3;KCNQ4;SCN3B;KCNK2
GO_Biological_Process_2023,Collagen-Activated Signaling Pathway (GO:0038065),3/8,0.0050577942881897,0.3456686283834705,0,0,12.013249211356468,63.51194388494476,DDR1;UBASH3B;COL4A6
GO_Biological_Process_2023,Adherens Junction Organization (GO:0034332),6/35,0.0057433984830198,0.3806306812837725,0,0,4.150371017023134,21.414686658699356,CDH6;CDH3;CDH10;CDH11;CDH17;CDH18
GO_Biological_Process_2023,Chemical Synaptic Transmission (GO:0007268),23/273,0.0060675614040921,0.3902869644338084,0,0,1.8573920515574651,9.481612159169067,UNC13C;SNAP25;NLGN1;CHRM1;DOC2A;KCND2;SYT1;GABRA5;GAD1;CHRNA7;CHRNA6;CACNA1B;HTR2C;LPAR3;GRIN1;GRIN2A;GRIN3B;GRM7;KCNQ2;KCNQ3;KCNMB4;NPTX1;NPTX2
GO_Biological_Process_2023,Epidermis Development (GO:0008544),10/85,0.007131018650232,0.4446560160879556,0,0,2.6795197740112995,13.24567327829548,SPRR3;CALML5;SPINT1;CRABP2;LAMC2;FOXN1;GRHL2;KLK7;PTHLH;OVOL2
GO_Biological_Process_2023,Regulation Of Postsynaptic Neurotransmitter Receptor Activity (GO:0098962),3/9,0.0073194405940404,0.4446560160879556,0,0,10.010515247108309,49.22391955293344,NPTX1;NPTX2;CACNG5
GO_Biological_Process_2023,Nervous System Development (GO:0007399),32/433,0.009728285889731,0.5485101389598975,0,0,1.6137530360649353,7.476062037128753,ROBO2;NLGN1;CHRM1;DOC2A;DLX5;SHOX2;ADAM22;LPAR1;CXCL1;MST1R;VLDLR;EFNA5;FGF5;UGT8;SCIN;DPYSL5;ADORA1;IGF2BP3;NDP;NPTX1;ARNT2;APLP1;LSAMP;SOX11;GFRA3;GRHL2;POU3F2;OLFM1;ADGRF1;ADGRB2;KCNQ2;MELTF
GO_Biological_Process_2023,Sensory Perception Of Mechanical Stimulus (GO:0050954),10/89,0.0097813879375564,0.5485101389598975,0,0,2.543311521132804,11.76859899358236,TFAP2A;GRM7;KCNQ1;SPNS2;MYO3A;PAX3;DCDC2;ROR1;LHFPL3;LRP2
GO_Biological_Process_2023,Sodium Ion Transport (GO:0006814),10/89,0.0097813879375564,0.5485101389598975,0,0,2.543311521132804,11.76859899358236,HCN4;SLC6A6;SLC6A19;ASIC4;SLC6A8;SLC6A17;SLC6A15;SLC4A11;SCN3B;SLC6A3
GO_Biological_Process_2023,Diol Metabolic Process (GO:0034311),3/10,0.0100889452736299,0.5516130828357159,0,0,8.57999098693105,39.436341118062494,PRKG2;PLPP2;SGPP2
GO_Biological_Process_2023,Cardiac Muscle Cell Action Potential (GO:0086001),5/29,0.0111747477948414,0.5960774006662996,0,0,4.1758868984896385,18.76684791288224,HCN4;KCNQ1;SLC4A3;SCN3B;CACNA1G
GO_Biological_Process_2023,Sensory Perception Of Sound (GO:0007605),10/92,0.0122177119777233,0.6357087445879268,0,0,2.4498759818106657,10.791381733830448,TFAP2A;GRM7;KCNQ1;SPNS2;MYO3A;PAX3;DCDC2;ROR1;LHFPL3;LRP2
GO_Biological_Process_2023,Carboxylic Acid Transport (GO:0046942),7/53,0.012499074539223,0.6357087445879268,0,0,3.0531196914742207,13.37907785865726,SLC7A4;SLC6A6;ABCC1;SLC6A19;SLC6A15;SLC7A10;SLC16A3
GO_Biological_Process_2023,Protein O-linked Glycosylation (GO:0006493),10/93,0.0131236060052791,0.6358348216808786,0,0,2.4202317745558504,10.48769365692146,GALNT7;GALNT5;GALNT3;A4GNT;B3GNT4;B3GNT3;TMTC2;GCNT3;B3GALT5;CHST4
GO_Biological_Process_2023,Vitamin D Metabolic Process (GO:0042359),3/11,0.0133861345330258,0.6358348216808786,0,0,7.507097791798107,32.382135409903796,CYP24A1;LRP2;FGF23
GO_Biological_Process_2023,Activation Of Adenylate Cyclase Activity (GO:0007190),4/20,0.0135190144612926,0.6358348216808786,0,0,5.007894736842105,21.552266777699874,CALCR;GIPR;ADORA2B;ADORA3
GO_Biological_Process_2023,Potassium Ion Transmembrane Transport (GO:0071805),13/137,0.0139871581946036,0.6358348216808786,0,0,2.1081382194645366,9.000939917602363,KCNK5;HCN4;KCNH3;KCNG3;KCND2;KCNJ16;SLC9C1;SLC9A2;KCNQ1;KCNQ2;KCNQ3;KCNQ4;KCNK2
GO_Biological_Process_2023,Cell Junction Assembly (GO:0034329),10/95,0.0150854482973361,0.6358348216808786,0,0,2.363035892323031,9.9106308727487,CDH6;NLGN1;CDH3;ADGRF1;CDH10;CDH11;PKP3;CDH17;GRHL2;CDH18
GO_Biological_Process_2023,Response To Amyloid-Beta (GO:1904645),6/43,0.0156431719047872,0.6358348216808786,0,0,3.251625042764283,13.519348934984784,MMP12;GRIN2A;CALCR;CHRNA7;CACNA1B;GRIN1
GO_Biological_Process_2023,Positive Regulation Of Heart Contraction (GO:0045823),4/21,0.0160826395115181,0.6358348216808786,0,0,4.713065015479876,19.465028644226177,CHGA;RYR2;KCNQ1;SCN3B
GO_Biological_Process_2023,Alanine Transport (GO:0032328),3/12,0.0172243084598604,0.6358348216808786,0,0,6.672625306694707,27.100424689925457,SLC6A6;SLC6A17;SLC7A10
GO_Biological_Process_2023,Atrial Cardiac Muscle Tissue Development (GO:0003228),3/12,0.0172243084598604,0.6358348216808786,0,0,6.672625306694707,27.100424689925457,HCN4;SHOX2;CACNA1G
GO_Biological_Process_2023,Detection Of Calcium Ion (GO:0005513),3/12,0.0172243084598604,0.6358348216808786,0,0,6.672625306694707,27.100424689925457,RYR2;SYT1;KCNMB4
GO_Biological_Process_2023,Fatty Acid Elongation (GO:0030497),3/12,0.0172243084598604,0.6358348216808786,0,0,6.672625306694707,27.100424689925457,HACD1;ELOVL3;ELOVL7
GO_Biological_Process_2023,Very Long-Chain Fatty Acid Biosynthetic Process (GO:0042761),3/12,0.0172243084598604,0.6358348216808786,0,0,6.672625306694707,27.100424689925457,HACD1;ELOVL3;ELOVL7
GO_Biological_Process_2023,Ionotropic Glutamate Receptor Signaling Pathway (GO:0035235),3/12,0.0172243084598604,0.6358348216808786,0,0,6.672625306694707,27.100424689925457,GRIN2A;GRIN3B;GRIN1
GO_Biological_Process_2023,Positive Regulation Of Osteoblast Differentiation (GO:0045669),6/44,0.0174036494302479,0.6358348216808786,0,0,3.1658894070619588,12.825256561148237,FBN2;WNT7B;CCN4;SOX11;TP63;BMP6
GO_Biological_Process_2023,Monoatomic Anion Transport (GO:0006820),7/57,0.0182152301272775,0.6358348216808786,0,0,2.8082787750791973,11.248552811563176,TTYH1;FXYD3;CLCNKB;BSND;ANO9;SLC26A9;ANO4
GO_Biological_Process_2023,"Positive Regulation Of Synaptic Transmission, Glutamatergic (GO:0051968)",4/22,0.018931319933465,0.6358348216808786,0,0,4.450994152046784,17.656816010708326,NLGN1;GRIN2A;GRIN1;CACNG5
GO_Biological_Process_2023,Regulation Of Osteoblast Differentiation (GO:0045667),9/85,0.0198427397799818,0.6358348216808786,0,0,2.3771929824561404,9.318399405076452,FBN2;TNFAIP6;WNT7B;CCN4;TWIST1;SOX11;FGF23;TP63;BMP6
GO_Biological_Process_2023,Regulation Of Excitatory Synapse Assembly (GO:1904889),2/5,0.0206420998350902,0.6358348216808786,0,0,13.335434173669467,51.747120246299005,LRFN4;VSTM5
GO_Biological_Process_2023,Autocrine Signaling (GO:0035425),2/5,0.0206420998350902,0.6358348216808786,0,0,13.335434173669467,51.747120246299005,FZD1;HILPDA
GO_Biological_Process_2023,Axonemal Central Apparatus Assembly (GO:1904158),2/5,0.0206420998350902,0.6358348216808786,0,0,13.335434173669467,51.747120246299005,SPAG17;DNAJB13
GO_Biological_Process_2023,Behavioral Fear Response (GO:0001662),2/5,0.0206420998350902,0.6358348216808786,0,0,13.335434173669467,51.747120246299005,GRM7;HTR2C
GO_Biological_Process_2023,Cellular Response To Iron Ion (GO:0071281),2/5,0.0206420998350902,0.6358348216808786,0,0,13.335434173669467,51.747120246299005,TFAP2A;BMP6
GO_Biological_Process_2023,Regulation Of Type B Pancreatic Cell Proliferation (GO:0061469),2/5,0.0206420998350902,0.6358348216808786,0,0,13.335434173669467,51.747120246299005,PTPRN;SGPP2
GO_Biological_Process_2023,Renal Filtration Cell Differentiation (GO:0061318),2/5,0.0206420998350902,0.6358348216808786,0,0,13.335434173669467,51.747120246299005,CD24;PROM1
GO_Biological_Process_2023,Glomerular Epithelial Cell Differentiation (GO:0072311),2/5,0.0206420998350902,0.6358348216808786,0,0,13.335434173669467,51.747120246299005,CD24;PROM1
GO_Biological_Process_2023,Negative Regulation Of Actin Filament Depolymerization (GO:0030835),2/5,0.0206420998350902,0.6358348216808786,0,0,13.335434173669467,51.747120246299005,PLEKHH2;SCIN
GO_Biological_Process_2023,poly-N-acetyllactosamine Metabolic Process (GO:0030309),2/5,0.0206420998350902,0.6358348216808786,0,0,13.335434173669467,51.747120246299005,B3GNT4;B3GNT3
GO_Biological_Process_2023,Positive Regulation Of Epithelial Cell Differentiation Involved In Kidney Development (GO:2000698),2/5,0.0206420998350902,0.6358348216808786,0,0,13.335434173669467,51.747120246299005,LIF;PROM1
GO_Biological_Process_2023,Amino Acid Transport (GO:0006865),6/46,0.0213226750805641,0.638803978098545,0,0,3.007278481012658,11.571960124244722,SLC7A4;SLC6A6;SLC6A19;SLC6A17;SLC6A15;SLC7A10
GO_Biological_Process_2023,Cardiac Conduction (GO:0061337),6/46,0.0213226750805641,0.638803978098545,0,0,3.007278481012658,11.571960124244722,HCN4;KCNQ1;DSG2;SLC4A3;SCN3B;CACNA1G
GO_Biological_Process_2023,Action Potential (GO:0001508),5/35,0.0241781568779189,0.7145625552974169,0,0,3.3396557780119425,12.4312196108439,KCND2;KCNQ1;KCNMB4;SLC4A3;SCN3B
GO_Biological_Process_2023,Cell Morphogenesis Involved In Differentiation (GO:0000904),4/24,0.0255140030821704,0.7311210919210877,0,0,4.005473684210527,14.694191711149374,PKHD1;POF1B;RAB25;GRHL2
GO_Biological_Process_2023,Regulation Of Trans-Synaptic Signaling (GO:0099177),5/36,0.0270101770403861,0.7311210919210877,0,0,3.231754988272885,11.671617440817354,NLGN1;GRIN3B;NRG3;CACNA1B;LRP8
GO_Biological_Process_2023,Cell Junction Organization (GO:0034330),7/62,0.027665323293662,0.7311210919210877,0,0,2.552308726120764,9.156600296847952,PKHD1;PTK7;CHRNA7;WNT7B;SEMA3E;PPFIA4;GRHL2
GO_Biological_Process_2023,Heterophilic Cell-Cell Adhesion Via Plasma Membrane Cell Adhesion Molecules (GO:0007157),6/49,0.0282532278387117,0.7311210919210877,0,0,2.7970267883426554,9.975729089984345,NLGN1;TENM3;TENM4;CEACAM6;CEACAM5;NECTIN4
GO_Biological_Process_2023,Cardiac Conduction System Development (GO:0003161),4/25,0.0292596192164645,0.7311210919210877,0,0,3.8145363408521304,13.47121397904554,HCN4;MSX2;SHOX2;CACNA1G
GO_Biological_Process_2023,Synaptic Vesicle Docking (GO:0016081),2/6,0.0299925702574096,0.7311210919210877,0,0,10.001050420168069,35.071739480099644,SNAP25;UNC13C
GO_Biological_Process_2023,"Fatty Acid Elongation, Monounsaturated Fatty Acid (GO:0034625)",2/6,0.0299925702574096,0.7311210919210877,0,0,10.001050420168069,35.071739480099644,ELOVL3;ELOVL7
GO_Biological_Process_2023,"Fatty Acid Elongation, Polyunsaturated Fatty Acid (GO:0034626)",2/6,0.0299925702574096,0.7311210919210877,0,0,10.001050420168069,35.071739480099644,ELOVL3;ELOVL7
GO_Biological_Process_2023,"Fatty Acid Elongation, Saturated Fatty Acid (GO:0019367)",2/6,0.0299925702574096,0.7311210919210877,0,0,10.001050420168069,35.071739480099644,ELOVL3;ELOVL7
GO_Biological_Process_2023,"Fatty Acid Elongation, Unsaturated Fatty Acid (GO:0019368)",2/6,0.0299925702574096,0.7311210919210877,0,0,10.001050420168069,35.071739480099644,ELOVL3;ELOVL7
GO_Biological_Process_2023,Long-Chain Fatty Acid Catabolic Process (GO:0042758),2/6,0.0299925702574096,0.7311210919210877,0,0,10.001050420168069,35.071739480099644,GLYATL2;ADTRP
GO_Biological_Process_2023,Negative Regulation Of Dendritic Spine Development (GO:0061000),2/6,0.0299925702574096,0.7311210919210877,0,0,10.001050420168069,35.071739480099644,NLGN1;PTPRS
GO_Biological_Process_2023,Positive Regulation Of Endoplasmic Reticulum Stress-Induced Intrinsic Apoptotic Signaling Pathway (GO:1902237),2/6,0.0299925702574096,0.7311210919210877,0,0,10.001050420168069,35.071739480099644,PMAIP1;RNF183
GO_Biological_Process_2023,Positive Regulation Of Striated Muscle Contraction (GO:0045989),2/6,0.0299925702574096,0.7311210919210877,0,0,10.001050420168069,35.071739480099644,CHGA;KCNQ1
GO_Biological_Process_2023,Regulation Of SA Node Cell Action Potential (GO:0098907),2/6,0.0299925702574096,0.7311210919210877,0,0,10.001050420168069,35.071739480099644,HCN4;RYR2
GO_Biological_Process_2023,Chloride Transport (GO:0006821),8/77,0.030087287733378,0.7311210919210877,0,0,2.325826515917517,8.148887958870313,TTYH1;GABRA5;FXYD3;CLCNKB;BSND;ANO9;SLC26A9;ANO4
GO_Biological_Process_2023,Positive Regulation Of Neuron Projection Development (GO:0010976),9/92,0.0313019191171033,0.7522779902099447,0,0,2.175903614457831,7.5374952055714575,DDR1;FZD1;NTRK2;NLGN1;TENM3;PTK7;ROR1;VLDLR;LRP8
GO_Biological_Process_2023,Regulation Of Hormone Secretion (GO:0046883),3/15,0.0320349756161148,0.7533386201337964,0,0,5.003680336487908,17.217298694411983,LIF;SOX11;FGF23
GO_Biological_Process_2023,Presynapse Assembly (GO:0099054),3/15,0.0320349756161148,0.7533386201337964,0,0,5.003680336487908,17.217298694411983,FZD1;NLGN1;PCLO
GO_Biological_Process_2023,Camera-Type Eye Development (GO:0043010),4/26,0.0333135713299953,0.7669134789336817,0,0,3.640956937799043,12.38577242180194,FBN2;TENM3;FOXL2;PITX2
GO_Biological_Process_2023,Positive Regulation Of Adenylate Cyclase Activity (GO:0045762),4/26,0.0333135713299953,0.7669134789336817,0,0,3.640956937799043,12.38577242180194,CALCR;GIPR;ADORA2B;ADORA3
GO_Biological_Process_2023,Extracellular Structure Organization (GO:0043062),10/109,0.035367371272557,0.773012472210412,0,0,2.027371169320322,6.775404704978029,MMP12;POSTN;MMP7;SPINT1;MMP1;APLP1;COL4A6;COL10A1;MMP10;THSD4
GO_Biological_Process_2023,Fibroblast Growth Factor Receptor Signaling Pathway (GO:0008543),5/39,0.0367351371660791,0.773012472210412,0,0,2.9461352507283207,9.734094404707614,FGF5;GALNT3;FGF20;FGF23;SHCBP1
GO_Biological_Process_2023,External Encapsulating Structure Organization (GO:0045229),10/110,0.0373132372032881,0.773012472210412,0,0,2.0069915254237287,6.599805243021207,MMP12;POSTN;MMP7;SPINT1;MMP1;APLP1;COL4A6;COL10A1;MMP10;THSD4
GO_Biological_Process_2023,Cell Surface Receptor Signaling Pathway Involved In Cell-Cell Signaling (GO:1905114),4/27,0.0376783381395042,0.773012472210412,0,0,3.482471395881007,11.417874264561444,WNT7B;GPC4;NDP;CD24
GO_Biological_Process_2023,Regulation Of Secretion (GO:0051046),3/16,0.0380642122721393,0.773012472210412,0,0,4.618539189517107,15.095606428147931,SCIN;PTPRN;KCNQ1
GO_Biological_Process_2023,Membrane Depolarization During Cardiac Muscle Cell Action Potential (GO:0086012),3/16,0.0380642122721393,0.773012472210412,0,0,4.618539189517107,15.095606428147931,HCN4;SCN3B;CACNA1G
GO_Biological_Process_2023,Atrial Cardiac Muscle Cell To AV Node Cell Signaling (GO:0086026),2/7,0.0406788832623312,0.773012472210412,0,0,8.000420168067228,25.61771467706901,KCNQ1;SCN3B
GO_Biological_Process_2023,Cell Migration Involved In Heart Development (GO:0060973),2/7,0.0406788832623312,0.773012472210412,0,0,8.000420168067228,25.61771467706901,PITX2;FOLR1
GO_Biological_Process_2023,Regulation Of Stem Cell Division (GO:2000035),2/7,0.0406788832623312,0.773012472210412,0,0,8.000420168067228,25.61771467706901,SFRP2;MLLT3
GO_Biological_Process_2023,Cellular Response To Epinephrine Stimulus (GO:0071872),2/7,0.0406788832623312,0.773012472210412,0,0,8.000420168067228,25.61771467706901,RYR2;KCNQ1
GO_Biological_Process_2023,Regulation Of Transforming Growth Factor Beta Activation (GO:1901388),2/7,0.0406788832623312,0.773012472210412,0,0,8.000420168067228,25.61771467706901,ITGB8;ITGB6
GO_Biological_Process_2023,Response To Epinephrine (GO:0071871),2/7,0.0406788832623312,0.773012472210412,0,0,8.000420168067228,25.61771467706901,RYR2;KCNQ1
GO_Biological_Process_2023,Establishment Of Planar Polarity (GO:0001736),2/7,0.0406788832623312,0.773012472210412,0,0,8.000420168067228,25.61771467706901,BRSK2;VANGL2
GO_Biological_Process_2023,Negative Regulation Of Intracellular Transport (GO:0032387),2/7,0.0406788832623312,0.773012472210412,0,0,8.000420168067228,25.61771467706901,ARHGAP8;MRLN
GO_Biological_Process_2023,Negative Regulation Of Phospholipase Activity (GO:0010519),2/7,0.0406788832623312,0.773012472210412,0,0,8.000420168067228,25.61771467706901,ANXA8L1;ANXA8
GO_Biological_Process_2023,Neuron Projection Arborization (GO:0140058),2/7,0.0406788832623312,0.773012472210412,0,0,8.000420168067228,25.61771467706901,NLGN1;LRP2
GO_Biological_Process_2023,Osteoblast Development (GO:0002076),2/7,0.0406788832623312,0.773012472210412,0,0,8.000420168067228,25.61771467706901,CLEC5A;PTHLH
GO_Biological_Process_2023,Extracellular Matrix Organization (GO:0030198),14/176,0.042517121451158,0.773012472210412,0,0,1.7361176779616496,5.482396477574933,PRSS1;POSTN;MMP7;MMP1;APLP1;KLK7;MMP10;THSD4;MMP12;SPINT1;CREB3L1;COL4A6;COL10A1;PRSS2
GO_Biological_Process_2023,Neuropeptide Signaling Pathway (GO:0007218),7/68,0.0428182684406432,0.773012472210412,0,0,2.300534907473125,7.248503381243167,NXPH2;NXPH4;RXFP4;KISS1R;GPR83;NTS;SSTR3
GO_Biological_Process_2023,Regulation Of Heart Rate By Cardiac Conduction (GO:0086091),5/41,0.0442709842511661,0.773012472210412,0,0,2.782168364360145,8.67320343780324,HCN4;KCNQ1;DSG2;SCN3B;CACNA1G
GO_Biological_Process_2023,Cellular Response To Retinoic Acid (GO:0071300),5/41,0.0442709842511661,0.773012472210412,0,0,2.782168364360145,8.67320343780324,PTK7;FZD7;TESC;WNT7B;FZD10
GO_Biological_Process_2023,Synaptic Vesicle Exocytosis (GO:0016079),5/41,0.0442709842511661,0.773012472210412,0,0,2.782168364360145,8.67320343780324,SNAP25;UNC13C;PCLO;SYT1;STX19
GO_Biological_Process_2023,Non-Canonical Wnt Signaling Pathway (GO:0035567),5/41,0.0442709842511661,0.773012472210412,0,0,2.782168364360145,8.67320343780324,FZD1;SFRP2;VANGL2;FZD7;FZD10
GO_Biological_Process_2023,Ventricular Cardiac Muscle Cell Action Potential (GO:0086005),3/17,0.0446268624656691,0.773012472210412,0,0,4.288418206399279,13.334490353864917,RYR2;KCNQ1;SCN3B
GO_Biological_Process_2023,Long-Chain fatty-acyl-CoA Biosynthetic Process (GO:0035338),3/17,0.0446268624656691,0.773012472210412,0,0,4.288418206399279,13.334490353864917,HACD1;ELOVL3;ELOVL7
GO_Biological_Process_2023,Negative Regulation Of Striated Muscle Cell Differentiation (GO:0051154),3/17,0.0446268624656691,0.773012472210412,0,0,4.288418206399279,13.334490353864917,FZD7;CEACAM5;BHLHE41
GO_Biological_Process_2023,Positive Regulation Of Heart Rate (GO:0010460),3/17,0.0446268624656691,0.773012472210412,0,0,4.288418206399279,13.334490353864917,RYR2;KCNQ1;SCN3B
GO_Biological_Process_2023,Regulation Of Cartilage Development (GO:0061035),3/17,0.0446268624656691,0.773012472210412,0,0,4.288418206399279,13.334490353864917,SCIN;MBOAT2;PTHLH
GO_Biological_Process_2023,"Regulation Of Synaptic Transmission, Glutamatergic (GO:0051966)",6/55,0.0462021097135206,0.773012472210412,0,0,2.4537587186773444,7.544645096389942,NLGN1;GRIN2A;GRM7;SYT1;CACNG5;GRIN1
GO_Biological_Process_2023,Regulation Of Establishment Of Planar Polarity (GO:0090175),4/29,0.0473440139943366,0.773012472210412,0,0,3.203536842105263,9.77179612288426,PKHD1;VANGL2;SAPCD2;FZD7
GO_Biological_Process_2023,Tube Closure (GO:0060606),4/29,0.0473440139943366,0.773012472210412,0,0,3.203536842105263,9.77179612288426,VANGL2;LRP2;GRHL2;FOLR1
GO_Biological_Process_2023,Regulation Of Neurotransmitter Receptor Activity (GO:0099601),5/42,0.0483603359226023,0.773012472210412,0,0,2.7068322273801724,8.19919866006599,NLGN1;NPTX1;NPTX2;SHISA9;CACNG5
GO_Biological_Process_2023,Lipid Modification (GO:0030258),5/42,0.0483603359226023,0.773012472210412,0,0,2.7068322273801724,8.19919866006599,PLPP4;MBOAT2;MBOAT4;SGPP2;PLPP2
GO_Biological_Process_2023,Synapse Organization (GO:0050808),11/131,0.0487983152816924,0.773012472210412,0,0,1.839749027925062,5.556151510332041,UNC13C;NLGN1;LRFN4;PTPRS;ADGRF1;PTK7;CHRNA7;WNT7B;SEMA3E;GPC4;PPFIA4
GO_Biological_Process_2023,Maintenance Of Gastrointestinal Epithelium (GO:0030277),3/18,0.0517105727324657,0.773012472210412,0,0,4.002313354363827,11.855224437927523,TFF2;TFF1;MUC6
GO_Biological_Process_2023,Cell-Cell Junction Assembly (GO:0007043),7/71,0.0520785765484962,0.773012472210412,0,0,2.1923508447729674,6.478400283604045,CDH6;CDH3;CDH10;CDH11;PKP3;CDH17;CDH18
GO_Biological_Process_2023,Exocytosis (GO:0006887),8/86,0.0525477510546784,0.773012472210412,0,0,2.0564861495094053,6.058476017044771,SNAP25;DOC2A;SCRN1;RAB25;STX19;CADPS;SYNGR3;PRSS12
GO_Biological_Process_2023,N-acylphosphatidylethanolamine Metabolic Process (GO:0070292),2/8,0.0525526002739322,0.773012472210412,0,0,6.666666666666667,19.63960467321137,PLAAT1;PLAAT5
GO_Biological_Process_2023,Regulation Of Necrotic Cell Death (GO:0010939),2/8,0.0525526002739322,0.773012472210412,0,0,6.666666666666667,19.63960467321137,SLC6A6;OLFM4
GO_Biological_Process_2023,Regulation Of Nephron Tubule Epithelial Cell Differentiation (GO:0072182),2/8,0.0525526002739322,0.773012472210412,0,0,6.666666666666667,19.63960467321137,LIF;PROM1
GO_Biological_Process_2023,Cobalamin Transport (GO:0015889),2/8,0.0525526002739322,0.773012472210412,0,0,6.666666666666667,19.63960467321137,TCN1;LRP2
GO_Biological_Process_2023,Sequestering Of Actin Monomers (GO:0042989),2/8,0.0525526002739322,0.773012472210412,0,0,6.666666666666667,19.63960467321137,SCIN;TMSB15A
GO_Biological_Process_2023,Fat-Soluble Vitamin Catabolic Process (GO:0042363),2/8,0.0525526002739322,0.773012472210412,0,0,6.666666666666667,19.63960467321137,CYP2W1;FGF23
GO_Biological_Process_2023,Mesodermal Cell Differentiation (GO:0048333),2/8,0.0525526002739322,0.773012472210412,0,0,6.666666666666667,19.63960467321137,ITGA3;ITGB4
GO_Biological_Process_2023,Phosphatidylglycerol Acyl-Chain Remodeling (GO:0036148),2/8,0.0525526002739322,0.773012472210412,0,0,6.666666666666667,19.63960467321137,PLA2G4D;MBOAT2
GO_Biological_Process_2023,Positive Regulation Of Epithelial Cell Proliferation Involved In Wound Healing (GO:0060054),2/8,0.0525526002739322,0.773012472210412,0,0,6.666666666666667,19.63960467321137,MMP12;FZD7
GO_Biological_Process_2023,Positive Regulation Of Megakaryocyte Differentiation (GO:0045654),2/8,0.0525526002739322,0.773012472210412,0,0,6.666666666666667,19.63960467321137,SCIN;TESC
GO_Biological_Process_2023,Proline Transport (GO:0015824),2/8,0.0525526002739322,0.773012472210412,0,0,6.666666666666667,19.63960467321137,SLC6A17;SLC6A15
GO_Biological_Process_2023,Regulation Of Dendritic Spine Morphogenesis (GO:0061001),4/30,0.0526438254778259,0.773012472210412,0,0,3.080161943319838,9.068632266781924,NLGN1;KIF1A;LRP8;TANC2
GO_Biological_Process_2023,Cardiac Muscle Cell Action Potential Involved In Contraction (GO:0086002),4/30,0.0526438254778259,0.773012472210412,0,0,3.080161943319838,9.068632266781924,RYR2;KCNQ1;SCN3B;CACNA1G
GO_Biological_Process_2023,Embryonic Skeletal System Morphogenesis (GO:0048704),4/30,0.0526438254778259,0.773012472210412,0,0,3.080161943319838,9.068632266781924,TFAP2A;HOXB9;TWIST1;SOX11
GO_Biological_Process_2023,Negative Regulation Of Axon Extension (GO:0030517),4/30,0.0526438254778259,0.773012472210412,0,0,3.080161943319838,9.068632266781924,PTPRS;SEMA3C;TRIM46;SEMA3E
GO_Biological_Process_2023,Positive Regulation Of Locomotion (GO:0040017),4/30,0.0526438254778259,0.773012472210412,0,0,3.080161943319838,9.068632266781924,DUOXA2;TWIST1;DUOX2;CCL26
GO_Biological_Process_2023,Skeletal System Morphogenesis (GO:0048705),5/43,0.05266523015974,0.773012472210412,0,0,2.6354611502412513,7.758270034510709,FBN2;TFAP2A;HOXB9;SOX11;RFLNA
GO_Biological_Process_2023,Striated Muscle Contraction (GO:0006941),6/57,0.0534592883005426,0.7794364234219121,0,0,2.3572846860263095,6.904097613133289,RYR2;CCDC78;TNNT1;KCNQ1;STAC2;SCN3B
GO_Biological_Process_2023,Positive Regulation Of Cell Projection Organization (GO:0031346),10/118,0.0555821241819129,0.8050205667936657,0,0,1.85754080351538,5.3680953484350935,CHODL;FZD1;DDR1;ROBO2;NTRK2;NLGN1;TENM3;PTK7;ROR1;PROM2
GO_Biological_Process_2023,Embryonic Organ Morphogenesis (GO:0048562),5/44,0.057185949823097,0.8128112640849766,0,0,2.567750128340223,7.347481012498535,FBN2;RYR2;HOXB9;FOXE1;SOX11
GO_Biological_Process_2023,Modulation Of Excitatory Postsynaptic Potential (GO:0098815),4/31,0.0582523735787383,0.8128112640849766,0,0,2.965925925925926,8.432039732364137,NLGN1;GRIN2A;CHRNA7;GRIN1
GO_Biological_Process_2023,Regulation Of Smooth Muscle Cell Migration (GO:0014910),3/19,0.0593004732093908,0.8128112640849766,0,0,3.751971608832807,10.599837541101158,SERPINE1;CCN4;S100A11
GO_Biological_Process_2023,Cellular Response To Catecholamine Stimulus (GO:0071870),3/19,0.0593004732093908,0.8128112640849766,0,0,3.751971608832807,10.599837541101158,RYR2;KCNQ1;APLP1
GO_Biological_Process_2023,Sphingosine Metabolic Process (GO:0006670),3/19,0.0593004732093908,0.8128112640849766,0,0,3.751971608832807,10.599837541101158,SPTSSB;SGPP2;PLPP2
GO_Biological_Process_2023,Epithelial Structure Maintenance (GO:0010669),3/19,0.0593004732093908,0.8128112640849766,0,0,3.751971608832807,10.599837541101158,TFF2;TFF1;MUC6
GO_Biological_Process_2023,Establishment Of Skin Barrier (GO:0061436),3/19,0.0593004732093908,0.8128112640849766,0,0,3.751971608832807,10.599837541101158,FA2H;ALOXE3;TP63
GO_Biological_Process_2023,Phosphatidylcholine Biosynthetic Process (GO:0006656),3/19,0.0593004732093908,0.8128112640849766,0,0,3.751971608832807,10.599837541101158,PCYT1B;MUC1;SLC44A4
GO_Biological_Process_2023,Positive Regulation Of Cellular Process (GO:0048522),37/594,0.0594649301571084,0.8128112640849766,0,0,1.3393393099424593,3.7801091452557394,RYR2;SLC44A4;TENM4;EPO;LAMA1;CHRNA7;HILPDA;TGFA;TWIST1;LAMC2;TNFRSF11A;MST1R;CXCL5;PTHLH;FGF5;PKHD1;CDH3;RAB25;PDGFD;CXCR2;DUOXA2;FGF20;PRAME;PRSS2;FGF23;DUOX2;NTRK2;GLP2R;LIF;POU3F2;MAPK15;BMP6;SLC6A6;FRMD5;SFRP2;SAPCD2;CEACAM6
GO_Biological_Process_2023,Regulation Of Cell Death (GO:0010941),6/59,0.0613698301426219,0.8182676617114671,0,0,2.268091712443277,6.329874112494077,CHRNA7;CCN6;AGR2;CCN4;AGR3;OLFM4
GO_Biological_Process_2023,Neural Tube Closure (GO:0001843),4/32,0.0641664312293903,0.8182676617114671,0,0,2.8598496240601503,7.853933763916379,VANGL2;LRP2;GRHL2;FOLR1
GO_Biological_Process_2023,Regulation Of Cell Population Proliferation (GO:0042127),46/766,0.0642727465988584,0.8182676617114671,0,0,1.2894579050416055,3.5390714204610965,ATP8A2;CHRM1;EPO;CHRNA7;HILPDA;TGFA;CXCL1;LAMC2;TNFRSF11A;MST1R;CXCL5;RERG;PTHLH;FGF5;PKHD1;SCIN;RAB25;PDGFD;ADORA3;CCN6;CXCR2;FGF20;SPEG;PRAME;FGF23;S100A11;TFAP2A;NTRK2;EGLN3;AVPR1B;TESC;GLP2R;P3H2;LIF;LDOC1;POU3F2;MAPK15;SHCBP1;BMP6;SULT2B1;SFRP2;SAPCD2;CEACAM6;WNK2;MELTF;SMIM22
GO_Biological_Process_2023,Regulation Of Sequestering Of Calcium Ion (GO:0051282),2/9,0.0654763789663954,0.8182676617114671,0,0,5.713985594237695,15.576700869275918,RYR2;UBASH3B
GO_Biological_Process_2023,Dopamine Transport (GO:0015872),2/9,0.0654763789663954,0.8182676617114671,0,0,5.713985594237695,15.576700869275918,MAPK15;SLC6A3
GO_Biological_Process_2023,Synaptic Vesicle Fusion To Presynaptic Active Zone Membrane (GO:0031629),2/9,0.0654763789663954,0.8182676617114671,0,0,5.713985594237695,15.576700869275918,SNAP25;STX19
GO_Biological_Process_2023,Fructose 6-Phosphate Metabolic Process (GO:0006002),2/9,0.0654763789663954,0.8182676617114671,0,0,5.713985594237695,15.576700869275918,HK2;PFKP
GO_Biological_Process_2023,Leucine Transport (GO:0015820),2/9,0.0654763789663954,0.8182676617114671,0,0,5.713985594237695,15.576700869275918,SLC6A17;SLC6A15
GO_Biological_Process_2023,Leukotriene D4 Biosynthetic Process (GO:1901750),2/9,0.0654763789663954,0.8182676617114671,0,0,5.713985594237695,15.576700869275918,GGTLC1;GGT6
GO_Biological_Process_2023,Lung Epithelium Development (GO:0060428),2/9,0.0654763789663954,0.8182676617114671,0,0,5.713985594237695,15.576700869275918,WNT7B;GRHL2
GO_Biological_Process_2023,Negative Regulation Of Cell Adhesion Mediated By Integrin (GO:0033629),2/9,0.0654763789663954,0.8182676617114671,0,0,5.713985594237695,15.576700869275918,MUC1;SERPINE1
GO_Biological_Process_2023,Negative Regulation Of Transcription By Competitive Promoter Binding (GO:0010944),2/9,0.0654763789663954,0.8182676617114671,0,0,5.713985594237695,15.576700869275918,TFAP2A;MUC1
GO_Biological_Process_2023,Organic Hydroxy Compound Catabolic Process (GO:1901616),2/9,0.0654763789663954,0.8182676617114671,0,0,5.713985594237695,15.576700869275918,CYP24A1;FGF23
GO_Biological_Process_2023,Positive Regulation Of Hippo Signaling (GO:0035332),2/9,0.0654763789663954,0.8182676617114671,0,0,5.713985594237695,15.576700869275918,SOX11;FRMD1
GO_Biological_Process_2023,Regulation Of Animal Organ Morphogenesis (GO:2000027),2/9,0.0654763789663954,0.8182676617114671,0,0,5.713985594237695,15.576700869275918,PKHD1;SAPCD2
GO_Biological_Process_2023,Peripheral Nervous System Development (GO:0007422),3/20,0.0673795629023955,0.8372676367473806,0,0,3.5310818333642606,9.524787906065018,UGT8;ADGRB2;GFRA3
GO_Biological_Process_2023,Positive Regulation Of MAP Kinase Activity (GO:0043406),8/91,0.0687255414875332,0.8491681312612153,0,0,1.932092004381161,5.173435949039544,DIRAS1;PDGFD;ADAM9;TGFA;FZD10;MST1R;TNFRSF11A;CD24
GO_Biological_Process_2023,Wnt Signaling Pathway (GO:0016055),7/76,0.0701168757412073,0.8614921755394409,0,0,2.0329492064949575,5.402749091817805,FZD1;SFRP2;FZD7;WNT7B;FZD10;GPC4;CD24
GO_Biological_Process_2023,Regulation Of Neuron Projection Development (GO:0010975),13/174,0.073439124060084,0.8972701917285127,0,0,1.6204843532385924,4.231568296110547,FZD1;DDR1;NTRK2;BRSK2;NLGN1;PTPRS;TENM3;LPAR1;TANC2;PTK7;ROR1;KIF1A;EFHC2
GO_Biological_Process_2023,Positive Regulation Of Synaptic Transmission (GO:0050806),7/77,0.0741198370609291,0.9005560202902897,0,0,2.0038014783526927,5.214035872432402,NLGN1;GRIN2A;CLSTN2;SYT1;CHRNA7;CACNG5;GRIN1
GO_Biological_Process_2023,Aminoglycan Biosynthetic Process (GO:0006023),3/21,0.0759290584436732,0.9024828848712688,0,0,3.334735366281107,8.596800432839697,GALNT5;B3GNT4;B3GNT3
GO_Biological_Process_2023,Skin Epidermis Development (GO:0098773),3/21,0.0759290584436732,0.9024828848712688,0,0,3.334735366281107,8.596800432839697,FA2H;ALOXE3;TP63
GO_Biological_Process_2023,Sodium Ion Import Across Plasma Membrane (GO:0098719),3/21,0.0759290584436732,0.9024828848712688,0,0,3.334735366281107,8.596800432839697,HCN4;SLC9A2;SLC9C1
GO_Biological_Process_2023,Positive Regulation Of Dendritic Spine Development (GO:0060999),3/21,0.0759290584436732,0.9024828848712688,0,0,3.334735366281107,8.596800432839697,NLGN1;FOXO6;LRP8
GO_Biological_Process_2023,Branched-Chain Amino Acid Transport (GO:0015803),2/10,0.079323254295567,0.9130524060231852,0,0,4.999474789915967,12.669788743749017,SLC6A17;SLC6A15
GO_Biological_Process_2023,Thyroid Hormone Generation (GO:0006590),2/10,0.079323254295567,0.9130524060231852,0,0,4.999474789915967,12.669788743749017,FOXE1;DUOX2
GO_Biological_Process_2023,Lens Fiber Cell Differentiation (GO:0070306),2/10,0.079323254295567,0.9130524060231852,0,0,4.999474789915967,12.669788743749017,WNT7B;PLAAT1
GO_Biological_Process_2023,Peptidyl-Proline Hydroxylation (GO:0019511),2/10,0.079323254295567,0.9130524060231852,0,0,4.999474789915967,12.669788743749017,EGLN3;P3H2
GO_Biological_Process_2023,Positive Regulation Of Dendrite Development (GO:1900006),2/10,0.079323254295567,0.9130524060231852,0,0,4.999474789915967,12.669788743749017,VLDLR;LRP8
GO_Biological_Process_2023,Regulation Of Amyloid Precursor Protein Biosynthetic Process (GO:0042984),2/10,0.079323254295567,0.9130524060231852,0,0,4.999474789915967,12.669788743749017,BACE2;NECAB1
GO_Biological_Process_2023,Adenylate Cyclase-Activating G Protein-Coupled Receptor Signaling Pathway (GO:0007189),9/110,0.079801658721503,0.913749882847786,0,0,1.7864214992927865,4.51645046506673,ADGRF2;CALCR;ADGRF1;ADGRB2;ADGRG7;GIPR;ADORA2B;ADGRF4;PTHLH
GO_Biological_Process_2023,Positive Regulation Of Nervous System Development (GO:0051962),5/49,0.0830015832309859,0.919500431183274,0,0,2.2753616246766932,5.663137527637245,NLGN1;CLSTN2;RASSF10;SOX11;LRP2
GO_Biological_Process_2023,Regulation Of Cell Communication (GO:0010646),5/49,0.0830015832309859,0.919500431183274,0,0,2.2753616246766932,5.663137527637245,HCN4;RYR2;VEPH1;ITGB8;ITGB6
GO_Biological_Process_2023,Glutamate Receptor Signaling Pathway (GO:0007215),4/35,0.0836954235709594,0.919500431183274,0,0,2.5826825127334465,6.406527290485861,GRIN2A;GRIN3B;GRM7;GRIN1
GO_Biological_Process_2023,Neutral Amino Acid Transport (GO:0015804),4/35,0.0836954235709594,0.919500431183274,0,0,2.5826825127334465,6.406527290485861,SLC6A6;SLC6A17;SLC6A15;SLC7A10
GO_Biological_Process_2023,Regulation Of Cardiac Muscle Contraction (GO:0055117),4/35,0.0836954235709594,0.919500431183274,0,0,2.5826825127334465,6.406527290485861,HCN4;CHGA;RYR2;KCNQ1
GO_Biological_Process_2023,Regulation Of Dopamine Secretion (GO:0014059),3/22,0.0849287092359494,0.919500431183274,0,0,3.1590569483646025,7.790054650465158,SYT1;FGF20;SYT13
GO_Biological_Process_2023,Acetylcholine Receptor Signaling Pathway (GO:0095500),3/22,0.0849287092359494,0.919500431183274,0,0,3.1590569483646025,7.790054650465158,CHRM1;CHRNA7;LYPD1
GO_Biological_Process_2023,Vesicle Transport Along Microtubule (GO:0047496),3/22,0.0849287092359494,0.919500431183274,0,0,3.1590569483646025,7.790054650465158,BICDL2;CDR2L;KIF1A
GO_Biological_Process_2023,Membrane Protein Ectodomain Proteolysis (GO:0006509),3/22,0.0849287092359494,0.919500431183274,0,0,3.1590569483646025,7.790054650465158,BACE2;MMP7;ADAM9
GO_Biological_Process_2023,Negative Regulation Of Cell Communication (GO:0010648),3/22,0.0849287092359494,0.919500431183274,0,0,3.1590569483646025,7.790054650465158,UBASH3B;LIF;FGF23
GO_Biological_Process_2023,Positive Regulation Of Excitatory Postsynaptic Potential (GO:2000463),3/22,0.0849287092359494,0.919500431183274,0,0,3.1590569483646025,7.790054650465158,NLGN1;GRIN2A;GRIN1
GO_Biological_Process_2023,Canonical Wnt Signaling Pathway (GO:0060070),6/65,0.089027245773517,0.9466356882197536,0,0,2.0367946792533793,4.926625089650564,FZD1;CDH3;SFRP2;FZD7;WNT7B;FZD10
GO_Biological_Process_2023,Adenylate Cyclase-Modulating G Protein-Coupled Receptor Signaling Pathway (GO:0007188),12/163,0.0902987987808026,0.9466356882197536,0,0,1.5940439532627495,3.833087698553736,ADGRF2;CALCR;ADGRF1;ADGRB2;ADGRG7;GIPR;ADORA2B;ADGRF4;GLP2R;LPAR1;SCTR;PTHLH
GO_Biological_Process_2023,Neural Crest Cell Migration (GO:0001755),4/36,0.0907810842750228,0.9466356882197536,0,0,2.501842105263158,6.002680616247609,SEMA3C;SEMA3E;PITX2;FOLR1
GO_Biological_Process_2023,Cellular Response To Acetylcholine (GO:1905145),2/11,0.0939759626404508,0.9466356882197536,0,0,4.4437441643324,10.508194018482934,CHRNA7;LYPD1
GO_Biological_Process_2023,Regulation Of Ventricular Cardiac Muscle Cell Action Potential (GO:0098911),2/11,0.0939759626404508,0.9466356882197536,0,0,4.4437441643324,10.508194018482934,RYR2;DSG2
GO_Biological_Process_2023,Sphingoid Metabolic Process (GO:0046519),2/11,0.0939759626404508,0.9466356882197536,0,0,4.4437441643324,10.508194018482934,PLPP2;SGPP2
GO_Biological_Process_2023,Leukotriene D4 Metabolic Process (GO:1901748),2/11,0.0939759626404508,0.9466356882197536,0,0,4.4437441643324,10.508194018482934,GGTLC1;GGT6
GO_Biological_Process_2023,Negative Regulation Of Myotube Differentiation (GO:0010832),2/11,0.0939759626404508,0.9466356882197536,0,0,4.4437441643324,10.508194018482934,CEACAM5;BHLHE41
GO_Biological_Process_2023,Neurotransmitter Biosynthetic Process (GO:0042136),2/11,0.0939759626404508,0.9466356882197536,0,0,4.4437441643324,10.508194018482934,SLC44A4;GAD1
GO_Biological_Process_2023,Podocyte Differentiation (GO:0072112),2/11,0.0939759626404508,0.9466356882197536,0,0,4.4437441643324,10.508194018482934,CD24;PROM1
GO_Biological_Process_2023,Presynapse Organization (GO:0099172),2/11,0.0939759626404508,0.9466356882197536,0,0,4.4437441643324,10.508194018482934,FZD1;NLGN1
GO_Biological_Process_2023,Regulation Of Cellular Response To Transforming Growth Factor Beta Stimulus (GO:1903844),3/23,0.0943570814994501,0.9466356882197536,0,0,3.000946372239748,7.084240934603807,ITGA3;SOX11;FOLR1
GO_Biological_Process_2023,Cell-Cell Signaling By Wnt (GO:0198738),3/23,0.0943570814994501,0.9466356882197536,0,0,3.000946372239748,7.084240934603807,WNT7B;GPC4;CD24
GO_Biological_Process_2023,Long-Chain fatty-acyl-CoA Metabolic Process (GO:0035336),3/23,0.0943570814994501,0.9466356882197536,0,0,3.000946372239748,7.084240934603807,HACD1;ELOVL3;ELOVL7
GO_Biological_Process_2023,Amide Biosynthetic Process (GO:0043604),5/51,0.0947934228258463,0.9466356882197536,0,0,2.176203784303844,5.127256354565701,PCSK1;FA2H;SPTSSB;ALOXE3;PNPLA1
GO_Biological_Process_2023,Regulation Of Synapse Assembly (GO:0051963),5/51,0.0947934228258463,0.9466356882197536,0,0,2.176203784303844,5.127256354565701,ROBO2;NLGN1;LRFN4;CLSTN2;GPC4
GO_Biological_Process_2023,Regulated Exocytosis (GO:0045055),5/51,0.0947934228258463,0.9466356882197536,0,0,2.176203784303844,5.127256354565701,SNAP25;PCLO;SCIN;SYT13;SYNGR3
GO_Biological_Process_2023,Epithelial Cell Differentiation (GO:0030855),10/132,0.0998881942122373,0.9591284283768442,0,0,1.6431647679911086,3.78536488121046,KRT19;DLX3;DMBT1;MCIDAS;KRT4;KRT17;FZD7;PLAAT1;GRHL2;OVOL2
GO_Biological_Process_2023,Regulation Of Endoplasmic Reticulum Stress-Induced Intrinsic Apoptotic Signaling Pathway (GO:1902235),3/24,0.1041918138824328,0.9591284283768442,0,0,2.857893946222022,6.463189216656018,CREB3L1;PMAIP1;RNF183
GO_Biological_Process_2023,Response To Purine-Containing Compound (GO:0014074),3/24,0.1041918138824328,0.9591284283768442,0,0,2.857893946222022,6.463189216656018,RYR2;ADORA1;DUOX2
GO_Biological_Process_2023,Lipid Translocation (GO:0034204),3/24,0.1041918138824328,0.9591284283768442,0,0,2.857893946222022,6.463189216656018,ABCC1;ATP8A2;ATP10B
GO_Biological_Process_2023,Outflow Tract Septum Morphogenesis (GO:0003148),3/24,0.1041918138824328,0.9591284283768442,0,0,2.857893946222022,6.463189216656018,ROBO2;SEMA3C;LRP2
GO_Biological_Process_2023,Regulation Of AMPA Receptor Activity (GO:2000311),3/24,0.1041918138824328,0.9591284283768442,0,0,2.857893946222022,6.463189216656018,NLGN1;SHISA9;CACNG5
GO_Biological_Process_2023,Response To Peptide (GO:1901652),4/38,0.1057733859017967,0.9591284283768442,0,0,2.3544272445820433,5.28911801589847,MMP12;CALCR;CHRNA7;CACNA1B
GO_Biological_Process_2023,Atrial Cardiac Muscle Cell Action Potential (GO:0086014),2/12,0.109326306758722,0.9591284283768442,0,0,3.999159663865546,8.851812899809927,KCNQ1;SCN3B
GO_Biological_Process_2023,Response To Iron Ion (GO:0010039),2/12,0.109326306758722,0.9591284283768442,0,0,3.999159663865546,8.851812899809927,TFAP2A;BMP6
GO_Biological_Process_2023,Steroid Catabolic Process (GO:0006706),2/12,0.109326306758722,0.9591284283768442,0,0,3.999159663865546,8.851812899809927,CYP24A1;FGF23
GO_Biological_Process_2023,Synaptic Membrane Adhesion (GO:0099560),2/12,0.109326306758722,0.9591284283768442,0,0,3.999159663865546,8.851812899809927,LRFN4;PTPRS
GO_Biological_Process_2023,Negative Regulation Of Locomotion (GO:0040013),2/12,0.109326306758722,0.9591284283768442,0,0,3.999159663865546,8.851812899809927,FRMD5;SPINT2
GO_Biological_Process_2023,Negative Regulation Of Substrate Adhesion-Dependent Cell Spreading (GO:1900025),2/12,0.109326306758722,0.9591284283768442,0,0,3.999159663865546,8.851812899809927,MELTF;EFNA5
GO_Biological_Process_2023,Phosphate Ion Homeostasis (GO:0055062),2/12,0.109326306758722,0.9591284283768442,0,0,3.999159663865546,8.851812899809927,SLC34A2;FGF23
GO_Biological_Process_2023,Positive Regulation Of Alcohol Biosynthetic Process (GO:1902932),2/12,0.109326306758722,0.9591284283768442,0,0,3.999159663865546,8.851812899809927,AVPR1B;BMP6
GO_Biological_Process_2023,Positive Regulation Of Reactive Oxygen Species Biosynthetic Process (GO:1903428),2/12,0.109326306758722,0.9591284283768442,0,0,3.999159663865546,8.851812899809927,DUOXA2;GRIN1
GO_Biological_Process_2023,Positive Regulation Of Ruffle Assembly (GO:1900029),2/12,0.109326306758722,0.9591284283768442,0,0,3.999159663865546,8.851812899809927,NLGN1;EPS8L1
GO_Biological_Process_2023,Positive Regulation Of Sodium Ion Transmembrane Transporter Activity (GO:2000651),2/12,0.109326306758722,0.9591284283768442,0,0,3.999159663865546,8.851812899809927,TESC;WNK2
GO_Biological_Process_2023,Positive Regulation Of Vasoconstriction (GO:0045907),2/12,0.109326306758722,0.9591284283768442,0,0,3.999159663865546,8.851812899809927,OXTR;AVPR1B
GO_Biological_Process_2023,Regulation Of Monoatomic Ion Transmembrane Transporter Activity (GO:0032412),6/69,0.1106660095539718,0.9591284283768442,0,0,1.907072533654812,4.197921553013517,HCN4;NLGN1;FXYD3;SHISA9;SCN3B;CACNG5
GO_Biological_Process_2023,Regulation Of Mitochondrial Membrane Potential (GO:0051881),4/39,0.1136634756818862,0.9591284283768442,0,0,2.2870375939849623,4.97319335454751,CCN6;PMAIP1;SLC4A11;SLC25A36
GO_Biological_Process_2023,Carboxylic Acid Transmembrane Transport (GO:1905039),4/39,0.1136634756818862,0.9591284283768442,0,0,2.2870375939849623,4.97319335454751,ABCC1;SLC6A8;SLC7A10;SLC16A3
GO_Biological_Process_2023,Vesicle Cytoskeletal Trafficking (GO:0099518),4/39,0.1136634756818862,0.9591284283768442,0,0,2.2870375939849623,4.97319335454751,BICDL2;KIF1A;CDR2L;TANC2
GO_Biological_Process_2023,Vitamin Transport (GO:0051180),4/39,0.1136634756818862,0.9591284283768442,0,0,2.2870375939849623,4.97319335454751,SLC35F3;TCN1;LRP2;FOLR1
GO_Biological_Process_2023,Negative Regulation Of Cell-Substrate Adhesion (GO:0010812),4/39,0.1136634756818862,0.9591284283768442,0,0,2.2870375939849623,4.97319335454751,FZD7;SEMA3E;MELTF;EFNA5
GO_Biological_Process_2023,Calcium Ion Homeostasis (GO:0055074),8/102,0.1139609446301647,0.9591284283768442,0,0,1.7050065224236426,3.7031027798727223,PKHD1;RYR2;CHRNA7;TMTC2;HTR2C;ITPR3;ATP2C2;GRIN1
GO_Biological_Process_2023,Regulation Of Chondrocyte Differentiation (GO:0032330),3/25,0.1144098468070424,0.9591284283768442,0,0,2.727846286205908,5.913883812721821,SCIN;MBOAT2;PTHLH
GO_Biological_Process_2023,fatty-acyl-CoA Biosynthetic Process (GO:0046949),3/25,0.1144098468070424,0.9591284283768442,0,0,2.727846286205908,5.913883812721821,HACD1;ELOVL3;ELOVL7
GO_Biological_Process_2023,Neutrophil Chemotaxis (GO:0030593),6/70,0.1164600215873565,0.9591284283768442,0,0,1.8771756329113924,4.036316612629219,CXCR1;CXCR2;CXCL1;CXCL3;CXCL5;CCL26
GO_Biological_Process_2023,Cellular Response To Fibroblast Growth Factor Stimulus (GO:0044344),5/55,0.1207547979429213,0.9591284283768442,0,0,2.001685985247629,4.231550666881482,FGF5;GALNT3;FGF20;FGF23;SHCBP1
GO_Biological_Process_2023,Ceramide Metabolic Process (GO:0006672),5/55,0.1207547979429213,0.9591284283768442,0,0,2.001685985247629,4.231550666881482,FA2H;SPTSSB;PLPP2;ALOXE3;PNPLA1
GO_Biological_Process_2023,Phosphatidylcholine Metabolic Process (GO:0046470),5/55,0.1207547979429213,0.9591284283768442,0,0,2.001685985247629,4.231550666881482,PCYT1B;MUC1;SLC44A4;PLAAT1;MBOAT2
GO_Biological_Process_2023,Positive Regulation Of Cell Population Proliferation (GO:0008284),29/483,0.1208596484629089,0.9591284283768442,0,0,1.2838861769258243,2.7130124098797097,EPO;CHRNA7;HILPDA;TGFA;LAMC2;TNFRSF11A;MST1R;CXCL5;PTHLH;FGF5;PKHD1;RASSF10;RAB25;PDGFD;CXCR2;FGF20;CCN4;PRAME;FGF23;NTRK2;GLP2R;LIF;SOX11;POU3F2;MAPK15;BMP6;SFRP2;SAPCD2;CEACAM6
GO_Biological_Process_2023,Negative Regulation Of Secretion By Cell (GO:1903531),4/40,0.1218042695538145,0.9591284283768442,0,0,2.223391812865497,4.680995431397264,CHGA;GRM7;LIF;FGF23
GO_Biological_Process_2023,Neuron Differentiation (GO:0030182),12/173,0.1246905313103297,0.9591284283768442,0,0,1.4942437789294616,3.1108965475502344,FZD1;NTRK2;BRSK2;ATP8A2;TENM3;TENM4;FZD7;WNT7B;SOX11;FZD10;PITX2;POU3F2
GO_Biological_Process_2023,Calcium-Ion Regulated Exocytosis (GO:0017156),3/26,0.1249876277386978,0.9591284283768442,0,0,2.609107118365108,5.425743985842358,SCIN;SYT1;SYT13
GO_Biological_Process_2023,Regulation Of Vasoconstriction (GO:0019229),3/26,0.1249876277386978,0.9591284283768442,0,0,2.609107118365108,5.425743985842358,OXTR;AVPR1B;KCNMB4
GO_Biological_Process_2023,Plasma Membrane Invagination (GO:0099024),3/26,0.1249876277386978,0.9591284283768442,0,0,2.609107118365108,5.425743985842358,SPIRE1;HAVCR1;GULP1
GO_Biological_Process_2023,Regulation Of Cardiac Muscle Cell Contraction (GO:0086004),3/26,0.1249876277386978,0.9591284283768442,0,0,2.609107118365108,5.425743985842358,HCN4;RYR2;DSG2
GO_Biological_Process_2023,Antigen Processing And Presentation Of Endogenous Peptide Antigen Via MHC Class I Via ER Pathway (GO:0002484),2/13,0.1252745591257844,0.9591284283768442,0,0,3.6354087089381206,7.551643569937574,ULBP2;ULBP1
GO_Biological_Process_2023,"Antigen Processing And Presentation Of Endogenous Peptide Antigen Via MHC Class I Via ER Pathway, TAP-independent (GO:0002486)",2/13,0.1252745591257844,0.9591284283768442,0,0,3.6354087089381206,7.551643569937574,ULBP2;ULBP1
GO_Biological_Process_2023,Antigen Processing And Presentation Of Endogenous Peptide Antigen Via MHC Class Ib (GO:0002476),2/13,0.1252745591257844,0.9591284283768442,0,0,3.6354087089381206,7.551643569937574,ULBP2;ULBP1
GO_Biological_Process_2023,Antigen Processing And Presentation Of Peptide Antigen Via MHC Class Ib (GO:0002428),2/13,0.1252745591257844,0.9591284283768442,0,0,3.6354087089381206,7.551643569937574,ULBP2;ULBP1
GO_Biological_Process_2023,Branching Involved In Blood Vessel Morphogenesis (GO:0001569),2/13,0.1252745591257844,0.9591284283768442,0,0,3.6354087089381206,7.551643569937574,SFRP2;SEMA3E
GO_Biological_Process_2023,Cardiac Left Ventricle Morphogenesis (GO:0003214),2/13,0.1252745591257844,0.9591284283768442,0,0,3.6354087089381206,7.551643569937574,RYR2;SFRP2
GO_Biological_Process_2023,Membrane Depolarization During Action Potential (GO:0086010),2/13,0.1252745591257844,0.9591284283768442,0,0,3.6354087089381206,7.551643569937574,HCN4;SCN3B
GO_Biological_Process_2023,Negative Regulation Of NLRP3 Inflammasome Complex Assembly (GO:1900226),2/13,0.1252745591257844,0.9591284283768442,0,0,3.6354087089381206,7.551643569937574,FBXL2;TRIM31
GO_Biological_Process_2023,Negative Regulation Of Bone Mineralization (GO:0030502),2/13,0.1252745591257844,0.9591284283768442,0,0,3.6354087089381206,7.551643569937574,FGF23;RFLNA
GO_Biological_Process_2023,Negative Regulation Of Fibroblast Growth Factor Receptor Signaling Pathway (GO:0040037),2/13,0.1252745591257844,0.9591284283768442,0,0,3.6354087089381206,7.551643569937574,CREB3L1;SHISA2
GO_Biological_Process_2023,Potassium Ion Export Across Plasma Membrane (GO:0097623),2/13,0.1252745591257844,0.9591284283768442,0,0,3.6354087089381206,7.551643569937574,KCNK5;KCNQ1
GO_Biological_Process_2023,Protein Hydroxylation (GO:0018126),2/13,0.1252745591257844,0.9591284283768442,0,0,3.6354087089381206,7.551643569937574,EGLN3;P3H2
GO_Biological_Process_2023,Protein Localization To Synapse (GO:0035418),2/13,0.1252745591257844,0.9591284283768442,0,0,3.6354087089381206,7.551643569937574,NLGN1;PCLO
GO_Biological_Process_2023,Regulation Of Cell Projection Organization (GO:0031344),2/13,0.1252745591257844,0.9591284283768442,0,0,3.6354087089381206,7.551643569937574,PIFO;PROM2
GO_Biological_Process_2023,Positive Regulation Of Cell Adhesion (GO:0045785),7/88,0.1267130807460215,0.9591284283768442,0,0,1.7306764702048052,3.5752832947453324,FRMD5;SFRP2;LAMA1;AGR2;LIF;ADAM9;PRSS2
GO_Biological_Process_2023,Positive Regulation Of Ossification (GO:0045778),4/41,0.1301862500176512,0.9591284283768442,0,0,2.1631863442389756,4.410280872739576,FBN2;TFAP2A;SOX11;BMP6
GO_Biological_Process_2023,Positive Regulation Of Epithelial Cell Proliferation (GO:0050679),9/123,0.1335000301463881,0.9591284283768442,0,0,1.5816207184628237,3.184836214542685,PKHD1;MMP12;CDH3;FZD7;PTPRN;TGFA;SOX11;BMP6;CCL26
GO_Biological_Process_2023,Regulation Of Cell Motility (GO:2000145),9/123,0.1335000301463881,0.9591284283768442,0,0,1.5816207184628237,3.184836214542685,FGF5;FRMD5;TMSB15A;DUOXA2;FGF20;TWIST1;SPINT2;FGF23;DUOX2
GO_Biological_Process_2023,Response To Calcium Ion (GO:0051592),8/106,0.1336190957148605,0.9591284283768442,0,0,1.63506924968719,3.2910054102624007,RYR2;NLGN1;SYT1;ADAM9;KCNMB4;ITPR3;SYT13;SLC25A24
GO_Biological_Process_2023,Granulocyte Chemotaxis (GO:0071621),6/73,0.1347240756048029,0.9591284283768442,0,0,1.7928395994709994,3.593794445319605,CXCR1;CXCR2;CXCL1;CXCL3;CXCL5;CCL26
GO_Biological_Process_2023,Chemokine-Mediated Signaling Pathway (GO:0070098),5/57,0.1348561979070295,0.9591284283768442,0,0,1.9244954202804572,3.855815618937041,TFF2;CXCL1;CXCL3;CXCL5;CCL26
GO_Biological_Process_2023,Activation Of Phospholipase C Activity (GO:0007202),3/27,0.1359012942902678,0.9591284283768442,0,0,2.500262881177708,4.990090750271878,AVPR1B;LPAR1;LPAR2
GO_Biological_Process_2023,Regulation Of Transcription Regulatory Region DNA Binding (GO:2000677),3/27,0.1359012942902678,0.9591284283768442,0,0,2.500262881177708,4.990090750271878,MSX2;TWIST1;SOX11
GO_Biological_Process_2023,"Synaptic Transmission, Glutamatergic (GO:0035249)",3/27,0.1359012942902678,0.9591284283768442,0,0,2.500262881177708,4.990090750271878,UNC13C;GRIN2A;GRIN3B
GO_Biological_Process_2023,Regulation Of SMAD Protein Signal Transduction (GO:0060390),3/27,0.1359012942902678,0.9591284283768442,0,0,2.500262881177708,4.990090750271878,VEPH1;BMP6;OVOL2
GO_Biological_Process_2023,Regulation Of Catecholamine Secretion (GO:0050433),3/27,0.1359012942902678,0.9591284283768442,0,0,2.500262881177708,4.990090750271878,SYT1;FGF20;SYT13
GO_Biological_Process_2023,Regulation Of Phosphatidylinositol 3-Kinase Signaling (GO:0014066),7/90,0.1378918537465604,0.9591284283768442,0,0,1.688795307947736,3.3459857735720813,DDR1;NTRK2;PDGFD;TWIST1;ROR1;SEMA3E;FBXL2
GO_Biological_Process_2023,Ceramide Biosynthetic Process (GO:0046513),4/42,0.1387995075542446,0.9591284283768442,0,0,2.106149584487534,4.15906577233803,FA2H;SPTSSB;ALOXE3;PNPLA1
GO_Biological_Process_2023,Monoatomic Cation Transport (GO:0006812),4/42,0.1387995075542446,0.9591284283768442,0,0,2.106149584487534,4.15906577233803,HCN4;GRIN2A;LRP2;GRIN1
GO_Biological_Process_2023,Regulation Of Axonogenesis (GO:0050770),4/42,0.1387995075542446,0.9591284283768442,0,0,2.106149584487534,4.15906577233803,CHODL;ROBO2;NTRK2;BRSK2
GO_Biological_Process_2023,Positive Regulation Of Phosphorylation (GO:0042327),15/231,0.1406708460516545,0.9591284283768442,0,0,1.392586676133002,2.731325566552518,DDR1;NTRK2;LIMCH1;FZD7;CHRNA7;PIFO;PELI2;MST1R;EFNA5;FGF5;FGF20;ROR1;ADTRP;FGF23;PROM2
GO_Biological_Process_2023,Regulation Of Extracellular Matrix Disassembly (GO:0010715),2/14,0.1417289014908976,0.9591284283768442,0,0,3.3322829131652663,6.510744949743196,DDR1;MELTF
GO_Biological_Process_2023,Calcium Ion-Regulated Exocytosis Of Neurotransmitter (GO:0048791),2/14,0.1417289014908976,0.9591284283768442,0,0,3.3322829131652663,6.510744949743196,UNC13C;SYT1
GO_Biological_Process_2023,Embryonic Cranial Skeleton Morphogenesis (GO:0048701),2/14,0.1417289014908976,0.9591284283768442,0,0,3.3322829131652663,6.510744949743196,TFAP2A;TWIST1
GO_Biological_Process_2023,Synaptic Vesicle Membrane Organization (GO:0048499),2/14,0.1417289014908976,0.9591284283768442,0,0,3.3322829131652663,6.510744949743196,SNAP25;STX19
GO_Biological_Process_2023,Negative Regulation Of Chondrocyte Differentiation (GO:0032331),2/14,0.1417289014908976,0.9591284283768442,0,0,3.3322829131652663,6.510744949743196,PTHLH;RFLNA
GO_Biological_Process_2023,Negative Regulation Of Transcription Regulatory Region DNA Binding (GO:2000678),2/14,0.1417289014908976,0.9591284283768442,0,0,3.3322829131652663,6.510744949743196,MSX2;SOX11
GO_Biological_Process_2023,Regulation Of Bone Mineralization (GO:0030500),5/58,0.1421697468170178,0.9591284283768442,0,0,1.8880847764280175,3.6831502906463744,FBN2;TFAP2A;TWIST1;FGF23;BMP6
GO_Biological_Process_2023,Regulation Of Epithelial Cell Proliferation (GO:0050678),7/91,0.1436557146464641,0.9591284283768442,0,0,1.6686026047166491,3.237649224088284,CDKN1C;PKHD1;SFRP2;KRT4;TGFA;SGPP2;BMP6
GO_Biological_Process_2023,Negative Regulation Of Signaling (GO:0023057),3/28,0.147126837065618,0.9591284283768442,0,0,2.4001261829652996,4.599746369559947,UBASH3B;LIF;FGF23
GO_Biological_Process_2023,Primary Neural Tube Formation (GO:0014020),3/28,0.147126837065618,0.9591284283768442,0,0,2.4001261829652996,4.599746369559947,VANGL2;LRP2;GRHL2
GO_Biological_Process_2023,Regulation Of Calcium Ion-Dependent Exocytosis (GO:0017158),3/28,0.147126837065618,0.9591284283768442,0,0,2.4001261829652996,4.599746369559947,DOC2A;SYT1;SYT13
GO_Biological_Process_2023,Regulation Of Cardiac Muscle Cell Action Potential (GO:0098901),3/28,0.147126837065618,0.9591284283768442,0,0,2.4001261829652996,4.599746369559947,HCN4;RYR2;DSG2
GO_Biological_Process_2023,Positive Regulation Of Neurogenesis (GO:0050769),6/75,0.1476048897797871,0.9591284283768442,0,0,1.7406897816914328,3.330315957002038,ROBO2;CHODL;NTRK2;RASSF10;SOX11;LRP2
GO_Biological_Process_2023,Neurotransmitter Secretion (GO:0007269),4/43,0.1476337955364608,0.9591284283768442,0,0,2.052037786774629,3.925590200973478,SNAP25;PCLO;DOC2A;SYT1
GO_Biological_Process_2023,Regulation Of Cell-Cell Adhesion (GO:0022407),4/43,0.1476337955364608,0.9591284283768442,0,0,2.052037786774629,3.925590200973478,PKHD1;TENM3;SPINT2;EFNA5
GO_Biological_Process_2023,Cellular Response To Chemokine (GO:1990869),5/59,0.1496512228485501,0.9591284283768442,0,0,1.8530226749404832,3.519719979141612,TFF2;CXCL1;CXCL3;CXCL5;CCL26
GO_Biological_Process_2023,Phospholipid Transport (GO:0015914),5/59,0.1496512228485501,0.9591284283768442,0,0,1.8530226749404832,3.519719979141612,ABCC1;ATP8A2;ATP10B;ABCA12;PRELID3A
GO_Biological_Process_2023,Nitrogen Compound Transport (GO:0071705),11/163,0.1564294556302838,0.9591284283768442,0,0,1.4499776748339566,2.689926276854327,SLC7A4;SLC6A6;SLC6A19;ABCC1;SLC6A8;SLC35F3;TCN1;SLC6A15;LRP2;SLC7A10;SLC6A3
GO_Biological_Process_2023,Response To Retinoic Acid (GO:0032526),5/60,0.1572948660317071,0.9591284283768442,0,0,1.8192355589615865,3.364918320232616,PTK7;TESC;FZD7;WNT7B;FZD10
GO_Biological_Process_2023,Cardiac Myofibril Assembly (GO:0055003),2/15,0.1586048985141196,0.9591284283768442,0,0,3.07579185520362,5.663575758136211,FHOD3;NEBL
GO_Biological_Process_2023,Regulation Of Systemic Arterial Blood Pressure By Hormone (GO:0001990),2/15,0.1586048985141196,0.9591284283768442,0,0,3.07579185520362,5.663575758136211,OXTR;AVPR1B
GO_Biological_Process_2023,Dendritic Cell Chemotaxis (GO:0002407),2/15,0.1586048985141196,0.9591284283768442,0,0,3.07579185520362,5.663575758136211,CXCR1;CXCR2
GO_Biological_Process_2023,Glutamine Family Amino Acid Catabolic Process (GO:0009065),2/15,0.1586048985141196,0.9591284283768442,0,0,3.07579185520362,5.663575758136211,AOC1;GAD1
GO_Biological_Process_2023,Keratan Sulfate Biosynthetic Process (GO:0018146),2/15,0.1586048985141196,0.9591284283768442,0,0,3.07579185520362,5.663575758136211,B3GNT4;B3GNT3
GO_Biological_Process_2023,Negative Regulation Of DNA Replication (GO:0008156),2/15,0.1586048985141196,0.9591284283768442,0,0,3.07579185520362,5.663575758136211,MCIDAS;S100A11
GO_Biological_Process_2023,Negative Regulation Of Cation Transmembrane Transport (GO:1904063),2/15,0.1586048985141196,0.9591284283768442,0,0,3.07579185520362,5.663575758136211,EPO;TWIST1
GO_Biological_Process_2023,Regulation Of Monoatomic Ion Transmembrane Transport (GO:0034765),3/29,0.1586402440301428,0.9591284283768442,0,0,2.3076923076923075,4.248729822711106,GRIN2A;KCNJ16;GRIN1
GO_Biological_Process_2023,Sarcomere Organization (GO:0045214),3/29,0.1586402440301428,0.9591284283768442,0,0,2.3076923076923075,4.248729822711106,FHOD3;KRT19;TNNT1
GO_Biological_Process_2023,Glycolytic Process (GO:0006096),3/29,0.1586402440301428,0.9591284283768442,0,0,2.3076923076923075,4.248729822711106,PKM;ENO2;HK2
GO_Biological_Process_2023,Neutrophil Migration (GO:1990266),6/77,0.1610180088254122,0.9591284283768442,0,0,1.6914779818149404,3.089043166615547,CXCR1;CXCR2;CXCL1;CXCL3;CXCL5;CCL26
GO_Biological_Process_2023,Intrinsic Apoptotic Signaling Pathway In Response To Endoplasmic Reticulum Stress (GO:0070059),3/30,0.1704176276502803,0.9591284283768442,0,0,2.222105386143241,3.9320226388162904,ERN2;BRSK2;RNF186
GO_Biological_Process_2023,Negative Regulation Of Epithelial To Mesenchymal Transition (GO:0010719),3/30,0.1704176276502803,0.9591284283768442,0,0,2.222105386143241,3.9320226388162904,SFRP2;IL17RD;OVOL2
GO_Biological_Process_2023,"Phagocytosis, Engulfment (GO:0006911)",3/30,0.1704176276502803,0.9591284283768442,0,0,2.222105386143241,3.9320226388162904,HAVCR1;GULP1;XKR5
GO_Biological_Process_2023,Phospholipid Dephosphorylation (GO:0046839),3/30,0.1704176276502803,0.9591284283768442,0,0,2.222105386143241,3.9320226388162904,PLPP4;SGPP2;PLPP2
GO_Biological_Process_2023,Positive Regulation Of Cell Communication (GO:0010647),3/30,0.1704176276502803,0.9591284283768442,0,0,2.222105386143241,3.9320226388162904,CLSTN2;SYT1;SOX11
GO_Biological_Process_2023,Skeletal System Development (GO:0001501),10/149,0.1748938578249354,0.9591284283768442,0,0,1.4409065967564931,2.5123301830910307,EXTL1;DLX5;SHOX2;CDH11;ALX4;COL10A1;ITGB8;BMP6;PTHLH;RFLNA
GO_Biological_Process_2023,Apoptotic Nuclear Changes (GO:0030262),2/16,0.1758250035287634,0.9591284283768442,0,0,2.85594237695078,4.964387750915789,ERN2;FOXL2
GO_Biological_Process_2023,Regulation Of Plasminogen Activation (GO:0010755),2/16,0.1758250035287634,0.9591284283768442,0,0,2.85594237695078,4.964387750915789,SERPINE1;MELTF
GO_Biological_Process_2023,Regulation Of Presynapse Assembly (GO:1905606),2/16,0.1758250035287634,0.9591284283768442,0,0,2.85594237695078,4.964387750915789,LRFN4;GPC4
GO_Biological_Process_2023,Regulation Of Presynapse Organization (GO:0099174),2/16,0.1758250035287634,0.9591284283768442,0,0,2.85594237695078,4.964387750915789,LRFN4;GPC4
GO_Biological_Process_2023,Regulation Of Transforming Growth Factor Beta Production (GO:0071634),2/16,0.1758250035287634,0.9591284283768442,0,0,2.85594237695078,4.964387750915789,ITGB8;ITGB6
GO_Biological_Process_2023,Stabilization Of Membrane Potential (GO:0030322),2/16,0.1758250035287634,0.9591284283768442,0,0,2.85594237695078,4.964387750915789,KCNK5;KCNK2
GO_Biological_Process_2023,Negative Regulation Of Amyloid-Beta Formation (GO:1902430),2/16,0.1758250035287634,0.9591284283768442,0,0,2.85594237695078,4.964387750915789,NTRK2;CHRNA7
GO_Biological_Process_2023,Negative Regulation Of Anoikis (GO:2000811),2/16,0.1758250035287634,0.9591284283768442,0,0,2.85594237695078,4.964387750915789,CEACAM6;CEACAM5
GO_Biological_Process_2023,Positive Regulation Of Smooth Muscle Cell Migration (GO:0014911),2/16,0.1758250035287634,0.9591284283768442,0,0,2.85594237695078,4.964387750915789,CCN4;S100A11
GO_Biological_Process_2023,Protein Localization To Mitochondrion (GO:0070585),2/16,0.1758250035287634,0.9591284283768442,0,0,2.85594237695078,4.964387750915789,RNF186;HK2
GO_Biological_Process_2023,Neuron Development (GO:0048666),10/150,0.1799724742526747,0.9591284283768442,0,0,1.430538740920097,2.4533043601376257,ROBO2;GPRIN2;NTRK2;NLGN1;ATP8A2;SLC44A4;TENM3;ADGRF1;TENM4;POU3F2
GO_Biological_Process_2023,Regulation Of Transmembrane Receptor Protein Serine/Threonine Kinase Signaling Pathway (GO:0090092),3/31,0.1824353367102522,0.9591284283768442,0,0,2.1426318161333935,3.6453869699722263,ITGA3;SOX11;FOLR1
GO_Biological_Process_2023,Negative Regulation Of Cell-Matrix Adhesion (GO:0001953),3/31,0.1824353367102522,0.9591284283768442,0,0,2.1426318161333935,3.6453869699722263,MMP12;SERPINE1;SEMA3E
GO_Biological_Process_2023,Negative Regulation Of Chemotaxis (GO:0050922),3/31,0.1824353367102522,0.9591284283768442,0,0,2.1426318161333935,3.6453869699722263,ROBO2;SEMA3C;SEMA3E
GO_Biological_Process_2023,Organic Cation Transport (GO:0015695),3/31,0.1824353367102522,0.9591284283768442,0,0,2.1426318161333935,3.6453869699722263,SLC44A4;SLC35F3;SLC6A3
GO_Biological_Process_2023,Phospholipid Translocation (GO:0045332),3/31,0.1824353367102522,0.9591284283768442,0,0,2.1426318161333935,3.6453869699722263,ABCC1;ATP8A2;ATP10B
GO_Biological_Process_2023,Presynaptic Endocytosis (GO:0140238),3/31,0.1824353367102522,0.9591284283768442,0,0,2.1426318161333935,3.6453869699722263,NLGN1;SYT1;DNM1
GO_Biological_Process_2023,Regulation Of Vacuole Organization (GO:0044088),2/17,0.1933180946293818,0.9591284283768442,0,0,2.665406162464986,4.380377232606248,RNF186;ELAPOR1
GO_Biological_Process_2023,Embryonic Digit Morphogenesis (GO:0042733),2/17,0.1933180946293818,0.9591284283768442,0,0,2.665406162464986,4.380377232606248,TWIST1;GLI3
GO_Biological_Process_2023,Embryonic Heart Tube Development (GO:0035050),2/17,0.1933180946293818,0.9591284283768442,0,0,2.665406162464986,4.380377232606248,RYR2;PITX2
GO_Biological_Process_2023,Transepithelial Transport (GO:0070633),2/17,0.1933180946293818,0.9591284283768442,0,0,2.665406162464986,4.380377232606248,ABCC1;CLCNKB
GO_Biological_Process_2023,Keratan Sulfate Metabolic Process (GO:0042339),2/17,0.1933180946293818,0.9591284283768442,0,0,2.665406162464986,4.380377232606248,B3GNT4;B3GNT3
GO_Biological_Process_2023,Membrane Lipid Metabolic Process (GO:0006643),2/17,0.1933180946293818,0.9591284283768442,0,0,2.665406162464986,4.380377232606248,GAL3ST1;ALOXE3
GO_Biological_Process_2023,Motile Cilium Assembly (GO:0044458),2/17,0.1933180946293818,0.9591284283768442,0,0,2.665406162464986,4.380377232606248,SPAG17;MCIDAS
GO_Biological_Process_2023,Positive Regulation Of Cell Adhesion Mediated By Integrin (GO:0033630),2/17,0.1933180946293818,0.9591284283768442,0,0,2.665406162464986,4.380377232606248,SFRP2;LIF
GO_Biological_Process_2023,Positive Regulation Of Transcription From RNA Polymerase II Promoter In Response To Stress (GO:0036003),2/17,0.1933180946293818,0.9591284283768442,0,0,2.665406162464986,4.380377232606248,MUC1;CREB3L1
GO_Biological_Process_2023,Transition Metal Ion Transport (GO:0000041),3/32,0.1946700538124908,0.9591284283768442,0,0,2.0686391819862937,3.3852229039412007,TTYH1;ATP2C2;MELTF
GO_Biological_Process_2023,Very Long-Chain Fatty Acid Metabolic Process (GO:0000038),3/32,0.1946700538124908,0.9591284283768442,0,0,2.0686391819862937,3.3852229039412007,HACD1;ELOVL3;ELOVL7
GO_Biological_Process_2023,Negative Regulation Of Osteoblast Differentiation (GO:0045668),3/32,0.1946700538124908,0.9591284283768442,0,0,2.0686391819862937,3.3852229039412007,TNFAIP6;TWIST1;FGF23
GO_Biological_Process_2023,Positive Regulation Of Synapse Assembly (GO:0051965),3/32,0.1946700538124908,0.9591284283768442,0,0,2.0686391819862937,3.3852229039412007,NLGN1;CLSTN2;VSTM5
GO_Biological_Process_2023,Chloride Transmembrane Transport (GO:1902476),4/48,0.1947448938321784,0.9591284283768442,0,0,1.8183732057416269,2.974976420025525,GABRA5;ANO9;SLC26A9;ANO4
GO_Biological_Process_2023,Central Nervous System Development (GO:0007417),17/283,0.1959899734021221,0.9591284283768442,0,0,1.2809237608428756,2.0875109202295605,ROBO2;VCX3B;ARNT2;VCX3A;SLC6A17;CADM2;APLP1;ADAM22;SCTR;SOX11;GRHL2;GRIN1;UGT8;GRIN2A;SCIN;NPTX1;MELTF
GO_Biological_Process_2023,Calcium Ion Transmembrane Import Into Cytosol (GO:0097553),6/83,0.2041426962470221,0.9591284283768442,0,0,1.5591813250041098,2.4774393974826276,RYR2;GRIN2A;CACNA1B;HTR2C;CACNA1G;GRIN1
GO_Biological_Process_2023,Vascular Transport (GO:0010232),6/83,0.2041426962470221,0.9591284283768442,0,0,1.5591813250041098,2.4774393974826276,SLC6A6;ABCC1;AVPR1B;SLC6A17;LRP2;SLC4A3
GO_Biological_Process_2023,Cardiac Muscle Contraction (GO:0060048),3/33,0.2070988800507482,0.9591284283768442,0,0,1.999579390115668,3.148455561686732,RYR2;KCNQ1;SCN3B
GO_Biological_Process_2023,Lung Development (GO:0030324),3/33,0.2070988800507482,0.9591284283768442,0,0,1.999579390115668,3.148455561686732,ITGA3;WNT7B;SOX11
GO_Biological_Process_2023,Positive Regulation Of Epidermal Growth Factor Receptor Signaling Pathway (GO:0045742),3/33,0.2070988800507482,0.9591284283768442,0,0,1.999579390115668,3.148455561686732,AGR2;TGFA;FAM83B
GO_Biological_Process_2023,Regulation Of NLRP3 Inflammasome Complex Assembly (GO:1900225),3/33,0.2070988800507482,0.9591284283768442,0,0,1.999579390115668,3.148455561686732,DEPDC1B;FBXL2;TRIM31
GO_Biological_Process_2023,Positive Regulation Of Angiogenesis (GO:0045766),8/119,0.2080018307684784,0.9591284283768442,0,0,1.4425842332819077,2.2651578772696284,SFRP2;PKM;ANXA3;CHRNA7;SERPINE1;TWIST1;ITGB8;HK2
GO_Biological_Process_2023,Regulation Of Epithelial Cell Differentiation (GO:0030856),2/18,0.211019039250663,0.9591284283768442,0,0,2.498686974789916,3.887474476700546,CD24;FOXN1
GO_Biological_Process_2023,Cardiac Muscle Cell Contraction (GO:0086003),2/18,0.211019039250663,0.9591284283768442,0,0,2.498686974789916,3.887474476700546,SCN3B;CACNA1G
GO_Biological_Process_2023,Renal Absorption (GO:0070293),2/18,0.211019039250663,0.9591284283768442,0,0,2.498686974789916,3.887474476700546,KCNQ1;CLCNKB
GO_Biological_Process_2023,Response To Ethanol (GO:0045471),2/18,0.211019039250663,0.9591284283768442,0,0,2.498686974789916,3.887474476700546,GRIN2A;GRIN1
GO_Biological_Process_2023,Dendritic Cell Migration (GO:0036336),2/18,0.211019039250663,0.9591284283768442,0,0,2.498686974789916,3.887474476700546,CXCR1;CXCR2
GO_Biological_Process_2023,Excitatory Postsynaptic Potential (GO:0060079),2/18,0.211019039250663,0.9591284283768442,0,0,2.498686974789916,3.887474476700546,GRIN2A;GRIN1
GO_Biological_Process_2023,Glycerolipid Catabolic Process (GO:0046503),2/18,0.211019039250663,0.9591284283768442,0,0,2.498686974789916,3.887474476700546,PLA2G4D;ENPP6
GO_Biological_Process_2023,Vesicle-Mediated Transport In Synapse (GO:0099003),2/18,0.211019039250663,0.9591284283768442,0,0,2.498686974789916,3.887474476700546,SNAP25;PCLO
GO_Biological_Process_2023,Negative Regulation Of Amyloid Precursor Protein Catabolic Process (GO:1902992),2/18,0.211019039250663,0.9591284283768442,0,0,2.498686974789916,3.887474476700546,NTRK2;CHRNA7
GO_Biological_Process_2023,Positive Regulation Of Response To Endoplasmic Reticulum Stress (GO:1905898),2/18,0.211019039250663,0.9591284283768442,0,0,2.498686974789916,3.887474476700546,PMAIP1;RNF183
GO_Biological_Process_2023,Positive Regulation Of Transport (GO:0051050),4/50,0.2147543526558189,0.9591284283768442,0,0,1.7391304347826086,2.675235564946767,CHRM1;CDH3;SCIN;SYNGR3
GO_Biological_Process_2023,Pyruvate Metabolic Process (GO:0006090),4/50,0.2147543526558189,0.9591284283768442,0,0,1.7391304347826086,2.675235564946767,PKM;KRT17;ENO2;HK2
GO_Biological_Process_2023,Regulation Of Circadian Sleep/Wake Cycle (GO:0042749),1/5,0.2168259764964922,0.9591284283768442,0,0,4.995278069254984,7.636082766438453,PTGDS
GO_Biological_Process_2023,"Regulation Of Circadian Sleep/Wake Cycle, Sleep (GO:0045187)",1/5,0.2168259764964922,0.9591284283768442,0,0,4.995278069254984,7.636082766438453,PTGDS
GO_Biological_Process_2023,ERBB2-EGFR Signaling Pathway (GO:0038134),1/5,0.2168259764964922,0.9591284283768442,0,0,4.995278069254984,7.636082766438453,TGFA
GO_Biological_Process_2023,Regulation Of Endothelial Cell-Matrix Adhesion Via Fibronectin (GO:1904904),1/5,0.2168259764964922,0.9591284283768442,0,0,4.995278069254984,7.636082766438453,MMP12
GO_Biological_Process_2023,Aminophospholipid Transport (GO:0015917),1/5,0.2168259764964922,0.9591284283768442,0,0,4.995278069254984,7.636082766438453,ATP8A2
GO_Biological_Process_2023,Amylin Receptor Signaling Pathway (GO:0097647),1/5,0.2168259764964922,0.9591284283768442,0,0,4.995278069254984,7.636082766438453,CALCR
GO_Biological_Process_2023,Regulation Of Neutrophil Extravasation (GO:2000389),1/5,0.2168259764964922,0.9591284283768442,0,0,4.995278069254984,7.636082766438453,OLFM4
GO_Biological_Process_2023,Bundle Of His cell-Purkinje Myocyte Adhesion Involved In Cell Communication (GO:0086073),1/5,0.2168259764964922,0.9591284283768442,0,0,4.995278069254984,7.636082766438453,DSG2
GO_Biological_Process_2023,Regulation Of pre-miRNA Processing (GO:2000631),1/5,0.2168259764964922,0.9591284283768442,0,0,4.995278069254984,7.636082766438453,HOXB-AS3
GO_Biological_Process_2023,Regulation Of Relaxation Of Cardiac Muscle (GO:1901897),1/5,0.2168259764964922,0.9591284283768442,0,0,4.995278069254984,7.636082766438453,CHGA
GO_Biological_Process_2023,Cell-Cell Signaling Involved In Cardiac Conduction (GO:0086019),1/5,0.2168259764964922,0.9591284283768442,0,0,4.995278069254984,7.636082766438453,RYR2
GO_Biological_Process_2023,Regulation Of Resting Membrane Potential (GO:0060075),1/5,0.2168259764964922,0.9591284283768442,0,0,4.995278069254984,7.636082766438453,KCNK5
GO_Biological_Process_2023,Regulation Of Serine-Type Endopeptidase Activity (GO:1900003),1/5,0.2168259764964922,0.9591284283768442,0,0,4.995278069254984,7.636082766438453,ANXA8L1
GO_Biological_Process_2023,Regulation Of System Process (GO:0044057),1/5,0.2168259764964922,0.9591284283768442,0,0,4.995278069254984,7.636082766438453,HTR2C
GO_Biological_Process_2023,Regulation Of Tooth Mineralization (GO:0070170),1/5,0.2168259764964922,0.9591284283768442,0,0,4.995278069254984,7.636082766438453,TFAP2A
GO_Biological_Process_2023,Regulation Of Ventricular Cardiac Muscle Cell Membrane Depolarization (GO:0060373),1/5,0.2168259764964922,0.9591284283768442,0,0,4.995278069254984,7.636082766438453,SCN3B
GO_Biological_Process_2023,Chitin Catabolic Process (GO:0006032),1/5,0.2168259764964922,0.9591284283768442,0,0,4.995278069254984,7.636082766438453,CHI3L2
GO_Biological_Process_2023,Chitin Metabolic Process (GO:0006030),1/5,0.2168259764964922,0.9591284283768442,0,0,4.995278069254984,7.636082766438453,CHI3L2
GO_Biological_Process_2023,Choline Metabolic Process (GO:0019695),1/5,0.2168259764964922,0.9591284283768442,0,0,4.995278069254984,7.636082766438453,ENPP6
GO_Biological_Process_2023,Response To cGMP (GO:0070305),1/5,0.2168259764964922,0.9591284283768442,0,0,4.995278069254984,7.636082766438453,HCN4
GO_Biological_Process_2023,Retinal Ganglion Cell Axon Guidance (GO:0031290),1/5,0.2168259764964922,0.9591284283768442,0,0,4.995278069254984,7.636082766438453,ROBO2
GO_Biological_Process_2023,Striated Muscle Hypertrophy (GO:0014897),1/5,0.2168259764964922,0.9591284283768442,0,0,4.995278069254984,7.636082766438453,RYR2
GO_Biological_Process_2023,tRNA Catabolic Process (GO:0016078),1/5,0.2168259764964922,0.9591284283768442,0,0,4.995278069254984,7.636082766438453,SLFN13
GO_Biological_Process_2023,Thiamine Transmembrane Transport (GO:0071934),1/5,0.2168259764964922,0.9591284283768442,0,0,4.995278069254984,7.636082766438453,SLC44A4
GO_Biological_Process_2023,Thiamine-Containing Compound Metabolic Process (GO:0042723),1/5,0.2168259764964922,0.9591284283768442,0,0,4.995278069254984,7.636082766438453,TKTL1
GO_Biological_Process_2023,Gamma-Aminobutyric Acid Metabolic Process (GO:0009448),1/5,0.2168259764964922,0.9591284283768442,0,0,4.995278069254984,7.636082766438453,GAD1
GO_Biological_Process_2023,Glutamate Catabolic Process (GO:0006538),1/5,0.2168259764964922,0.9591284283768442,0,0,4.995278069254984,7.636082766438453,GAD1
GO_Biological_Process_2023,Trigeminal Nerve Development (GO:0021559),1/5,0.2168259764964922,0.9591284283768442,0,0,4.995278069254984,7.636082766438453,TFAP2A
GO_Biological_Process_2023,Ventricular Compact Myocardium Morphogenesis (GO:0003223),1/5,0.2168259764964922,0.9591284283768442,0,0,4.995278069254984,7.636082766438453,LRP2
GO_Biological_Process_2023,Hexose Catabolic Process (GO:0019320),1/5,0.2168259764964922,0.9591284283768442,0,0,4.995278069254984,7.636082766438453,TKTL1
GO_Biological_Process_2023,Xenobiotic Transport Across Blood-Brain Barrier (GO:1990962),1/5,0.2168259764964922,0.9591284283768442,0,0,4.995278069254984,7.636082766438453,ABCC1
GO_Biological_Process_2023,Hydrogen Peroxide Biosynthetic Process (GO:0050665),1/5,0.2168259764964922,0.9591284283768442,0,0,4.995278069254984,7.636082766438453,DUOX2
GO_Biological_Process_2023,Intracellular Oxygen Homeostasis (GO:0032364),1/5,0.2168259764964922,0.9591284283768442,0,0,4.995278069254984,7.636082766438453,WNT7B
GO_Biological_Process_2023,Intracellular Phosphate Ion Homeostasis (GO:0030643),1/5,0.2168259764964922,0.9591284283768442,0,0,4.995278069254984,7.636082766438453,SLC34A2
GO_Biological_Process_2023,Intracellular Water Homeostasis (GO:0009992),1/5,0.2168259764964922,0.9591284283768442,0,0,4.995278069254984,7.636082766438453,SCTR
GO_Biological_Process_2023,Kidney Morphogenesis (GO:0060993),1/5,0.2168259764964922,0.9591284283768442,0,0,4.995278069254984,7.636082766438453,WNT7B
GO_Biological_Process_2023,Leukocyte Apoptotic Process (GO:0071887),1/5,0.2168259764964922,0.9591284283768442,0,0,4.995278069254984,7.636082766438453,HCAR2
GO_Biological_Process_2023,Metanephric Collecting Duct Development (GO:0072205),1/5,0.2168259764964922,0.9591284283768442,0,0,4.995278069254984,7.636082766438453,WNT7B
GO_Biological_Process_2023,Multinuclear Osteoclast Differentiation (GO:0072674),1/5,0.2168259764964922,0.9591284283768442,0,0,4.995278069254984,7.636082766438453,TNFRSF11A
GO_Biological_Process_2023,Negative Regulation Of Amino Acid Transport (GO:0051956),1/5,0.2168259764964922,0.9591284283768442,0,0,4.995278069254984,7.636082766438453,GRM7
GO_Biological_Process_2023,Negative Regulation Of Amyloid Precursor Protein Biosynthetic Process (GO:0042985),1/5,0.2168259764964922,0.9591284283768442,0,0,4.995278069254984,7.636082766438453,BACE2
GO_Biological_Process_2023,Negative Regulation Of Axon Regeneration (GO:0048681),1/5,0.2168259764964922,0.9591284283768442,0,0,4.995278069254984,7.636082766438453,PTPRS
GO_Biological_Process_2023,Negative Regulation Of Cardiac Muscle Cell Differentiation (GO:2000726),1/5,0.2168259764964922,0.9591284283768442,0,0,4.995278069254984,7.636082766438453,FZD7
GO_Biological_Process_2023,Negative Regulation Of Fibroblast Migration (GO:0010764),1/5,0.2168259764964922,0.9591284283768442,0,0,4.995278069254984,7.636082766438453,MACIR
GO_Biological_Process_2023,Negative Regulation Of Glial Cell Proliferation (GO:0060253),1/5,0.2168259764964922,0.9591284283768442,0,0,4.995278069254984,7.636082766438453,SOX11
GO_Biological_Process_2023,Negative Regulation Of Histone Acetylation (GO:0035067),1/5,0.2168259764964922,0.9591284283768442,0,0,4.995278069254984,7.636082766438453,TWIST1
GO_Biological_Process_2023,Negative Regulation Of Myeloid Cell Apoptotic Process (GO:0033033),1/5,0.2168259764964922,0.9591284283768442,0,0,4.995278069254984,7.636082766438453,EPO
GO_Biological_Process_2023,Neurotransmitter-Gated Ion Channel Clustering (GO:0072578),1/5,0.2168259764964922,0.9591284283768442,0,0,4.995278069254984,7.636082766438453,NLGN1
GO_Biological_Process_2023,Phosphatidylinositol Acyl-Chain Remodeling (GO:0036149),1/5,0.2168259764964922,0.9591284283768442,0,0,4.995278069254984,7.636082766438453,PLA2G4D
GO_Biological_Process_2023,Plasma Membrane Raft Organization (GO:0044857),1/5,0.2168259764964922,0.9591284283768442,0,0,4.995278069254984,7.636082766438453,FA2H
GO_Biological_Process_2023,"Positive Regulation Of Wnt Signaling Pathway, Planar Cell Polarity Pathway (GO:2000096)",1/5,0.2168259764964922,0.9591284283768442,0,0,4.995278069254984,7.636082766438453,MLLT3
GO_Biological_Process_2023,Positive Regulation Of Autophagy Of Mitochondrion In Response To Mitochondrial Depolarization (GO:1904925),1/5,0.2168259764964922,0.9591284283768442,0,0,4.995278069254984,7.636082766438453,HK2
GO_Biological_Process_2023,Positive Regulation Of Extrinsic Apoptotic Signaling Pathway Via Death Domain Receptors (GO:1902043),1/5,0.2168259764964922,0.9591284283768442,0,0,4.995278069254984,7.636082766438453,PMAIP1
GO_Biological_Process_2023,Positive Regulation Of Fever Generation (GO:0031622),1/5,0.2168259764964922,0.9591284283768442,0,0,4.995278069254984,7.636082766438453,TNFRSF11A
GO_Biological_Process_2023,Positive Regulation Of Granulocyte Differentiation (GO:0030854),1/5,0.2168259764964922,0.9591284283768442,0,0,4.995278069254984,7.636082766438453,TESC
GO_Biological_Process_2023,Positive Regulation Of Protein Catabolic Process In The Vacuole (GO:1904352),1/5,0.2168259764964922,0.9591284283768442,0,0,4.995278069254984,7.636082766438453,LRP2
GO_Biological_Process_2023,Presynaptic Active Zone Organization (GO:1990709),1/5,0.2168259764964922,0.9591284283768442,0,0,4.995278069254984,7.636082766438453,PCLO
GO_Biological_Process_2023,Proline Metabolic Process (GO:0006560),1/5,0.2168259764964922,0.9591284283768442,0,0,4.995278069254984,7.636082766438453,AOC1
GO_Biological_Process_2023,Pteridine-Containing Compound Metabolic Process (GO:0042558),1/5,0.2168259764964922,0.9591284283768442,0,0,4.995278069254984,7.636082766438453,PRKG2
GO_Biological_Process_2023,Regulation Of Kinase Activity (GO:0043549),6/85,0.2193672440516936,0.9591284283768442,0,0,1.5195481493350425,2.305166759916733,CDKN1C;DDR1;NTRK2;PIFO;ROR1;MST1R
GO_Biological_Process_2023,Transport Across Blood-Brain Barrier (GO:0150104),6/85,0.2193672440516936,0.9591284283768442,0,0,1.5195481493350425,2.305166759916733,SLC6A6;ABCC1;AVPR1B;SLC6A17;LRP2;SLC4A3
GO_Biological_Process_2023,Integrin-Mediated Signaling Pathway (GO:0007229),6/85,0.2193672440516936,0.9591284283768442,0,0,1.5195481493350425,2.305166759916733,ITGB4;ITGA3;ITGB8;ADAM9;ITGB6;CDH17
GO_Biological_Process_2023,Regulation Of Neuronal Synaptic Plasticity (GO:0048168),3/34,0.219699407710548,0.9591284283768442,0,0,1.934975068688308,2.932445033007079,GRIN2A;SHISA9;GRIN1
GO_Biological_Process_2023,Response To Estrogen (GO:0043627),3/34,0.219699407710548,0.9591284283768442,0,0,1.934975068688308,2.932445033007079,SLC34A2;KRT19;CD24
GO_Biological_Process_2023,Embryonic Limb Morphogenesis (GO:0030326),3/34,0.219699407710548,0.9591284283768442,0,0,1.934975068688308,2.932445033007079,TFAP2A;TWIST1;GLI3
GO_Biological_Process_2023,Membrane Protein Proteolysis (GO:0033619),3/34,0.219699407710548,0.9591284283768442,0,0,1.934975068688308,2.932445033007079,BACE2;MMP7;ADAM9
GO_Biological_Process_2023,Regulation Of Blood Circulation (GO:1903522),3/34,0.219699407710548,0.9591284283768442,0,0,1.934975068688308,2.932445033007079,ADORA3;KCNQ1;KCNMB4
GO_Biological_Process_2023,Receptor Internalization (GO:0031623),4/51,0.224963794399423,0.9591284283768442,0,0,1.7020380739081746,2.5391272968252476,DMBT1;CXCR1;CXCR2;DNM1
GO_Biological_Process_2023,Positive Regulation Of MAPK Cascade (GO:0043410),18/310,0.2273755382136523,0.9591284283768442,0,0,1.2351159114857746,1.8293947422744925,DDR1;NTRK2;ARHGAP8;AVPR1B;DIRAS1;CHRNA7;PELI2;LPAR1;LIF;TGFA;HTR2C;MST1R;CALCR;PDGFD;ADAM9;ROR1;CD24;CCL26
GO_Biological_Process_2023,Positive Regulation Of Vasculature Development (GO:1904018),7/104,0.2279317770611545,0.9591284283768442,0,0,1.4439848027955888,2.1352332056679035,SFRP2;ANXA3;CHRNA7;SERPINE1;TWIST1;ITGB8;HK2
GO_Biological_Process_2023,Regulation Of Fibroblast Growth Factor Receptor Signaling Pathway (GO:0040036),2/19,0.2288682854938876,0.9591284283768442,0,0,2.3515818091942657,3.467662790996918,CREB3L1;SHISA2
GO_Biological_Process_2023,Regulation Of Megakaryocyte Differentiation (GO:0045652),2/19,0.2288682854938876,0.9591284283768442,0,0,2.3515818091942657,3.467662790996918,SCIN;TESC
GO_Biological_Process_2023,Bicarbonate Transport (GO:0015701),2/19,0.2288682854938876,0.9591284283768442,0,0,2.3515818091942657,3.467662790996918,SLC4A11;SLC4A3
GO_Biological_Process_2023,Embryonic Digestive Tract Development (GO:0048566),2/19,0.2288682854938876,0.9591284283768442,0,0,2.3515818091942657,3.467662790996918,SOX11;GLI3
GO_Biological_Process_2023,Skeletal Muscle Contraction (GO:0003009),2/19,0.2288682854938876,0.9591284283768442,0,0,2.3515818091942657,3.467662790996918,TNNT1;STAC2
GO_Biological_Process_2023,Eye Morphogenesis (GO:0048592),2/19,0.2288682854938876,0.9591284283768442,0,0,2.3515818091942657,3.467662790996918,FBN2;TENM3
GO_Biological_Process_2023,Leukotriene Biosynthetic Process (GO:0019370),2/19,0.2288682854938876,0.9591284283768442,0,0,2.3515818091942657,3.467662790996918,GGTLC1;GGT6
GO_Biological_Process_2023,Linoleic Acid Metabolic Process (GO:0043651),2/19,0.2288682854938876,0.9591284283768442,0,0,2.3515818091942657,3.467662790996918,ELOVL3;ALOXE3
GO_Biological_Process_2023,Negative Regulation Of Axon Extension Involved In Axon Guidance (GO:0048843),2/19,0.2288682854938876,0.9591284283768442,0,0,2.3515818091942657,3.467662790996918,SEMA3C;SEMA3E
GO_Biological_Process_2023,Positive Regulation Of Hormone Secretion (GO:0046887),2/19,0.2288682854938876,0.9591284283768442,0,0,2.3515818091942657,3.467662790996918,HCAR2;SOX11
GO_Biological_Process_2023,rRNA Catabolic Process (GO:0016075),2/19,0.2288682854938876,0.9591284283768442,0,0,2.3515818091942657,3.467662790996918,ERN2;SLFN13
GO_Biological_Process_2023,Proteolysis (GO:0006508),19/330,0.2304645859478065,0.9591284283768442,0,0,1.2241518647798202,1.796636361399906,PCSK1;PRSS1;TMPRSS7;MMP7;MMP1;TMPRSS4;ADAM22;ADAM32;PRSS22;LRP8;MMP12;BACE2;ADAM28;CAPN6;ADAM12;FBXL2;CTSE;PRSS2;CPA4
GO_Biological_Process_2023,Regulation Of Heart Contraction (GO:0008016),5/69,0.2323525912946193,0.9591284283768442,0,0,1.5626646469968388,2.280707913054579,HCN4;RYR2;ADORA3;KCNQ1;SLC4A3
GO_Biological_Process_2023,Phagocytosis (GO:0006909),5/69,0.2323525912946193,0.9591284283768442,0,0,1.5626646469968388,2.280707913054579,ANXA3;ADORA1;MST1R;HAVCR1;GULP1
GO_Biological_Process_2023,Positive Regulation Of Phosphatidylinositol 3-Kinase Signaling (GO:0014068),5/69,0.2323525912946193,0.9591284283768442,0,0,1.5626646469968388,2.280707913054579,DDR1;NTRK2;PDGFD;ROR1;SEMA3E
GO_Biological_Process_2023,Regulation Of Postsynaptic Membrane Potential (GO:0060078),3/35,0.2324497825088721,0.9591284283768442,0,0,1.8744085173501577,2.7349139785386565,GRIN2A;GABRA5;GRIN1
GO_Biological_Process_2023,Positive Regulation Of Cell Development (GO:0010720),3/35,0.2324497825088721,0.9591284283768442,0,0,1.8744085173501577,2.7349139785386565,RASSF10;SOX11;LRP2
GO_Biological_Process_2023,Regulation Of Axon Extension (GO:0030516),3/35,0.2324497825088721,0.9591284283768442,0,0,1.8744085173501577,2.7349139785386565,OLFM1;PTPRS;TRIM46
GO_Biological_Process_2023,Regulation Of Insulin Secretion (GO:0050796),6/87,0.2349570586139505,0.9591284283768442,0,0,1.481872167526176,2.146273274576522,CHGA;SNAP25;BRSK2;GIPR;ABCA12;EFNA5
GO_Biological_Process_2023,Neurotransmitter Transport (GO:0006836),4/52,0.2352947515890927,0.9591284283768442,0,0,1.6664912280701754,2.41127330284759,SNAP25;SYT1;SLC6A15;SLC6A3
GO_Biological_Process_2023,Neuron Projection Guidance (GO:0097485),8/124,0.2402215735391805,0.9591284283768442,0,0,1.3800393672085731,1.968203255945861,EPHB6;ROBO2;EPHA6;SEMA3C;DPYSL5;TUBB3;SEMA3E;EFNA5
GO_Biological_Process_2023,Sulfur Compound Biosynthetic Process (GO:0044272),5/70,0.241267404577411,0.9591284283768442,0,0,1.5385425954445977,2.1875758631905544,GGTLC1;EXTL1;GGT6;B3GNT4;B3GNT3
GO_Biological_Process_2023,Positive Regulation Of Myeloid Cell Differentiation (GO:0045639),3/36,0.2453287558919598,0.9591284283768442,0,0,1.817512666093108,2.5538890225732325,SCIN;TESC;RHEX
GO_Biological_Process_2023,Positive Regulation Of Phospholipase C Activity (GO:0010863),3/36,0.2453287558919598,0.9591284283768442,0,0,1.817512666093108,2.5538890225732325,AVPR1B;LPAR1;LPAR2
GO_Biological_Process_2023,Regulation Of T Cell Mediated Cytotoxicity (GO:0001914),3/36,0.2453287558919598,0.9591284283768442,0,0,1.817512666093108,2.5538890225732325,ULBP2;ULBP1;CD1A
GO_Biological_Process_2023,Regulation Of Membrane Depolarization (GO:0003254),2/20,0.2468114790003904,0.9591284283768442,0,0,2.2208216619981327,3.107219270585426,HCN4;SCN3B
GO_Biological_Process_2023,Mesoderm Formation (GO:0001707),2/20,0.2468114790003904,0.9591284283768442,0,0,2.2208216619981327,3.107219270585426,ITGA3;ITGB4
GO_Biological_Process_2023,Phosphatidylglycerol Metabolic Process (GO:0046471),2/20,0.2468114790003904,0.9591284283768442,0,0,2.2208216619981327,3.107219270585426,PLA2G4D;MBOAT2
GO_Biological_Process_2023,Positive Regulation Of Epithelial Cell Differentiation (GO:0030858),2/20,0.2468114790003904,0.9591284283768442,0,0,2.2208216619981327,3.107219270585426,SULT2B1;FOXN1
GO_Biological_Process_2023,AV Node Cell Action Potential (GO:0086016),1/6,0.2541926676311731,0.9591284283768442,0,0,3.99601259181532,5.473189657574925,CACNA1G
GO_Biological_Process_2023,Regulation Of Digestive System Process (GO:0044058),1/6,0.2541926676311731,0.9591284283768442,0,0,3.99601259181532,5.473189657574925,KCNQ1
GO_Biological_Process_2023,G Protein-Coupled Receptor Internalization (GO:0002031),1/6,0.2541926676311731,0.9591284283768442,0,0,3.99601259181532,5.473189657574925,DMBT1
GO_Biological_Process_2023,IRE1-mediated Unfolded Protein Response (GO:0036498),1/6,0.2541926676311731,0.9591284283768442,0,0,3.99601259181532,5.473189657574925,ERN2
GO_Biological_Process_2023,Actin Filament Reorganization (GO:0090527),1/6,0.2541926676311731,0.9591284283768442,0,0,3.99601259181532,5.473189657574925,EFS
GO_Biological_Process_2023,Regulation Of Mitotic Cytokinesis (GO:1902412),1/6,0.2541926676311731,0.9591284283768442,0,0,3.99601259181532,5.473189657574925,MAP9
GO_Biological_Process_2023,Atrioventricular Valve Formation (GO:0003190),1/6,0.2541926676311731,0.9591284283768442,0,0,3.99601259181532,5.473189657574925,OLFM1
GO_Biological_Process_2023,Calcitonin Family Receptor Signaling Pathway (GO:0097646),1/6,0.2541926676311731,0.9591284283768442,0,0,3.99601259181532,5.473189657574925,CALCR
GO_Biological_Process_2023,Cardiac Muscle Cell-Cardiac Muscle Cell Adhesion (GO:0086042),1/6,0.2541926676311731,0.9591284283768442,0,0,3.99601259181532,5.473189657574925,DSG2
GO_Biological_Process_2023,Cardiac Pacemaker Cell Development (GO:0060926),1/6,0.2541926676311731,0.9591284283768442,0,0,3.99601259181532,5.473189657574925,SHOX2
GO_Biological_Process_2023,Catecholamine Uptake (GO:0090493),1/6,0.2541926676311731,0.9591284283768442,0,0,3.99601259181532,5.473189657574925,SLC6A3
GO_Biological_Process_2023,Cellular Hyperosmotic Response (GO:0071474),1/6,0.2541926676311731,0.9591284283768442,0,0,3.99601259181532,5.473189657574925,EPO
GO_Biological_Process_2023,Cellular Hypotonic Response (GO:0071476),1/6,0.2541926676311731,0.9591284283768442,0,0,3.99601259181532,5.473189657574925,SLC4A11
GO_Biological_Process_2023,Cellular Response To Caffeine (GO:0071313),1/6,0.2541926676311731,0.9591284283768442,0,0,3.99601259181532,5.473189657574925,RYR2
GO_Biological_Process_2023,Regulation Of Transforming Growth Factor Beta2 Production (GO:0032909),1/6,0.2541926676311731,0.9591284283768442,0,0,3.99601259181532,5.473189657574925,CDH3
GO_Biological_Process_2023,Release Of Sequestered Calcium Ion Into Cytosol By Sarcoplasmic Reticulum (GO:0014808),1/6,0.2541926676311731,0.9591284283768442,0,0,3.99601259181532,5.473189657574925,RYR2
GO_Biological_Process_2023,Choline Transport (GO:0015871),1/6,0.2541926676311731,0.9591284283768442,0,0,3.99601259181532,5.473189657574925,SLC44A4
GO_Biological_Process_2023,Response To Alkaloid (GO:0043279),1/6,0.2541926676311731,0.9591284283768442,0,0,3.99601259181532,5.473189657574925,RYR2
GO_Biological_Process_2023,Cleavage Furrow Formation (GO:0036089),1/6,0.2541926676311731,0.9591284283768442,0,0,3.99601259181532,5.473189657574925,SPIRE1
GO_Biological_Process_2023,Response To Caffeine (GO:0031000),1/6,0.2541926676311731,0.9591284283768442,0,0,3.99601259181532,5.473189657574925,RYR2
GO_Biological_Process_2023,Dense Core Granule Cytoskeletal Transport (GO:0099519),1/6,0.2541926676311731,0.9591284283768442,0,0,3.99601259181532,5.473189657574925,TANC2
GO_Biological_Process_2023,Desmosome Organization (GO:0002934),1/6,0.2541926676311731,0.9591284283768442,0,0,3.99601259181532,5.473189657574925,PKP3
GO_Biological_Process_2023,Serine Transport (GO:0032329),1/6,0.2541926676311731,0.9591284283768442,0,0,3.99601259181532,5.473189657574925,SLC7A10
GO_Biological_Process_2023,Smooth Muscle Cell Migration (GO:0014909),1/6,0.2541926676311731,0.9591284283768442,0,0,3.99601259181532,5.473189657574925,DDR1
GO_Biological_Process_2023,Spontaneous Synaptic Transmission (GO:0098814),1/6,0.2541926676311731,0.9591284283768442,0,0,3.99601259181532,5.473189657574925,DOC2A
GO_Biological_Process_2023,Excitatory Chemical Synaptic Transmission (GO:0098976),1/6,0.2541926676311731,0.9591284283768442,0,0,3.99601259181532,5.473189657574925,GRIN2A
GO_Biological_Process_2023,"Synaptic Transmission, Dopaminergic (GO:0001963)",1/6,0.2541926676311731,0.9591284283768442,0,0,3.99601259181532,5.473189657574925,SLC6A3
GO_Biological_Process_2023,Gamma-Aminobutyric Acid Transport (GO:0015812),1/6,0.2541926676311731,0.9591284283768442,0,0,3.99601259181532,5.473189657574925,SLC6A6
GO_Biological_Process_2023,Glandular Epithelial Cell Development (GO:0002068),1/6,0.2541926676311731,0.9591284283768442,0,0,3.99601259181532,5.473189657574925,BMP6
GO_Biological_Process_2023,Transepithelial Chloride Transport (GO:0030321),1/6,0.2541926676311731,0.9591284283768442,0,0,3.99601259181532,5.473189657574925,CLCNKB
GO_Biological_Process_2023,Type B Pancreatic Cell Development (GO:0003323),1/6,0.2541926676311731,0.9591284283768442,0,0,3.99601259181532,5.473189657574925,BMP6
GO_Biological_Process_2023,Vacuole Organization (GO:0007033),1/6,0.2541926676311731,0.9591284283768442,0,0,3.99601259181532,5.473189657574925,NDP
GO_Biological_Process_2023,Hypotonic Response (GO:0006971),1/6,0.2541926676311731,0.9591284283768442,0,0,3.99601259181532,5.473189657574925,SLC4A11
GO_Biological_Process_2023,Inositol Metabolic Process (GO:0006020),1/6,0.2541926676311731,0.9591284283768442,0,0,3.99601259181532,5.473189657574925,ISYNA1
GO_Biological_Process_2023,Insulin Secretion Involved In Cellular Response To Glucose Stimulus (GO:0035773),1/6,0.2541926676311731,0.9591284283768442,0,0,3.99601259181532,5.473189657574925,PTPRN
GO_Biological_Process_2023,Maintenance Of Protein Location In Extracellular Region (GO:0071694),1/6,0.2541926676311731,0.9591284283768442,0,0,3.99601259181532,5.473189657574925,FBN2
GO_Biological_Process_2023,Metanephric Nephron Tubule Development (GO:0072234),1/6,0.2541926676311731,0.9591284283768442,0,0,3.99601259181532,5.473189657574925,WNT7B
GO_Biological_Process_2023,Negative Regulation Of Cardiocyte Differentiation (GO:1905208),1/6,0.2541926676311731,0.9591284283768442,0,0,3.99601259181532,5.473189657574925,FZD7
GO_Biological_Process_2023,Negative Regulation Of Catecholamine Secretion (GO:0033604),1/6,0.2541926676311731,0.9591284283768442,0,0,3.99601259181532,5.473189657574925,CHGA
GO_Biological_Process_2023,Negative Regulation Of Digestive System Process (GO:0060457),1/6,0.2541926676311731,0.9591284283768442,0,0,3.99601259181532,5.473189657574925,TFF2
GO_Biological_Process_2023,Negative Regulation Of Epidermal Cell Differentiation (GO:0045605),1/6,0.2541926676311731,0.9591284283768442,0,0,3.99601259181532,5.473189657574925,GRHL2
GO_Biological_Process_2023,Negative Regulation Of miRNA Processing (GO:1903799),1/6,0.2541926676311731,0.9591284283768442,0,0,3.99601259181532,5.473189657574925,HOXB-AS3
GO_Biological_Process_2023,Negative Regulation Of Neuron Projection Regeneration (GO:0070571),1/6,0.2541926676311731,0.9591284283768442,0,0,3.99601259181532,5.473189657574925,PTPRS
GO_Biological_Process_2023,Negative Regulation Of Plasminogen Activation (GO:0010757),1/6,0.2541926676311731,0.9591284283768442,0,0,3.99601259181532,5.473189657574925,SERPINE1
GO_Biological_Process_2023,Negative Regulation Of Retinoic Acid Receptor Signaling Pathway (GO:0048387),1/6,0.2541926676311731,0.9591284283768442,0,0,3.99601259181532,5.473189657574925,PRAME
GO_Biological_Process_2023,Negative Regulation Of Steroid Metabolic Process (GO:0045939),1/6,0.2541926676311731,0.9591284283768442,0,0,3.99601259181532,5.473189657574925,NR0B1
GO_Biological_Process_2023,"Neurotransmitter Receptor Transport, Postsynaptic Endosome To Lysosome (GO:0098943)",1/6,0.2541926676311731,0.9591284283768442,0,0,3.99601259181532,5.473189657574925,CACNG5
GO_Biological_Process_2023,Noradrenergic Neuron Differentiation (GO:0003357),1/6,0.2541926676311731,0.9591284283768442,0,0,3.99601259181532,5.473189657574925,SOX11
GO_Biological_Process_2023,Norepinephrine Transport (GO:0015874),1/6,0.2541926676311731,0.9591284283768442,0,0,3.99601259181532,5.473189657574925,SLC6A3
GO_Biological_Process_2023,Nose Development (GO:0043584),1/6,0.2541926676311731,0.9591284283768442,0,0,3.99601259181532,5.473189657574925,GLI3
GO_Biological_Process_2023,Nucleobase Catabolic Process (GO:0046113),1/6,0.2541926676311731,0.9591284283768442,0,0,3.99601259181532,5.473189657574925,DPYSL5
GO_Biological_Process_2023,Nucleoside Diphosphate Catabolic Process (GO:0009134),1/6,0.2541926676311731,0.9591284283768442,0,0,3.99601259181532,5.473189657574925,ENTPD3
GO_Biological_Process_2023,Nucleotide Transport (GO:0006862),1/6,0.2541926676311731,0.9591284283768442,0,0,3.99601259181532,5.473189657574925,SLC25A36
GO_Biological_Process_2023,Parallel Actin Filament Bundle Assembly (GO:0030046),1/6,0.2541926676311731,0.9591284283768442,0,0,3.99601259181532,5.473189657574925,SPIRE1
GO_Biological_Process_2023,Peptide Transport (GO:0015833),1/6,0.2541926676311731,0.9591284283768442,0,0,3.99601259181532,5.473189657574925,CDH17
GO_Biological_Process_2023,Pharyngeal Arch Artery Morphogenesis (GO:0061626),1/6,0.2541926676311731,0.9591284283768442,0,0,3.99601259181532,5.473189657574925,FOLR1
GO_Biological_Process_2023,Pituitary Gland Development (GO:0021983),1/6,0.2541926676311731,0.9591284283768442,0,0,3.99601259181532,5.473189657574925,NR0B1
GO_Biological_Process_2023,Placenta Blood Vessel Development (GO:0060674),1/6,0.2541926676311731,0.9591284283768442,0,0,3.99601259181532,5.473189657574925,ITGB8
GO_Biological_Process_2023,Positive Regulation Of cAMP-mediated Signaling (GO:0043950),1/6,0.2541926676311731,0.9591284283768442,0,0,3.99601259181532,5.473189657574925,SCTR
GO_Biological_Process_2023,Positive Regulation Of Fibroblast Apoptotic Process (GO:2000271),1/6,0.2541926676311731,0.9591284283768442,0,0,3.99601259181532,5.473189657574925,TP63
GO_Biological_Process_2023,Positive Regulation Of Gastrulation (GO:2000543),1/6,0.2541926676311731,0.9591284283768442,0,0,3.99601259181532,5.473189657574925,TENM4
GO_Biological_Process_2023,Positive Regulation Of Gliogenesis (GO:0014015),1/6,0.2541926676311731,0.9591284283768442,0,0,3.99601259181532,5.473189657574925,LRP2
GO_Biological_Process_2023,Positive Regulation Of Leukocyte Tethering Or Rolling (GO:1903238),1/6,0.2541926676311731,0.9591284283768442,0,0,3.99601259181532,5.473189657574925,CHST4
GO_Biological_Process_2023,Positive Regulation Of Mast Cell Activation (GO:0033005),1/6,0.2541926676311731,0.9591284283768442,0,0,3.99601259181532,5.473189657574925,HAVCR1
GO_Biological_Process_2023,Positive Regulation Of Necrotic Cell Death (GO:0010940),1/6,0.2541926676311731,0.9591284283768442,0,0,3.99601259181532,5.473189657574925,SLC6A6
GO_Biological_Process_2023,Positive Regulation Of Neurotransmitter Secretion (GO:0001956),1/6,0.2541926676311731,0.9591284283768442,0,0,3.99601259181532,5.473189657574925,NLGN1
GO_Biological_Process_2023,Positive Regulation Of Phospholipid Biosynthetic Process (GO:0071073),1/6,0.2541926676311731,0.9591284283768442,0,0,3.99601259181532,5.473189657574925,HTR2C
GO_Biological_Process_2023,Regulation Of Adiponectin Secretion (GO:0070163),1/6,0.2541926676311731,0.9591284283768442,0,0,3.99601259181532,5.473189657574925,HCAR2
GO_Biological_Process_2023,Regulation Of Aldosterone Biosynthetic Process (GO:0032347),1/6,0.2541926676311731,0.9591284283768442,0,0,3.99601259181532,5.473189657574925,BMP6
GO_Biological_Process_2023,Regulation Of Atrial Cardiac Muscle Cell Membrane Depolarization (GO:0060371),1/6,0.2541926676311731,0.9591284283768442,0,0,3.99601259181532,5.473189657574925,SCN3B
GO_Biological_Process_2023,Regulation Of Atrial Cardiac Muscle Cell Membrane Repolarization (GO:0060372),1/6,0.2541926676311731,0.9591284283768442,0,0,3.99601259181532,5.473189657574925,KCNQ1
GO_Biological_Process_2023,Epidermal Cell Differentiation (GO:0009913),4/54,0.2562768000168772,0.9591284283768442,0,0,1.599663157894737,2.177936860133795,SPRR3;ADAM9;PITX2;OVOL2
GO_Biological_Process_2023,Monoatomic Anion Transmembrane Transport (GO:0098656),4/54,0.2562768000168772,0.9591284283768442,0,0,1.599663157894737,2.177936860133795,GABRA5;ANO9;SLC26A9;ANO4
GO_Biological_Process_2023,Positive Regulation Of Cell Motility (GO:2000147),13/221,0.2577040593330206,0.9591284283768442,0,0,1.2511955366631244,1.6965503416620358,MMP7;SEMA3C;TWIST1;LAMC2;SEMA3E;CEACAM6;TMSB15A;PDGFD;DUOXA2;ADAM9;DUOX2;CCL26;SMIM22
GO_Biological_Process_2023,Aortic Valve Morphogenesis (GO:0003180),3/37,0.2583157286871748,0.9591284283768442,0,0,1.7639636296158845,2.3876529910320334,ROBO2;CDH11;TWIST1
GO_Biological_Process_2023,Regulation Of Sodium Ion Transmembrane Transporter Activity (GO:2000649),3/37,0.2583157286871748,0.9591284283768442,0,0,1.7639636296158845,2.3876529910320334,FXYD3;WNK2;SCN3B
GO_Biological_Process_2023,Synaptic Vesicle Cycle (GO:0099504),3/37,0.2583157286871748,0.9591284283768442,0,0,1.7639636296158845,2.3876529910320334,SNAP25;NLGN1;PCLO
GO_Biological_Process_2023,Positive Regulation Of Signaling (GO:0023056),3/37,0.2583157286871748,0.9591284283768442,0,0,1.7639636296158845,2.3876529910320334,CLSTN2;SYT1;SOX11
GO_Biological_Process_2023,Cellular Response To Hypoxia (GO:0071456),5/72,0.2593603751730047,0.9591284283768442,0,0,1.4924586760612113,2.014127867709509,EGLN3;KCND2;HILPDA;TWIST1;PMAIP1
GO_Biological_Process_2023,Negative Regulation Of Cell Adhesion (GO:0007162),5/72,0.2593603751730047,0.9591284283768442,0,0,1.4924586760612113,2.014127867709509,MUC1;FZD7;SERPINE1;ADAM22;SPINT2
GO_Biological_Process_2023,Cell-Matrix Adhesion (GO:0007160),7/109,0.2641090579261152,0.9591284283768442,0,0,1.3728388926848458,1.827788315528306,DDR1;ITGB4;ITGA3;CDH11;ADAM9;ITGB8;ITGB6
GO_Biological_Process_2023,Regulation Of Wnt Signaling Pathway (GO:0030111),7/109,0.2641090579261152,0.9591284283768442,0,0,1.3728388926848458,1.827788315528306,DEPDC1B;SFRP2;ITGA3;FZD7;DCDC2;SHISA2;FOLR1
GO_Biological_Process_2023,Antigen Processing And Presentation Of Endogenous Peptide Antigen (GO:0002483),2/21,0.2647991032525338,0.9591284283768442,0,0,2.103825740822645,2.7955296495971536,ULBP2;ULBP1
GO_Biological_Process_2023,Regulation Of Neurotransmitter Transport (GO:0051588),2/21,0.2647991032525338,0.9591284283768442,0,0,2.103825740822645,2.7955296495971536,FER1L4;KCNMB4
GO_Biological_Process_2023,Regulation Of Anoikis (GO:2000209),2/21,0.2647991032525338,0.9591284283768442,0,0,2.103825740822645,2.7955296495971536,CEACAM6;CEACAM5
GO_Biological_Process_2023,Regulation Of Cell-Substrate Junction Assembly (GO:0090109),2/21,0.2647991032525338,0.9591284283768442,0,0,2.103825740822645,2.7955296495971536,LIMCH1;EFNA5
GO_Biological_Process_2023,Neuron Migration (GO:0001764),4/55,0.2669059764819994,0.9591284283768442,0,0,1.5682146542827655,2.0713901743983416,NTRK2;TRIM46;DCDC2;SEMA3E
GO_Biological_Process_2023,Cellular Response To Decreased Oxygen Levels (GO:0036294),5/73,0.2685248086501643,0.9591284283768442,0,0,1.47043327341474,1.9333432720514536,EGLN3;KCND2;HILPDA;TWIST1;PMAIP1
GO_Biological_Process_2023,Positive Regulation Of Secretion By Cell (GO:1903532),5/73,0.2685248086501643,0.9591284283768442,0,0,1.47043327341474,1.9333432720514536,CADPS;ADAM9;SOX11;RAB27B;BMP6
GO_Biological_Process_2023,Protein Glycosylation (GO:0006486),9/147,0.2687328612612212,0.9591284283768442,0,0,1.3048999309868876,1.7146874086475226,GALNT7;GALNT5;GAL3ST1;GALNT3;A4GNT;B3GNT4;B3GNT3;GCNT3;B3GALT5
GO_Biological_Process_2023,Response To cAMP (GO:0051591),3/38,0.2713907865535109,0.9591284283768442,0,0,1.7134745380802163,2.234705747672338,HCN4;KCNQ1;DUOX2
GO_Biological_Process_2023,Signal Release From Synapse (GO:0099643),3/38,0.2713907865535109,0.9591284283768442,0,0,1.7134745380802163,2.234705747672338,SNAP25;PCLO;SYT1
GO_Biological_Process_2023,Import Into Cell (GO:0098657),3/38,0.2713907865535109,0.9591284283768442,0,0,1.7134745380802163,2.234705747672338,SNAP25;SLC6A6;LRP2
GO_Biological_Process_2023,Positive Regulation Of Axonogenesis (GO:0050772),3/38,0.2713907865535109,0.9591284283768442,0,0,1.7134745380802163,2.234705747672338,CHODL;ROBO2;NTRK2
GO_Biological_Process_2023,Positive Regulation Of Bone Mineralization (GO:0030501),3/38,0.2713907865535109,0.9591284283768442,0,0,1.7134745380802163,2.234705747672338,FBN2;TFAP2A;BMP6
GO_Biological_Process_2023,Regulation Of Transforming Growth Factor Beta Receptor Signaling Pathway (GO:0017015),7/111,0.2790101082151812,0.9591284283768442,0,0,1.3462959954512226,1.7185566226084807,CDKN1C;ITGA3;VEPH1;PMEPA1;SOX11;IL17RD;FOLR1
GO_Biological_Process_2023,Transmembrane Receptor Protein Tyrosine Kinase Signaling Pathway (GO:0007169),16/284,0.282166658409957,0.9591284283768442,0,0,1.1951755083855775,1.5122046507127516,EPHB6;DDR1;NTRK2;EPHA6;GALNT3;MST1R;EFNA5;SHCBP1;FGF5;EFS;UBASH3B;PDGFD;COL4A6;FGF20;ROR1;FGF23
GO_Biological_Process_2023,NAD Metabolic Process (GO:0019674),2/22,0.282786142802414,0.9591284283768442,0,0,1.998529411764706,2.5242712447355737,KRT17;NMNAT2
GO_Biological_Process_2023,Regulation Of Neural Precursor Cell Proliferation (GO:2000177),2/22,0.282786142802414,0.9591284283768442,0,0,1.998529411764706,2.5242712447355737,RASSF10;SHCBP1
GO_Biological_Process_2023,Mammary Gland Development (GO:0030879),2/22,0.282786142802414,0.9591284283768442,0,0,1.998529411764706,2.5242712447355737,OXTR;WNT7B
GO_Biological_Process_2023,Natural Killer Cell Mediated Immunity (GO:0002228),2/22,0.282786142802414,0.9591284283768442,0,0,1.998529411764706,2.5242712447355737,ULBP2;ULBP1
GO_Biological_Process_2023,Negative Regulation Of Axonogenesis (GO:0050771),2/22,0.282786142802414,0.9591284283768442,0,0,1.998529411764706,2.5242712447355737,PTPRS;TRIM46
GO_Biological_Process_2023,Negative Regulation Of Cell Development (GO:0010721),2/22,0.282786142802414,0.9591284283768442,0,0,1.998529411764706,2.5242712447355737,PTHLH;RFLNA
GO_Biological_Process_2023,Anterograde Axonal Transport (GO:0008089),3/39,0.2845347286565285,0.9591284283768442,0,0,1.6657903960743077,2.093731888481021,TRIM46;RAB27B;KIF1A
GO_Biological_Process_2023,Regulation Of Monoatomic Cation Transmembrane Transport (GO:1904062),3/39,0.2845347286565285,0.9591284283768442,0,0,1.6657903960743077,2.093731888481021,HCN4;GRIN2A;GRIN1
GO_Biological_Process_2023,Retina Homeostasis (GO:0001895),3/39,0.2845347286565285,0.9591284283768442,0,0,1.6657903960743077,2.093731888481021,CDH3;ZG16B;POTEF
GO_Biological_Process_2023,Digestive Tract Development (GO:0048565),3/39,0.2845347286565285,0.9591284283768442,0,0,1.6657903960743077,2.093731888481021,CLMP;CDX2;GLI3
GO_Biological_Process_2023,Axonogenesis (GO:0007409),11/188,0.286518637816983,0.9591284283768442,0,0,1.2435309835780746,1.5543536563322078,EPHB6;ROBO2;BRSK2;EPHA6;SEMA3C;DPYSL5;TUBB3;APLP1;TRIM46;SEMA3E;EFNA5
GO_Biological_Process_2023,Brain Development (GO:0007420),10/169,0.2875461379248518,0.9591284283768442,0,0,1.25832800341115,1.568344729718848,ROBO2;VCX3B;ARNT2;VCX3A;GRIN2A;SLC6A17;CADM2;SCTR;GRHL2;GRIN1
GO_Biological_Process_2023,Positive Regulation Of Macromolecule Metabolic Process (GO:0010604),20/364,0.2890133985201121,0.9591284283768442,0,0,1.1641601513868831,1.4450513091202053,TFAP2A;NTRK2;TESC;CHRNA7;TWIST1;SOX11;NTS;BMP6;OVOL2;FGF5;OLFM1;CDH3;CALCR;AGR2;FGF20;ITGB8;ADTRP;PKP3;SLC26A9;FGF23
GO_Biological_Process_2023,ADP Transport (GO:0015866),1/7,0.2897783023257907,0.9591284283768442,0,0,3.3298356068555437,4.124464656143019,SLC25A24
GO_Biological_Process_2023,Regulation Of Collateral Sprouting (GO:0048670),1/7,0.2897783023257907,0.9591284283768442,0,0,3.3298356068555437,4.124464656143019,PTPRS
GO_Biological_Process_2023,Regulation Of Extent Of Cell Growth (GO:0061387),1/7,0.2897783023257907,0.9591284283768442,0,0,3.3298356068555437,4.124464656143019,OLFM1
GO_Biological_Process_2023,T Cell Apoptotic Process (GO:0070231),1/7,0.2897783023257907,0.9591284283768442,0,0,3.3298356068555437,4.124464656143019,GLI3
GO_Biological_Process_2023,Regulation Of Mesenchymal Stem Cell Differentiation (GO:2000739),1/7,0.2897783023257907,0.9591284283768442,0,0,3.3298356068555437,4.124464656143019,SLC4A11
GO_Biological_Process_2023,Anterograde Axonal Protein Transport (GO:0099641),1/7,0.2897783023257907,0.9591284283768442,0,0,3.3298356068555437,4.124464656143019,RAB27B
GO_Biological_Process_2023,Regulation Of Myeloid Leukocyte Differentiation (GO:0002761),1/7,0.2897783023257907,0.9591284283768442,0,0,3.3298356068555437,4.124464656143019,UBASH3B
GO_Biological_Process_2023,Axo-Dendritic Protein Transport (GO:0099640),1/7,0.2897783023257907,0.9591284283768442,0,0,3.3298356068555437,4.124464656143019,RAB27B
GO_Biological_Process_2023,Regulation Of Protein Localization To Cell Cortex (GO:1904776),1/7,0.2897783023257907,0.9591284283768442,0,0,3.3298356068555437,4.124464656143019,SAPCD2
GO_Biological_Process_2023,Cardiac Muscle Hypertrophy (GO:0003300),1/7,0.2897783023257907,0.9591284283768442,0,0,3.3298356068555437,4.124464656143019,RYR2
GO_Biological_Process_2023,Catecholamine Transport (GO:0051937),1/7,0.2897783023257907,0.9591284283768442,0,0,3.3298356068555437,4.124464656143019,SLC6A3
GO_Biological_Process_2023,Regulation Of Vascular Wound Healing (GO:0061043),1/7,0.2897783023257907,0.9591284283768442,0,0,3.3298356068555437,4.124464656143019,SERPINE1
GO_Biological_Process_2023,Release Of Sequestered Calcium Ion Into Cytosol By Endoplasmic Reticulum (GO:1903514),1/7,0.2897783023257907,0.9591284283768442,0,0,3.3298356068555437,4.124464656143019,RYR2
GO_Biological_Process_2023,Collecting Duct Development (GO:0072044),1/7,0.2897783023257907,0.9591284283768442,0,0,3.3298356068555437,4.124464656143019,WNT7B
GO_Biological_Process_2023,Dendritic Spine Maintenance (GO:0097062),1/7,0.2897783023257907,0.9591284283768442,0,0,3.3298356068555437,4.124464656143019,ITGA3
GO_Biological_Process_2023,Dopamine Uptake (GO:0090494),1/7,0.2897783023257907,0.9591284283768442,0,0,3.3298356068555437,4.124464656143019,SLC6A3
GO_Biological_Process_2023,Sialylation (GO:0097503),1/7,0.2897783023257907,0.9591284283768442,0,0,3.3298356068555437,4.124464656143019,ST6GAL2
GO_Biological_Process_2023,Sodium-Dependent Phosphate Transport (GO:0044341),1/7,0.2897783023257907,0.9591284283768442,0,0,3.3298356068555437,4.124464656143019,SLC34A2
GO_Biological_Process_2023,Spleen Development (GO:0048536),1/7,0.2897783023257907,0.9591284283768442,0,0,3.3298356068555437,4.124464656143019,PITX2
GO_Biological_Process_2023,Establishment Of Centrosome Localization (GO:0051660),1/7,0.2897783023257907,0.9591284283768442,0,0,3.3298356068555437,4.124464656143019,PKHD1
GO_Biological_Process_2023,Estrogen Biosynthetic Process (GO:0006703),1/7,0.2897783023257907,0.9591284283768442,0,0,3.3298356068555437,4.124464656143019,CYP19A1
GO_Biological_Process_2023,Folic Acid Transport (GO:0015884),1/7,0.2897783023257907,0.9591284283768442,0,0,3.3298356068555437,4.124464656143019,FOLR1
GO_Biological_Process_2023,Hair Cell Differentiation (GO:0035315),1/7,0.2897783023257907,0.9591284283768442,0,0,3.3298356068555437,4.124464656143019,PITX2
GO_Biological_Process_2023,Ventricular Cardiac Muscle Cell Membrane Repolarization (GO:0099625),1/7,0.2897783023257907,0.9591284283768442,0,0,3.3298356068555437,4.124464656143019,KCNQ1
GO_Biological_Process_2023,Hepoxilin Biosynthetic Process (GO:0051122),1/7,0.2897783023257907,0.9591284283768442,0,0,3.3298356068555437,4.124464656143019,ALOXE3
GO_Biological_Process_2023,Hepoxilin Metabolic Process (GO:0051121),1/7,0.2897783023257907,0.9591284283768442,0,0,3.3298356068555437,4.124464656143019,ALOXE3
GO_Biological_Process_2023,Histone H2A K63-linked Deubiquitination (GO:0070537),1/7,0.2897783023257907,0.9591284283768442,0,0,3.3298356068555437,4.124464656143019,DEPDC1B
GO_Biological_Process_2023,Hyperosmotic Response (GO:0006972),1/7,0.2897783023257907,0.9591284283768442,0,0,3.3298356068555437,4.124464656143019,EPO
GO_Biological_Process_2023,Kidney Epithelium Development (GO:0072073),1/7,0.2897783023257907,0.9591284283768442,0,0,3.3298356068555437,4.124464656143019,WNT7B
GO_Biological_Process_2023,Lens Fiber Cell Development (GO:0070307),1/7,0.2897783023257907,0.9591284283768442,0,0,3.3298356068555437,4.124464656143019,WNT7B
GO_Biological_Process_2023,Lipoxygenase Pathway (GO:0019372),1/7,0.2897783023257907,0.9591284283768442,0,0,3.3298356068555437,4.124464656143019,ALOXE3
GO_Biological_Process_2023,Multi-Ciliated Epithelial Cell Differentiation (GO:1903251),1/7,0.2897783023257907,0.9591284283768442,0,0,3.3298356068555437,4.124464656143019,MCIDAS
GO_Biological_Process_2023,Negative Regulation Of RNA Catabolic Process (GO:1902369),1/7,0.2897783023257907,0.9591284283768442,0,0,3.3298356068555437,4.124464656143019,PKP3
GO_Biological_Process_2023,Negative Regulation Of SMAD Protein Signal Transduction (GO:0060392),1/7,0.2897783023257907,0.9591284283768442,0,0,3.3298356068555437,4.124464656143019,VEPH1
GO_Biological_Process_2023,Negative Regulation Of Circadian Rhythm (GO:0042754),1/7,0.2897783023257907,0.9591284283768442,0,0,3.3298356068555437,4.124464656143019,PASD1
GO_Biological_Process_2023,Negative Regulation Of Mitochondrial Membrane Potential (GO:0010917),1/7,0.2897783023257907,0.9591284283768442,0,0,3.3298356068555437,4.124464656143019,PMAIP1
GO_Biological_Process_2023,Negative Regulation Of Peptidyl-Lysine Acetylation (GO:2000757),1/7,0.2897783023257907,0.9591284283768442,0,0,3.3298356068555437,4.124464656143019,TWIST1
GO_Biological_Process_2023,Neuroepithelial Cell Differentiation (GO:0060563),1/7,0.2897783023257907,0.9591284283768442,0,0,3.3298356068555437,4.124464656143019,SOX11
GO_Biological_Process_2023,Neuron Fate Specification (GO:0048665),1/7,0.2897783023257907,0.9591284283768442,0,0,3.3298356068555437,4.124464656143019,POU3F2
GO_Biological_Process_2023,Neurotransmitter Receptor Diffusion Trapping (GO:0099628),1/7,0.2897783023257907,0.9591284283768442,0,0,3.3298356068555437,4.124464656143019,CACNG5
GO_Biological_Process_2023,Peptidyl-Proline Hydroxylation To 4-hydroxy-L-proline (GO:0018401),1/7,0.2897783023257907,0.9591284283768442,0,0,3.3298356068555437,4.124464656143019,EGLN3
GO_Biological_Process_2023,Peroxisome Proliferator Activated Receptor Signaling Pathway (GO:0035357),1/7,0.2897783023257907,0.9591284283768442,0,0,3.3298356068555437,4.124464656143019,ALOXE3
GO_Biological_Process_2023,Phosphatidylserine Acyl-Chain Remodeling (GO:0036150),1/7,0.2897783023257907,0.9591284283768442,0,0,3.3298356068555437,4.124464656143019,MBOAT2
GO_Biological_Process_2023,Positive Regulation Of CoA-transferase Activity (GO:1905920),1/7,0.2897783023257907,0.9591284283768442,0,0,3.3298356068555437,4.124464656143019,CHRNA7
GO_Biological_Process_2023,Positive Regulation Of Extracellular Matrix Disassembly (GO:0090091),1/7,0.2897783023257907,0.9591284283768442,0,0,3.3298356068555437,4.124464656143019,MELTF
GO_Biological_Process_2023,Positive Regulation Of Melanin Biosynthetic Process (GO:0048023),1/7,0.2897783023257907,0.9591284283768442,0,0,3.3298356068555437,4.124464656143019,CDH3
GO_Biological_Process_2023,Positive Regulation Of Myeloid Cell Apoptotic Process (GO:0033034),1/7,0.2897783023257907,0.9591284283768442,0,0,3.3298356068555437,4.124464656143019,HCAR2
GO_Biological_Process_2023,Positive Regulation Of Oligodendrocyte Differentiation (GO:0048714),1/7,0.2897783023257907,0.9591284283768442,0,0,3.3298356068555437,4.124464656143019,TENM4
GO_Biological_Process_2023,Positive Regulation Of Plasminogen Activation (GO:0010756),1/7,0.2897783023257907,0.9591284283768442,0,0,3.3298356068555437,4.124464656143019,MELTF
GO_Biological_Process_2023,Positive Regulation Of Secondary Metabolite Biosynthetic Process (GO:1900378),1/7,0.2897783023257907,0.9591284283768442,0,0,3.3298356068555437,4.124464656143019,CDH3
GO_Biological_Process_2023,"Positive Regulation Of Synaptic Transmission, GABAergic (GO:0032230)",1/7,0.2897783023257907,0.9591284283768442,0,0,3.3298356068555437,4.124464656143019,NLGN1
GO_Biological_Process_2023,Positive Regulation Of Tooth Mineralization (GO:0070172),1/7,0.2897783023257907,0.9591284283768442,0,0,3.3298356068555437,4.124464656143019,TFAP2A
GO_Biological_Process_2023,Postsynapse Organization (GO:0099173),1/7,0.2897783023257907,0.9591284283768442,0,0,3.3298356068555437,4.124464656143019,CHRNA7
GO_Biological_Process_2023,Postsynaptic Density Organization (GO:0097106),1/7,0.2897783023257907,0.9591284283768442,0,0,3.3298356068555437,4.124464656143019,NLGN1
GO_Biological_Process_2023,Postsynaptic Membrane Assembly (GO:0097104),1/7,0.2897783023257907,0.9591284283768442,0,0,3.3298356068555437,4.124464656143019,NLGN1
GO_Biological_Process_2023,Postsynaptic Neurotransmitter Receptor Diffusion Trapping (GO:0098970),1/7,0.2897783023257907,0.9591284283768442,0,0,3.3298356068555437,4.124464656143019,CACNG5
GO_Biological_Process_2023,Protein Localization To Ciliary Transition Zone (GO:1904491),1/7,0.2897783023257907,0.9591284283768442,0,0,3.3298356068555437,4.124464656143019,MAPK15
GO_Biological_Process_2023,Protein Localization To Presynapse (GO:1905383),1/7,0.2897783023257907,0.9591284283768442,0,0,3.3298356068555437,4.124464656143019,RAB27B
GO_Biological_Process_2023,Proximal/Distal Pattern Formation (GO:0009954),1/7,0.2897783023257907,0.9591284283768442,0,0,3.3298356068555437,4.124464656143019,HOXB9
GO_Biological_Process_2023,Pyrimidine Nucleobase Catabolic Process (GO:0006208),1/7,0.2897783023257907,0.9591284283768442,0,0,3.3298356068555437,4.124464656143019,DPYSL5
GO_Biological_Process_2023,Regulation Of ATPase-coupled Calcium Transmembrane Transporter Activity (GO:1901894),1/7,0.2897783023257907,0.9591284283768442,0,0,3.3298356068555437,4.124464656143019,RYR2
GO_Biological_Process_2023,Regulation Of CoA-transferase Activity (GO:1905918),1/7,0.2897783023257907,0.9591284283768442,0,0,3.3298356068555437,4.124464656143019,CHRNA7
GO_Biological_Process_2023,Regulation Of DNA-templated Transcription In Response To Stress (GO:0043620),1/7,0.2897783023257907,0.9591284283768442,0,0,3.3298356068555437,4.124464656143019,MUC1
GO_Biological_Process_2023,Regulation Of Cardiac Muscle Cell Action Potential Involved In Regulation Of Contraction (GO:0098909),1/7,0.2897783023257907,0.9591284283768442,0,0,3.3298356068555437,4.124464656143019,HCN4
GO_Biological_Process_2023,Synaptic Vesicle Endocytosis (GO:0048488),3/40,0.297729089261881,0.9591284283768442,0,0,1.6206837752579075,1.9635739523550544,NLGN1;SYT1;DNM1
GO_Biological_Process_2023,Negative Regulation Of Cell-Cell Adhesion (GO:0022408),3/40,0.297729089261881,0.9591284283768442,0,0,1.6206837752579075,1.9635739523550544,SPINT2;ADTRP;BMP6
GO_Biological_Process_2023,Positive Regulation Of Myeloid Leukocyte Differentiation (GO:0002763),3/40,0.297729089261881,0.9591284283768442,0,0,1.6206837752579075,1.9635739523550544,TESC;LIF;TNFRSF11A
GO_Biological_Process_2023,Metal Ion Transport (GO:0030001),10/171,0.2998419531030349,0.9591284283768442,0,0,1.2425650068428256,1.4966692601507228,KCNK5;KCNH3;RYR2;CHRNA7;KCNQ4;KCNMB4;SLC4A11;KCNJ16;LRP2;SCN3B
GO_Biological_Process_2023,Regulation Of Extracellular Matrix Organization (GO:1903053),2/23,0.3007317669389788,0.9591284283768442,0,0,1.9032613045218087,2.286838024004469,DDR1;LAMA1
GO_Biological_Process_2023,Regulation Of Myotube Differentiation (GO:0010830),2/23,0.3007317669389788,0.9591284283768442,0,0,1.9032613045218087,2.286838024004469,CEACAM5;BHLHE41
GO_Biological_Process_2023,Response To BMP (GO:0071772),2/23,0.3007317669389788,0.9591284283768442,0,0,1.9032613045218087,2.286838024004469,DLX5;BMP6
GO_Biological_Process_2023,Endocrine System Development (GO:0035270),2/23,0.3007317669389788,0.9591284283768442,0,0,1.9032613045218087,2.286838024004469,FOXE1;NR0B1
GO_Biological_Process_2023,Negative Regulation Of Actin Filament Polymerization (GO:0030837),2/23,0.3007317669389788,0.9591284283768442,0,0,1.9032613045218087,2.286838024004469,SCIN;TMSB15A
GO_Biological_Process_2023,Negative Regulation Of Lymphocyte Activation (GO:0051250),2/23,0.3007317669389788,0.9591284283768442,0,0,1.9032613045218087,2.286838024004469,SOX11;VTCN1
GO_Biological_Process_2023,Protein Localization To Cell Junction (GO:1902414),2/23,0.3007317669389788,0.9591284283768442,0,0,1.9032613045218087,2.286838024004469,NLGN1;PCLO
GO_Biological_Process_2023,Regulation Of T Cell Migration (GO:2000404),2/23,0.3007317669389788,0.9591284283768442,0,0,1.9032613045218087,2.286838024004469,AIRE;SPNS2
GO_Biological_Process_2023,Regulation Of Axon Extension Involved In Axon Guidance (GO:0048841),2/23,0.3007317669389788,0.9591284283768442,0,0,1.9032613045218087,2.286838024004469,SEMA3C;SEMA3E
GO_Biological_Process_2023,Negative Regulation Of Cell Motility (GO:2000146),8/133,0.3018777277260142,0.9591284283768442,0,0,1.2800676532769557,1.5331795504757026,FRMD5;SFRP2;LIMCH1;ADORA3;SERPINE1;CDH11;SPINT2;MAPK15
GO_Biological_Process_2023,Actomyosin Structure Organization (GO:0031032),5/77,0.3058102959379985,0.9591284283768442,0,0,1.388449830230652,1.6450219147641,FHOD3;FRMD5;KRT19;TNNT1;FHDC1
GO_Biological_Process_2023,Monoatomic Cation Homeostasis (GO:0055080),5/77,0.3058102959379985,0.9591284283768442,0,0,1.388449830230652,1.6450219147641,TMTC2;SLC4A11;ITPR3;BMP6;GRIN1
GO_Biological_Process_2023,Generation Of Neurons (GO:0048699),10/172,0.3060398315680108,0.9591284283768442,0,0,1.2348294622305922,1.4620874974244848,FZD1;NTRK2;BRSK2;FZD7;WNT7B;TRIM46;DCDC2;SOX11;FZD10;POU3F2
GO_Biological_Process_2023,Glucose Metabolic Process (GO:0006006),4/59,0.310095456660429,0.9591284283768442,0,0,1.4538564593301435,1.702284333296893,TKTL1;KRT17;ENO2;HK2
GO_Biological_Process_2023,Carbohydrate Catabolic Process (GO:0016052),3/41,0.3109561542396168,0.9591284283768442,0,0,1.5779511871160552,1.8432100834194936,PKM;ENO2;HK2
GO_Biological_Process_2023,Heart Contraction (GO:0060047),3/41,0.3109561542396168,0.9591284283768442,0,0,1.5779511871160552,1.8432100834194936,RYR2;KCNQ1;SCN3B
GO_Biological_Process_2023,Regulation Of Cysteine-Type Endopeptidase Activity (GO:2000116),2/24,0.3185990338351533,0.9591284283768442,0,0,1.816653934300993,2.077928580286385,CST2;GRIN1
GO_Biological_Process_2023,Regulation Of Cytoplasmic Translation (GO:2000765),2/24,0.3185990338351533,0.9591284283768442,0,0,1.816653934300993,2.077928580286385,PKM;NMNAT2
GO_Biological_Process_2023,Regulation Of Ruffle Assembly (GO:1900027),2/24,0.3185990338351533,0.9591284283768442,0,0,1.816653934300993,2.077928580286385,NLGN1;EPS8L1
GO_Biological_Process_2023,Ear Morphogenesis (GO:0042471),2/24,0.3185990338351533,0.9591284283768442,0,0,1.816653934300993,2.077928580286385,TFAP2A;TWIST1
GO_Biological_Process_2023,Fat-Soluble Vitamin Metabolic Process (GO:0006775),2/24,0.3185990338351533,0.9591284283768442,0,0,1.816653934300993,2.077928580286385,CYP24A1;LRP2
GO_Biological_Process_2023,Iron Ion Transport (GO:0006826),2/24,0.3185990338351533,0.9591284283768442,0,0,1.816653934300993,2.077928580286385,TTYH1;MELTF
GO_Biological_Process_2023,Natural Killer Cell Mediated Cytotoxicity (GO:0042267),2/24,0.3185990338351533,0.9591284283768442,0,0,1.816653934300993,2.077928580286385,ULBP2;ULBP1
GO_Biological_Process_2023,Positive Regulation Of ERBB Signaling Pathway (GO:1901186),2/24,0.3185990338351533,0.9591284283768442,0,0,1.816653934300993,2.077928580286385,AGR2;FAM83B
GO_Biological_Process_2023,Cdc42 Protein Signal Transduction (GO:0032488),1/8,0.3236676879971913,0.9591284283768442,0,0,2.8539949033128464,3.2194145425279177,RHOV
GO_Biological_Process_2023,"DNA Damage Response, Signal Transduction By P53 Class Mediator Resulting In Transcription Of P21 Class Mediator (GO:0006978)",1/8,0.3236676879971913,0.9591284283768442,0,0,2.8539949033128464,3.2194145425279177,MUC1
GO_Biological_Process_2023,Regulation Of Fibroblast Apoptotic Process (GO:2000269),1/8,0.3236676879971913,0.9591284283768442,0,0,2.8539949033128464,3.2194145425279177,TP63
GO_Biological_Process_2023,Regulation Of Glial Cell Proliferation (GO:0060251),1/8,0.3236676879971913,0.9591284283768442,0,0,2.8539949033128464,3.2194145425279177,SOX11
GO_Biological_Process_2023,Schwann Cell Development (GO:0014044),1/8,0.3236676879971913,0.9591284283768442,0,0,2.8539949033128464,3.2194145425279177,ARHGEF10
GO_Biological_Process_2023,UDP-N-acetylglucosamine Biosynthetic Process (GO:0006048),1/8,0.3236676879971913,0.9591284283768442,0,0,2.8539949033128464,3.2194145425279177,UAP1L1
GO_Biological_Process_2023,Actin Filament Network Formation (GO:0051639),1/8,0.3236676879971913,0.9591284283768442,0,0,2.8539949033128464,3.2194145425279177,SPIRE1
GO_Biological_Process_2023,Regulation Of Lysosomal Protein Catabolic Process (GO:1905165),1/8,0.3236676879971913,0.9591284283768442,0,0,2.8539949033128464,3.2194145425279177,LRP2
GO_Biological_Process_2023,Regulation Of Mitotic Centrosome Separation (GO:0046602),1/8,0.3236676879971913,0.9591284283768442,0,0,2.8539949033128464,3.2194145425279177,MAP9
GO_Biological_Process_2023,Apoptotic DNA Fragmentation (GO:0006309),1/8,0.3236676879971913,0.9591284283768442,0,0,2.8539949033128464,3.2194145425279177,FOXL2
GO_Biological_Process_2023,Regulation Of Neutrophil Migration (GO:1902622),1/8,0.3236676879971913,0.9591284283768442,0,0,2.8539949033128464,3.2194145425279177,OLFM4
GO_Biological_Process_2023,Regulation Of Pinocytosis (GO:0048548),1/8,0.3236676879971913,0.9591284283768442,0,0,2.8539949033128464,3.2194145425279177,PROM2
GO_Biological_Process_2023,Bundle Of His Cell To Purkinje Myocyte Communication (GO:0086069),1/8,0.3236676879971913,0.9591284283768442,0,0,2.8539949033128464,3.2194145425279177,DSG2
GO_Biological_Process_2023,Cellular Response To Muramyl Dipeptide (GO:0071225),1/8,0.3236676879971913,0.9591284283768442,0,0,2.8539949033128464,3.2194145425279177,LDOC1
GO_Biological_Process_2023,Cyclooxygenase Pathway (GO:0019371),1/8,0.3236676879971913,0.9591284283768442,0,0,2.8539949033128464,3.2194145425279177,PTGDS
GO_Biological_Process_2023,Response To Leptin (GO:0044321),1/8,0.3236676879971913,0.9591284283768442,0,0,2.8539949033128464,3.2194145425279177,LRP2
GO_Biological_Process_2023,Response To Vitamin (GO:0033273),1/8,0.3236676879971913,0.9591284283768442,0,0,2.8539949033128464,3.2194145425279177,CYP24A1
GO_Biological_Process_2023,Response To Vitamin D (GO:0033280),1/8,0.3236676879971913,0.9591284283768442,0,0,2.8539949033128464,3.2194145425279177,CYP24A1
GO_Biological_Process_2023,Sensory Organ Morphogenesis (GO:0090596),1/8,0.3236676879971913,0.9591284283768442,0,0,2.8539949033128464,3.2194145425279177,GLI3
GO_Biological_Process_2023,Embryonic Digestive Tract Morphogenesis (GO:0048557),1/8,0.3236676879971913,0.9591284283768442,0,0,2.8539949033128464,3.2194145425279177,SOX11
GO_Biological_Process_2023,Embryonic Forelimb Morphogenesis (GO:0035115),1/8,0.3236676879971913,0.9591284283768442,0,0,2.8539949033128464,3.2194145425279177,TFAP2A
GO_Biological_Process_2023,Embryonic Placenta Development (GO:0001892),1/8,0.3236676879971913,0.9591284283768442,0,0,2.8539949033128464,3.2194145425279177,WNT7B
GO_Biological_Process_2023,Endochondral Ossification (GO:0001958),1/8,0.3236676879971913,0.9591284283768442,0,0,2.8539949033128464,3.2194145425279177,DLX5
GO_Biological_Process_2023,Skin Morphogenesis (GO:0043589),1/8,0.3236676879971913,0.9591284283768442,0,0,2.8539949033128464,3.2194145425279177,ITGB4
GO_Biological_Process_2023,Somite Development (GO:0061053),1/8,0.3236676879971913,0.9591284283768442,0,0,2.8539949033128464,3.2194145425279177,SFRP2
GO_Biological_Process_2023,Sphingosine-1-Phosphate Receptor Signaling Pathway (GO:0003376),1/8,0.3236676879971913,0.9591284283768442,0,0,2.8539949033128464,3.2194145425279177,SPNS2
GO_Biological_Process_2023,"Fructose 1,6-Bisphosphate Metabolic Process (GO:0030388)",1/8,0.3236676879971913,0.9591284283768442,0,0,2.8539949033128464,3.2194145425279177,PFKP
GO_Biological_Process_2023,Glucosamine-Containing Compound Catabolic Process (GO:1901072),1/8,0.3236676879971913,0.9591284283768442,0,0,2.8539949033128464,3.2194145425279177,CHI3L2
GO_Biological_Process_2023,Type B Pancreatic Cell Differentiation (GO:0003309),1/8,0.3236676879971913,0.9591284283768442,0,0,2.8539949033128464,3.2194145425279177,BMP6
GO_Biological_Process_2023,Lactation (GO:0007595),1/8,0.3236676879971913,0.9591284283768442,0,0,2.8539949033128464,3.2194145425279177,OXTR
GO_Biological_Process_2023,Manganese Ion Transport (GO:0006828),1/8,0.3236676879971913,0.9591284283768442,0,0,2.8539949033128464,3.2194145425279177,ATP2C2
GO_Biological_Process_2023,Monocyte Activation (GO:0042117),1/8,0.3236676879971913,0.9591284283768442,0,0,2.8539949033128464,3.2194145425279177,ADAM9
GO_Biological_Process_2023,Negative Regulation Of Alpha-Beta T Cell Differentiation (GO:0046639),1/8,0.3236676879971913,0.9591284283768442,0,0,2.8539949033128464,3.2194145425279177,GLI3
GO_Biological_Process_2023,Negative Regulation Of Cytoplasmic Translation (GO:2000766),1/8,0.3236676879971913,0.9591284283768442,0,0,2.8539949033128464,3.2194145425279177,NMNAT2
GO_Biological_Process_2023,Negative Regulation Of Glycoprotein Biosynthetic Process (GO:0010561),1/8,0.3236676879971913,0.9591284283768442,0,0,2.8539949033128464,3.2194145425279177,BACE2
GO_Biological_Process_2023,Negative Regulation Of Membrane Potential (GO:0045837),1/8,0.3236676879971913,0.9591284283768442,0,0,2.8539949033128464,3.2194145425279177,PMAIP1
GO_Biological_Process_2023,Negative Regulation Of Transporter Activity (GO:0032410),1/8,0.3236676879971913,0.9591284283768442,0,0,2.8539949033128464,3.2194145425279177,TWIST1
GO_Biological_Process_2023,Neuronal Action Potential (GO:0019228),1/8,0.3236676879971913,0.9591284283768442,0,0,2.8539949033128464,3.2194145425279177,KCNMB4
GO_Biological_Process_2023,Nicotinamide Nucleotide Biosynthetic Process (GO:0019359),1/8,0.3236676879971913,0.9591284283768442,0,0,2.8539949033128464,3.2194145425279177,NMNAT2
GO_Biological_Process_2023,Nucleoside Diphosphate Metabolic Process (GO:0009132),1/8,0.3236676879971913,0.9591284283768442,0,0,2.8539949033128464,3.2194145425279177,ENTPD3
GO_Biological_Process_2023,Peripheral Nervous System Axon Ensheathment (GO:0032292),1/8,0.3236676879971913,0.9591284283768442,0,0,2.8539949033128464,3.2194145425279177,ARHGEF10
GO_Biological_Process_2023,"Phototransduction, Visible Light (GO:0007603)",1/8,0.3236676879971913,0.9591284283768442,0,0,2.8539949033128464,3.2194145425279177,DMBT1
GO_Biological_Process_2023,Positive Regulation Of Calcium Ion Import Across Plasma Membrane (GO:1905665),1/8,0.3236676879971913,0.9591284283768442,0,0,2.8539949033128464,3.2194145425279177,CALCR
GO_Biological_Process_2023,Positive Regulation Of Calcium Ion Transport Into Cytosol (GO:0010524),1/8,0.3236676879971913,0.9591284283768442,0,0,2.8539949033128464,3.2194145425279177,GRIN1
GO_Biological_Process_2023,Positive Regulation Of Calcium Ion-Dependent Exocytosis (GO:0045956),1/8,0.3236676879971913,0.9591284283768442,0,0,2.8539949033128464,3.2194145425279177,SYT1
GO_Biological_Process_2023,Positive Regulation Of Dendritic Spine Morphogenesis (GO:0061003),1/8,0.3236676879971913,0.9591284283768442,0,0,2.8539949033128464,3.2194145425279177,LRP8
GO_Biological_Process_2023,Positive Regulation Of Fatty Acid Beta-Oxidation (GO:0032000),1/8,0.3236676879971913,0.9591284283768442,0,0,2.8539949033128464,3.2194145425279177,TWIST1
GO_Biological_Process_2023,Positive Regulation Of Monocyte Chemotactic Protein-1 Production (GO:0071639),1/8,0.3236676879971913,0.9591284283768442,0,0,2.8539949033128464,3.2194145425279177,TWIST1
GO_Biological_Process_2023,Presynaptic Membrane Assembly (GO:0097105),1/8,0.3236676879971913,0.9591284283768442,0,0,2.8539949033128464,3.2194145425279177,NLGN1
GO_Biological_Process_2023,Protein K29-linked Ubiquitination (GO:0035519),1/8,0.3236676879971913,0.9591284283768442,0,0,2.8539949033128464,3.2194145425279177,RNF186
GO_Biological_Process_2023,Pyrimidine-Containing Compound Catabolic Process (GO:0072529),1/8,0.3236676879971913,0.9591284283768442,0,0,2.8539949033128464,3.2194145425279177,DPYSL5
GO_Biological_Process_2023,Regulation Of DNA Methylation (GO:0044030),1/8,0.3236676879971913,0.9591284283768442,0,0,2.8539949033128464,3.2194145425279177,GRHL2
GO_Biological_Process_2023,Regulation Of DNA-templated Transcription Initiation (GO:2000142),1/8,0.3236676879971913,0.9591284283768442,0,0,2.8539949033128464,3.2194145425279177,TWIST1
GO_Biological_Process_2023,"Regulation Of Wnt Signaling Pathway, Planar Cell Polarity Pathway (GO:2000095)",1/8,0.3236676879971913,0.9591284283768442,0,0,2.8539949033128464,3.2194145425279177,MLLT3
GO_Biological_Process_2023,Regulation Of Osteoclast Differentiation (GO:0045670),3/42,0.3241989715374634,0.9591284283768442,0,0,1.5374100137507078,1.7317353217494793,TNFAIP6;UBASH3B;TNFRSF11A
GO_Biological_Process_2023,Branching Morphogenesis Of An Epithelial Tube (GO:0048754),3/42,0.3241989715374634,0.9591284283768442,0,0,1.5374100137507078,1.7317353217494793,PKHD1;SFRP2;SEMA3E
GO_Biological_Process_2023,Embryonic Heart Tube Morphogenesis (GO:0003143),3/42,0.3241989715374634,0.9591284283768442,0,0,1.5374100137507078,1.7317353217494793,RYR2;VANGL2;FOLR1
GO_Biological_Process_2023,BMP Signaling Pathway (GO:0030509),4/61,0.3319511896038576,0.9591284283768442,0,0,1.40269621421976,1.5468475731789115,LEFTY1;DLX5;LEFTY2;BMP6
GO_Biological_Process_2023,Regulation Of Pathway-Restricted SMAD Protein Phosphorylation (GO:0060393),4/61,0.3319511896038576,0.9591284283768442,0,0,1.40269621421976,1.5468475731789115,LEFTY1;PMEPA1;LEFTY2;BMP6
GO_Biological_Process_2023,Axon Development (GO:0061564),6/99,0.3340625983703917,0.9591284283768442,0,0,1.289846195726147,1.4142220443109472,BRSK2;GRM7;APLP1;TRIM46;NMNAT2;FOLR1
GO_Biological_Process_2023,Calcium Ion Transmembrane Transport (GO:0070588),5/80,0.3342474611234695,0.9591284283768442,0,0,1.3327010888654724,1.4604720183020816,GRIN2A;MCOLN3;ATP2C2;CACNA1G;GRIN1
GO_Biological_Process_2023,Regulation Of Hippo Signaling (GO:0035330),2/25,0.3363546129480756,0.9591284283768442,0,0,1.7375776397515528,1.8932459692300712,SOX11;FRMD1
GO_Biological_Process_2023,Regulation Of Postsynapse Organization (GO:0099175),2/25,0.3363546129480756,0.9591284283768442,0,0,1.7375776397515528,1.8932459692300712,KIF1A;TANC2
GO_Biological_Process_2023,"Chemical Synaptic Transmission, Postsynaptic (GO:0099565)",2/25,0.3363546129480756,0.9591284283768442,0,0,1.7375776397515528,1.8932459692300712,GRIN2A;GRIN1
GO_Biological_Process_2023,"Wound Healing, Spreading Of Cells (GO:0044319)",2/25,0.3363546129480756,0.9591284283768442,0,0,1.7375776397515528,1.8932459692300712,DDR1;MMP12
GO_Biological_Process_2023,Inner Ear Morphogenesis (GO:0042472),2/25,0.3363546129480756,0.9591284283768442,0,0,1.7375776397515528,1.8932459692300712,TFAP2A;MYO3A
GO_Biological_Process_2023,Metanephros Development (GO:0001656),2/25,0.3363546129480756,0.9591284283768442,0,0,1.7375776397515528,1.8932459692300712,ROBO2;WNT7B
GO_Biological_Process_2023,Negative Regulation Of Intrinsic Apoptotic Signaling Pathway In Response To DNA Damage (GO:1902230),2/25,0.3363546129480756,0.9591284283768442,0,0,1.7375776397515528,1.8932459692300712,MUC1;SFRP2
GO_Biological_Process_2023,Negative Regulation Of Response To Wounding (GO:1903035),2/25,0.3363546129480756,0.9591284283768442,0,0,1.7375776397515528,1.8932459692300712,PTPRS;SERPINE1
GO_Biological_Process_2023,Negative Regulation Of Signaling Receptor Activity (GO:2000272),2/25,0.3363546129480756,0.9591284283768442,0,0,1.7375776397515528,1.8932459692300712,CALCR;GPRC5A
GO_Biological_Process_2023,Organophosphate Ester Transport (GO:0015748),2/25,0.3363546129480756,0.9591284283768442,0,0,1.7375776397515528,1.8932459692300712,SLC44A4;PRELID3A
GO_Biological_Process_2023,Phosphatidylethanolamine Metabolic Process (GO:0046337),2/25,0.3363546129480756,0.9591284283768442,0,0,1.7375776397515528,1.8932459692300712,PLAAT1;PLAAT5
GO_Biological_Process_2023,Positive Regulation Of Release Of Cytochrome C From Mitochondria (GO:0090200),2/25,0.3363546129480756,0.9591284283768442,0,0,1.7375776397515528,1.8932459692300712,HRK;PMAIP1
GO_Biological_Process_2023,Ephrin Receptor Signaling Pathway (GO:0048013),3/43,0.337441357658047,0.9591284283768442,0,0,1.498895899053628,1.628345853269624,EPHB6;EPHA6;EFNA5
GO_Biological_Process_2023,Positive Regulation Of T Cell Mediated Immunity (GO:0002711),3/43,0.337441357658047,0.9591284283768442,0,0,1.498895899053628,1.628345853269624,ULBP2;ULBP1;CD1A
GO_Biological_Process_2023,Positive Regulation Of Biomineral Tissue Development (GO:0070169),3/43,0.337441357658047,0.9591284283768442,0,0,1.498895899053628,1.628345853269624,FBN2;TFAP2A;BMP6
GO_Biological_Process_2023,Positive Regulation Of Stress Fiber Assembly (GO:0051496),3/43,0.337441357658047,0.9591284283768442,0,0,1.498895899053628,1.628345853269624,ARHGEF10;LIMCH1;LPAR1
GO_Biological_Process_2023,Antimicrobial Humoral Response (GO:0019730),6/100,0.3425991770293242,0.9591284283768442,0,0,1.2760570966873148,1.366904827144905,PGLYRP4;CXCL1;PI3;CXCL3;PRSS2;CXCL5
GO_Biological_Process_2023,Positive Regulation Of ERK1 And ERK2 Cascade (GO:0070374),10/179,0.350184319256606,0.9591284283768442,0,0,1.1832439073312606,1.241572669079379,DDR1;NTRK2;CALCR;ARHGAP8;CHRNA7;PDGFD;HTR2C;ROR1;TNFRSF11A;CCL26
GO_Biological_Process_2023,Regulation Of Transport (GO:0051049),3/44,0.3506678997409916,0.9591284283768442,0,0,1.4622605216588445,1.532325696702724,RAB25;PTPRN;FGF23
GO_Biological_Process_2023,Synaptic Vesicle Recycling (GO:0036465),3/44,0.3506678997409916,0.9591284283768442,0,0,1.4622605216588445,1.532325696702724,NLGN1;SYT1;DNM1
GO_Biological_Process_2023,Regulation Of Cell-Substrate Adhesion (GO:0010810),3/44,0.3506678997409916,0.9591284283768442,0,0,1.4622605216588445,1.532325696702724,PKHD1;FZD7;AGR2
GO_Biological_Process_2023,Inorganic Anion Transmembrane Transport (GO:0098661),4/63,0.3538778456347931,0.9591284283768442,0,0,1.355004460303301,1.407583368055668,GABRA5;ANO9;SLC26A9;ANO4
GO_Biological_Process_2023,Regulation Of Epidermal Growth Factor-Activated Receptor Activity (GO:0007176),2/26,0.3539685253482277,0.9591284283768442,0,0,1.665091036414566,1.729275768896937,GPRC5A;TGFA
GO_Biological_Process_2023,"Wnt Signaling Pathway, Planar Cell Polarity Pathway (GO:0060071)",2/26,0.3539685253482277,0.9591284283768442,0,0,1.665091036414566,1.729275768896937,VANGL2;FZD7
GO_Biological_Process_2023,Regulation Of Reactive Oxygen Species Biosynthetic Process (GO:1903426),2/26,0.3539685253482277,0.9591284283768442,0,0,1.665091036414566,1.729275768896937,CCN6;GRIN1
GO_Biological_Process_2023,Dendritic Spine Organization (GO:0097061),2/26,0.3539685253482277,0.9591284283768442,0,0,1.665091036414566,1.729275768896937,ITGA3;CHRNA7
GO_Biological_Process_2023,Positive Regulation Of Monooxygenase Activity (GO:0032770),2/26,0.3539685253482277,0.9591284283768442,0,0,1.665091036414566,1.729275768896937,CDH3;FGF23
GO_Biological_Process_2023,"DNA Damage Response, Signal Transduction Resulting In Transcription (GO:0042772)",1/9,0.3559415980054058,0.9591284283768442,0,0,2.4971143756558236,2.579490713249773,MUC1
GO_Biological_Process_2023,G Protein-Coupled Serotonin Receptor Signaling Pathway (GO:0098664),1/9,0.3559415980054058,0.9591284283768442,0,0,2.4971143756558236,2.579490713249773,HTR2C
GO_Biological_Process_2023,Regulation Of Granulocyte Differentiation (GO:0030852),1/9,0.3559415980054058,0.9591284283768442,0,0,2.4971143756558236,2.579490713249773,TESC
GO_Biological_Process_2023,Regulation Of Hair Cycle (GO:0042634),1/9,0.3559415980054058,0.9591284283768442,0,0,2.4971143756558236,2.579490713249773,CDH3
GO_Biological_Process_2023,Wnt Signaling Pathway Involved In Midbrain Dopaminergic Neuron Differentiation (GO:1904953),1/9,0.3559415980054058,0.9591284283768442,0,0,2.4971143756558236,2.579490713249773,FZD1
GO_Biological_Process_2023,Adrenal Gland Development (GO:0030325),1/9,0.3559415980054058,0.9591284283768442,0,0,2.4971143756558236,2.579490713249773,NR0B1
GO_Biological_Process_2023,Regulation Of Mast Cell Activation (GO:0033003),1/9,0.3559415980054058,0.9591284283768442,0,0,2.4971143756558236,2.579490713249773,HAVCR1
GO_Biological_Process_2023,Alpha-Linolenic Acid Metabolic Process (GO:0036109),1/9,0.3559415980054058,0.9591284283768442,0,0,2.4971143756558236,2.579490713249773,ELOVL3
GO_Biological_Process_2023,Amino Sugar Biosynthetic Process (GO:0046349),1/9,0.3559415980054058,0.9591284283768442,0,0,2.4971143756558236,2.579490713249773,UAP1L1
GO_Biological_Process_2023,Apical Protein Localization (GO:0045176),1/9,0.3559415980054058,0.9591284283768442,0,0,2.4971143756558236,2.579490713249773,VANGL2
GO_Biological_Process_2023,Axon Regeneration (GO:0031103),1/9,0.3559415980054058,0.9591284283768442,0,0,2.4971143756558236,2.579490713249773,FOLR1
GO_Biological_Process_2023,Calcium Ion Transport Into Cytosol (GO:0060402),1/9,0.3559415980054058,0.9591284283768442,0,0,2.4971143756558236,2.579490713249773,RYR2
GO_Biological_Process_2023,Camera-Type Eye Morphogenesis (GO:0048593),1/9,0.3559415980054058,0.9591284283768442,0,0,2.4971143756558236,2.579490713249773,TENM3
GO_Biological_Process_2023,Carbohydrate Phosphorylation (GO:0046835),1/9,0.3559415980054058,0.9591284283768442,0,0,2.4971143756558236,2.579490713249773,HK2
GO_Biological_Process_2023,Cellular Response To Purine-Containing Compound (GO:0071415),1/9,0.3559415980054058,0.9591284283768442,0,0,2.4971143756558236,2.579490713249773,RYR2
GO_Biological_Process_2023,Embryonic Eye Morphogenesis (GO:0048048),1/9,0.3559415980054058,0.9591284283768442,0,0,2.4971143756558236,2.579490713249773,FBN2
GO_Biological_Process_2023,Sequestering Of Extracellular Ligand From Receptor (GO:0035581),1/9,0.3559415980054058,0.9591284283768442,0,0,2.4971143756558236,2.579490713249773,FBN2
GO_Biological_Process_2023,Serine Family Amino Acid Catabolic Process (GO:0009071),1/9,0.3559415980054058,0.9591284283768442,0,0,2.4971143756558236,2.579490713249773,AOC1
GO_Biological_Process_2023,Excitatory Synapse Assembly (GO:1904861),1/9,0.3559415980054058,0.9591284283768442,0,0,2.4971143756558236,2.579490713249773,NLGN1
GO_Biological_Process_2023,Forelimb Morphogenesis (GO:0035136),1/9,0.3559415980054058,0.9591284283768442,0,0,2.4971143756558236,2.579490713249773,TFAP2A
GO_Biological_Process_2023,Glycerolipid Metabolic Process (GO:0046486),1/9,0.3559415980054058,0.9591284283768442,0,0,2.4971143756558236,2.579490713249773,GAL3ST1
GO_Biological_Process_2023,Hematopoietic Stem Cell Differentiation (GO:0060218),1/9,0.3559415980054058,0.9591284283768442,0,0,2.4971143756558236,2.579490713249773,MLLT3
GO_Biological_Process_2023,"Wound Healing, Spreading Of Epidermal Cells (GO:0035313)",1/9,0.3559415980054058,0.9591284283768442,0,0,2.4971143756558236,2.579490713249773,MMP12
GO_Biological_Process_2023,Mesenchymal To Epithelial Transition (GO:0060231),1/9,0.3559415980054058,0.9591284283768442,0,0,2.4971143756558236,2.579490713249773,FZD7
GO_Biological_Process_2023,Morphogenesis Of An Epithelial Sheet (GO:0002011),1/9,0.3559415980054058,0.9591284283768442,0,0,2.4971143756558236,2.579490713249773,SOX11
GO_Biological_Process_2023,Muscle Cell Migration (GO:0014812),1/9,0.3559415980054058,0.9591284283768442,0,0,2.4971143756558236,2.579490713249773,DDR1
GO_Biological_Process_2023,Myelin Assembly (GO:0032288),1/9,0.3559415980054058,0.9591284283768442,0,0,2.4971143756558236,2.579490713249773,TENM4
GO_Biological_Process_2023,Negative Regulation Of Bone Resorption (GO:0045779),1/9,0.3559415980054058,0.9591284283768442,0,0,2.4971143756558236,2.579490713249773,UBASH3B
GO_Biological_Process_2023,Negative Regulation Of Hormone Secretion (GO:0046888),1/9,0.3559415980054058,0.9591284283768442,0,0,2.4971143756558236,2.579490713249773,LIF
GO_Biological_Process_2023,Negative Regulation Of Phosphatidylinositol 3-Kinase Signaling (GO:0014067),1/9,0.3559415980054058,0.9591284283768442,0,0,2.4971143756558236,2.579490713249773,TWIST1
GO_Biological_Process_2023,Negative Regulation Of Transforming Growth Factor Beta Production (GO:0071635),1/9,0.3559415980054058,0.9591284283768442,0,0,2.4971143756558236,2.579490713249773,CDH3
GO_Biological_Process_2023,Neuron Projection Regeneration (GO:0031102),1/9,0.3559415980054058,0.9591284283768442,0,0,2.4971143756558236,2.579490713249773,FOLR1
GO_Biological_Process_2023,Phosphatidylethanolamine Acyl-Chain Remodeling (GO:0036152),1/9,0.3559415980054058,0.9591284283768442,0,0,2.4971143756558236,2.579490713249773,MBOAT2
GO_Biological_Process_2023,Positive Regulation Of Epidermis Development (GO:0045684),1/9,0.3559415980054058,0.9591284283768442,0,0,2.4971143756558236,2.579490713249773,SULT2B1
GO_Biological_Process_2023,Positive Regulation Of Leukocyte Apoptotic Process (GO:2000108),1/9,0.3559415980054058,0.9591284283768442,0,0,2.4971143756558236,2.579490713249773,HCAR2
GO_Biological_Process_2023,Positive Regulation Of Protein Kinase A Signaling (GO:0010739),1/9,0.3559415980054058,0.9591284283768442,0,0,2.4971143756558236,2.579490713249773,CALCR
GO_Biological_Process_2023,Positive Regulation Of Sodium Ion Transmembrane Transport (GO:1902307),1/9,0.3559415980054058,0.9591284283768442,0,0,2.4971143756558236,2.579490713249773,WNK2
GO_Biological_Process_2023,Postsynapse Assembly (GO:0099068),1/9,0.3559415980054058,0.9591284283768442,0,0,2.4971143756558236,2.579490713249773,NLGN1
GO_Biological_Process_2023,Presynaptic Membrane Organization (GO:0097090),1/9,0.3559415980054058,0.9591284283768442,0,0,2.4971143756558236,2.579490713249773,NLGN1
GO_Biological_Process_2023,Protein O-linked Glycosylation Via Serine (GO:0018242),1/9,0.3559415980054058,0.9591284283768442,0,0,2.4971143756558236,2.579490713249773,GALNT3
GO_Biological_Process_2023,Protein O-linked Glycosylation Via Threonine (GO:0018243),1/9,0.3559415980054058,0.9591284283768442,0,0,2.4971143756558236,2.579490713249773,GALNT3
GO_Biological_Process_2023,Regulation Of PERK-mediated Unfolded Protein Response (GO:1903897),1/9,0.3559415980054058,0.9591284283768442,0,0,2.4971143756558236,2.579490713249773,AGR2
GO_Biological_Process_2023,Regulation Of Actin Filament Length (GO:0030832),1/9,0.3559415980054058,0.9591284283768442,0,0,2.4971143756558236,2.579490713249773,MYO3A
GO_Biological_Process_2023,Regulation Of Cardiac Muscle Cell Differentiation (GO:2000725),1/9,0.3559415980054058,0.9591284283768442,0,0,2.4971143756558236,2.579490713249773,FZD7
GO_Biological_Process_2023,Regulation Of Cellular Extravasation (GO:0002691),1/9,0.3559415980054058,0.9591284283768442,0,0,2.4971143756558236,2.579490713249773,OLFM4
GO_Biological_Process_2023,Regulation Of Epithelial To Mesenchymal Transition (GO:0010717),5/83,0.3628979080720523,0.9591284283768442,0,0,1.2812407122206912,1.2987088012011363,OLFM1;SFRP2;TWIST1;IL17RD;OVOL2
GO_Biological_Process_2023,Phospholipase C-activating G Protein-Coupled Receptor Signaling Pathway (GO:0007200),5/83,0.3628979080720523,0.9591284283768442,0,0,1.2812407122206912,1.2987088012011363,CHRM1;CXCR2;LPAR1;HTR2C;GPR83
GO_Biological_Process_2023,Zymogen Activation (GO:0031638),3/45,0.3638639537679832,0.9591284283768442,0,0,1.4273696860447649,1.4430354032004178,GRIN2A;KLK1;PRSS12
GO_Biological_Process_2023,Negative Regulation Of Cell Death (GO:0060548),4/64,0.3648450736816596,0.9591284283768442,0,0,1.3323508771929824,1.3433860349258366,CHGA;CCN6;CCN4;AGR3
GO_Biological_Process_2023,Positive Regulation Of Cysteine-Type Endopeptidase Activity (GO:2001056),4/64,0.3648450736816596,0.9591284283768442,0,0,1.3323508771929824,1.3433860349258366,GRIN2A;PMAIP1;FOXL2;GRIN1
GO_Biological_Process_2023,Inorganic Cation Import Across Plasma Membrane (GO:0098659),6/103,0.3683185663675875,0.9591284283768442,0,0,1.2363956674931489,1.2349207041033268,SLC9A2;HCN4;CACNA1B;KCNJ16;SLC9C1;CACNA1G
GO_Biological_Process_2023,Regulation Of Insulin Secretion Involved In Cellular Response To Glucose Stimulus (GO:0061178),2/27,0.3714139001682251,0.9591284283768442,0,0,1.598403361344538,1.5831197550452254,BRSK2;EFNA5
GO_Biological_Process_2023,Respiratory Tube Development (GO:0030323),2/27,0.3714139001682251,0.9591284283768442,0,0,1.598403361344538,1.5831197550452254,ITGA3;WNT7B
GO_Biological_Process_2023,Cortical Cytoskeleton Organization (GO:0030865),2/27,0.3714139001682251,0.9591284283768442,0,0,1.598403361344538,1.5831197550452254,FHOD3;NLGN1
GO_Biological_Process_2023,Glycerophospholipid Catabolic Process (GO:0046475),2/27,0.3714139001682251,0.9591284283768442,0,0,1.598403361344538,1.5831197550452254,PLA2G4D;ENPP6
GO_Biological_Process_2023,Ventricular Septum Morphogenesis (GO:0060412),2/27,0.3714139001682251,0.9591284283768442,0,0,1.598403361344538,1.5831197550452254,ROBO2;SOX11
GO_Biological_Process_2023,In Utero Embryonic Development (GO:0001701),2/27,0.3714139001682251,0.9591284283768442,0,0,1.598403361344538,1.5831197550452254,ARNT2;WNT7B
GO_Biological_Process_2023,Positive Regulation Of Calcium Ion Transmembrane Transporter Activity (GO:1901021),2/27,0.3714139001682251,0.9591284283768442,0,0,1.598403361344538,1.5831197550452254,RYR2;STAC2
GO_Biological_Process_2023,Positive Regulation Of Cytosolic Calcium Ion Concentration Involved In Phospholipase C-activating G Protein-Coupled Signaling Pathway (GO:0051482),2/27,0.3714139001682251,0.9591284283768442,0,0,1.598403361344538,1.5831197550452254,LPAR1;HTR2C
GO_Biological_Process_2023,Positive Regulation Of Filopodium Assembly (GO:0051491),2/27,0.3714139001682251,0.9591284283768442,0,0,1.598403361344538,1.5831197550452254,NLGN1;MYO3A
GO_Biological_Process_2023,Positive Regulation Of Transferase Activity (GO:0051347),8/143,0.3738358785350356,0.9591284283768442,0,0,1.184621407877222,1.16559449898291,DDR1;NTRK2;CHRNA7;PIFO;ROR1;MST1R;GRHL2;MAPK15
GO_Biological_Process_2023,Antimicrobial Humoral Immune Response Mediated By Antimicrobial Peptide (GO:0061844),4/65,0.3758033555903649,0.9591284283768442,0,0,1.310440034512511,1.2825135913869732,PGLYRP4;CXCL1;CXCL3;CXCL5
GO_Biological_Process_2023,Regulation Of Cell-Matrix Adhesion (GO:0001952),4/65,0.3758033555903649,0.9591284283768442,0,0,1.310440034512511,1.2825135913869732,PKHD1;LIMCH1;SEMA3E;EFNA5
GO_Biological_Process_2023,Development Of Primary Male Sexual Characteristics (GO:0046546),3/46,0.3770156398706438,0.9591284283768442,0,0,1.394101679994131,1.3599024242555304,ADAM32;NR0B1;LRP2
GO_Biological_Process_2023,Male Gonad Development (GO:0008584),3/46,0.3770156398706438,0.9591284283768442,0,0,1.394101679994131,1.3599024242555304,ADAM32;NR0B1;LRP2
GO_Biological_Process_2023,Myofibril Assembly (GO:0030239),3/46,0.3770156398706438,0.9591284283768442,0,0,1.394101679994131,1.3599024242555304,FHOD3;KRT19;TNNT1
GO_Biological_Process_2023,Regulation Of Cell Adhesion (GO:0030155),8/144,0.3811311813010641,0.9591284283768442,0,0,1.1758487750279816,1.134237433190471,PKHD1;FRMD5;LAMA1;TESC;ADAM22;C2CD4A;EFNA5;PRSS2
GO_Biological_Process_2023,Positive Regulation Of Canonical Wnt Signaling Pathway (GO:0090263),5/85,0.3820356788619652,0.9591284283768442,0,0,1.249077976817703,1.20191438445647,CDH3;SFRP2;PTK7;WNK2;LYPD6
GO_Biological_Process_2023,CRD-mediated mRNA Stabilization (GO:0070934),1/10,0.3866769635153324,0.9591284283768442,0,0,2.219540631922583,2.108931276384121,IGF2BP3
GO_Biological_Process_2023,Regulation Of Glycoprotein Biosynthetic Process (GO:0010559),1/10,0.3866769635153324,0.9591284283768442,0,0,2.219540631922583,2.108931276384121,NECAB1
GO_Biological_Process_2023,UDP-N-acetylglucosamine Metabolic Process (GO:0006047),1/10,0.3866769635153324,0.9591284283768442,0,0,2.219540631922583,2.108931276384121,UAP1L1
GO_Biological_Process_2023,Acidic Amino Acid Transport (GO:0015800),1/10,0.3866769635153324,0.9591284283768442,0,0,2.219540631922583,2.108931276384121,SLC6A6
GO_Biological_Process_2023,Regulation Of Melanin Biosynthetic Process (GO:0048021),1/10,0.3866769635153324,0.9591284283768442,0,0,2.219540631922583,2.108931276384121,CDH3
GO_Biological_Process_2023,Regulation Of Peroxisome Proliferator Activated Receptor Signaling Pathway (GO:0035358),1/10,0.3866769635153324,0.9591284283768442,0,0,2.219540631922583,2.108931276384121,TWIST1
GO_Biological_Process_2023,Cardiac Muscle Cell Membrane Repolarization (GO:0099622),1/10,0.3866769635153324,0.9591284283768442,0,0,2.219540631922583,2.108931276384121,KCNQ1
GO_Biological_Process_2023,Cellular Response To UV-A (GO:0071492),1/10,0.3866769635153324,0.9591284283768442,0,0,2.219540631922583,2.108931276384121,MMP1
GO_Biological_Process_2023,Regulation Of Toll-Like Receptor 9 Signaling Pathway (GO:0034163),1/10,0.3866769635153324,0.9591284283768442,0,0,2.219540631922583,2.108931276384121,PTPRS
GO_Biological_Process_2023,Columnar/Cuboidal Epithelial Cell Differentiation (GO:0002065),1/10,0.3866769635153324,0.9591284283768442,0,0,2.219540631922583,2.108931276384121,SOX11
GO_Biological_Process_2023,Response To Corticosteroid (GO:0031960),1/10,0.3866769635153324,0.9591284283768442,0,0,2.219540631922583,2.108931276384121,CALCR
GO_Biological_Process_2023,Sarcoplasmic Reticulum Calcium Ion Transport (GO:0070296),1/10,0.3866769635153324,0.9591284283768442,0,0,2.219540631922583,2.108931276384121,RYR2
GO_Biological_Process_2023,Signal Release (GO:0023061),1/10,0.3866769635153324,0.9591284283768442,0,0,2.219540631922583,2.108931276384121,SLC44A4
GO_Biological_Process_2023,Engulfment Of Apoptotic Cell (GO:0043652),1/10,0.3866769635153324,0.9591284283768442,0,0,2.219540631922583,2.108931276384121,XKR5
GO_Biological_Process_2023,Epithelial Cell Apoptotic Process (GO:1904019),1/10,0.3866769635153324,0.9591284283768442,0,0,2.219540631922583,2.108931276384121,RYR2
GO_Biological_Process_2023,Glycine Transport (GO:0015816),1/10,0.3866769635153324,0.9591284283768442,0,0,2.219540631922583,2.108931276384121,SLC6A17
GO_Biological_Process_2023,Hematopoietic Stem Cell Proliferation (GO:0071425),1/10,0.3866769635153324,0.9591284283768442,0,0,2.219540631922583,2.108931276384121,SFRP2
GO_Biological_Process_2023,Maintenance Of Synapse Structure (GO:0099558),1/10,0.3866769635153324,0.9591284283768442,0,0,2.219540631922583,2.108931276384121,NLGN1
GO_Biological_Process_2023,Midbrain Dopaminergic Neuron Differentiation (GO:1904948),1/10,0.3866769635153324,0.9591284283768442,0,0,2.219540631922583,2.108931276384121,FZD1
GO_Biological_Process_2023,Monoamine Transport (GO:0015844),1/10,0.3866769635153324,0.9591284283768442,0,0,2.219540631922583,2.108931276384121,SLC6A3
GO_Biological_Process_2023,Negative Regulation Of Alpha-Beta T Cell Activation (GO:0046636),1/10,0.3866769635153324,0.9591284283768442,0,0,2.219540631922583,2.108931276384121,GLI3
GO_Biological_Process_2023,Negative Regulation Of Hemostasis (GO:1900047),1/10,0.3866769635153324,0.9591284283768442,0,0,2.219540631922583,2.108931276384121,SERPINE1
GO_Biological_Process_2023,Negative Regulation Of Interferon-Beta Production (GO:0032688),1/10,0.3866769635153324,0.9591284283768442,0,0,2.219540631922583,2.108931276384121,PTPRS
GO_Biological_Process_2023,Negative Regulation Of Intracellular Estrogen Receptor Signaling Pathway (GO:0033147),1/10,0.3866769635153324,0.9591284283768442,0,0,2.219540631922583,2.108931276384121,FOXH1
GO_Biological_Process_2023,Negative Regulation Of Pathway-Restricted SMAD Protein Phosphorylation (GO:0060394),1/10,0.3866769635153324,0.9591284283768442,0,0,2.219540631922583,2.108931276384121,PMEPA1
GO_Biological_Process_2023,Negative Regulation Of Sprouting Angiogenesis (GO:1903671),1/10,0.3866769635153324,0.9591284283768442,0,0,2.219540631922583,2.108931276384121,CREB3L1
GO_Biological_Process_2023,Negative Regulation Of Steroid Biosynthetic Process (GO:0010894),1/10,0.3866769635153324,0.9591284283768442,0,0,2.219540631922583,2.108931276384121,NR0B1
GO_Biological_Process_2023,Positive Regulation Of Actin Nucleation (GO:0051127),1/10,0.3866769635153324,0.9591284283768442,0,0,2.219540631922583,2.108931276384121,SCIN
GO_Biological_Process_2023,Positive Regulation Of Bone Resorption (GO:0045780),1/10,0.3866769635153324,0.9591284283768442,0,0,2.219540631922583,2.108931276384121,TNFRSF11A
GO_Biological_Process_2023,Positive Regulation Of Defense Response To Bacterium (GO:1900426),1/10,0.3866769635153324,0.9591284283768442,0,0,2.219540631922583,2.108931276384121,KLK7
GO_Biological_Process_2023,Positive Regulation Of Epidermal Growth Factor-Activated Receptor Activity (GO:0045741),1/10,0.3866769635153324,0.9591284283768442,0,0,2.219540631922583,2.108931276384121,TGFA
GO_Biological_Process_2023,Positive Regulation Of Lipid Localization (GO:1905954),1/10,0.3866769635153324,0.9591284283768442,0,0,2.219540631922583,2.108931276384121,HILPDA
GO_Biological_Process_2023,Positive Regulation Of Macrophage Differentiation (GO:0045651),1/10,0.3866769635153324,0.9591284283768442,0,0,2.219540631922583,2.108931276384121,LIF
GO_Biological_Process_2023,Positive Regulation Of Non-Canonical Wnt Signaling Pathway (GO:2000052),1/10,0.3866769635153324,0.9591284283768442,0,0,2.219540631922583,2.108931276384121,MLLT3
GO_Biological_Process_2023,Positive Regulation Of Transcription From RNA Polymerase II Promoter In Response To Endoplasmic Reticulum Stress (GO:1990440),1/10,0.3866769635153324,0.9591284283768442,0,0,2.219540631922583,2.108931276384121,CREB3L1
GO_Biological_Process_2023,Protein Kinase C-activating G Protein-Coupled Receptor Signaling Pathway (GO:0007205),1/10,0.3866769635153324,0.9591284283768442,0,0,2.219540631922583,2.108931276384121,CHRM1
GO_Biological_Process_2023,Regulation Of Axon Regeneration (GO:0048679),1/10,0.3866769635153324,0.9591284283768442,0,0,2.219540631922583,2.108931276384121,PTPRS
GO_Biological_Process_2023,Regulation Of Biosynthetic Process (GO:0009889),1/10,0.3866769635153324,0.9591284283768442,0,0,2.219540631922583,2.108931276384121,CCN6
GO_Biological_Process_2023,Regulation Of Calcium Ion Import Across Plasma Membrane (GO:1905664),1/10,0.3866769635153324,0.9591284283768442,0,0,2.219540631922583,2.108931276384121,CALCR
GO_Biological_Process_2023,Cellular Response To BMP Stimulus (GO:0071773),4/66,0.3867443928734965,0.9591284283768442,0,0,1.2892359932088284,1.2247629613359798,LEFTY1;DLX5;LEFTY2;BMP6
GO_Biological_Process_2023,Negative Regulation Of Endopeptidase Activity (GO:0010951),4/66,0.3867443928734965,0.9591284283768442,0,0,1.2892359932088284,1.2247629613359798,CST2;ANXA8L1;SERPINE1;ANXA8
GO_Biological_Process_2023,Regulation Of Monoatomic Ion Transport (GO:0043269),2/28,0.3886667468003104,0.9591284283768442,0,0,1.5368455074337428,1.4523697120724546,CHRM1;KCNJ16
GO_Biological_Process_2023,Regulation Of Plasma Membrane Bounded Cell Projection Organization (GO:0120035),2/28,0.3886667468003104,0.9591284283768442,0,0,1.5368455074337428,1.4523697120724546,BRSK2;EFHC2
GO_Biological_Process_2023,Cell-Substrate Junction Assembly (GO:0007044),2/28,0.3886667468003104,0.9591284283768442,0,0,1.5368455074337428,1.4523697120724546,ITGB4;CDH11
GO_Biological_Process_2023,Regulation Of Sodium Ion Transmembrane Transport (GO:1902305),2/28,0.3886667468003104,0.9591284283768442,0,0,1.5368455074337428,1.4523697120724546,FXYD3;SCN3B
GO_Biological_Process_2023,Cellular Response To Osmotic Stress (GO:0071470),2/28,0.3886667468003104,0.9591284283768442,0,0,1.5368455074337428,1.4523697120724546,EPO;SLC4A11
GO_Biological_Process_2023,Determination Of Bilateral Symmetry (GO:0009855),2/28,0.3886667468003104,0.9591284283768442,0,0,1.5368455074337428,1.4523697120724546,LEFTY1;PITX2
GO_Biological_Process_2023,Diterpenoid Metabolic Process (GO:0016101),2/28,0.3886667468003104,0.9591284283768442,0,0,1.5368455074337428,1.4523697120724546,LRP2;LRP8
GO_Biological_Process_2023,Fatty Acid Derivative Biosynthetic Process (GO:1901570),2/28,0.3886667468003104,0.9591284283768442,0,0,1.5368455074337428,1.4523697120724546,GGTLC1;GGT6
GO_Biological_Process_2023,Hematopoietic Progenitor Cell Differentiation (GO:0002244),2/28,0.3886667468003104,0.9591284283768442,0,0,1.5368455074337428,1.4523697120724546,MLLT3;MLF1
GO_Biological_Process_2023,Phospholipid Catabolic Process (GO:0009395),2/28,0.3886667468003104,0.9591284283768442,0,0,1.5368455074337428,1.4523697120724546,PLA2G4D;ENPP6
GO_Biological_Process_2023,"Regulation Of DNA Damage Response, Signal Transduction By P53 Class Mediator (GO:0043516)",2/28,0.3886667468003104,0.9591284283768442,0,0,1.5368455074337428,1.4523697120724546,TWIST1;PMAIP1
GO_Biological_Process_2023,Regulation Of Bone Resorption (GO:0045124),2/28,0.3886667468003104,0.9591284283768442,0,0,1.5368455074337428,1.4523697120724546,UBASH3B;TNFRSF11A
GO_Biological_Process_2023,Bicellular Tight Junction Assembly (GO:0070830),3/47,0.390109834481327,0.9591284283768442,0,0,1.362345856036708,1.2824128730947555,POF1B;CLDN18;GRHL2
GO_Biological_Process_2023,Response To Organonitrogen Compound (GO:0010243),3/47,0.390109834481327,0.9591284283768442,0,0,1.362345856036708,1.2824128730947555,BRSK2;CHRNA7;ADORA1
GO_Biological_Process_2023,Regulation Of Neurogenesis (GO:0050767),4/67,0.3976601824775261,0.9591284283768442,0,0,1.2687050960735171,1.1699458578135584,RASSF10;BHLHE41;SOX11;LRP2
GO_Biological_Process_2023,Regulation Of Canonical Wnt Signaling Pathway (GO:0060828),11/207,0.4006541979513531,0.9591284283768442,0,0,1.1218538316705262,1.0261109810390154,SFRP2;CDH3;PTK7;FZD7;WNK2;TPBG;MLLT3;LYPD6;FOLR1;GLI3;BICC1
GO_Biological_Process_2023,Dephosphorylation (GO:0016311),8/147,0.4030513171514969,0.9591284283768442,0,0,1.1502882260787564,1.0452570039472826,DUSP4;PLPP4;PTPRS;ACP3;DUSP15;PLPP2;SGPP2;MTMR7
GO_Biological_Process_2023,Cellular Defense Response (GO:0006968),3/48,0.4031341600840137,0.9591284283768442,0,0,1.3320014020329478,1.2101044512367598,CLEC5A;CXCR2;DCDC2
GO_Biological_Process_2023,Oligosaccharide Metabolic Process (GO:0009311),3/48,0.4031341600840137,0.9591284283768442,0,0,1.3320014020329478,1.2101044512367598,ST6GAL2;B3GALT5;GAL3ST4
GO_Biological_Process_2023,Vesicle-Mediated Transport (GO:0016192),21/411,0.4045298800917587,0.9591284283768442,0,0,1.07669222524528,0.9744384157771896,SNAP25;ANXA8L1;ARL14;DOC2A;STX19;RASEF;CADPS;RAB27B;RASSF9;LRP2;PRSS12;LRP8;DNM1;EPN3;RAB36;SCRN1;RAB25;SPIRE1;ANXA8;KIF1A;RHOV
GO_Biological_Process_2023,Cellular Response To Lipid (GO:0071396),12/228,0.4053712011420518,0.9591284283768442,0,0,1.1105213493748525,1.002747568540982,PTK7;FZD7;TESC;WNT7B;SERPINE1;ADAM9;LDOC1;CXCL1;FZD10;ADTRP;CXCL3;CXCL5
GO_Biological_Process_2023,Regulation Of Developmental Growth (GO:0048638),2/29,0.4057057421758213,0.9591284283768442,0,0,1.4798474945533768,1.3350106102747676,OLFM1;AGR2
GO_Biological_Process_2023,Regulation Of Striated Muscle Contraction (GO:0006942),2/29,0.4057057421758213,0.9591284283768442,0,0,1.4798474945533768,1.3350106102747676,HCN4;RYR2
GO_Biological_Process_2023,Response To Alcohol (GO:0097305),2/29,0.4057057421758213,0.9591284283768442,0,0,1.4798474945533768,1.3350106102747676,GRIN2A;GRIN1
GO_Biological_Process_2023,Establishment Of Mitotic Spindle Orientation (GO:0000132),2/29,0.4057057421758213,0.9591284283768442,0,0,1.4798474945533768,1.3350106102747676,PKHD1;SAPCD2
GO_Biological_Process_2023,Modified Amino Acid Transport (GO:0072337),2/29,0.4057057421758213,0.9591284283768442,0,0,1.4798474945533768,1.3350106102747676,SLC6A8;FOLR1
GO_Biological_Process_2023,Negative Regulation Of DNA Binding (GO:0043392),2/29,0.4057057421758213,0.9591284283768442,0,0,1.4798474945533768,1.3350106102747676,MSX2;SOX11
GO_Biological_Process_2023,Peptidyl-Tyrosine Dephosphorylation (GO:0035335),2/29,0.4057057421758213,0.9591284283768442,0,0,1.4798474945533768,1.3350106102747676,PTPRS;UBASH3B
GO_Biological_Process_2023,Positive Regulation Of Neural Precursor Cell Proliferation (GO:2000179),2/29,0.4057057421758213,0.9591284283768442,0,0,1.4798474945533768,1.3350106102747676,RASSF10;LRP2
GO_Biological_Process_2023,Skin Development (GO:0043588),4/68,0.4085430205266004,0.9591284283768442,0,0,1.2488157894736842,1.117887515432067,SPRR3;ITGB4;ITGA3;ADAM9
GO_Biological_Process_2023,Intermediate Filament Organization (GO:0045109),4/68,0.4085430205266004,0.9591284283768442,0,0,1.2488157894736842,1.117887515432067,KRT80;KRT19;KRT4;KRT17
GO_Biological_Process_2023,Glycerophospholipid Biosynthetic Process (GO:0046474),6/108,0.4112917000905985,0.9591284283768442,0,0,1.1754777860511294,1.0443562760361151,PCYT1B;MUC1;SLC44A4;PITPNM3;MBOAT2;MTMR7
GO_Biological_Process_2023,Endocytosis (GO:0006897),10/189,0.41460802157528,0.9591284283768442,0,0,1.1165490957295712,0.9830340880800464,EPN3;ANXA3;ADORA1;MST1R;VLDLR;RHOV;LRP2;LRP8;FOLR1;DNM1
GO_Biological_Process_2023,DNA Methylation-Dependent Heterochromatin Formation (GO:0006346),1/11,0.4159470555699894,0.9591284283768442,0,0,1.9974816369359916,1.752185492896913,TEX15
GO_Biological_Process_2023,Regulation Of Endocytic Recycling (GO:2001135),1/11,0.4159470555699894,0.9591284283768442,0,0,1.9974816369359916,1.752185492896913,ARHGAP8
GO_Biological_Process_2023,Regulation Of Epithelial Cell Apoptotic Process (GO:1904035),1/11,0.4159470555699894,0.9591284283768442,0,0,1.9974816369359916,1.752185492896913,PKHD1
GO_Biological_Process_2023,Regulation Of Leukocyte Tethering Or Rolling (GO:1903236),1/11,0.4159470555699894,0.9591284283768442,0,0,1.9974816369359916,1.752185492896913,CHST4
GO_Biological_Process_2023,Regulation Of Monocyte Chemotactic Protein-1 Production (GO:0071637),1/11,0.4159470555699894,0.9591284283768442,0,0,1.9974816369359916,1.752185492896913,TWIST1
GO_Biological_Process_2023,Central Nervous System Myelination (GO:0022010),1/11,0.4159470555699894,0.9591284283768442,0,0,1.9974816369359916,1.752185492896913,TENM4
GO_Biological_Process_2023,Response To X-ray (GO:0010165),1/11,0.4159470555699894,0.9591284283768442,0,0,1.9974816369359916,1.752185492896913,DEPDC1B
GO_Biological_Process_2023,Cochlea Morphogenesis (GO:0090103),1/11,0.4159470555699894,0.9591284283768442,0,0,1.9974816369359916,1.752185492896913,MYO3A
GO_Biological_Process_2023,Desensitization Of G Protein-Coupled Receptor Signaling Pathway (GO:0002029),1/11,0.4159470555699894,0.9591284283768442,0,0,1.9974816369359916,1.752185492896913,DMBT1
GO_Biological_Process_2023,Digestive System Development (GO:0055123),1/11,0.4159470555699894,0.9591284283768442,0,0,1.9974816369359916,1.752185492896913,CLMP
GO_Biological_Process_2023,Ganglion Development (GO:0061548),1/11,0.4159470555699894,0.9591284283768442,0,0,1.9974816369359916,1.752185492896913,TUBB3
GO_Biological_Process_2023,Visual Learning (GO:0008542),1/11,0.4159470555699894,0.9591284283768442,0,0,1.9974816369359916,1.752185492896913,GRIN1
GO_Biological_Process_2023,Histone H2A Ubiquitination (GO:0033522),1/11,0.4159470555699894,0.9591284283768442,0,0,1.9974816369359916,1.752185492896913,DEPDC1B
GO_Biological_Process_2023,Intestinal Absorption (GO:0050892),1/11,0.4159470555699894,0.9591284283768442,0,0,1.9974816369359916,1.752185492896913,KCNQ1
GO_Biological_Process_2023,Mitochondrial Genome Maintenance (GO:0000002),1/11,0.4159470555699894,0.9591284283768442,0,0,1.9974816369359916,1.752185492896913,SLC25A36
GO_Biological_Process_2023,Negative Regulation Of Bone Remodeling (GO:0046851),1/11,0.4159470555699894,0.9591284283768442,0,0,1.9974816369359916,1.752185492896913,UBASH3B
GO_Biological_Process_2023,Negative Regulation Of Fibrinolysis (GO:0051918),1/11,0.4159470555699894,0.9591284283768442,0,0,1.9974816369359916,1.752185492896913,SERPINE1
GO_Biological_Process_2023,Neurotransmitter Uptake (GO:0001504),1/11,0.4159470555699894,0.9591284283768442,0,0,1.9974816369359916,1.752185492896913,SNAP25
GO_Biological_Process_2023,Nucleoside Phosphate Biosynthetic Process (GO:1901293),1/11,0.4159470555699894,0.9591284283768442,0,0,1.9974816369359916,1.752185492896913,NMNAT2
GO_Biological_Process_2023,Nucleoside Phosphate Catabolic Process (GO:1901292),1/11,0.4159470555699894,0.9591284283768442,0,0,1.9974816369359916,1.752185492896913,ENTPD3
GO_Biological_Process_2023,Phospholipid Efflux (GO:0033700),1/11,0.4159470555699894,0.9591284283768442,0,0,1.9974816369359916,1.752185492896913,ABCA12
GO_Biological_Process_2023,Polyamine Metabolic Process (GO:0006595),1/11,0.4159470555699894,0.9591284283768442,0,0,1.9974816369359916,1.752185492896913,AOC1
GO_Biological_Process_2023,Positive Regulation Of Behavior (GO:0048520),1/11,0.4159470555699894,0.9591284283768442,0,0,1.9974816369359916,1.752185492896913,NLGN1
GO_Biological_Process_2023,Positive Regulation Of Circadian Rhythm (GO:0042753),1/11,0.4159470555699894,0.9591284283768442,0,0,1.9974816369359916,1.752185492896913,NLGN1
GO_Biological_Process_2023,Positive Regulation Of Coagulation (GO:0050820),1/11,0.4159470555699894,0.9591284283768442,0,0,1.9974816369359916,1.752185492896913,SERPINE1
GO_Biological_Process_2023,Positive Regulation Of Hemostasis (GO:1900048),1/11,0.4159470555699894,0.9591284283768442,0,0,1.9974816369359916,1.752185492896913,SERPINE1
GO_Biological_Process_2023,Positive Regulation Of Keratinocyte Proliferation (GO:0010838),1/11,0.4159470555699894,0.9591284283768442,0,0,1.9974816369359916,1.752185492896913,CDH3
GO_Biological_Process_2023,Positive Regulation Of Myelination (GO:0031643),1/11,0.4159470555699894,0.9591284283768442,0,0,1.9974816369359916,1.752185492896913,TENM4
GO_Biological_Process_2023,Positive Regulation Of Vascular Permeability (GO:0043117),1/11,0.4159470555699894,0.9591284283768442,0,0,1.9974816369359916,1.752185492896913,BMP6
GO_Biological_Process_2023,pre-mRNA Cleavage Required For Polyadenylation (GO:0098789),1/11,0.4159470555699894,0.9591284283768442,0,0,1.9974816369359916,1.752185492896913,CPSF4L
GO_Biological_Process_2023,Pyrimidine Nucleobase Metabolic Process (GO:0006206),1/11,0.4159470555699894,0.9591284283768442,0,0,1.9974816369359916,1.752185492896913,DPYSL5
GO_Biological_Process_2023,Regulation Of Actin Filament Depolymerization (GO:0030834),1/11,0.4159470555699894,0.9591284283768442,0,0,1.9974816369359916,1.752185492896913,PLEKHH2
GO_Biological_Process_2023,Regulation Of Amyloid Precursor Protein Catabolic Process (GO:1902991),1/11,0.4159470555699894,0.9591284283768442,0,0,1.9974816369359916,1.752185492896913,CHRNA7
GO_Biological_Process_2023,Regulation Of Cell Cycle Checkpoint (GO:1901976),1/11,0.4159470555699894,0.9591284283768442,0,0,1.9974816369359916,1.752185492896913,DEPDC1B
GO_Biological_Process_2023,Positive Regulation Of Pathway-Restricted SMAD Protein Phosphorylation (GO:0010862),3/49,0.4160769730153352,0.9591284283768442,0,0,1.3029762721163078,1.142560354303495,LEFTY1;LEFTY2;BMP6
GO_Biological_Process_2023,Axon Guidance (GO:0007411),8/149,0.4176678045312071,0.9591284283768442,0,0,1.1338521284092784,0.9899310173845272,EPHB6;ROBO2;EPHA6;SEMA3C;DPYSL5;TUBB3;SEMA3E;EFNA5
GO_Biological_Process_2023,Cellular Response To Calcium Ion (GO:0071277),4/69,0.4193855050836416,0.9591284283768442,0,0,1.2295384615384617,1.0684255476528737,NLGN1;SYT1;SYT13;SLC25A24
GO_Biological_Process_2023,Positive Regulation Of Wnt Signaling Pathway (GO:0030177),6/109,0.4198654436653191,0.9591284283768442,0,0,1.164003932653312,1.0101470466660831,DEPDC1B;CDH3;SFRP2;PTK7;WNK2;LYPD6
GO_Biological_Process_2023,Organic Anion Transport (GO:0015711),5/89,0.4201966800709113,0.9591284283768442,0,0,1.1893471824978674,1.0312025318854845,SLC44A4;SLCO4A1;SLC4A11;SLC4A3;SLC25A24
GO_Biological_Process_2023,Artery Morphogenesis (GO:0048844),2/30,0.4225120306707599,0.9591284283768442,0,0,1.4269207683073228,1.2293455482747662,LRP2;FOLR1
GO_Biological_Process_2023,Positive Regulation Of JUN Kinase Activity (GO:0043507),2/30,0.4225120306707599,0.9591284283768442,0,0,1.4269207683073228,1.2293455482747662,FZD10;TNFRSF11A
GO_Biological_Process_2023,Positive Regulation Of Phosphate Metabolic Process (GO:0045937),2/30,0.4225120306707599,0.9591284283768442,0,0,1.4269207683073228,1.2293455482747662,AVPR1B;FZD7
GO_Biological_Process_2023,Positive Regulation Of Cell Migration (GO:0030335),14/272,0.4239893858780474,0.9591284283768442,0,0,1.0845785914563748,0.930619251969934,MMP7;SEMA3C;TWIST1;LAMC2;SEMA3E;RAB25;CEACAM6;TMSB15A;PDGFD;CCN4;ADAM9;S100A11;CCL26;SMIM22
GO_Biological_Process_2023,"G Protein-Coupled Receptor Signaling Pathway, Coupled To Cyclic Nucleotide Second Messenger (GO:0007187)",3/50,0.4289273487030519,0.9591284283768442,0,0,1.2751862541110142,1.0794040071345803,CHRM1;HTR2C;LPAR3
GO_Biological_Process_2023,Negative Regulation Of Cell Projection Organization (GO:0031345),3/50,0.4289273487030519,0.9591284283768442,0,0,1.2751862541110142,1.0794040071345803,PTPRS;DPYSL5;LPAR1
GO_Biological_Process_2023,Regulation Of Peptidyl-Tyrosine Phosphorylation (GO:0050730),5/90,0.4296820586129145,0.9591284283768442,0,0,1.1752928779520238,0.9927813441313308,SFRP2;LIF;EFNA5;LRP8;BMP6
GO_Biological_Process_2023,Regulation Of Extrinsic Apoptotic Signaling Pathway Via Death Domain Receptors (GO:1902041),2/31,0.4390690381549181,0.9591284283768442,0,0,1.377644161112721,1.1339370022965676,SERPINE1;PMAIP1
GO_Biological_Process_2023,Actin Filament Polymerization (GO:0030041),2/31,0.4390690381549181,0.9591284283768442,0,0,1.377644161112721,1.1339370022965676,SPIRE1;FHDC1
GO_Biological_Process_2023,Regulation Of Long-Term Synaptic Potentiation (GO:1900271),2/31,0.4390690381549181,0.9591284283768442,0,0,1.377644161112721,1.1339370022965676,CALB2;CHRNA7
GO_Biological_Process_2023,Cellular Response To cAMP (GO:0071320),2/31,0.4390690381549181,0.9591284283768442,0,0,1.377644161112721,1.1339370022965676,HCN4;KCNQ1
GO_Biological_Process_2023,Negative Chemotaxis (GO:0050919),2/31,0.4390690381549181,0.9591284283768442,0,0,1.377644161112721,1.1339370022965676,SEMA3C;SEMA3E
GO_Biological_Process_2023,Negative Regulation Of Developmental Growth (GO:0048640),2/31,0.4390690381549181,0.9591284283768442,0,0,1.377644161112721,1.1339370022965676,PTPRS;TRIM46
GO_Biological_Process_2023,Negative Regulation Of Intracellular Steroid Hormone Receptor Signaling Pathway (GO:0033144),2/31,0.4390690381549181,0.9591284283768442,0,0,1.377644161112721,1.1339370022965676,FOXH1;NR0B1
GO_Biological_Process_2023,Non-Motile Cilium Assembly (GO:1905515),2/31,0.4390690381549181,0.9591284283768442,0,0,1.377644161112721,1.1339370022965676,VANGL2;CCDC13
GO_Biological_Process_2023,Regulation Of Actin Cytoskeleton Organization (GO:0032956),5/91,0.4391354731071443,0.9591284283768442,0,0,1.161565417697944,0.9559071460303415,MYO3A;SEMA3E;FZD10;EFNA5;SMIM22
GO_Biological_Process_2023,Kidney Development (GO:0001822),4/71,0.4409213250198369,0.9591284283768442,0,0,1.1927101335428123,0.9766969947728436,ROBO2;PYGO1;TFAP2A;VANGL2
GO_Biological_Process_2023,Negative Regulation Of Cellular Response To Growth Factor Stimulus (GO:0090288),4/71,0.4409213250198369,0.9591284283768442,0,0,1.1927101335428123,0.9766969947728436,TNFAIP6;CREB3L1;SHISA2;LRP2
GO_Biological_Process_2023,SMAD Protein Signal Transduction (GO:0060395),3/51,0.4416750662597035,0.9591284283768442,0,0,1.2485541535226077,1.0202944963326823,LEFTY1;LEFTY2;BMP6
GO_Biological_Process_2023,Regulation Of Substrate Adhesion-Dependent Cell Spreading (GO:1900024),3/51,0.4416750662597035,0.9591284283768442,0,0,1.2485541535226077,1.0202944963326823,MELTF;OLFM4;EFNA5
GO_Biological_Process_2023,Sensory Perception (GO:0007600),3/51,0.4416750662597035,0.9591284283768442,0,0,1.2485541535226077,1.0202944963326823,OBP2A;CHRNA7;ALOXE3
GO_Biological_Process_2023,Microtubule Bundle Formation (GO:0001578),3/51,0.4416750662597035,0.9591284283768442,0,0,1.2485541535226077,1.0202944963326823,CAPN6;MTCL1;TRIM46
GO_Biological_Process_2023,Positive Regulation Of Ras Protein Signal Transduction (GO:0046579),3/51,0.4416750662597035,0.9591284283768442,0,0,1.2485541535226077,1.0202944963326823,RASGEF1A;EPO;LPAR1
GO_Biological_Process_2023,Positive Regulation Of Actin Filament Bundle Assembly (GO:0032233),3/51,0.4416750662597035,0.9591284283768442,0,0,1.2485541535226077,1.0202944963326823,ARHGEF10;LIMCH1;LPAR1
GO_Biological_Process_2023,Positive Regulation Of Leukocyte Mediated Cytotoxicity (GO:0001912),3/51,0.4416750662597035,0.9591284283768442,0,0,1.2485541535226077,1.0202944963326823,ULBP2;ULBP1;CD1A
GO_Biological_Process_2023,Positive Regulation Of Protein Localization To Plasma Membrane (GO:1903078),3/51,0.4416750662597035,0.9591284283768442,0,0,1.2485541535226077,1.0202944963326823,ITGA3;STAC2;AGR2
GO_Biological_Process_2023,G Protein-Coupled Glutamate Receptor Signaling Pathway (GO:0007216),1/12,0.4438216595872731,0.9591284283768442,0,0,1.8157970046742344,1.4750308564491743,GRM7
GO_Biological_Process_2023,Regulation Of Lymphocyte Migration (GO:2000401),1/12,0.4438216595872731,0.9591284283768442,0,0,1.8157970046742344,1.4750308564491743,SPNS2
GO_Biological_Process_2023,cAMP Metabolic Process (GO:0046058),1/12,0.4438216595872731,0.9591284283768442,0,0,1.8157970046742344,1.4750308564491743,PTHLH
GO_Biological_Process_2023,Calcium Ion Import (GO:0070509),1/12,0.4438216595872731,0.9591284283768442,0,0,1.8157970046742344,1.4750308564491743,CACNA1G
GO_Biological_Process_2023,Cell Projection Assembly (GO:0030031),1/12,0.4438216595872731,0.9591284283768442,0,0,1.8157970046742344,1.4750308564491743,SCIN
GO_Biological_Process_2023,Regulation Of Retinoic Acid Receptor Signaling Pathway (GO:0048385),1/12,0.4438216595872731,0.9591284283768442,0,0,1.8157970046742344,1.4750308564491743,PRAME
GO_Biological_Process_2023,"Regulation Of Retrograde Protein Transport, ER To Cytosol (GO:1904152)",1/12,0.4438216595872731,0.9591284283768442,0,0,1.8157970046742344,1.4750308564491743,BRSK2
GO_Biological_Process_2023,Cellular Component Maintenance (GO:0043954),1/12,0.4438216595872731,0.9591284283768442,0,0,1.8157970046742344,1.4750308564491743,ITGA3
GO_Biological_Process_2023,Regulation Of Transcription From RNA Polymerase II Promoter In Response To Stress (GO:0043618),1/12,0.4438216595872731,0.9591284283768442,0,0,1.8157970046742344,1.4750308564491743,MUC1
GO_Biological_Process_2023,Relaxation Of Cardiac Muscle (GO:0055119),1/12,0.4438216595872731,0.9591284283768442,0,0,1.8157970046742344,1.4750308564491743,CHGA
GO_Biological_Process_2023,Response To Muramyl Dipeptide (GO:0032495),1/12,0.4438216595872731,0.9591284283768442,0,0,1.8157970046742344,1.4750308564491743,LDOC1
GO_Biological_Process_2023,Detection Of Bacterium (GO:0016045),1/12,0.4438216595872731,0.9591284283768442,0,0,1.8157970046742344,1.4750308564491743,PGLYRP4
GO_Biological_Process_2023,Endochondral Bone Morphogenesis (GO:0060350),1/12,0.4438216595872731,0.9591284283768442,0,0,1.8157970046742344,1.4750308564491743,DLX5
GO_Biological_Process_2023,Spinal Cord Development (GO:0021510),1/12,0.4438216595872731,0.9591284283768442,0,0,1.8157970046742344,1.4750308564491743,SOX11
GO_Biological_Process_2023,Eye Photoreceptor Cell Differentiation (GO:0001754),1/12,0.4438216595872731,0.9591284283768442,0,0,1.8157970046742344,1.4750308564491743,PROM1
GO_Biological_Process_2023,Fibrinolysis (GO:0042730),1/12,0.4438216595872731,0.9591284283768442,0,0,1.8157970046742344,1.4750308564491743,SERPINE1
GO_Biological_Process_2023,Triglyceride Catabolic Process (GO:0019433),1/12,0.4438216595872731,0.9591284283768442,0,0,1.8157970046742344,1.4750308564491743,PNPLA1
GO_Biological_Process_2023,Granulocyte Activation (GO:0036230),1/12,0.4438216595872731,0.9591284283768442,0,0,1.8157970046742344,1.4750308564491743,CXCR2
GO_Biological_Process_2023,Histone Monoubiquitination (GO:0010390),1/12,0.4438216595872731,0.9591284283768442,0,0,1.8157970046742344,1.4750308564491743,DEPDC1B
GO_Biological_Process_2023,Lipid Droplet Formation (GO:0140042),1/12,0.4438216595872731,0.9591284283768442,0,0,1.8157970046742344,1.4750308564491743,SMIM22
GO_Biological_Process_2023,mRNA Cleavage Involved In mRNA Processing (GO:0098787),1/12,0.4438216595872731,0.9591284283768442,0,0,1.8157970046742344,1.4750308564491743,CPSF4L
GO_Biological_Process_2023,Morphogenesis Of A Polarized Epithelium (GO:0001738),1/12,0.4438216595872731,0.9591284283768442,0,0,1.8157970046742344,1.4750308564491743,VANGL2
GO_Biological_Process_2023,Myelination In Peripheral Nervous System (GO:0022011),1/12,0.4438216595872731,0.9591284283768442,0,0,1.8157970046742344,1.4750308564491743,ARHGEF10
GO_Biological_Process_2023,Negative Regulation Of Coagulation (GO:0050819),1/12,0.4438216595872731,0.9591284283768442,0,0,1.8157970046742344,1.4750308564491743,SERPINE1
GO_Biological_Process_2023,Negative Regulation Of Epidermal Growth Factor-Activated Receptor Activity (GO:0007175),1/12,0.4438216595872731,0.9591284283768442,0,0,1.8157970046742344,1.4750308564491743,GPRC5A
GO_Biological_Process_2023,Negative Regulation Of Intrinsic Apoptotic Signaling Pathway In Response To DNA Damage By P53 Class Mediator (GO:1902166),1/12,0.4438216595872731,0.9591284283768442,0,0,1.8157970046742344,1.4750308564491743,MUC1
GO_Biological_Process_2023,Neutrophil Mediated Immunity (GO:0002446),1/12,0.4438216595872731,0.9591284283768442,0,0,1.8157970046742344,1.4750308564491743,ANXA3
GO_Biological_Process_2023,Nucleotide Metabolic Process (GO:0009117),1/12,0.4438216595872731,0.9591284283768442,0,0,1.8157970046742344,1.4750308564491743,NMNAT2
GO_Biological_Process_2023,Phosphatidylcholine Acyl-Chain Remodeling (GO:0036151),1/12,0.4438216595872731,0.9591284283768442,0,0,1.8157970046742344,1.4750308564491743,MBOAT2
GO_Biological_Process_2023,Positive Regulation By Symbiont Of Entry Into Host (GO:0075294),1/12,0.4438216595872731,0.9591284283768442,0,0,1.8157970046742344,1.4750308564491743,TMPRSS4
GO_Biological_Process_2023,Positive Regulation Of Fatty Acid Oxidation (GO:0046321),1/12,0.4438216595872731,0.9591284283768442,0,0,1.8157970046742344,1.4750308564491743,TWIST1
GO_Biological_Process_2023,Positive Regulation Of Integrin-Mediated Signaling Pathway (GO:2001046),1/12,0.4438216595872731,0.9591284283768442,0,0,1.8157970046742344,1.4750308564491743,LAMA1
GO_Biological_Process_2023,Positive Regulation Of Regulated Secretory Pathway (GO:1903307),1/12,0.4438216595872731,0.9591284283768442,0,0,1.8157970046742344,1.4750308564491743,NLGN1
GO_Biological_Process_2023,Positive Regulation Of Sodium Ion Transport (GO:0010765),1/12,0.4438216595872731,0.9591284283768442,0,0,1.8157970046742344,1.4750308564491743,SCN3B
GO_Biological_Process_2023,Positive Regulation Of Viral Entry Into Host Cell (GO:0046598),1/12,0.4438216595872731,0.9591284283768442,0,0,1.8157970046742344,1.4750308564491743,TMPRSS4
GO_Biological_Process_2023,Positive Regulation Of Voltage-Gated Calcium Channel Activity (GO:1901387),1/12,0.4438216595872731,0.9591284283768442,0,0,1.8157970046742344,1.4750308564491743,STAC2
GO_Biological_Process_2023,Protein Heterotetramerization (GO:0051290),1/12,0.4438216595872731,0.9591284283768442,0,0,1.8157970046742344,1.4750308564491743,GRIN1
GO_Biological_Process_2023,Quaternary Ammonium Group Transport (GO:0015697),1/12,0.4438216595872731,0.9591284283768442,0,0,1.8157970046742344,1.4750308564491743,SLC44A4
GO_Biological_Process_2023,Regulation Of DNA-templated DNA Replication Initiation (GO:0030174),1/12,0.4438216595872731,0.9591284283768442,0,0,1.8157970046742344,1.4750308564491743,MCIDAS
GO_Biological_Process_2023,Regulation Of Acrosome Reaction (GO:0060046),1/12,0.4438216595872731,0.9591284283768442,0,0,1.8157970046742344,1.4750308564491743,SPINK13
GO_Biological_Process_2023,Negative Regulation Of Cell Population Proliferation (GO:0008285),19/379,0.4452695872649625,0.9613075886954324,0,0,1.0547653000594177,0.8533846213675051,CDKN1C;TFAP2A;ATP8A2;KRT4;TESC;P3H2;LDOC1;SOX11;CXCL1;RERG;PTHLH;SULT2B1;SFRP2;SCIN;WNK2;ADORA3;CCN6;SPEG;S100A11
GO_Biological_Process_2023,Epithelium Development (GO:0060429),8/154,0.4540769310110416,0.963464015809384,0,0,1.0947319644356917,0.8642784538501178,KRT19;DLX3;DMBT1;KRT4;SPINT1;KRT17;WNT7B;GRHL2
GO_Biological_Process_2023,Adenylate Cyclase-Inhibiting G Protein-Coupled Receptor Signaling Pathway (GO:0007193),3/52,0.4543105908824093,0.963464015809384,0,0,1.223009077448014,0.9649226010834088,CHRM1;GRM7;LPAR1
GO_Biological_Process_2023,Regulation Of Peptide Hormone Secretion (GO:0090276),3/52,0.4543105908824093,0.963464015809384,0,0,1.223009077448014,0.9649226010834088,SNAP25;GIPR;HTR2C
GO_Biological_Process_2023,Respiratory System Development (GO:0060541),2/32,0.455362297416556,0.963464015809384,0,0,1.3316526610644257,1.0475604375521526,ITGA3;WNT7B
GO_Biological_Process_2023,Gluconeogenesis (GO:0006094),2/32,0.455362297416556,0.963464015809384,0,0,1.3316526610644257,1.0475604375521526,KRT17;ENO2
GO_Biological_Process_2023,Left/Right Pattern Formation (GO:0060972),2/32,0.455362297416556,0.963464015809384,0,0,1.3316526610644257,1.0475604375521526,LEFTY1;PITX2
GO_Biological_Process_2023,Mesenchymal Cell Migration (GO:0090497),2/32,0.455362297416556,0.963464015809384,0,0,1.3316526610644257,1.0475604375521526,SEMA3C;SEMA3E
GO_Biological_Process_2023,Proteoglycan Biosynthetic Process (GO:0030166),2/32,0.455362297416556,0.963464015809384,0,0,1.3316526610644257,1.0475604375521526,EXTL1;GAL3ST4
GO_Biological_Process_2023,Regulation Of MAP Kinase Activity (GO:0043405),6/114,0.4624201049402195,0.963464015809384,0,0,1.1098218471636194,0.8559850401763206,PDGFD;DIRAS1;ADAM9;TGFA;MST1R;CD24
GO_Biological_Process_2023,Cellular Response To Metal Ion (GO:0071248),7/135,0.4658302860343717,0.963464015809384,0,0,1.092479540654699,0.834582160805785,TFAP2A;NLGN1;AOC1;SYT1;SYT13;BMP6;SLC25A24
GO_Biological_Process_2023,Actin Cytoskeleton Reorganization (GO:0031532),3/53,0.4668250555541981,0.963464015809384,0,0,1.1984858044164035,0.9130073305843014,BRSK2;EFS;PTK7
GO_Biological_Process_2023,Actin Polymerization Or Depolymerization (GO:0008154),3/53,0.4668250555541981,0.963464015809384,0,0,1.1984858044164035,0.9130073305843014,SCIN;SPIRE1;FHDC1
GO_Biological_Process_2023,Endosome Organization (GO:0007032),3/53,0.4668250555541981,0.963464015809384,0,0,1.1984858044164035,0.9130073305843014,ANXA8L1;ANXA8;DNM1
GO_Biological_Process_2023,Tight Junction Assembly (GO:0120192),3/53,0.4668250555541981,0.963464015809384,0,0,1.1984858044164035,0.9130073305843014,POF1B;CLDN18;GRHL2
GO_Biological_Process_2023,Gonad Development (GO:0008406),3/53,0.4668250555541981,0.963464015809384,0,0,1.1984858044164035,0.9130073305843014,ADAM32;NR0B1;LRP2
GO_Biological_Process_2023,Muscle Contraction (GO:0006936),5/94,0.4672574561572358,0.963464015809384,0,0,1.1222339304531086,0.853879601824625,HCN4;RYR2;OXTR;SLC6A8;ANKRD2
GO_Biological_Process_2023,ATP Transport (GO:0015867),1/13,0.4703672405425706,0.963464015809384,0,0,1.6643931444561035,1.255354426014871,SLC25A24
GO_Biological_Process_2023,ERBB2 Signaling Pathway (GO:0038128),1/13,0.4703672405425706,0.963464015809384,0,0,1.6643931444561035,1.255354426014871,TGFA
GO_Biological_Process_2023,Regulation Of Fatty Acid Beta-Oxidation (GO:0031998),1/13,0.4703672405425706,0.963464015809384,0,0,1.6643931444561035,1.255354426014871,TWIST1
GO_Biological_Process_2023,Regulation Of Gastrulation (GO:0010470),1/13,0.4703672405425706,0.963464015809384,0,0,1.6643931444561035,1.255354426014871,TENM4
GO_Biological_Process_2023,Regulation Of Humoral Immune Response (GO:0002920),1/13,0.4703672405425706,0.963464015809384,0,0,1.6643931444561035,1.255354426014871,SPNS2
GO_Biological_Process_2023,T Cell Differentiation In Thymus (GO:0033077),1/13,0.4703672405425706,0.963464015809384,0,0,1.6643931444561035,1.255354426014871,GLI3
GO_Biological_Process_2023,Regulation Of Intrinsic Apoptotic Signaling Pathway In Response To DNA Damage By P53 Class Mediator (GO:1902165),1/13,0.4703672405425706,0.963464015809384,0,0,1.6643931444561035,1.255354426014871,MUC1
GO_Biological_Process_2023,Body Fluid Secretion (GO:0007589),1/13,0.4703672405425706,0.963464015809384,0,0,1.6643931444561035,1.255354426014871,OXTR
GO_Biological_Process_2023,Regulation Of Short-Term Neuronal Synaptic Plasticity (GO:0048172),1/13,0.4703672405425706,0.963464015809384,0,0,1.6643931444561035,1.255354426014871,SHISA9
GO_Biological_Process_2023,Response To UV-A (GO:0070141),1/13,0.4703672405425706,0.963464015809384,0,0,1.6643931444561035,1.255354426014871,MMP1
GO_Biological_Process_2023,Cranial Nerve Development (GO:0021545),1/13,0.4703672405425706,0.963464015809384,0,0,1.6643931444561035,1.255354426014871,TFAP2A
GO_Biological_Process_2023,Sodium-Independent Organic Anion Transport (GO:0043252),1/13,0.4703672405425706,0.963464015809384,0,0,1.6643931444561035,1.255354426014871,SLCO4A1
GO_Biological_Process_2023,Sphingoid Biosynthetic Process (GO:0046520),1/13,0.4703672405425706,0.963464015809384,0,0,1.6643931444561035,1.255354426014871,SPTSSB
GO_Biological_Process_2023,Sphingosine Biosynthetic Process (GO:0046512),1/13,0.4703672405425706,0.963464015809384,0,0,1.6643931444561035,1.255354426014871,SPTSSB
GO_Biological_Process_2023,Ether Lipid Metabolic Process (GO:0046485),1/13,0.4703672405425706,0.963464015809384,0,0,1.6643931444561035,1.255354426014871,NCEH1
GO_Biological_Process_2023,Extracellular Transport (GO:0006858),1/13,0.4703672405425706,0.963464015809384,0,0,1.6643931444561035,1.255354426014871,SPAG17
GO_Biological_Process_2023,Synaptic Vesicle Localization (GO:0097479),1/13,0.4703672405425706,0.963464015809384,0,0,1.6643931444561035,1.255354426014871,NLGN1
GO_Biological_Process_2023,Thymus Development (GO:0048538),1/13,0.4703672405425706,0.963464015809384,0,0,1.6643931444561035,1.255354426014871,FOXE1
GO_Biological_Process_2023,Immune Response-Regulating Cell Surface Receptor Signaling Pathway (GO:0002768),1/13,0.4703672405425706,0.963464015809384,0,0,1.6643931444561035,1.255354426014871,CD24
GO_Biological_Process_2023,Membrane Depolarization (GO:0051899),1/13,0.4703672405425706,0.963464015809384,0,0,1.6643931444561035,1.255354426014871,SCN3B
GO_Biological_Process_2023,Membrane Protein Intracellular Domain Proteolysis (GO:0031293),1/13,0.4703672405425706,0.963464015809384,0,0,1.6643931444561035,1.255354426014871,MMP7
GO_Biological_Process_2023,Microtubule-Based Transport (GO:0099111),1/13,0.4703672405425706,0.963464015809384,0,0,1.6643931444561035,1.255354426014871,SPAG17
GO_Biological_Process_2023,"Negative Regulation Of DNA Damage Response, Signal Transduction By P53 Class Mediator (GO:0043518)",1/13,0.4703672405425706,0.963464015809384,0,0,1.6643931444561035,1.255354426014871,TWIST1
GO_Biological_Process_2023,Negative Regulation Of T Cell Differentiation (GO:0045581),1/13,0.4703672405425706,0.963464015809384,0,0,1.6643931444561035,1.255354426014871,GLI3
GO_Biological_Process_2023,Negative Regulation Of Cartilage Development (GO:0061037),1/13,0.4703672405425706,0.963464015809384,0,0,1.6643931444561035,1.255354426014871,PTHLH
GO_Biological_Process_2023,Negative Regulation Of Secretion (GO:0051048),1/13,0.4703672405425706,0.963464015809384,0,0,1.6643931444561035,1.255354426014871,TFF2
GO_Biological_Process_2023,Negative Regulation Of Viral Transcription (GO:0032897),1/13,0.4703672405425706,0.963464015809384,0,0,1.6643931444561035,1.255354426014871,TRIM31
GO_Biological_Process_2023,Peptidyl-Tyrosine Autophosphorylation (GO:0038083),1/13,0.4703672405425706,0.963464015809384,0,0,1.6643931444561035,1.255354426014871,DDR1
GO_Biological_Process_2023,Positive Regulation Of Alpha-Beta T Cell Differentiation (GO:0046638),1/13,0.4703672405425706,0.963464015809384,0,0,1.6643931444561035,1.255354426014871,GLI3
GO_Biological_Process_2023,Purine Ribonucleoside Bisphosphate Metabolic Process (GO:0034035),1/13,0.4703672405425706,0.963464015809384,0,0,1.6643931444561035,1.255354426014871,SULT2B1
GO_Biological_Process_2023,Regulation Of cAMP-dependent Protein Kinase Activity (GO:2000479),1/13,0.4703672405425706,0.963464015809384,0,0,1.6643931444561035,1.255354426014871,PKIA
GO_Biological_Process_2023,Actin Filament Bundle Organization (GO:0061572),2/33,0.4713792852839694,0.963464015809384,0,0,1.2886283545676336,0.9691673759407726,FSCN2;RFLNA
GO_Biological_Process_2023,Regulation Of Sprouting Angiogenesis (GO:1903670),2/33,0.4713792852839694,0.963464015809384,0,0,1.2886283545676336,0.9691673759407726,PKM;CREB3L1
GO_Biological_Process_2023,Epithelial Tube Morphogenesis (GO:0060562),2/33,0.4713792852839694,0.963464015809384,0,0,1.2886283545676336,0.9691673759407726,PKHD1;RYR2
GO_Biological_Process_2023,Vasculogenesis (GO:0001570),2/33,0.4713792852839694,0.963464015809384,0,0,1.2886283545676336,0.9691673759407726,WNT7B;ITGB8
GO_Biological_Process_2023,Ventricular Cardiac Muscle Tissue Morphogenesis (GO:0055010),2/33,0.4713792852839694,0.963464015809384,0,0,1.2886283545676336,0.9691673759407726,RYR2;LRP2
GO_Biological_Process_2023,ncRNA Catabolic Process (GO:0034661),2/33,0.4713792852839694,0.963464015809384,0,0,1.2886283545676336,0.9691673759407726,ERN2;SLFN13
GO_Biological_Process_2023,Positive Regulation Of Notch Signaling Pathway (GO:0045747),2/33,0.4713792852839694,0.963464015809384,0,0,1.2886283545676336,0.9691673759407726,ROBO2;TP63
GO_Biological_Process_2023,Positive Regulation Of T Cell Mediated Cytotoxicity (GO:0001916),2/33,0.4713792852839694,0.963464015809384,0,0,1.2886283545676336,0.9691673759407726,ULBP2;ULBP1
GO_Biological_Process_2023,Positive Regulation Of Telomerase Activity (GO:0051973),2/33,0.4713792852839694,0.963464015809384,0,0,1.2886283545676336,0.9691673759407726,GRHL2;MAPK15
GO_Biological_Process_2023,Regulation Of Amyloid-Beta Formation (GO:1902003),2/33,0.4713792852839694,0.963464015809384,0,0,1.2886283545676336,0.9691673759407726,NTRK2;CHRNA7
GO_Biological_Process_2023,Positive Regulation Of Transmembrane Receptor Protein Serine/Threonine Kinase Signaling Pathway (GO:0090100),5/95,0.4765373555298444,0.9687043877618486,0,0,1.1097061234047536,0.8225243472434522,CDKN1C;LEFTY1;SOX11;LEFTY2;BMP6
GO_Biological_Process_2023,ERBB Signaling Pathway (GO:0038127),3/54,0.4792102417089077,0.9687043877618486,0,0,1.1749242283664254,0.8642928965610861,NRG3;TGFA;FAM83B
GO_Biological_Process_2023,Regulation Of Exocytosis (GO:0017157),3/54,0.4792102417089077,0.9687043877618486,0,0,1.1749242283664254,0.8642928965610861,SYT1;CADPS;RAB27B
GO_Biological_Process_2023,Apical Junction Assembly (GO:0043297),3/54,0.4792102417089077,0.9687043877618486,0,0,1.1749242283664254,0.8642928965610861,POF1B;CLDN18;GRHL2
GO_Biological_Process_2023,Negative Regulation Of Neuron Projection Development (GO:0010977),3/54,0.4792102417089077,0.9687043877618486,0,0,1.1749242283664254,0.8642928965610861,NLGN1;PTPRS;LPAR1
GO_Biological_Process_2023,Regulation Of Stress Fiber Assembly (GO:0051492),4/75,0.4832167621099124,0.9687043877618486,0,0,1.1252779836916234,0.8184033608052622,ARHGEF10;LIMCH1;LPAR1;ARHGAP28
GO_Biological_Process_2023,Regulation Of BMP Signaling Pathway (GO:0030510),4/75,0.4832167621099124,0.9687043877618486,0,0,1.1252779836916234,0.8184033608052622,TNFAIP6;ITGA3;SOX11;LRP2
GO_Biological_Process_2023,Cellular Response To Amyloid-Beta (GO:1904646),2/34,0.4871092704395978,0.9687043877618486,0,0,1.2482930672268908,0.8978557679760513,GRIN2A;GRIN1
GO_Biological_Process_2023,Semaphorin-Plexin Signaling Pathway (GO:0071526),2/34,0.4871092704395978,0.9687043877618486,0,0,1.2482930672268908,0.8978557679760513,SEMA3C;SEMA3E
GO_Biological_Process_2023,Embryonic Skeletal System Development (GO:0048706),2/34,0.4871092704395978,0.9687043877618486,0,0,1.2482930672268908,0.8978557679760513,HOXB9;SOX11
GO_Biological_Process_2023,Establishment Of Mitotic Spindle Localization (GO:0040001),2/34,0.4871092704395978,0.9687043877618486,0,0,1.2482930672268908,0.8978557679760513,PKHD1;SAPCD2
GO_Biological_Process_2023,Positive Regulation Of Carbohydrate Metabolic Process (GO:0045913),2/34,0.4871092704395978,0.9687043877618486,0,0,1.2482930672268908,0.8978557679760513,AVPR1B;PMAIP1
GO_Biological_Process_2023,Cellular Response To Molecule Of Bacterial Origin (GO:0071219),6/117,0.4875763521502813,0.9687043877618486,0,0,1.0796556049720607,0.7755256696584292,SERPINE1;ADAM9;LDOC1;CXCL1;CXCL3;CXCL5
GO_Biological_Process_2023,Positive Regulation Of Protein Serine/Threonine Kinase Activity (GO:0071902),6/117,0.4875763521502813,0.9687043877618486,0,0,1.0796556049720607,0.7755256696584292,PDGFD;DIRAS1;ADAM9;TGFA;MST1R;CD24
GO_Biological_Process_2023,Protein Maturation (GO:0051604),6/117,0.4875763521502813,0.9687043877618486,0,0,1.0796556049720607,0.7755256696584292,PCSK1;BACE2;TSPAN15;TESC;DUOXA2;TMPRSS4
GO_Biological_Process_2023,Regulation Of Macrophage Differentiation (GO:0045649),1/14,0.495647101008463,0.9687043877618486,0,0,1.5362821858099929,1.0783027862241112,LIF
GO_Biological_Process_2023,Aminoglycan Catabolic Process (GO:0006026),1/14,0.495647101008463,0.9687043877618486,0,0,1.5362821858099929,1.0783027862241112,CHI3L2
GO_Biological_Process_2023,Aorta Development (GO:0035904),1/14,0.495647101008463,0.9687043877618486,0,0,1.5362821858099929,1.0783027862241112,ROBO2
GO_Biological_Process_2023,Bone Morphogenesis (GO:0060349),1/14,0.495647101008463,0.9687043877618486,0,0,1.5362821858099929,1.0783027862241112,TFAP2A
GO_Biological_Process_2023,Regulation Of Phosphate Metabolic Process (GO:0019220),1/14,0.495647101008463,0.9687043877618486,0,0,1.5362821858099929,1.0783027862241112,CD24
GO_Biological_Process_2023,Contractile Actin Filament Bundle Assembly (GO:0030038),1/14,0.495647101008463,0.9687043877618486,0,0,1.5362821858099929,1.0783027862241112,FHDC1
GO_Biological_Process_2023,Response To Muscle Stretch (GO:0035994),1/14,0.495647101008463,0.9687043877618486,0,0,1.5362821858099929,1.0783027862241112,RYR2
GO_Biological_Process_2023,Serine Family Amino Acid Metabolic Process (GO:0009069),1/14,0.495647101008463,0.9687043877618486,0,0,1.5362821858099929,1.0783027862241112,AOC1
GO_Biological_Process_2023,Endoderm Development (GO:0007492),1/14,0.495647101008463,0.9687043877618486,0,0,1.5362821858099929,1.0783027862241112,DUSP4
GO_Biological_Process_2023,Stress Fiber Assembly (GO:0043149),1/14,0.495647101008463,0.9687043877618486,0,0,1.5362821858099929,1.0783027862241112,FHDC1
GO_Biological_Process_2023,"Synaptic Transmission, GABAergic (GO:0051932)",1/14,0.495647101008463,0.9687043877618486,0,0,1.5362821858099929,1.0783027862241112,GABRA5
GO_Biological_Process_2023,Synaptonemal Complex Assembly (GO:0007130),1/14,0.495647101008463,0.9687043877618486,0,0,1.5362821858099929,1.0783027862241112,TEX15
GO_Biological_Process_2023,Synaptonemal Complex Organization (GO:0070193),1/14,0.495647101008463,0.9687043877618486,0,0,1.5362821858099929,1.0783027862241112,TEX15
GO_Biological_Process_2023,Genitalia Development (GO:0048806),1/14,0.495647101008463,0.9687043877618486,0,0,1.5362821858099929,1.0783027862241112,FOXF2
GO_Biological_Process_2023,Glucosamine-Containing Compound Metabolic Process (GO:1901071),1/14,0.495647101008463,0.9687043877618486,0,0,1.5362821858099929,1.0783027862241112,CHST4
GO_Biological_Process_2023,Histone H2A Monoubiquitination (GO:0035518),1/14,0.495647101008463,0.9687043877618486,0,0,1.5362821858099929,1.0783027862241112,DEPDC1B
GO_Biological_Process_2023,Hyaluronan Metabolic Process (GO:0030212),1/14,0.495647101008463,0.9687043877618486,0,0,1.5362821858099929,1.0783027862241112,TNFAIP6
GO_Biological_Process_2023,Mammary Gland Epithelium Development (GO:0061180),1/14,0.495647101008463,0.9687043877618486,0,0,1.5362821858099929,1.0783027862241112,WNT7B
GO_Biological_Process_2023,Medium-Chain Fatty Acid Metabolic Process (GO:0051791),1/14,0.495647101008463,0.9687043877618486,0,0,1.5362821858099929,1.0783027862241112,GLYATL2
GO_Biological_Process_2023,Membrane Raft Organization (GO:0031579),1/14,0.495647101008463,0.9687043877618486,0,0,1.5362821858099929,1.0783027862241112,FA2H
GO_Biological_Process_2023,Membrane Repolarization During Cardiac Muscle Cell Action Potential (GO:0086013),1/14,0.495647101008463,0.9687043877618486,0,0,1.5362821858099929,1.0783027862241112,KCNQ1
GO_Biological_Process_2023,Negative Regulation Of Androgen Receptor Signaling Pathway (GO:0060766),1/14,0.495647101008463,0.9687043877618486,0,0,1.5362821858099929,1.0783027862241112,FOXH1
GO_Biological_Process_2023,Negative Regulation Of Smooth Muscle Cell Migration (GO:0014912),1/14,0.495647101008463,0.9687043877618486,0,0,1.5362821858099929,1.0783027862241112,SERPINE1
GO_Biological_Process_2023,Neuron Cell-Cell Adhesion (GO:0007158),1/14,0.495647101008463,0.9687043877618486,0,0,1.5362821858099929,1.0783027862241112,NLGN1
GO_Biological_Process_2023,Positive Regulation Of Acute Inflammatory Response (GO:0002675),1/14,0.495647101008463,0.9687043877618486,0,0,1.5362821858099929,1.0783027862241112,C2CD4A
GO_Biological_Process_2023,Positive Regulation Of Cytoplasmic Translation (GO:2000767),1/14,0.495647101008463,0.9687043877618486,0,0,1.5362821858099929,1.0783027862241112,PKM
GO_Biological_Process_2023,Positive Regulation Of Heterotypic Cell-Cell Adhesion (GO:0034116),1/14,0.495647101008463,0.9687043877618486,0,0,1.5362821858099929,1.0783027862241112,CEACAM6
GO_Biological_Process_2023,Positive Regulation Of Histone Acetylation (GO:0035066),1/14,0.495647101008463,0.9687043877618486,0,0,1.5362821858099929,1.0783027862241112,MUC1
GO_Biological_Process_2023,Positive Regulation Of Long-Term Synaptic Potentiation (GO:1900273),1/14,0.495647101008463,0.9687043877618486,0,0,1.5362821858099929,1.0783027862241112,CHRNA7
GO_Biological_Process_2023,Positive Regulation Of Membrane Protein Ectodomain Proteolysis (GO:0051044),1/14,0.495647101008463,0.9687043877618486,0,0,1.5362821858099929,1.0783027862241112,ADAM9
GO_Biological_Process_2023,Positive Regulation Of Transcription From RNA Polymerase II Promoter Involved In Cellular Response To Chemical Stimulus (GO:1901522),1/14,0.495647101008463,0.9687043877618486,0,0,1.5362821858099929,1.0783027862241112,DLX5
GO_Biological_Process_2023,Positive Regulation Of Transporter Activity (GO:0032411),1/14,0.495647101008463,0.9687043877618486,0,0,1.5362821858099929,1.0783027862241112,SYNGR3
GO_Biological_Process_2023,Primary Alcohol Metabolic Process (GO:0034308),1/14,0.495647101008463,0.9687043877618486,0,0,1.5362821858099929,1.0783027862241112,TKTL1
GO_Biological_Process_2023,Prostanoid Biosynthetic Process (GO:0046457),1/14,0.495647101008463,0.9687043877618486,0,0,1.5362821858099929,1.0783027862241112,PTGDS
GO_Biological_Process_2023,Regulation Of ERK1 And ERK2 Cascade (GO:0070372),12/244,0.4988003103566186,0.9704259941758712,0,0,1.033055128486712,0.7185409191761478,PKHD1;DDR1;DUSP4;NTRK2;ARHGAP8;CALCR;PDGFD;WNK2;CHRNA7;HTR2C;ROR1;CCL26
GO_Biological_Process_2023,Regulation Of Regulated Secretory Pathway (GO:1903305),2/35,0.5025431712665046,0.9704259941758712,0,0,1.210402342755284,0.8328460545032397,SYT1;SYT13
GO_Biological_Process_2023,Dendrite Morphogenesis (GO:0048813),2/35,0.5025431712665046,0.9704259941758712,0,0,1.210402342755284,0.8328460545032397,CHRNA7;DCDC2
GO_Biological_Process_2023,Establishment Of Spindle Orientation (GO:0051294),2/35,0.5025431712665046,0.9704259941758712,0,0,1.210402342755284,0.8328460545032397,PKHD1;SAPCD2
GO_Biological_Process_2023,Hexose Biosynthetic Process (GO:0019319),2/35,0.5025431712665046,0.9704259941758712,0,0,1.210402342755284,0.8328460545032397,KRT17;ENO2
GO_Biological_Process_2023,One-Carbon Compound Transport (GO:0019755),2/35,0.5025431712665046,0.9704259941758712,0,0,1.210402342755284,0.8328460545032397,SLC4A11;SLC4A3
GO_Biological_Process_2023,Cellular Response To Peptide (GO:1901653),3/56,0.5035630251506512,0.9704259941758712,0,0,1.1304684244985417,0.7755537935902582,GRIN2A;LDOC1;GRIN1
GO_Biological_Process_2023,Cell Morphogenesis Involved In Neuron Differentiation (GO:0048667),4/77,0.5038845795386034,0.9704259941758712,0,0,1.0943330930064887,0.7500647069389792,BRSK2;APLP1;TRIM46;DCDC2
GO_Biological_Process_2023,Negative Regulation Of Transforming Growth Factor Beta Receptor Signaling Pathway (GO:0030512),4/77,0.5038845795386034,0.9704259941758712,0,0,1.0943330930064887,0.7500647069389792,FBN2;VEPH1;PMEPA1;IL17RD
GO_Biological_Process_2023,Regulation Of Cell Migration (GO:0030334),21/434,0.5051513828869131,0.9704259941758712,0,0,1.0154776827075045,0.6934667915817385,MMP7;SEMA3C;LIMCH1;SERPINE1;TWIST1;SEMA3E;LAMC2;MAPK15;FGF5;FRMD5;SFRP2;TMSB15A;CEACAM6;PDGFD;ADORA3;CDH11;FGF20;ADAM9;FGF23;CCL26;SMIM22
GO_Biological_Process_2023,Long-Chain Fatty Acid Metabolic Process (GO:0001676),4/78,0.5140807582284277,0.9704259941758712,0,0,1.0794879089615932,0.7182641688601433,GLYATL2;ELOVL3;ADTRP;ALOXE3
GO_Biological_Process_2023,Phosphate-Containing Compound Metabolic Process (GO:0006796),9/184,0.5176220437898418,0.9704259941758712,0,0,1.0269931972789117,0.6762852371794948,DUSP4;CYP2W1;PFKFB3;MBOAT2;ACP3;DUSP15;PLPP2;HK2;PFKP
GO_Biological_Process_2023,Blood Vessel Diameter Maintenance (GO:0097746),2/36,0.5176734230387647,0.9704259941758712,0,0,1.1747404844290656,0.7734616964465075,ADORA2B;KCNMB4
GO_Biological_Process_2023,Negative Regulation Of Sequestering Of Calcium Ion (GO:0051283),2/36,0.5176734230387647,0.9704259941758712,0,0,1.1747404844290656,0.7734616964465075,RYR2;HTR2C
GO_Biological_Process_2023,Negative Regulation Of Cell Migration (GO:0030336),8/163,0.5183818341092808,0.9704259941758712,0,0,1.030675850780877,0.6771985352331993,SFRP2;MACIR;LIMCH1;ADORA3;SERPINE1;CDH11;ADTRP;MAPK15
GO_Biological_Process_2023,3'-Phosphoadenosine 5'-Phosphosulfate Metabolic Process (GO:0050427),1/15,0.5197215315032339,0.9704259941758712,0,0,1.426472792684755,0.9335724182743972,SULT2B1
GO_Biological_Process_2023,Regulation Of Clathrin-Dependent Endocytosis (GO:2000369),1/15,0.5197215315032339,0.9704259941758712,0,0,1.426472792684755,0.9335724182743972,PROM2
GO_Biological_Process_2023,N-acetylglucosamine Metabolic Process (GO:0006044),1/15,0.5197215315032339,0.9704259941758712,0,0,1.426472792684755,0.9335724182743972,CHST4
GO_Biological_Process_2023,T Cell Homeostasis (GO:0043029),1/15,0.5197215315032339,0.9704259941758712,0,0,1.426472792684755,0.9335724182743972,PMAIP1
GO_Biological_Process_2023,Regulation Of Intrinsic Apoptotic Signaling Pathway In Response To DNA Damage (GO:1902229),1/15,0.5197215315032339,0.9704259941758712,0,0,1.426472792684755,0.9335724182743972,SFRP2
GO_Biological_Process_2023,Amyloid-Beta Metabolic Process (GO:0050435),1/15,0.5197215315032339,0.9704259941758712,0,0,1.426472792684755,0.9335724182743972,BACE2
GO_Biological_Process_2023,Anterograde Synaptic Vesicle Transport (GO:0048490),1/15,0.5197215315032339,0.9704259941758712,0,0,1.426472792684755,0.9335724182743972,TRIM46
GO_Biological_Process_2023,Regulation Of Systemic Arterial Blood Pressure (GO:0003073),1/15,0.5197215315032339,0.9704259941758712,0,0,1.426472792684755,0.9335724182743972,KLK1
GO_Biological_Process_2023,Renal Filtration (GO:0097205),1/15,0.5197215315032339,0.9704259941758712,0,0,1.426472792684755,0.9335724182743972,ITGA3
GO_Biological_Process_2023,Retrograde Axonal Transport (GO:0008090),1/15,0.5197215315032339,0.9704259941758712,0,0,1.426472792684755,0.9335724182743972,KIF1A
GO_Biological_Process_2023,Digestive Tract Morphogenesis (GO:0048546),1/15,0.5197215315032339,0.9704259941758712,0,0,1.426472792684755,0.9335724182743972,SOX11
GO_Biological_Process_2023,Epiboly Involved In Wound Healing (GO:0090505),1/15,0.5197215315032339,0.9704259941758712,0,0,1.426472792684755,0.9335724182743972,DDR1
GO_Biological_Process_2023,Sympathetic Nervous System Development (GO:0048485),1/15,0.5197215315032339,0.9704259941758712,0,0,1.426472792684755,0.9335724182743972,SOX11
GO_Biological_Process_2023,Synaptic Vesicle Transport Along Microtubule (GO:0099517),1/15,0.5197215315032339,0.9704259941758712,0,0,1.426472792684755,0.9335724182743972,TRIM46
GO_Biological_Process_2023,Membrane Repolarization During Action Potential (GO:0086011),1/15,0.5197215315032339,0.9704259941758712,0,0,1.426472792684755,0.9335724182743972,KCNQ1
GO_Biological_Process_2023,Negative Regulation Of Endoplasmic Reticulum Stress-Induced Intrinsic Apoptotic Signaling Pathway (GO:1902236),1/15,0.5197215315032339,0.9704259941758712,0,0,1.426472792684755,0.9335724182743972,CREB3L1
GO_Biological_Process_2023,Negative Regulation Of Protein Processing (GO:0010955),1/15,0.5197215315032339,0.9704259941758712,0,0,1.426472792684755,0.9335724182743972,SERPINE1
GO_Biological_Process_2023,Nucleotide-Sugar Biosynthetic Process (GO:0009226),1/15,0.5197215315032339,0.9704259941758712,0,0,1.426472792684755,0.9335724182743972,UAP1L1
GO_Biological_Process_2023,Platelet-Derived Growth Factor Receptor Signaling Pathway (GO:0048008),1/15,0.5197215315032339,0.9704259941758712,0,0,1.426472792684755,0.9335724182743972,PDGFD
GO_Biological_Process_2023,Polyol Biosynthetic Process (GO:0046173),1/15,0.5197215315032339,0.9704259941758712,0,0,1.426472792684755,0.9335724182743972,ISYNA1
GO_Biological_Process_2023,"Positive Regulation Of DNA Damage Response, Signal Transduction By P53 Class Mediator (GO:0043517)",1/15,0.5197215315032339,0.9704259941758712,0,0,1.426472792684755,0.9335724182743972,PMAIP1
GO_Biological_Process_2023,Positive Regulation Of Collagen Biosynthetic Process (GO:0032967),1/15,0.5197215315032339,0.9704259941758712,0,0,1.426472792684755,0.9335724182743972,CREB3L1
GO_Biological_Process_2023,Positive Regulation Of Glucose Metabolic Process (GO:0010907),1/15,0.5197215315032339,0.9704259941758712,0,0,1.426472792684755,0.9335724182743972,PMAIP1
GO_Biological_Process_2023,Positive Regulation Of Muscle Cell Differentiation (GO:0051149),1/15,0.5197215315032339,0.9704259941758712,0,0,1.426472792684755,0.9335724182743972,LAMA1
GO_Biological_Process_2023,Positive Regulation Of Potassium Ion Transport (GO:0043268),1/15,0.5197215315032339,0.9704259941758712,0,0,1.426472792684755,0.9335724182743972,KCNQ1
GO_Biological_Process_2023,Positive Regulation Of Secretion (GO:0051047),1/15,0.5197215315032339,0.9704259941758712,0,0,1.426472792684755,0.9335724182743972,SCIN
GO_Biological_Process_2023,Positive Regulation Of Sprouting Angiogenesis (GO:1903672),1/15,0.5197215315032339,0.9704259941758712,0,0,1.426472792684755,0.9335724182743972,PKM
GO_Biological_Process_2023,Regulation Of Amyloid Fibril Formation (GO:1905906),1/15,0.5197215315032339,0.9704259941758712,0,0,1.426472792684755,0.9335724182743972,CHRNA7
GO_Biological_Process_2023,Positive Regulation Of Protein Localization To Membrane (GO:1905477),4/79,0.5241791205710947,0.9704259941758712,0,0,1.065038596491228,0.6879316685325644,TNFAIP6;MTCL1;ITGA3;STAC2
GO_Biological_Process_2023,Regulation Of Neuron Death (GO:1901214),3/58,0.5273153847259725,0.9704259941758712,0,0,1.0892457700028677,0.6970698631762489,CHGA;EGLN3;CHRNA7
GO_Biological_Process_2023,Response To Organic Cyclic Compound (GO:0014070),3/58,0.5273153847259725,0.9704259941758712,0,0,1.0892457700028677,0.6970698631762489,CYP24A1;ADORA1;PMAIP1
GO_Biological_Process_2023,Glycosaminoglycan Biosynthetic Process (GO:0006024),3/58,0.5273153847259725,0.9704259941758712,0,0,1.0892457700028677,0.6970698631762489,GALNT5;B3GNT4;B3GNT3
GO_Biological_Process_2023,Positive Regulation Of Mitochondrion Organization (GO:0010822),3/58,0.5273153847259725,0.9704259941758712,0,0,1.0892457700028677,0.6970698631762489,HRK;PMAIP1;SPIRE1
GO_Biological_Process_2023,Receptor-Mediated Endocytosis (GO:0006898),6/122,0.5286047894915691,0.9704259941758712,0,0,1.0328459188127457,0.6584539563278861,CXCR1;CXCR2;VLDLR;LRP2;FOLR1;DNM1
GO_Biological_Process_2023,Regulation Of Ossification (GO:0030278),2/37,0.5324938544937454,0.9704259941758712,0,0,1.1411164465786314,0.7191132381310298,TWIST1;SOX11
GO_Biological_Process_2023,Calcium Ion Import Across Plasma Membrane (GO:0098703),2/37,0.5324938544937454,0.9704259941758712,0,0,1.1411164465786314,0.7191132381310298,CACNA1B;CACNA1G
GO_Biological_Process_2023,Ventricular Septum Development (GO:0003281),2/37,0.5324938544937454,0.9704259941758712,0,0,1.1411164465786314,0.7191132381310298,ROBO2;SOX11
GO_Biological_Process_2023,Positive Regulation Of Exocytosis (GO:0045921),2/37,0.5324938544937454,0.9704259941758712,0,0,1.1411164465786314,0.7191132381310298,CADPS;RAB27B
GO_Biological_Process_2023,Positive Regulation Of Protein Phosphorylation (GO:0001934),18/377,0.5328628404890202,0.9704259941758712,0,0,1.0010177844439685,0.6301319092242456,NTRK2;LEFTY1;LIMCH1;CHRNA7;PELI2;LIF;EFNA5;LRP8;BMP6;FGF5;SFRP2;CALCR;PDGFD;FGF20;ADTRP;LEFTY2;FGF23;PROM2
GO_Biological_Process_2023,Regulation Of Organelle Assembly (GO:1902115),4/80,0.534175518499942,0.9704259941758712,0,0,1.0509695290858725,0.658990272688681,MCIDAS;DCDC2;RNF186;MAPK15
GO_Biological_Process_2023,Anterior/Posterior Pattern Specification (GO:0009952),3/59,0.5389521600956042,0.9704259941758712,0,0,1.0697386210004507,0.6612358958069,HOXB9;CDX2;BHLHE41
GO_Biological_Process_2023,Chordate Embryonic Development (GO:0043009),3/59,0.5389521600956042,0.9704259941758712,0,0,1.0697386210004507,0.6612358958069,ARNT2;WNT7B;GRHL2
GO_Biological_Process_2023,Heart Morphogenesis (GO:0003007),3/59,0.5389521600956042,0.9704259941758712,0,0,1.0697386210004507,0.6612358958069,RYR2;OLFM1;LEFTY1
GO_Biological_Process_2023,Negative Regulation Of Protein-Containing Complex Assembly (GO:0031333),3/59,0.5389521600956042,0.9704259941758712,0,0,1.0697386210004507,0.6612358958069,PMEPA1;FBXL2;TRIM31
GO_Biological_Process_2023,Regulation Of Protein Secretion (GO:0050708),5/102,0.5397781650934584,0.9704259941758712,0,0,1.029244022465319,0.6346288065842136,SNAP25;GIPR;ADAM9;ADTRP;BMP6
GO_Biological_Process_2023,B Cell Activation Involved In Immune Response (GO:0002312),1/16,0.5426479534069931,0.9704259941758712,0,0,1.3313046519762155,0.8138192190009513,C17ORF99
GO_Biological_Process_2023,DNA Repair-Dependent Chromatin Remodeling (GO:0140861),1/16,0.5426479534069931,0.9704259941758712,0,0,1.3313046519762155,0.8138192190009513,DEPDC1B
GO_Biological_Process_2023,DNA-templated Transcription Termination (GO:0006353),1/16,0.5426479534069931,0.9704259941758712,0,0,1.3313046519762155,0.8138192190009513,FOXE1
GO_Biological_Process_2023,Regulation Of Fibrinolysis (GO:0051917),1/16,0.5426479534069931,0.9704259941758712,0,0,1.3313046519762155,0.8138192190009513,SERPINE1
GO_Biological_Process_2023,Activation Of Cysteine-Type Endopeptidase Activity (GO:0097202),1/16,0.5426479534069931,0.9704259941758712,0,0,1.3313046519762155,0.8138192190009513,GRIN2A
GO_Biological_Process_2023,"Alternative mRNA Splicing, Via Spliceosome (GO:0000380)",1/16,0.5426479534069931,0.9704259941758712,0,0,1.3313046519762155,0.8138192190009513,CELF4
GO_Biological_Process_2023,Autonomic Nervous System Development (GO:0048483),1/16,0.5426479534069931,0.9704259941758712,0,0,1.3313046519762155,0.8138192190009513,SOX11
GO_Biological_Process_2023,Regulation Of Protein Kinase A Signaling (GO:0010738),1/16,0.5426479534069931,0.9704259941758712,0,0,1.3313046519762155,0.8138192190009513,CALCR
GO_Biological_Process_2023,Cell Communication By Electrical Coupling Involved In Cardiac Conduction (GO:0086064),1/16,0.5426479534069931,0.9704259941758712,0,0,1.3313046519762155,0.8138192190009513,RYR2
GO_Biological_Process_2023,Regulation Of Response To Cytokine Stimulus (GO:0060759),1/16,0.5426479534069931,0.9704259941758712,0,0,1.3313046519762155,0.8138192190009513,CD24
GO_Biological_Process_2023,Regulation Of Stem Cell Proliferation (GO:0072091),1/16,0.5426479534069931,0.9704259941758712,0,0,1.3313046519762155,0.8138192190009513,SOX11
GO_Biological_Process_2023,Regulation Of Steroid Biosynthetic Process (GO:0050810),1/16,0.5426479534069931,0.9704259941758712,0,0,1.3313046519762155,0.8138192190009513,NR0B1
GO_Biological_Process_2023,"Regulation Of Synaptic Transmission, GABAergic (GO:0032228)",1/16,0.5426479534069931,0.9704259941758712,0,0,1.3313046519762155,0.8138192190009513,NLGN1
GO_Biological_Process_2023,Dicarboxylic Acid Catabolic Process (GO:0043649),1/16,0.5426479534069931,0.9704259941758712,0,0,1.3313046519762155,0.8138192190009513,GAD1
GO_Biological_Process_2023,Establishment Of Protein Localization To Endoplasmic Reticulum (GO:0072599),1/16,0.5426479534069931,0.9704259941758712,0,0,1.3313046519762155,0.8138192190009513,RYR2
GO_Biological_Process_2023,Sulfation (GO:0051923),1/16,0.5426479534069931,0.9704259941758712,0,0,1.3313046519762155,0.8138192190009513,SULT2B1
GO_Biological_Process_2023,"Synaptic Transmission, Cholinergic (GO:0007271)",1/16,0.5426479534069931,0.9704259941758712,0,0,1.3313046519762155,0.8138192190009513,CHRNA7
GO_Biological_Process_2023,Glycoprotein Catabolic Process (GO:0006516),1/16,0.5426479534069931,0.9704259941758712,0,0,1.3313046519762155,0.8138192190009513,MMP12
GO_Biological_Process_2023,Mesonephric Tubule Development (GO:0072164),1/16,0.5426479534069931,0.9704259941758712,0,0,1.3313046519762155,0.8138192190009513,ROBO2
GO_Biological_Process_2023,Negative Regulation Of Intrinsic Apoptotic Signaling Pathway By P53 Class Mediator (GO:1902254),1/16,0.5426479534069931,0.9704259941758712,0,0,1.3313046519762155,0.8138192190009513,MUC1
GO_Biological_Process_2023,Negative Regulation Of Viral-Induced Cytoplasmic Pattern Recognition Receptor Signaling Pathway (GO:0039532),1/16,0.5426479534069931,0.9704259941758712,0,0,1.3313046519762155,0.8138192190009513,PTPRS
GO_Biological_Process_2023,Neuron Projection Organization (GO:0106027),1/16,0.5426479534069931,0.9704259941758712,0,0,1.3313046519762155,0.8138192190009513,CHRNA7
GO_Biological_Process_2023,Oligodendrocyte Development (GO:0014003),1/16,0.5426479534069931,0.9704259941758712,0,0,1.3313046519762155,0.8138192190009513,ZNF488
GO_Biological_Process_2023,Pharyngeal System Development (GO:0060037),1/16,0.5426479534069931,0.9704259941758712,0,0,1.3313046519762155,0.8138192190009513,FOLR1
GO_Biological_Process_2023,Positive Regulation Of Autophagosome Assembly (GO:2000786),1/16,0.5426479534069931,0.9704259941758712,0,0,1.3313046519762155,0.8138192190009513,ELAPOR1
GO_Biological_Process_2023,Positive Regulation Of Collagen Metabolic Process (GO:0010714),1/16,0.5426479534069931,0.9704259941758712,0,0,1.3313046519762155,0.8138192190009513,CREB3L1
GO_Biological_Process_2023,Positive Regulation Of Stem Cell Proliferation (GO:2000648),1/16,0.5426479534069931,0.9704259941758712,0,0,1.3313046519762155,0.8138192190009513,SOX11
GO_Biological_Process_2023,Positive Regulation Of Telomere Capping (GO:1904355),1/16,0.5426479534069931,0.9704259941758712,0,0,1.3313046519762155,0.8138192190009513,MAPK15
GO_Biological_Process_2023,Protein O-linked Mannosylation (GO:0035269),1/16,0.5426479534069931,0.9704259941758712,0,0,1.3313046519762155,0.8138192190009513,TMTC2
GO_Biological_Process_2023,Protein Localization To Endoplasmic Reticulum (GO:0070972),1/16,0.5426479534069931,0.9704259941758712,0,0,1.3313046519762155,0.8138192190009513,RYR2
GO_Biological_Process_2023,Regulation Of NMDA Receptor Activity (GO:2000310),1/16,0.5426479534069931,0.9704259941758712,0,0,1.3313046519762155,0.8138192190009513,NLGN1
GO_Biological_Process_2023,Regulation Of Cardiac Muscle Contraction By Regulation Of The Release Of Sequestered Calcium Ion (GO:0010881),1/16,0.5426479534069931,0.9704259941758712,0,0,1.3313046519762155,0.8138192190009513,RYR2
GO_Biological_Process_2023,Positive Regulation Of Growth (GO:0045927),4/81,0.5440660762956198,0.9704259941758712,0,0,1.037265892002734,0.6313677493862551,SLC44A4;SFRP2;AGR2;PRSS2
GO_Biological_Process_2023,Cellular Response To Lipopolysaccharide (GO:0071222),6/124,0.544637732422547,0.9704259941758712,0,0,1.0152327826646643,0.6168903794945287,SERPINE1;ADAM9;LDOC1;CXCL1;CXCL3;CXCL5
GO_Biological_Process_2023,Enzyme-Linked Receptor Protein Signaling Pathway (GO:0007167),6/124,0.544637732422547,0.9704259941758712,0,0,1.0152327826646643,0.6168903794945287,DDR1;NTRK2;EFS;LIF;ROR1;MST1R
GO_Biological_Process_2023,Regulation Of Neurotransmitter Secretion (GO:0046928),2/38,0.5469995719078535,0.9704259941758712,0,0,1.1093604108309991,0.6692851888997465,FER1L4;KCNMB4
GO_Biological_Process_2023,Heart Looping (GO:0001947),2/38,0.5469995719078535,0.9704259941758712,0,0,1.1093604108309991,0.6692851888997465,VANGL2;FOLR1
GO_Biological_Process_2023,Membrane Assembly (GO:0071709),2/38,0.5469995719078535,0.9704259941758712,0,0,1.1093604108309991,0.6692851888997465,NLGN1;DMKN
GO_Biological_Process_2023,Negative Regulation Of Epithelial Cell Apoptotic Process (GO:1904036),2/38,0.5469995719078535,0.9704259941758712,0,0,1.1093604108309991,0.6692851888997465,PKHD1;SERPINE1
GO_Biological_Process_2023,Positive Regulation Of Protein Tyrosine Kinase Activity (GO:0061098),2/38,0.5469995719078535,0.9704259941758712,0,0,1.1093604108309991,0.6692851888997465,TGFA;LRP8
GO_Biological_Process_2023,Cellular Response To Organic Substance (GO:0071310),4/82,0.5538471852549717,0.9704259941758712,0,0,1.0239136302294196,0.6049962314341619,ROBO2;OXTR;AVPR1B;FOXH1
GO_Biological_Process_2023,Positive Regulation Of Kinase Activity (GO:0033674),5/104,0.5571933884850084,0.9704259941758712,0,0,1.0083447754680632,0.589723285459231,DDR1;NTRK2;PIFO;ROR1;MST1R
GO_Biological_Process_2023,Regulation Of Receptor-Mediated Endocytosis (GO:0048259),2/39,0.5611868519342194,0.9704259941758712,0,0,1.0793209175562115,0.6235251614233444,SERPINE1;PROM2
GO_Biological_Process_2023,Release Of Sequestered Calcium Ion Into Cytosol (GO:0051209),2/39,0.5611868519342194,0.9704259941758712,0,0,1.0793209175562115,0.6235251614233444,RYR2;HTR2C
GO_Biological_Process_2023,Negative Regulation Of Lymphocyte Proliferation (GO:0050672),2/39,0.5611868519342194,0.9704259941758712,0,0,1.0793209175562115,0.6235251614233444,SOX11;VTCN1
GO_Biological_Process_2023,Negative Regulation Of Protein Secretion (GO:0050709),2/39,0.5611868519342194,0.9704259941758712,0,0,1.0793209175562115,0.6235251614233444,CHGA;ADTRP
GO_Biological_Process_2023,Organelle Transport Along Microtubule (GO:0072384),2/39,0.5611868519342194,0.9704259941758712,0,0,1.0793209175562115,0.6235251614233444,BICDL2;CDR2L
GO_Biological_Process_2023,Positive Regulation Of Intrinsic Apoptotic Signaling Pathway (GO:2001244),2/39,0.5611868519342194,0.9704259941758712,0,0,1.0793209175562115,0.6235251614233444,PMAIP1;RNF183
GO_Biological_Process_2023,Negative Regulation Of Intrinsic Apoptotic Signaling Pathway (GO:2001243),3/61,0.5617230540442684,0.9704259941758712,0,0,1.0327423039269008,0.5956303407986676,SFRP2;EPO;CREB3L1
GO_Biological_Process_2023,"DNA Damage Response, Signal Transduction By P53 Class Mediator Resulting In Cell Cycle Arrest (GO:0006977)",1/17,0.5644810557380275,0.9704259941758712,0,0,1.2480325288562435,0.7136854738171913,MUC1
GO_Biological_Process_2023,G Protein-Coupled Acetylcholine Receptor Signaling Pathway (GO:0007213),1/17,0.5644810557380275,0.9704259941758712,0,0,1.2480325288562435,0.7136854738171913,CHRM1
GO_Biological_Process_2023,NAD Biosynthetic Process (GO:0009435),1/17,0.5644810557380275,0.9704259941758712,0,0,1.2480325288562435,0.7136854738171913,NMNAT2
GO_Biological_Process_2023,T Cell Migration (GO:0072678),1/17,0.5644810557380275,0.9704259941758712,0,0,1.2480325288562435,0.7136854738171913,CCL26
GO_Biological_Process_2023,Androgen Receptor Signaling Pathway (GO:0030521),1/17,0.5644810557380275,0.9704259941758712,0,0,1.2480325288562435,0.7136854738171913,PMEPA1
GO_Biological_Process_2023,cGMP-mediated Signaling (GO:0019934),1/17,0.5644810557380275,0.9704259941758712,0,0,1.2480325288562435,0.7136854738171913,HTR2C
GO_Biological_Process_2023,Carbohydrate Derivative Transport (GO:1901264),1/17,0.5644810557380275,0.9704259941758712,0,0,1.2480325288562435,0.7136854738171913,VLDLR
GO_Biological_Process_2023,Cellular Response To Alkaloid (GO:0071312),1/17,0.5644810557380275,0.9704259941758712,0,0,1.2480325288562435,0.7136854738171913,RYR2
GO_Biological_Process_2023,Central Nervous System Neuron Development (GO:0021954),1/17,0.5644810557380275,0.9704259941758712,0,0,1.2480325288562435,0.7136854738171913,NTRK2
GO_Biological_Process_2023,Regulation Of Viral Transcription (GO:0046782),1/17,0.5644810557380275,0.9704259941758712,0,0,1.2480325288562435,0.7136854738171913,TRIM31
GO_Biological_Process_2023,Diol Biosynthetic Process (GO:0034312),1/17,0.5644810557380275,0.9704259941758712,0,0,1.2480325288562435,0.7136854738171913,SPTSSB
GO_Biological_Process_2023,Embryo Development Ending In Birth Or Egg Hatching (GO:0009792),1/17,0.5644810557380275,0.9704259941758712,0,0,1.2480325288562435,0.7136854738171913,CELF4
GO_Biological_Process_2023,Sensory Perception Of Taste (GO:0050909),1/17,0.5644810557380275,0.9704259941758712,0,0,1.2480325288562435,0.7136854738171913,ITPR3
GO_Biological_Process_2023,Facultative Heterochromatin Formation (GO:0140718),1/17,0.5644810557380275,0.9704259941758712,0,0,1.2480325288562435,0.7136854738171913,TEX15
GO_Biological_Process_2023,Filopodium Assembly (GO:0046847),1/17,0.5644810557380275,0.9704259941758712,0,0,1.2480325288562435,0.7136854738171913,VSTM5
GO_Biological_Process_2023,Mesenchyme Development (GO:0060485),1/17,0.5644810557380275,0.9704259941758712,0,0,1.2480325288562435,0.7136854738171913,SFRP2
GO_Biological_Process_2023,Negative Regulation Of Rho Protein Signal Transduction (GO:0035024),1/17,0.5644810557380275,0.9704259941758712,0,0,1.2480325288562435,0.7136854738171913,ITGA3
GO_Biological_Process_2023,Negative Regulation Of Calcium Ion Transport (GO:0051926),1/17,0.5644810557380275,0.9704259941758712,0,0,1.2480325288562435,0.7136854738171913,MRLN
GO_Biological_Process_2023,Negative Regulation Of Cellular Senescence (GO:2000773),1/17,0.5644810557380275,0.9704259941758712,0,0,1.2480325288562435,0.7136854738171913,TWIST1
GO_Biological_Process_2023,Negative Regulation Of Insulin Secretion (GO:0046676),1/17,0.5644810557380275,0.9704259941758712,0,0,1.2480325288562435,0.7136854738171913,CHGA
GO_Biological_Process_2023,Neural Tube Development (GO:0021915),1/17,0.5644810557380275,0.9704259941758712,0,0,1.2480325288562435,0.7136854738171913,GRHL2
GO_Biological_Process_2023,Nicotinamide Nucleotide Metabolic Process (GO:0046496),1/17,0.5644810557380275,0.9704259941758712,0,0,1.2480325288562435,0.7136854738171913,KRT17
GO_Biological_Process_2023,Positive Regulation By Host Of Viral Process (GO:0044794),1/17,0.5644810557380275,0.9704259941758712,0,0,1.2480325288562435,0.7136854738171913,KRT17
GO_Biological_Process_2023,Positive Regulation Of SMAD Protein Signal Transduction (GO:0060391),1/17,0.5644810557380275,0.9704259941758712,0,0,1.2480325288562435,0.7136854738171913,BMP6
GO_Biological_Process_2023,Positive Regulation Of Amyloid-Beta Formation (GO:1902004),1/17,0.5644810557380275,0.9704259941758712,0,0,1.2480325288562435,0.7136854738171913,CHRNA7
GO_Biological_Process_2023,Positive Regulation Of Dendrite Extension (GO:1903861),1/17,0.5644810557380275,0.9704259941758712,0,0,1.2480325288562435,0.7136854738171913,SYT1
GO_Biological_Process_2023,Positive Regulation Of Dendrite Morphogenesis (GO:0050775),1/17,0.5644810557380275,0.9704259941758712,0,0,1.2480325288562435,0.7136854738171913,LRP8
GO_Biological_Process_2023,Positive Regulation Of Glial Cell Differentiation (GO:0045687),1/17,0.5644810557380275,0.9704259941758712,0,0,1.2480325288562435,0.7136854738171913,TENM4
GO_Biological_Process_2023,Positive Regulation Of Leukocyte Adhesion To Vascular Endothelial Cell (GO:1904996),1/17,0.5644810557380275,0.9704259941758712,0,0,1.2480325288562435,0.7136854738171913,CHST4
GO_Biological_Process_2023,Positive Regulation Of Peptidyl-Serine Phosphorylation Of STAT Protein (GO:0033141),1/17,0.5644810557380275,0.9704259941758712,0,0,1.2480325288562435,0.7136854738171913,LIF
GO_Biological_Process_2023,Positive Regulation Of Potassium Ion Transmembrane Transport (GO:1901381),1/17,0.5644810557380275,0.9704259941758712,0,0,1.2480325288562435,0.7136854738171913,KCNQ1
GO_Biological_Process_2023,Positive Regulation Of Small GTPase Mediated Signal Transduction (GO:0051057),1/17,0.5644810557380275,0.9704259941758712,0,0,1.2480325288562435,0.7136854738171913,RASGEF1A
GO_Biological_Process_2023,Postsynaptic Membrane Organization (GO:0001941),1/17,0.5644810557380275,0.9704259941758712,0,0,1.2480325288562435,0.7136854738171913,NLGN1
GO_Biological_Process_2023,Prostaglandin Biosynthetic Process (GO:0001516),1/17,0.5644810557380275,0.9704259941758712,0,0,1.2480325288562435,0.7136854738171913,PTGDS
GO_Biological_Process_2023,Regulation Of DNA-templated DNA Replication (GO:0090329),1/17,0.5644810557380275,0.9704259941758712,0,0,1.2480325288562435,0.7136854738171913,MCIDAS
GO_Biological_Process_2023,Regulation Of Neuron Apoptotic Process (GO:0043523),5/105,0.5657774201842539,0.9704259941758712,0,0,0.998208640674394,0.5685342518636953,TFAP2A;NTRK2;EGLN3;FGF20;SEMA3E
GO_Biological_Process_2023,Intrinsic Apoptotic Signaling Pathway (GO:0097193),5/105,0.5657774201842539,0.9704259941758712,0,0,0.998208640674394,0.5685342518636953,ERN2;BRSK2;PMAIP1;CD24;RNF186
GO_Biological_Process_2023,Cellular Response To Oxygen-Containing Compound (GO:1901701),19/406,0.5677534167769699,0.9704259941758712,0,0,0.9797592891984136,0.5546104596138185,HCN4;AOC1;NLGN1;SYT1;FZD7;TESC;WNT7B;SERPINE1;LDOC1;CXCL1;FZD10;SYT13;CXCL3;CXCL5;PTK7;KCNQ1;ADAM9;FOLR1;SLC25A24
GO_Biological_Process_2023,Glycerophospholipid Metabolic Process (GO:0006650),3/62,0.5728491213337497,0.9704259941758712,0,0,1.0151847297225045,0.5655928231595296,PLA2G4D;PLAAT1;ENPP6
GO_Biological_Process_2023,Regulation Of Cytosolic Calcium Ion Concentration (GO:0051480),2/40,0.5750530408008401,0.9704259941758712,0,0,1.050862450243255,0.5814348351268036,CALB2;RYR2
GO_Biological_Process_2023,Aortic Valve Development (GO:0003176),2/40,0.5750530408008401,0.9704259941758712,0,0,1.050862450243255,0.5814348351268036,ROBO2;TWIST1
GO_Biological_Process_2023,Retinoid Metabolic Process (GO:0001523),2/40,0.5750530408008401,0.9704259941758712,0,0,1.050862450243255,0.5814348351268036,LRP2;LRP8
GO_Biological_Process_2023,Nucleic Acid-Templated Transcription (GO:0097659),2/40,0.5750530408008401,0.9704259941758712,0,0,1.050862450243255,0.5814348351268036,NKX2-8;MLF1
GO_Biological_Process_2023,Positive Regulation Of Monoatomic Ion Transport (GO:0043270),2/40,0.5750530408008401,0.9704259941758712,0,0,1.050862450243255,0.5814348351268036,CHRM1;SCN3B
GO_Biological_Process_2023,Positive Regulation Of Wound Healing (GO:0090303),2/40,0.5750530408008401,0.9704259941758712,0,0,1.050862450243255,0.5814348351268036,SERPINE1;DUOX2
GO_Biological_Process_2023,Regulation Of Autophagosome Assembly (GO:2000785),2/40,0.5750530408008401,0.9704259941758712,0,0,1.050862450243255,0.5814348351268036,RNF186;ELAPOR1
GO_Biological_Process_2023,Regulation Of Cell Differentiation (GO:0045595),9/193,0.5757156594509183,0.9704259941758712,0,0,0.9762939958592132,0.5390523209510429,TFAP2A;SLC6A6;NLGN1;SCIN;LIF;MBOAT2;PRAME;CD24;PTHLH
GO_Biological_Process_2023,Monoatomic Ion Transport (GO:0006811),5/107,0.5826860256569477,0.9704259941758712,0,0,0.978532614310213,0.5285121064610451,SLC9A2;HCN4;CHRNA7;SLC26A9;GRIN1
GO_Biological_Process_2023,Phosphatidylinositol Metabolic Process (GO:0046488),3/63,0.5837976779235033,0.9704259941758712,0,0,0.9982124079915878,0.5372387146449945,PLA2G4D;PITPNM3;MTMR7
GO_Biological_Process_2023,Regulation Of Collagen Biosynthetic Process (GO:0032965),1/18,0.5852729246995767,0.9704259941758712,0,0,1.174557126103327,0.6291832406903033,CREB3L1
GO_Biological_Process_2023,Regulation Of Dendrite Extension (GO:1903859),1/18,0.5852729246995767,0.9704259941758712,0,0,1.174557126103327,0.6291832406903033,SYT1
GO_Biological_Process_2023,Regulation Of Epidermal Cell Differentiation (GO:0045604),1/18,0.5852729246995767,0.9704259941758712,0,0,1.174557126103327,0.6291832406903033,SULT2B1
GO_Biological_Process_2023,Actin Filament Capping (GO:0051693),1/18,0.5852729246995767,0.9704259941758712,0,0,1.174557126103327,0.6291832406903033,SCIN
GO_Biological_Process_2023,Regulation Of Lymphocyte Proliferation (GO:0050670),1/18,0.5852729246995767,0.9704259941758712,0,0,1.174557126103327,0.6291832406903033,SOX11
GO_Biological_Process_2023,Regulation Of Mitochondrial Membrane Permeability (GO:0046902),1/18,0.5852729246995767,0.9704259941758712,0,0,1.174557126103327,0.6291832406903033,PMAIP1
GO_Biological_Process_2023,Associative Learning (GO:0008306),1/18,0.5852729246995767,0.9704259941758712,0,0,1.174557126103327,0.6291832406903033,GRIN1
GO_Biological_Process_2023,Regulation Of Oligodendrocyte Differentiation (GO:0048713),1/18,0.5852729246995767,0.9704259941758712,0,0,1.174557126103327,0.6291832406903033,TENM4
GO_Biological_Process_2023,Barbed-End Actin Filament Capping (GO:0051016),1/18,0.5852729246995767,0.9704259941758712,0,0,1.174557126103327,0.6291832406903033,SCIN
GO_Biological_Process_2023,Regulation Of Peptidyl-Serine Phosphorylation Of STAT Protein (GO:0033139),1/18,0.5852729246995767,0.9704259941758712,0,0,1.174557126103327,0.6291832406903033,LIF
GO_Biological_Process_2023,Cardiac Atrium Morphogenesis (GO:0003209),1/18,0.5852729246995767,0.9704259941758712,0,0,1.174557126103327,0.6291832406903033,SHOX2
GO_Biological_Process_2023,Cell Junction Maintenance (GO:0034331),1/18,0.5852729246995767,0.9704259941758712,0,0,1.174557126103327,0.6291832406903033,NLGN1
GO_Biological_Process_2023,Regulation Of Synaptic Vesicle Exocytosis (GO:2000300),1/18,0.5852729246995767,0.9704259941758712,0,0,1.174557126103327,0.6291832406903033,NLGN1
GO_Biological_Process_2023,Cellular Response To Inorganic Substance (GO:0071241),1/18,0.5852729246995767,0.9704259941758712,0,0,1.174557126103327,0.6291832406903033,AOC1
GO_Biological_Process_2023,Regulation Of Ventricular Cardiac Muscle Cell Membrane Repolarization (GO:0060307),1/18,0.5852729246995767,0.9704259941758712,0,0,1.174557126103327,0.6291832406903033,KCNQ1
GO_Biological_Process_2023,Response To Axon Injury (GO:0048678),1/18,0.5852729246995767,0.9704259941758712,0,0,1.174557126103327,0.6291832406903033,FOLR1
GO_Biological_Process_2023,Response To Organophosphorus (GO:0046683),1/18,0.5852729246995767,0.9704259941758712,0,0,1.174557126103327,0.6291832406903033,DUOX2
GO_Biological_Process_2023,Glucose 6-Phosphate Metabolic Process (GO:0051156),1/18,0.5852729246995767,0.9704259941758712,0,0,1.174557126103327,0.6291832406903033,HK2
GO_Biological_Process_2023,Ureteric Bud Development (GO:0001657),1/18,0.5852729246995767,0.9704259941758712,0,0,1.174557126103327,0.6291832406903033,ROBO2
GO_Biological_Process_2023,Intracellular Sodium Ion Homeostasis (GO:0006883),1/18,0.5852729246995767,0.9704259941758712,0,0,1.174557126103327,0.6291832406903033,TMPRSS4
GO_Biological_Process_2023,Maintenance Of Protein Localization In Organelle (GO:0072595),1/18,0.5852729246995767,0.9704259941758712,0,0,1.174557126103327,0.6291832406903033,HK2
GO_Biological_Process_2023,Membrane Repolarization (GO:0086009),1/18,0.5852729246995767,0.9704259941758712,0,0,1.174557126103327,0.6291832406903033,KCNQ1
GO_Biological_Process_2023,Negative Regulation Of Lipid Catabolic Process (GO:0050995),1/18,0.5852729246995767,0.9704259941758712,0,0,1.174557126103327,0.6291832406903033,HCAR2
GO_Biological_Process_2023,Negative Regulation Of Nervous System Development (GO:0051961),1/18,0.5852729246995767,0.9704259941758712,0,0,1.174557126103327,0.6291832406903033,ROBO2
GO_Biological_Process_2023,Negative Regulation Of Peptide Hormone Secretion (GO:0090278),1/18,0.5852729246995767,0.9704259941758712,0,0,1.174557126103327,0.6291832406903033,CHGA
GO_Biological_Process_2023,Negative Regulation Of Signal Transduction By P53 Class Mediator (GO:1901797),1/18,0.5852729246995767,0.9704259941758712,0,0,1.174557126103327,0.6291832406903033,TWIST1
GO_Biological_Process_2023,Negative Regulation Of Viral Entry Into Host Cell (GO:0046597),1/18,0.5852729246995767,0.9704259941758712,0,0,1.174557126103327,0.6291832406903033,TRIM31
GO_Biological_Process_2023,Neuron Fate Commitment (GO:0048663),1/18,0.5852729246995767,0.9704259941758712,0,0,1.174557126103327,0.6291832406903033,POU3F2
GO_Biological_Process_2023,Neutrophil Activation (GO:0042119),1/18,0.5852729246995767,0.9704259941758712,0,0,1.174557126103327,0.6291832406903033,CXCR2
GO_Biological_Process_2023,Positive Regulation Of CREB Transcription Factor Activity (GO:0032793),1/18,0.5852729246995767,0.9704259941758712,0,0,1.174557126103327,0.6291832406903033,LRP8
GO_Biological_Process_2023,Positive Regulation Of G Protein-Coupled Receptor Signaling Pathway (GO:0045745),1/18,0.5852729246995767,0.9704259941758712,0,0,1.174557126103327,0.6291832406903033,CHGA
GO_Biological_Process_2023,Positive Regulation Of NLRP3 Inflammasome Complex Assembly (GO:1900227),1/18,0.5852729246995767,0.9704259941758712,0,0,1.174557126103327,0.6291832406903033,DEPDC1B
GO_Biological_Process_2023,Positive Regulation Of Cation Transmembrane Transport (GO:1904064),1/18,0.5852729246995767,0.9704259941758712,0,0,1.174557126103327,0.6291832406903033,KCNQ1
GO_Biological_Process_2023,Positive Regulation Of Epidermal Cell Differentiation (GO:0045606),1/18,0.5852729246995767,0.9704259941758712,0,0,1.174557126103327,0.6291832406903033,SULT2B1
GO_Biological_Process_2023,Positive Regulation Of Extracellular Matrix Organization (GO:1903055),1/18,0.5852729246995767,0.9704259941758712,0,0,1.174557126103327,0.6291832406903033,MELTF
GO_Biological_Process_2023,Positive Regulation Of Monocyte Chemotaxis (GO:0090026),1/18,0.5852729246995767,0.9704259941758712,0,0,1.174557126103327,0.6291832406903033,SERPINE1
GO_Biological_Process_2023,Positive Regulation Of Nervous System Process (GO:0031646),1/18,0.5852729246995767,0.9704259941758712,0,0,1.174557126103327,0.6291832406903033,TENM4
GO_Biological_Process_2023,Positive Regulation Of Osteoclast Differentiation (GO:0045672),1/18,0.5852729246995767,0.9704259941758712,0,0,1.174557126103327,0.6291832406903033,TNFRSF11A
GO_Biological_Process_2023,Pulmonary Valve Morphogenesis (GO:0003184),1/18,0.5852729246995767,0.9704259941758712,0,0,1.174557126103327,0.6291832406903033,ROBO2
GO_Biological_Process_2023,Regulation Of DNA Damage Checkpoint (GO:2000001),1/18,0.5852729246995767,0.9704259941758712,0,0,1.174557126103327,0.6291832406903033,DEPDC1B
GO_Biological_Process_2023,Regulation Of cAMP-mediated Signaling (GO:0043949),1/18,0.5852729246995767,0.9704259941758712,0,0,1.174557126103327,0.6291832406903033,SCTR
GO_Biological_Process_2023,Regulation Of Cell-Cell Adhesion Mediated By Cadherin (GO:2000047),1/18,0.5852729246995767,0.9704259941758712,0,0,1.174557126103327,0.6291832406903033,BMP6
GO_Biological_Process_2023,Regulation Of Dendrite Development (GO:0050773),2/41,0.5885964615213919,0.9709944729726024,0,0,1.0238633915104502,0.5426623973303948,VLDLR;LRP8
GO_Biological_Process_2023,Axoneme Assembly (GO:0035082),2/41,0.5885964615213919,0.9709944729726024,0,0,1.0238633915104502,0.5426623973303948,SPAG17;DNAJB13
GO_Biological_Process_2023,Regulation Of Release Of Cytochrome C From Mitochondria (GO:0090199),2/41,0.5885964615213919,0.9709944729726024,0,0,1.0238633915104502,0.5426623973303948,HRK;PMAIP1
GO_Biological_Process_2023,Transmembrane Receptor Protein Serine/Threonine Kinase Signaling Pathway (GO:0007178),6/130,0.5911976238001797,0.9709944729726024,0,0,0.9658023683135972,0.5076304848765877,LEFTY1;DLX5;FOXH1;ADAM9;LEFTY2;BMP6
GO_Biological_Process_2023,Negative Regulation Of Angiogenesis (GO:0016525),4/86,0.5918139470065483,0.9709944729726024,0,0,0.9737612323491656,0.5107990862534225,CREB3L1;SERPINE1;CCN6;SEMA3E
GO_Biological_Process_2023,Regulation Of Secretion By Cell (GO:1903530),3/64,0.5945658314133664,0.9709944729726024,0,0,0.9817965558256192,0.510459430393666,FER1L4;SYT1;KCNMB4
GO_Biological_Process_2023,Cellular Response To Salt (GO:1902075),5/109,0.5992340457745025,0.9709944729726024,0,0,0.9596133581908082,0.4914209080484721,NLGN1;AOC1;SYT1;SYT13;SLC25A24
GO_Biological_Process_2023,Amino Acid Transmembrane Transport (GO:0003333),2/42,0.6018163263935619,0.9709944729726024,0,0,0.9982142857142856,0.5068961948398271,SLC6A6;SLC7A10
GO_Biological_Process_2023,Determination Of Heart Left/Right Asymmetry (GO:0061371),2/42,0.6018163263935619,0.9709944729726024,0,0,0.9982142857142856,0.5068961948398271,VANGL2;FOLR1
GO_Biological_Process_2023,Keratinocyte Differentiation (GO:0030216),2/42,0.6018163263935619,0.9709944729726024,0,0,0.9982142857142856,0.5068961948398271,SPRR3;ADAM9
GO_Biological_Process_2023,Monocyte Chemotaxis (GO:0002548),2/42,0.6018163263935619,0.9709944729726024,0,0,0.9982142857142856,0.5068961948398271,TNFRSF11A;CCL26
GO_Biological_Process_2023,Positive Regulation Of Calcium Ion Transmembrane Transport (GO:1904427),2/42,0.6018163263935619,0.9709944729726024,0,0,0.9982142857142856,0.5068961948398271,CALCR;GRIN1
GO_Biological_Process_2023,Positive Regulation Of Neuron Differentiation (GO:0045666),2/42,0.6018163263935619,0.9709944729726024,0,0,0.9982142857142856,0.5068961948398271,FGF20;SOX11
GO_Biological_Process_2023,Potassium Ion Import Across Plasma Membrane (GO:1990573),2/42,0.6018163263935619,0.9709944729726024,0,0,0.9982142857142856,0.5068961948398271,HCN4;KCNJ16
GO_Biological_Process_2023,Regulation Of Cellular Response To Growth Factor Stimulus (GO:0090287),1/19,0.6050731676931383,0.9709944729726024,0,0,1.1092456569896234,0.5572915514486194,ITGA3
GO_Biological_Process_2023,DNA Catabolic Process (GO:0006308),1/19,0.6050731676931383,0.9709944729726024,0,0,1.1092456569896234,0.5572915514486194,FOXL2
GO_Biological_Process_2023,NADP Metabolic Process (GO:0006739),1/19,0.6050731676931383,0.9709944729726024,0,0,1.1092456569896234,0.5572915514486194,KRT17
GO_Biological_Process_2023,Regulation Of Insulin-Like Growth Factor Receptor Signaling Pathway (GO:0043567),1/19,0.6050731676931383,0.9709944729726024,0,0,1.1092456569896234,0.5572915514486194,CDH3
GO_Biological_Process_2023,Regulation Of Integrin-Mediated Signaling Pathway (GO:2001044),1/19,0.6050731676931383,0.9709944729726024,0,0,1.1092456569896234,0.5572915514486194,LAMA1
GO_Biological_Process_2023,Atrioventricular Valve Morphogenesis (GO:0003181),1/19,0.6050731676931383,0.9709944729726024,0,0,1.1092456569896234,0.5572915514486194,OLFM1
GO_Biological_Process_2023,Calcium-Independent Cell-Cell Adhesion Via Plasma Membrane Cell-Adhesion Molecules (GO:0016338),1/19,0.6050731676931383,0.9709944729726024,0,0,1.1092456569896234,0.5572915514486194,CLDN18
GO_Biological_Process_2023,Cardiac Epithelial To Mesenchymal Transition (GO:0060317),1/19,0.6050731676931383,0.9709944729726024,0,0,1.1092456569896234,0.5572915514486194,OLFM1
GO_Biological_Process_2023,Cortical Actin Cytoskeleton Organization (GO:0030866),1/19,0.6050731676931383,0.9709944729726024,0,0,1.1092456569896234,0.5572915514486194,FHOD3
GO_Biological_Process_2023,Steroid Hormone Biosynthetic Process (GO:0120178),1/19,0.6050731676931383,0.9709944729726024,0,0,1.1092456569896234,0.5572915514486194,CYP19A1
GO_Biological_Process_2023,Superoxide Anion Generation (GO:0042554),1/19,0.6050731676931383,0.9709944729726024,0,0,1.1092456569896234,0.5572915514486194,DUOX2
GO_Biological_Process_2023,tRNA Metabolic Process (GO:0006399),1/19,0.6050731676931383,0.9709944729726024,0,0,1.1092456569896234,0.5572915514486194,SLFN13
GO_Biological_Process_2023,Fluid Transport (GO:0042044),1/19,0.6050731676931383,0.9709944729726024,0,0,1.1092456569896234,0.5572915514486194,SLC4A11
GO_Biological_Process_2023,Vesicle Docking (GO:0048278),1/19,0.6050731676931383,0.9709944729726024,0,0,1.1092456569896234,0.5572915514486194,STX19
GO_Biological_Process_2023,Insulin Secretion (GO:0030073),1/19,0.6050731676931383,0.9709944729726024,0,0,1.1092456569896234,0.5572915514486194,PTPRN
GO_Biological_Process_2023,Negative Regulation Of Calcium Ion Transmembrane Transport (GO:1903170),1/19,0.6050731676931383,0.9709944729726024,0,0,1.1092456569896234,0.5572915514486194,EPO
GO_Biological_Process_2023,Negative Regulation Of Leukocyte Cell-Cell Adhesion (GO:1903038),1/19,0.6050731676931383,0.9709944729726024,0,0,1.1092456569896234,0.5572915514486194,VTCN1
GO_Biological_Process_2023,Nucleotide Biosynthetic Process (GO:0009165),1/19,0.6050731676931383,0.9709944729726024,0,0,1.1092456569896234,0.5572915514486194,NMNAT2
GO_Biological_Process_2023,Oligodendrocyte Differentiation (GO:0048709),1/19,0.6050731676931383,0.9709944729726024,0,0,1.1092456569896234,0.5572915514486194,ZNF488
GO_Biological_Process_2023,Phosphate Ion Transport (GO:0006817),1/19,0.6050731676931383,0.9709944729726024,0,0,1.1092456569896234,0.5572915514486194,SLC34A2
GO_Biological_Process_2023,piRNA Processing (GO:0034587),1/19,0.6050731676931383,0.9709944729726024,0,0,1.1092456569896234,0.5572915514486194,TEX15
GO_Biological_Process_2023,Positive Regulation Of Activated T Cell Proliferation (GO:0042104),1/19,0.6050731676931383,0.9709944729726024,0,0,1.1092456569896234,0.5572915514486194,CD24
GO_Biological_Process_2023,Positive Regulation Of Alpha-Beta T Cell Activation (GO:0046635),1/19,0.6050731676931383,0.9709944729726024,0,0,1.1092456569896234,0.5572915514486194,GLI3
GO_Biological_Process_2023,Positive Regulation Of Mitochondrial Fission (GO:0090141),1/19,0.6050731676931383,0.9709944729726024,0,0,1.1092456569896234,0.5572915514486194,SPIRE1
GO_Biological_Process_2023,Protein Heterooligomerization (GO:0051291),1/19,0.6050731676931383,0.9709944729726024,0,0,1.1092456569896234,0.5572915514486194,GRIN1
GO_Biological_Process_2023,Protein Insertion Into Membrane (GO:0051205),1/19,0.6050731676931383,0.9709944729726024,0,0,1.1092456569896234,0.5572915514486194,GRIN3B
GO_Biological_Process_2023,Purine Ribonucleotide Transport (GO:0015868),1/19,0.6050731676931383,0.9709944729726024,0,0,1.1092456569896234,0.5572915514486194,SLC25A24
GO_Biological_Process_2023,Receptor Clustering (GO:0043113),1/19,0.6050731676931383,0.9709944729726024,0,0,1.1092456569896234,0.5572915514486194,NLGN1
GO_Biological_Process_2023,Regulation Of Acute Inflammatory Response (GO:0002673),1/19,0.6050731676931383,0.9709944729726024,0,0,1.1092456569896234,0.5572915514486194,C2CD4A
GO_Biological_Process_2023,Fatty Acid Biosynthetic Process (GO:0006633),3/65,0.6051511050121889,0.9709944729726024,0,0,0.9659102472779078,0.4851545899285549,HACD1;ELOVL3;ELOVL7
GO_Biological_Process_2023,Negative Regulation Of Neuron Death (GO:1901215),4/88,0.6100653491236567,0.9718894519624098,0,0,0.9504761904761904,0.4697150661392013,CHGA;NTRK2;FGF20;SEMA3E
GO_Biological_Process_2023,Positive Regulation Of Plasma Membrane Bounded Cell Projection Assembly (GO:0120034),4/88,0.6100653491236567,0.9718894519624098,0,0,0.9504761904761904,0.4697150661392013,ANLN;NLGN1;MYO3A;EPS8L1
GO_Biological_Process_2023,Regulation Of Filopodium Assembly (GO:0051489),2/43,0.6147126565005246,0.9718894519624098,0,0,0.973816355810617,0.4738593752511043,NLGN1;MYO3A
GO_Biological_Process_2023,SCF-dependent Proteasomal Ubiquitin-Dependent Protein Catabolic Process (GO:0031146),2/43,0.6147126565005246,0.9718894519624098,0,0,0.973816355810617,0.4738593752511043,FBXL2;FBXL13
GO_Biological_Process_2023,Lysosome Organization (GO:0007040),2/43,0.6147126565005246,0.9718894519624098,0,0,0.973816355810617,0.4738593752511043,ATP10B;ACP3
GO_Biological_Process_2023,Negative Regulation Of BMP Signaling Pathway (GO:0030514),2/43,0.6147126565005246,0.9718894519624098,0,0,0.973816355810617,0.4738593752511043,TNFAIP6;LRP2
GO_Biological_Process_2023,Regulation Of JUN Kinase Activity (GO:0043506),2/43,0.6147126565005246,0.9718894519624098,0,0,0.973816355810617,0.4738593752511043,FZD10;TNFRSF11A
GO_Biological_Process_2023,Negative Regulation Of Transmembrane Receptor Protein Serine/Threonine Kinase Signaling Pathway (GO:0090101),5/111,0.6154059495173013,0.9718894519624098,0,0,0.9414080362645884,0.4570283233104408,TNFAIP6;VEPH1;PMEPA1;LRP2;IL17RD
GO_Biological_Process_2023,Calcium Ion Transport (GO:0006816),5/112,0.6233466207614115,0.9718894519624098,0,0,0.9325605900948368,0.4407771328238766,RYR2;MCOLN3;CHRNA7;ATP2C2;CACNA1G
GO_Biological_Process_2023,Fc-gamma Receptor Signaling Pathway Involved In Phagocytosis (GO:0038096),1/20,0.6239290308894483,0.9718894519624098,0,0,1.050809079361573,0.495686239935077,PLPP4
GO_Biological_Process_2023,Regulation Of Fibroblast Migration (GO:0010762),1/20,0.6239290308894483,0.9718894519624098,0,0,1.050809079361573,0.495686239935077,MACIR
GO_Biological_Process_2023,Adenine Nucleotide Transport (GO:0051503),1/20,0.6239290308894483,0.9718894519624098,0,0,1.050809079361573,0.495686239935077,SLC25A24
GO_Biological_Process_2023,Anterior/Posterior Axis Specification (GO:0009948),1/20,0.6239290308894483,0.9718894519624098,0,0,1.050809079361573,0.495686239935077,CDX2
GO_Biological_Process_2023,Calcium-Mediated Signaling Using Intracellular Calcium Source (GO:0035584),1/20,0.6239290308894483,0.9718894519624098,0,0,1.050809079361573,0.495686239935077,RYR2
GO_Biological_Process_2023,Cell Projection Organization (GO:0030030),1/20,0.6239290308894483,0.9718894519624098,0,0,1.050809079361573,0.495686239935077,SCIN
GO_Biological_Process_2023,Regulation Of Spindle Organization (GO:0090224),1/20,0.6239290308894483,0.9718894519624098,0,0,1.050809079361573,0.495686239935077,MAP9
GO_Biological_Process_2023,Epithelial Cilium Movement Involved In Extracellular Fluid Movement (GO:0003351),1/20,0.6239290308894483,0.9718894519624098,0,0,1.050809079361573,0.495686239935077,SPAG17
GO_Biological_Process_2023,Gamma-Aminobutyric Acid Signaling Pathway (GO:0007214),1/20,0.6239290308894483,0.9718894519624098,0,0,1.050809079361573,0.495686239935077,GABRA5
GO_Biological_Process_2023,Glutamate Metabolic Process (GO:0006536),1/20,0.6239290308894483,0.9718894519624098,0,0,1.050809079361573,0.495686239935077,GAD1
GO_Biological_Process_2023,Xenobiotic Transport (GO:0042908),1/20,0.6239290308894483,0.9718894519624098,0,0,1.050809079361573,0.495686239935077,ABCC1
GO_Biological_Process_2023,Intracellular Monoatomic Ion Homeostasis (GO:0006873),1/20,0.6239290308894483,0.9718894519624098,0,0,1.050809079361573,0.495686239935077,SLC4A11
GO_Biological_Process_2023,Limb Morphogenesis (GO:0035108),1/20,0.6239290308894483,0.9718894519624098,0,0,1.050809079361573,0.495686239935077,GLI3
GO_Biological_Process_2023,Long-Term Synaptic Potentiation (GO:0060291),1/20,0.6239290308894483,0.9718894519624098,0,0,1.050809079361573,0.495686239935077,GRIN2A
GO_Biological_Process_2023,Monocarboxylic Acid Catabolic Process (GO:0072329),1/20,0.6239290308894483,0.9718894519624098,0,0,1.050809079361573,0.495686239935077,CYP2W1
GO_Biological_Process_2023,Negative Regulation Of Cyclin-Dependent Protein Kinase Activity (GO:1904030),1/20,0.6239290308894483,0.9718894519624098,0,0,1.050809079361573,0.495686239935077,CDKN1C
GO_Biological_Process_2023,Negative Regulation Of Cytokine Production Involved In Inflammatory Response (GO:1900016),1/20,0.6239290308894483,0.9718894519624098,0,0,1.050809079361573,0.495686239935077,MACIR
GO_Biological_Process_2023,Negative Regulation Of Phosphate Metabolic Process (GO:0045936),1/20,0.6239290308894483,0.9718894519624098,0,0,1.050809079361573,0.495686239935077,CDKN1C
GO_Biological_Process_2023,Negative Regulation Of Protein Localization To Cell Periphery (GO:1904376),1/20,0.6239290308894483,0.9718894519624098,0,0,1.050809079361573,0.495686239935077,SAPCD2
GO_Biological_Process_2023,Negative Regulation Of Reproductive Process (GO:2000242),1/20,0.6239290308894483,0.9718894519624098,0,0,1.050809079361573,0.495686239935077,SPINK13
GO_Biological_Process_2023,Negative Regulation Of Viral Life Cycle (GO:1903901),1/20,0.6239290308894483,0.9718894519624098,0,0,1.050809079361573,0.495686239935077,TRIM31
GO_Biological_Process_2023,Phosphatidylserine Metabolic Process (GO:0006658),1/20,0.6239290308894483,0.9718894519624098,0,0,1.050809079361573,0.495686239935077,MBOAT2
GO_Biological_Process_2023,Positive Regulation Of Embryonic Development (GO:0040019),1/20,0.6239290308894483,0.9718894519624098,0,0,1.050809079361573,0.495686239935077,TENM4
GO_Biological_Process_2023,Positive Regulation Of Leukocyte Activation (GO:0002696),1/20,0.6239290308894483,0.9718894519624098,0,0,1.050809079361573,0.495686239935077,HAVCR1
GO_Biological_Process_2023,Positive Regulation Of Lipid Catabolic Process (GO:0050996),1/20,0.6239290308894483,0.9718894519624098,0,0,1.050809079361573,0.495686239935077,TWIST1
GO_Biological_Process_2023,Positive Regulation Of Lipid Storage (GO:0010884),1/20,0.6239290308894483,0.9718894519624098,0,0,1.050809079361573,0.495686239935077,HILPDA
GO_Biological_Process_2023,Positive Regulation Of Phospholipase Activity (GO:0010518),1/20,0.6239290308894483,0.9718894519624098,0,0,1.050809079361573,0.495686239935077,AVPR1B
GO_Biological_Process_2023,Positive Regulation Of Protein Processing (GO:0010954),1/20,0.6239290308894483,0.9718894519624098,0,0,1.050809079361573,0.495686239935077,MELTF
GO_Biological_Process_2023,Pulmonary Valve Development (GO:0003177),1/20,0.6239290308894483,0.9718894519624098,0,0,1.050809079361573,0.495686239935077,ROBO2
GO_Biological_Process_2023,Regulation Of Calcium Ion Import (GO:0090279),1/20,0.6239290308894483,0.9718894519624098,0,0,1.050809079361573,0.495686239935077,PLPP4
GO_Biological_Process_2023,Regulation Of Calcium Ion Transmembrane Transport (GO:1903169),1/20,0.6239290308894483,0.9718894519624098,0,0,1.050809079361573,0.495686239935077,UBASH3B
GO_Biological_Process_2023,Regulation Of Cardiac Muscle Contraction By Calcium Ion Signaling (GO:0010882),1/20,0.6239290308894483,0.9718894519624098,0,0,1.050809079361573,0.495686239935077,RYR2
GO_Biological_Process_2023,Bone Development (GO:0060348),2/44,0.627286206295145,0.973651478472308,0,0,0.9505802320928372,0.4433053470864085,TFAP2A;BMP6
GO_Biological_Process_2023,Regulation Of Viral Entry Into Host Cell (GO:0046596),2/44,0.627286206295145,0.973651478472308,0,0,0.9505802320928372,0.4433053470864085,TMPRSS4;TRIM31
GO_Biological_Process_2023,Mitotic Spindle Assembly (GO:0090307),2/44,0.627286206295145,0.973651478472308,0,0,0.9505802320928372,0.4433053470864085,ARHGEF10;MAP9
GO_Biological_Process_2023,Neural Crest Cell Development (GO:0014032),2/44,0.627286206295145,0.973651478472308,0,0,0.9505802320928372,0.4433053470864085,SEMA3C;SEMA3E
GO_Biological_Process_2023,Positive Regulation Of Biosynthetic Process (GO:0009891),2/44,0.627286206295145,0.973651478472308,0,0,0.9505802320928372,0.4433053470864085,CREB3L1;GRIN1
GO_Biological_Process_2023,Regulation Of Protein Kinase B Signaling (GO:0051896),6/136,0.6351402925174465,0.9739009246716568,0,0,0.9209347614410904,0.4180209186598971,PKHD1;NTRK2;CALCR;MST1R;LRP2;NTS
GO_Biological_Process_2023,Positive Regulation Of Protein Modification Process (GO:0031401),10/225,0.6357047674093238,0.9739009246716568,0,0,0.9278182893180922,0.4203211930008472,FGF5;NTRK2;LIMCH1;CHRNA7;PELI2;FGF20;ADTRP;EFNA5;FGF23;PROM2
GO_Biological_Process_2023,Response To Endoplasmic Reticulum Stress (GO:0034976),5/114,0.638930111874644,0.9739009246716568,0,0,0.9153527131408242,0.4100415859816355,ERN2;BRSK2;CREB3L1;RNF183;RNF186
GO_Biological_Process_2023,Negative Regulation Of Canonical Wnt Signaling Pathway (GO:0090090),5/114,0.638930111874644,0.9739009246716568,0,0,0.9153527131408242,0.4100415859816355,SFRP2;TPBG;MLLT3;GLI3;BICC1
GO_Biological_Process_2023,Response To Lipopolysaccharide (GO:0032496),7/159,0.6393328976634901,0.9739009246716568,0,0,0.918815650530762,0.411013799118423,SERPINE1;ADAM9;LDOC1;CXCL1;TNFRSF11A;CXCL3;CXCL5
GO_Biological_Process_2023,Regulation Of Telomerase Activity (GO:0051972),2/45,0.6395383938144722,0.9739009246716568,0,0,0.9284248583154192,0.4150139170346548,GRHL2;MAPK15
GO_Biological_Process_2023,Determination Of Left/Right Symmetry (GO:0007368),2/45,0.6395383938144722,0.9739009246716568,0,0,0.9284248583154192,0.4150139170346548,LEFTY1;PITX2
GO_Biological_Process_2023,Epidermal Growth Factor Receptor Signaling Pathway (GO:0007173),2/45,0.6395383938144722,0.9739009246716568,0,0,0.9284248583154192,0.4150139170346548,TGFA;FAM83B
GO_Biological_Process_2023,Natural Killer Cell Activation (GO:0030101),2/45,0.6395383938144722,0.9739009246716568,0,0,0.9284248583154192,0.4150139170346548,ULBP2;ULBP1
GO_Biological_Process_2023,Regulation Of Lipid Storage (GO:0010883),1/21,0.6418855117732507,0.9739009246716568,0,0,0.9982161594963274,0.4425544644241431,HILPDA
GO_Biological_Process_2023,Regulation Of Membrane Protein Ectodomain Proteolysis (GO:0051043),1/21,0.6418855117732507,0.9739009246716568,0,0,0.9982161594963274,0.4425544644241431,ADAM9
GO_Biological_Process_2023,Anaphase-Promoting Complex-Dependent Catabolic Process (GO:0031145),1/21,0.6418855117732507,0.9739009246716568,0,0,0.9982161594963274,0.4425544644241431,CDC20B
GO_Biological_Process_2023,Regulation Of Transferase Activity (GO:0051338),1/21,0.6418855117732507,0.9739009246716568,0,0,0.9982161594963274,0.4425544644241431,SPTSSB
GO_Biological_Process_2023,Cellular Response To Nerve Growth Factor Stimulus (GO:1990090),1/21,0.6418855117732507,0.9739009246716568,0,0,0.9982161594963274,0.4425544644241431,NTRK2
GO_Biological_Process_2023,Retrotransposon Silencing (GO:0010526),1/21,0.6418855117732507,0.9739009246716568,0,0,0.9982161594963274,0.4425544644241431,TEX15
GO_Biological_Process_2023,Sulfur Compound Transport (GO:0072348),1/21,0.6418855117732507,0.9739009246716568,0,0,0.9982161594963274,0.4425544644241431,SLC35F3
GO_Biological_Process_2023,Focal Adhesion Assembly (GO:0048041),1/21,0.6418855117732507,0.9739009246716568,0,0,0.9982161594963274,0.4425544644241431,CDH11
GO_Biological_Process_2023,Macrophage Differentiation (GO:0030225),1/21,0.6418855117732507,0.9739009246716568,0,0,0.9982161594963274,0.4425544644241431,LIF
GO_Biological_Process_2023,Modulation By Host Of Viral Genome Replication (GO:0044827),1/21,0.6418855117732507,0.9739009246716568,0,0,0.9982161594963274,0.4425544644241431,FBXL2
GO_Biological_Process_2023,Negative Regulation Of GTPase Activity (GO:0034260),1/21,0.6418855117732507,0.9739009246716568,0,0,0.9982161594963274,0.4425544644241431,FZD10
GO_Biological_Process_2023,Negative Regulation Of Biomineral Tissue Development (GO:0070168),1/21,0.6418855117732507,0.9739009246716568,0,0,0.9982161594963274,0.4425544644241431,FGF23
GO_Biological_Process_2023,Negative Regulation Of Osteoclast Differentiation (GO:0045671),1/21,0.6418855117732507,0.9739009246716568,0,0,0.9982161594963274,0.4425544644241431,TNFAIP6
GO_Biological_Process_2023,Negative Regulation Of Reactive Oxygen Species Metabolic Process (GO:2000378),1/21,0.6418855117732507,0.9739009246716568,0,0,0.9982161594963274,0.4425544644241431,TFAP2A
GO_Biological_Process_2023,Positive Regulation Of Amyloid Precursor Protein Catabolic Process (GO:1902993),1/21,0.6418855117732507,0.9739009246716568,0,0,0.9982161594963274,0.4425544644241431,CHRNA7
GO_Biological_Process_2023,Positive Regulation Of Blood Coagulation (GO:0030194),1/21,0.6418855117732507,0.9739009246716568,0,0,0.9982161594963274,0.4425544644241431,SERPINE1
GO_Biological_Process_2023,Positive Regulation Of Signal Transduction By P53 Class Mediator (GO:1901798),1/21,0.6418855117732507,0.9739009246716568,0,0,0.9982161594963274,0.4425544644241431,PMAIP1
GO_Biological_Process_2023,Positive Regulation Of Smoothened Signaling Pathway (GO:0045880),1/21,0.6418855117732507,0.9739009246716568,0,0,0.9982161594963274,0.4425544644241431,DCDC2
GO_Biological_Process_2023,Positive Regulation Of Transcription Regulatory Region DNA Binding (GO:2000679),1/21,0.6418855117732507,0.9739009246716568,0,0,0.9982161594963274,0.4425544644241431,TWIST1
GO_Biological_Process_2023,Positive Regulation Of Vacuole Organization (GO:0044090),1/21,0.6418855117732507,0.9739009246716568,0,0,0.9982161594963274,0.4425544644241431,ELAPOR1
GO_Biological_Process_2023,Protein Mannosylation (GO:0035268),1/21,0.6418855117732507,0.9739009246716568,0,0,0.9982161594963274,0.4425544644241431,TMTC2
GO_Biological_Process_2023,Purine Nucleotide Biosynthetic Process (GO:0006164),1/21,0.6418855117732507,0.9739009246716568,0,0,0.9982161594963274,0.4425544644241431,NMNAT2
GO_Biological_Process_2023,Regulation Of Cardiac Conduction (GO:1903779),1/21,0.6418855117732507,0.9739009246716568,0,0,0.9982161594963274,0.4425544644241431,RYR2
GO_Biological_Process_2023,Regulation Of MAPK Cascade (GO:0043408),9/204,0.6421422649183947,0.9739009246716568,0,0,0.9206837606837608,0.4078126397752426,PKHD1;DUSP4;NTRK2;AVPR1B;CHRNA7;PELI2;LPAR1;LIF;CD24
GO_Biological_Process_2023,Steroid Metabolic Process (GO:0008202),4/92,0.6450225076144933,0.9775912849292424,0,0,0.9070813397129188,0.3977280160422448,SULT2B1;CYP24A1;LRP2;CYP19A1
GO_Biological_Process_2023,Phospholipid Metabolic Process (GO:0006644),3/69,0.6456272764580339,0.9778302310344322,0,0,0.907179045980308,0.396920690726235,CYP2W1;MBOAT2;PLPP2
GO_Biological_Process_2023,Regulation Of Angiogenesis (GO:0045765),9/205,0.6478889072523745,0.9800989079944844,0,0,0.9159378036929058,0.3975500142267759,SFRP2;ANXA3;CHRNA7;SERPINE1;CCN6;TWIST1;ITGB8;SEMA3E;HK2
GO_Biological_Process_2023,Regulation Of Epidermal Growth Factor Receptor Signaling Pathway (GO:0042058),2/46,0.6514712358500392,0.9800989079944844,0,0,0.9072765469824292,0.3887879913534966,AGR2;FAM83B
GO_Biological_Process_2023,Regulation Of Nervous System Development (GO:0051960),2/46,0.6514712358500392,0.9800989079944844,0,0,0.9072765469824292,0.3887879913534966,TENM4;BHLHE41
GO_Biological_Process_2023,Epithelial Cell Migration (GO:0010631),2/46,0.6514712358500392,0.9800989079944844,0,0,0.9072765469824292,0.3887879913534966,ANLN;S100A2
GO_Biological_Process_2023,Homotypic Cell-Cell Adhesion (GO:0034109),2/46,0.6514712358500392,0.9800989079944844,0,0,0.9072765469824292,0.3887879913534966,UBASH3B;CEACAM5
GO_Biological_Process_2023,Negative Regulation Of Cellular Metabolic Process (GO:0031324),2/46,0.6514712358500392,0.9800989079944844,0,0,0.9072765469824292,0.3887879913534966,TFAP2A;TWIST1
GO_Biological_Process_2023,Positive Regulation Of Protein Kinase B Signaling (GO:0051897),4/93,0.6534312581208302,0.9800989079944844,0,0,0.8968421052631579,0.3816224067318562,CALCR;LRP2;MST1R;NTS
GO_Biological_Process_2023,Negative Regulation Of Epithelial Cell Proliferation (GO:0050680),3/70,0.6552741370829172,0.9800989079944844,0,0,0.8935919770234003,0.3777227593361504,CDKN1C;SFRP2;KRT4
GO_Biological_Process_2023,Regulation Of Actin Filament-Based Process (GO:0032970),3/70,0.6552741370829172,0.9800989079944844,0,0,0.8935919770234003,0.3777227593361504,FZD10;EFNA5;SMIM22
GO_Biological_Process_2023,Fc Receptor Mediated Stimulatory Signaling Pathway (GO:0002431),1/22,0.6589854660268922,0.9800989079944844,0,0,0.9506320891420575,0.396464724522938,PLPP4
GO_Biological_Process_2023,Regulation Of Histone Acetylation (GO:0035065),1/22,0.6589854660268922,0.9800989079944844,0,0,0.9506320891420575,0.396464724522938,TWIST1
GO_Biological_Process_2023,Regulation Of Intracellular Steroid Hormone Receptor Signaling Pathway (GO:0033143),1/22,0.6589854660268922,0.9800989079944844,0,0,0.9506320891420575,0.396464724522938,NR0B1
GO_Biological_Process_2023,Regulation Of Release Of Sequestered Calcium Ion Into Cytosol By Sarcoplasmic Reticulum (GO:0010880),1/22,0.6589854660268922,0.9800989079944844,0,0,0.9506320891420575,0.396464724522938,RYR2
GO_Biological_Process_2023,Regulation Of Telomere Capping (GO:1904353),1/22,0.6589854660268922,0.9800989079944844,0,0,0.9506320891420575,0.396464724522938,MAPK15
GO_Biological_Process_2023,Cellular Response To Low-Density Lipoprotein Particle Stimulus (GO:0071404),1/22,0.6589854660268922,0.9800989079944844,0,0,0.9506320891420575,0.396464724522938,ADTRP
GO_Biological_Process_2023,Cytoskeleton-Dependent Intracellular Transport (GO:0030705),1/22,0.6589854660268922,0.9800989079944844,0,0,0.9506320891420575,0.396464724522938,KIF1A
GO_Biological_Process_2023,Inositol Phosphate Metabolic Process (GO:0043647),1/22,0.6589854660268922,0.9800989079944844,0,0,0.9506320891420575,0.396464724522938,NUDT11
GO_Biological_Process_2023,Modulation By Host Of Viral Process (GO:0044788),1/22,0.6589854660268922,0.9800989079944844,0,0,0.9506320891420575,0.396464724522938,KRT17
GO_Biological_Process_2023,Negative Regulation Of G Protein-Coupled Receptor Signaling Pathway (GO:0045744),1/22,0.6589854660268922,0.9800989079944844,0,0,0.9506320891420575,0.396464724522938,APLP1
GO_Biological_Process_2023,Oligosaccharide Biosynthetic Process (GO:0009312),1/22,0.6589854660268922,0.9800989079944844,0,0,0.9506320891420575,0.396464724522938,B3GALT5
GO_Biological_Process_2023,Oxoacid Metabolic Process (GO:0043436),1/22,0.6589854660268922,0.9800989079944844,0,0,0.9506320891420575,0.396464724522938,SULT2B1
GO_Biological_Process_2023,Placenta Development (GO:0001890),1/22,0.6589854660268922,0.9800989079944844,0,0,0.9506320891420575,0.396464724522938,ITGB8
GO_Biological_Process_2023,Positive Regulation Of Protein Autophosphorylation (GO:0031954),1/22,0.6589854660268922,0.9800989079944844,0,0,0.9506320891420575,0.396464724522938,PDGFD
GO_Biological_Process_2023,Positive Regulation Of Viral Life Cycle (GO:1903902),1/22,0.6589854660268922,0.9800989079944844,0,0,0.9506320891420575,0.396464724522938,TMPRSS4
GO_Biological_Process_2023,Regulation Of Cardiac Muscle Cell Membrane Repolarization (GO:0099623),1/22,0.6589854660268922,0.9800989079944844,0,0,0.9506320891420575,0.396464724522938,KCNQ1
GO_Biological_Process_2023,Negative Regulation Of Cellular Process (GO:0048523),24/537,0.6590460612946545,0.9800989079944844,0,0,0.9323020813682952,0.3887344017055427,TFAP2A;ATP8A2;TESC;ADAM22;P3H2;LDOC1;CXCL1;SPINT2;RERG;PTHLH;SULT2B1;FRMD5;SFRP2;SCIN;MCIDAS;ADORA3;WNK2;CCN6;AGR2;AGR3;CCN4;SPEG;PRAME;S100A11
GO_Biological_Process_2023,Negative Regulation Of Cell Differentiation (GO:0045596),9/207,0.6592251914311325,0.9800989079944844,0,0,0.9065897065897066,0.3777669427698642,SFRP2;TNFAIP6;TWIST1;PRAME;ANKRD2;IL17RD;FGF23;PTHLH;OVOL2
GO_Biological_Process_2023,Protein Processing (GO:0016485),5/117,0.6615427115086976,0.981611352893178,0,0,0.8906932108986904,0.3680172709507577,PCSK1;BACE2;KLK1;TMPRSS4;PRSS12
GO_Biological_Process_2023,Cellular Response To Hormone Stimulus (GO:0032870),4/94,0.6617056424407347,0.981611352893178,0,0,0.8868304093567252,0.3662028457875507,ROBO2;OXTR;AVPR1B;ADTRP
GO_Biological_Process_2023,Negative Regulation Of Wnt Signaling Pathway (GO:0030178),6/140,0.662831718581131,0.981611352893178,0,0,0.8932552427734743,0.3673370507956303,SFRP2;TPBG;SHISA2;MLLT3;GLI3;BICC1
GO_Biological_Process_2023,Regulation Of Wound Healing (GO:0061041),2/47,0.6630872875081562,0.981611352893178,0,0,0.8870681605975723,0.3644507492275151,SERPINE1;DUOX2
GO_Biological_Process_2023,Epithelial To Mesenchymal Transition (GO:0001837),2/47,0.6630872875081562,0.981611352893178,0,0,0.8870681605975723,0.3644507492275151,OLFM1;FOXF2
GO_Biological_Process_2023,Positive Regulation Of Epithelial To Mesenchymal Transition (GO:0010718),2/47,0.6630872875081562,0.981611352893178,0,0,0.8870681605975723,0.3644507492275151,OLFM1;TWIST1
GO_Biological_Process_2023,Regulation Of Cilium Assembly (GO:1902017),3/71,0.6647308704320058,0.981611352893178,0,0,0.8804045277416961,0.3595334614142098,MCIDAS;DCDC2;MAPK15
GO_Biological_Process_2023,Regulation Of Hydrolase Activity (GO:0051336),3/71,0.6647308704320058,0.981611352893178,0,0,0.8804045277416961,0.3595334614142098,NTRK2;EFNA5;PROM2
GO_Biological_Process_2023,Synapse Assembly (GO:0007416),3/71,0.6647308704320058,0.981611352893178,0,0,0.8804045277416961,0.3595334614142098,FZD1;NLGN1;ADGRF1
GO_Biological_Process_2023,Protein Autoubiquitination (GO:0051865),3/71,0.6647308704320058,0.981611352893178,0,0,0.8804045277416961,0.3595334614142098,DEPDC1B;RNF183;RNF186
GO_Biological_Process_2023,Negative Regulation Of Macromolecule Metabolic Process (GO:0010605),8/186,0.6674958571960086,0.9845432358265288,0,0,0.8964059196617337,0.3623470789728668,OLFM1;SFRP2;KRT17;CREB3L1;ITGB8;SOX11;NTS;OVOL2
GO_Biological_Process_2023,Transforming Growth Factor Beta Receptor Signaling Pathway (GO:0007179),3/72,0.6739973617317223,0.9845432358265288,0,0,0.8675993233667079,0.3422931649579166,LEFTY1;FOXH1;ADAM9
GO_Biological_Process_2023,Myelination (GO:0042552),2/48,0.674389586530043,0.9845432358265288,0,0,0.8677383997077092,0.3418432113873917,ARHGEF10;GAL3ST1
GO_Biological_Process_2023,Negative Regulation Of ERK1 And ERK2 Cascade (GO:0070373),2/48,0.674389586530043,0.9845432358265288,0,0,0.8677383997077092,0.3418432113873917,DUSP4;WNK2
GO_Biological_Process_2023,Regulation Of Centrosome Cycle (GO:0046605),1/23,0.6752697090716934,0.9845432358265288,0,0,0.9073738433654488,0.3562740777388123,PKHD1
GO_Biological_Process_2023,Actin Nucleation (GO:0045010),1/23,0.6752697090716934,0.9845432358265288,0,0,0.9073738433654488,0.3562740777388123,SCIN
GO_Biological_Process_2023,Regulation Of Lipid Catabolic Process (GO:0050994),1/23,0.6752697090716934,0.9845432358265288,0,0,0.9073738433654488,0.3562740777388123,HCAR2
GO_Biological_Process_2023,Artery Development (GO:0060840),1/23,0.6752697090716934,0.9845432358265288,0,0,0.9073738433654488,0.3562740777388123,ROBO2
GO_Biological_Process_2023,Glial Cell Development (GO:0021782),1/23,0.6752697090716934,0.9845432358265288,0,0,0.9073738433654488,0.3562740777388123,ZNF488
GO_Biological_Process_2023,Heparan Sulfate Proteoglycan Biosynthetic Process (GO:0015012),1/23,0.6752697090716934,0.9845432358265288,0,0,0.9073738433654488,0.3562740777388123,EXTL1
GO_Biological_Process_2023,Hepaticobiliary System Development (GO:0061008),1/23,0.6752697090716934,0.9845432358265288,0,0,0.9073738433654488,0.3562740777388123,NKX2-8
GO_Biological_Process_2023,Negative Regulation Of Epidermal Growth Factor Receptor Signaling Pathway (GO:0042059),1/23,0.6752697090716934,0.9845432358265288,0,0,0.9073738433654488,0.3562740777388123,GPRC5A
GO_Biological_Process_2023,Negative Regulation Of Extrinsic Apoptotic Signaling Pathway Via Death Domain Receptors (GO:1902042),1/23,0.6752697090716934,0.9845432358265288,0,0,0.9073738433654488,0.3562740777388123,SERPINE1
GO_Biological_Process_2023,Negative Regulation Of Protein Depolymerization (GO:1901880),1/23,0.6752697090716934,0.9845432358265288,0,0,0.9073738433654488,0.3562740777388123,PLEKHH2
GO_Biological_Process_2023,Negative Regulation Of Protein Tyrosine Kinase Activity (GO:0061099),1/23,0.6752697090716934,0.9845432358265288,0,0,0.9073738433654488,0.3562740777388123,GPRC5A
GO_Biological_Process_2023,"Positive Regulation Of mRNA Splicing, Via Spliceosome (GO:0048026)",1/23,0.6752697090716934,0.9845432358265288,0,0,0.9073738433654488,0.3562740777388123,CELF4
GO_Biological_Process_2023,Positive Regulation Of Morphogenesis Of An Epithelium (GO:1905332),1/23,0.6752697090716934,0.9845432358265288,0,0,0.9073738433654488,0.3562740777388123,LIF
GO_Biological_Process_2023,Positive Regulation Of Neuron Apoptotic Process (GO:0043525),1/23,0.6752697090716934,0.9845432358265288,0,0,0.9073738433654488,0.3562740777388123,TFAP2A
GO_Biological_Process_2023,Positive Regulation Of Protein Targeting To Membrane (GO:0090314),1/23,0.6752697090716934,0.9845432358265288,0,0,0.9073738433654488,0.3562740777388123,MTCL1
GO_Biological_Process_2023,Cellular Response To Transforming Growth Factor Beta Stimulus (GO:0071560),4/96,0.6778484423423877,0.9876445992023998,0,0,0.8674599542334096,0.3372958006475697,LEFTY1;FOXH1;ADAM9;OVOL2
GO_Biological_Process_2023,Monocarboxylic Acid Transport (GO:0015718),3/73,0.6830737611592117,0.9878529203480896,0,0,0.8551599819738621,0.3259463046565012,SLC6A8;CRABP2;SLC16A3
GO_Biological_Process_2023,Regulation Of Rho Protein Signal Transduction (GO:0035023),3/73,0.6830737611592117,0.9878529203480896,0,0,0.8551599819738621,0.3259463046565012,ITGA3;LPAR1;EPS8L1
GO_Biological_Process_2023,Antibacterial Humoral Response (GO:0019731),2/49,0.6853816017419073,0.9878529203480896,0,0,0.8492311818344359,0.3208221422961704,DMBT1;PI3
GO_Biological_Process_2023,Unsaturated Fatty Acid Metabolic Process (GO:0033559),2/49,0.6853816017419073,0.9878529203480896,0,0,0.8492311818344359,0.3208221422961704,ELOVL3;ALOXE3
GO_Biological_Process_2023,Negative Regulation Of DNA Metabolic Process (GO:0051053),2/49,0.6853816017419073,0.9878529203480896,0,0,0.8492311818344359,0.3208221422961704,MCIDAS;S100A11
GO_Biological_Process_2023,Cytokine-Mediated Signaling Pathway (GO:0019221),11/257,0.6863230369623452,0.9878529203480896,0,0,0.891463845709507,0.3355531094030031,EPO;CXCR2;TFF2;CXCL1;TNFRSF11A;CXCL3;LRP8;DUOX2;CXCL5;CCL26;RHEX
GO_Biological_Process_2023,Actin Filament Organization (GO:0007015),6/144,0.6891689932995223,0.9878529203480896,0,0,0.8671803338836911,0.32282415170961,SCIN;EFS;POF1B;NEBL;SPIRE1;RFLNA
GO_Biological_Process_2023,Intracellular Monoatomic Cation Homeostasis (GO:0030003),8/190,0.6903949440819521,0.9878529203480896,0,0,0.8765188300072021,0.3247427431609156,PKHD1;RYR2;CHRNA7;TMPRSS4;SLC4A11;HTR2C;ATP2C2;BMP6
GO_Biological_Process_2023,Fc-gamma Receptor Signaling Pathway (GO:0038094),1/24,0.6907771135160484,0.9878529203480896,0,0,0.8678771841781103,0.3210608050127497,PLPP4
GO_Biological_Process_2023,Regulation Of Heterotypic Cell-Cell Adhesion (GO:0034114),1/24,0.6907771135160484,0.9878529203480896,0,0,0.8678771841781103,0.3210608050127497,CEACAM6
GO_Biological_Process_2023,Acylglycerol Catabolic Process (GO:0046464),1/24,0.6907771135160484,0.9878529203480896,0,0,0.8678771841781103,0.3210608050127497,PNPLA1
GO_Biological_Process_2023,Regulation Of Muscle Cell Differentiation (GO:0051147),1/24,0.6907771135160484,0.9878529203480896,0,0,0.8678771841781103,0.3210608050127497,LAMA1
GO_Biological_Process_2023,Regulation Of Supramolecular Fiber Organization (GO:1902903),1/24,0.6907771135160484,0.9878529203480896,0,0,0.8678771841781103,0.3210608050127497,CHRNA7
GO_Biological_Process_2023,Dicarboxylic Acid Transport (GO:0006835),1/24,0.6907771135160484,0.9878529203480896,0,0,0.8678771841781103,0.3210608050127497,FOLR1
GO_Biological_Process_2023,Eosinophil Chemotaxis (GO:0048245),1/24,0.6907771135160484,0.9878529203480896,0,0,0.8678771841781103,0.3210608050127497,CCL26
GO_Biological_Process_2023,Eosinophil Migration (GO:0072677),1/24,0.6907771135160484,0.9878529203480896,0,0,0.8678771841781103,0.3210608050127497,CCL26
GO_Biological_Process_2023,Multivesicular Body Sorting Pathway (GO:0071985),1/24,0.6907771135160484,0.9878529203480896,0,0,0.8678771841781103,0.3210608050127497,RAB27B
GO_Biological_Process_2023,Negative Regulation Of Cell Junction Assembly (GO:1901889),1/24,0.6907771135160484,0.9878529203480896,0,0,0.8678771841781103,0.3210608050127497,ROBO2
GO_Biological_Process_2023,Negative Regulation Of Ion Transmembrane Transporter Activity (GO:0032413),1/24,0.6907771135160484,0.9878529203480896,0,0,0.8678771841781103,0.3210608050127497,EPO
GO_Biological_Process_2023,Negative Regulation Of Ossification (GO:0030279),1/24,0.6907771135160484,0.9878529203480896,0,0,0.8678771841781103,0.3210608050127497,FGF23
GO_Biological_Process_2023,Neuromuscular Junction Development (GO:0007528),1/24,0.6907771135160484,0.9878529203480896,0,0,0.8678771841781103,0.3210608050127497,UNC13C
GO_Biological_Process_2023,Positive Regulation Of BMP Signaling Pathway (GO:0030513),1/24,0.6907771135160484,0.9878529203480896,0,0,0.8678771841781103,0.3210608050127497,SOX11
GO_Biological_Process_2023,Positive Regulation Of Cellular Response To Transforming Growth Factor Beta Stimulus (GO:1903846),1/24,0.6907771135160484,0.9878529203480896,0,0,0.8678771841781103,0.3210608050127497,CDKN1C
GO_Biological_Process_2023,Positive Regulation Of Transforming Growth Factor Beta Receptor Signaling Pathway (GO:0030511),1/24,0.6907771135160484,0.9878529203480896,0,0,0.8678771841781103,0.3210608050127497,CDKN1C
GO_Biological_Process_2023,Regulation Of Actin Nucleation (GO:0051125),1/24,0.6907771135160484,0.9878529203480896,0,0,0.8678771841781103,0.3210608050127497,SCIN
GO_Biological_Process_2023,Gland Development (GO:0048732),3/74,0.6919604678733721,0.9878529203480896,0,0,0.8430710445639135,0.3104410598161778,NKX2-8;FOXE1;NR0B1
GO_Biological_Process_2023,Negative Regulation Of Neuron Apoptotic Process (GO:0043524),3/74,0.6919604678733721,0.9878529203480896,0,0,0.8430710445639135,0.3104410598161778,NTRK2;FGF20;SEMA3E
GO_Biological_Process_2023,Positive Regulation Of Cold-Induced Thermogenesis (GO:0120162),4/98,0.693446812868605,0.9878529203480896,0,0,0.8489137737961926,0.3107709790618537,OXTR;MUC1;ELOVL3;ESRRG
GO_Biological_Process_2023,Blood Circulation (GO:0008015),2/50,0.6960671844703892,0.9878529203480896,0,0,0.8314950980392157,0.3012582355486414,HCN4;EPO
GO_Biological_Process_2023,Cell Chemotaxis (GO:0060326),2/50,0.6960671844703892,0.9878529203480896,0,0,0.8314950980392157,0.3012582355486414,HOXB9;LPAR1
GO_Biological_Process_2023,Positive Regulation Of Developmental Growth (GO:0048639),2/50,0.6960671844703892,0.9878529203480896,0,0,0.8314950980392157,0.3012582355486414,SYT1;AGR2
GO_Biological_Process_2023,Regulation Of Plasma Membrane Bounded Cell Projection Assembly (GO:0120032),3/75,0.7006581134817558,0.9878529203480896,0,0,0.8313179109709078,0.2957290628567372,MCIDAS;DCDC2;MAPK15
GO_Biological_Process_2023,Defense Response To Gram-negative Bacterium (GO:0050829),3/75,0.7006581134817558,0.9878529203480896,0,0,0.8313179109709078,0.2957290628567372,CHGA;DMBT1;SERPINE1
GO_Biological_Process_2023,Neuron Projection Morphogenesis (GO:0048812),6/146,0.7018173130859571,0.9878529203480896,0,0,0.8547016274864376,0.3026345869572208,BRSK2;NLGN1;APLP1;TRIM46;DCDC2;LRP2
GO_Biological_Process_2023,Positive Regulation Of Cell Differentiation (GO:0045597),12/283,0.7028317806998363,0.9878529203480896,0,0,0.8825534115213763,0.3112216083188013,FBN2;SLC6A6;OLFM1;SFRP2;LAMA1;WNT7B;CCN4;TWIST1;SOX11;FOXN1;TP63;BMP6
GO_Biological_Process_2023,Regulation Of Intracellular Estrogen Receptor Signaling Pathway (GO:0033146),1/25,0.705544701227122,0.9878529203480896,0,0,0.8316719132563833,0.2900748118827608,FOXH1
GO_Biological_Process_2023,Regulation Of Keratinocyte Proliferation (GO:0010837),1/25,0.705544701227122,0.9878529203480896,0,0,0.8316719132563833,0.2900748118827608,CDH3
GO_Biological_Process_2023,Regulation Of Monocyte Chemotaxis (GO:0090025),1/25,0.705544701227122,0.9878529203480896,0,0,0.8316719132563833,0.2900748118827608,SERPINE1
GO_Biological_Process_2023,Regulation Of Myelination (GO:0031641),1/25,0.705544701227122,0.9878529203480896,0,0,0.8316719132563833,0.2900748118827608,TENM4
GO_Biological_Process_2023,Regulation Of Neutrophil Chemotaxis (GO:0090022),1/25,0.705544701227122,0.9878529203480896,0,0,0.8316719132563833,0.2900748118827608,TNFAIP6
GO_Biological_Process_2023,Carbohydrate Biosynthetic Process (GO:0016051),1/25,0.705544701227122,0.9878529203480896,0,0,0.8316719132563833,0.2900748118827608,B3GALT5
GO_Biological_Process_2023,Cellular Response To Steroid Hormone Stimulus (GO:0071383),1/25,0.705544701227122,0.9878529203480896,0,0,0.8316719132563833,0.2900748118827608,ADTRP
GO_Biological_Process_2023,Response To dsRNA (GO:0043331),1/25,0.705544701227122,0.9878529203480896,0,0,0.8316719132563833,0.2900748118827608,PMAIP1
GO_Biological_Process_2023,Sodium Ion Homeostasis (GO:0055078),1/25,0.705544701227122,0.9878529203480896,0,0,0.8316719132563833,0.2900748118827608,TMPRSS4
GO_Biological_Process_2023,Ventricular Cardiac Muscle Tissue Development (GO:0003229),1/25,0.705544701227122,0.9878529203480896,0,0,0.8316719132563833,0.2900748118827608,DSG2
GO_Biological_Process_2023,Long-Chain Fatty Acid Biosynthetic Process (GO:0042759),1/25,0.705544701227122,0.9878529203480896,0,0,0.8316719132563833,0.2900748118827608,ALOXE3
GO_Biological_Process_2023,Mitotic Cell Cycle Checkpoint Signaling (GO:0007093),1/25,0.705544701227122,0.9878529203480896,0,0,0.8316719132563833,0.2900748118827608,DEPDC1B
GO_Biological_Process_2023,Negative Regulation Of Lipid Biosynthetic Process (GO:0051055),1/25,0.705544701227122,0.9878529203480896,0,0,0.8316719132563833,0.2900748118827608,NR0B1
GO_Biological_Process_2023,Negative Regulation Of Protein Transport (GO:0051224),1/25,0.705544701227122,0.9878529203480896,0,0,0.8316719132563833,0.2900748118827608,ADTRP
GO_Biological_Process_2023,Negative Regulation Of Response To Endoplasmic Reticulum Stress (GO:1903573),1/25,0.705544701227122,0.9878529203480896,0,0,0.8316719132563833,0.2900748118827608,CREB3L1
GO_Biological_Process_2023,Negative Regulation Of Smoothened Signaling Pathway (GO:0045879),1/25,0.705544701227122,0.9878529203480896,0,0,0.8316719132563833,0.2900748118827608,GLI3
GO_Biological_Process_2023,Negative Regulation Of Stress Fiber Assembly (GO:0051497),1/25,0.705544701227122,0.9878529203480896,0,0,0.8316719132563833,0.2900748118827608,ARHGAP28
GO_Biological_Process_2023,Negative Regulation Of Transposition (GO:0010529),1/25,0.705544701227122,0.9878529203480896,0,0,0.8316719132563833,0.2900748118827608,TEX15
GO_Biological_Process_2023,Osteoclast Differentiation (GO:0030316),1/25,0.705544701227122,0.9878529203480896,0,0,0.8316719132563833,0.2900748118827608,TNFRSF11A
GO_Biological_Process_2023,Peptide Hormone Secretion (GO:0030072),1/25,0.705544701227122,0.9878529203480896,0,0,0.8316719132563833,0.2900748118827608,PTPRN
GO_Biological_Process_2023,Positive Regulation Of Peptidase Activity (GO:0010952),1/25,0.705544701227122,0.9878529203480896,0,0,0.8316719132563833,0.2900748118827608,PRSS22
GO_Biological_Process_2023,Proteoglycan Metabolic Process (GO:0006029),1/25,0.705544701227122,0.9878529203480896,0,0,0.8316719132563833,0.2900748118827608,GAL3ST4
GO_Biological_Process_2023,Purine Ribonucleotide Catabolic Process (GO:0009154),1/25,0.705544701227122,0.9878529203480896,0,0,0.8316719132563833,0.2900748118827608,NUDT11
GO_Biological_Process_2023,Regulation Of Actin Cytoskeleton Reorganization (GO:2000249),1/25,0.705544701227122,0.9878529203480896,0,0,0.8316719132563833,0.2900748118827608,SEMA3E
GO_Biological_Process_2023,Regulation Of Biomineral Tissue Development (GO:0070167),1/25,0.705544701227122,0.9878529203480896,0,0,0.8316719132563833,0.2900748118827608,TWIST1
GO_Biological_Process_2023,Regulation Of Cell Cycle Phase Transition (GO:1901987),1/25,0.705544701227122,0.9878529203480896,0,0,0.8316719132563833,0.2900748118827608,MLF1
GO_Biological_Process_2023,Regulation Of Smoothened Signaling Pathway (GO:0008589),2/51,0.7064505250157084,0.987855215198856,0,0,0.8144829360315555,0.2830345368719266,DCDC2;GLI3
GO_Biological_Process_2023,Positive Regulation Of Protein Localization To Cell Periphery (GO:1904377),2/51,0.7064505250157084,0.987855215198856,0,0,0.8144829360315555,0.2830345368719266,ITGA3;STAC2
GO_Biological_Process_2023,Regulation Of Signal Transduction (GO:0009966),8/193,0.706901422856063,0.987855215198856,0,0,0.8621678761213645,0.2990550438746691,TSPAN15;UBASH3B;ITGA3;VEPH1;CHRNA7;DCDC2;RGS20;CD24
GO_Biological_Process_2023,Positive Regulation Of Protein Secretion (GO:0050714),3/76,0.7091675471482469,0.9897571318527224,0,0,0.8198867810379845,0.2817651325968391,HCAR2;ADAM9;BMP6
GO_Biological_Process_2023,Regulation Of Ras Protein Signal Transduction (GO:0046578),3/76,0.7091675471482469,0.9897571318527224,0,0,0.8198867810379845,0.2817651325968391,RASGEF1A;EPO;EPS8L1
GO_Biological_Process_2023,Rho Protein Signal Transduction (GO:0007266),2/52,0.7165361110262924,0.9922964118221308,0,0,0.7981512605042017,0.2660450729148135,EPS8L1;RHOV
GO_Biological_Process_2023,Arachidonic Acid Metabolic Process (GO:0019369),2/52,0.7165361110262924,0.9922964118221308,0,0,0.7981512605042017,0.2660450729148135,PTGDS;ALOXE3
GO_Biological_Process_2023,Sprouting Angiogenesis (GO:0002040),2/52,0.7165361110262924,0.9922964118221308,0,0,0.7981512605042017,0.2660450729148135,SEMA3E;ADTRP
GO_Biological_Process_2023,Regulation Of Immune Response (GO:0050776),3/77,0.717489820696975,0.9922964118221308,0,0,0.8087646005627078,0.2685070317787426,FCGR3B;SPNS2;LRP8
GO_Biological_Process_2023,Embryonic Organ Development (GO:0048568),3/77,0.717489820696975,0.9922964118221308,0,0,0.8087646005627078,0.2685070317787426,FOXE1;WNT7B;GLI3
GO_Biological_Process_2023,L-amino Acid Transport (GO:0015807),1/26,0.7196077316643346,0.9922964118221308,0,0,0.7983630640083945,0.2627005938529294,SLC6A17
GO_Biological_Process_2023,Regulation Of Interferon-Alpha Production (GO:0032647),1/26,0.7196077316643346,0.9922964118221308,0,0,0.7983630640083945,0.2627005938529294,PTPRS
GO_Biological_Process_2023,Regulation Of Keratinocyte Differentiation (GO:0045616),1/26,0.7196077316643346,0.9922964118221308,0,0,0.7983630640083945,0.2627005938529294,GRHL2
GO_Biological_Process_2023,Acute Inflammatory Response (GO:0002526),1/26,0.7196077316643346,0.9922964118221308,0,0,0.7983630640083945,0.2627005938529294,C2CD4A
GO_Biological_Process_2023,Antigen Processing And Presentation Of Exogenous Peptide Antigen Via MHC Class II (GO:0019886),1/26,0.7196077316643346,0.9922964118221308,0,0,0.7983630640083945,0.2627005938529294,CTSE
GO_Biological_Process_2023,Cardiac Muscle Cell Development (GO:0055013),1/26,0.7196077316643346,0.9922964118221308,0,0,0.7983630640083945,0.2627005938529294,FHOD3
GO_Biological_Process_2023,Cellular Response To Xenobiotic Stimulus (GO:0071466),1/26,0.7196077316643346,0.9922964118221308,0,0,0.7983630640083945,0.2627005938529294,KCNQ1
GO_Biological_Process_2023,Response To Glucocorticoid (GO:0051384),1/26,0.7196077316643346,0.9922964118221308,0,0,0.7983630640083945,0.2627005938529294,CALCR
GO_Biological_Process_2023,Establishment Or Maintenance Of Apical/Basal Cell Polarity (GO:0035088),1/26,0.7196077316643346,0.9922964118221308,0,0,0.7983630640083945,0.2627005938529294,MTCL1
GO_Biological_Process_2023,Mitotic G1 DNA Damage Checkpoint Signaling (GO:0031571),1/26,0.7196077316643346,0.9922964118221308,0,0,0.7983630640083945,0.2627005938529294,MUC1
GO_Biological_Process_2023,Negative Regulation Of Endothelial Cell Apoptotic Process (GO:2000352),1/26,0.7196077316643346,0.9922964118221308,0,0,0.7983630640083945,0.2627005938529294,SERPINE1
GO_Biological_Process_2023,Negative Regulation Of Lipid Metabolic Process (GO:0045833),1/26,0.7196077316643346,0.9922964118221308,0,0,0.7983630640083945,0.2627005938529294,HCAR2
GO_Biological_Process_2023,Positive Regulation Of Erythrocyte Differentiation (GO:0045648),1/26,0.7196077316643346,0.9922964118221308,0,0,0.7983630640083945,0.2627005938529294,RHEX
GO_Biological_Process_2023,Positive Regulation Of Nuclear Division (GO:0051785),1/26,0.7196077316643346,0.9922964118221308,0,0,0.7983630640083945,0.2627005938529294,TGFA
GO_Biological_Process_2023,Spermatid Development (GO:0007286),2/53,0.7263286899315485,0.9987978384038764,0,0,0.7824600428406657,0.2501936531731659,KLC3;TDRD5
GO_Biological_Process_2023,Mitochondrial Transport (GO:0006839),2/53,0.7263286899315485,0.9987978384038764,0,0,0.7824600428406657,0.2501936531731659,PMAIP1;SLC25A24
GO_Biological_Process_2023,Positive Regulation Of Chemokine Production (GO:0032722),2/53,0.7263286899315485,0.9987978384038764,0,0,0.7824600428406657,0.2501936531731659,AIRE;TWIST1
GO_Biological_Process_2023,Regulation Of Anatomical Structure Morphogenesis (GO:0022603),5/127,0.7300694410531128,0.9987978384038764,0,0,0.8172537096857779,0.2571207863568189,BRSK2;CDX2;KIF1A;EFNA5;TANC2
GO_Biological_Process_2023,Regulation Of Chromatin Organization (GO:1902275),1/27,0.7329997853855609,0.9987978384038764,0,0,0.7676164339333279,0.2384292406653636,MLLT3
GO_Biological_Process_2023,Amino Acid Import Across Plasma Membrane (GO:0089718),1/27,0.7329997853855609,0.9987978384038764,0,0,0.7676164339333279,0.2384292406653636,SLC6A6
GO_Biological_Process_2023,Regulation Of Mitochondrial Fission (GO:0090140),1/27,0.7329997853855609,0.9987978384038764,0,0,0.7676164339333279,0.2384292406653636,SPIRE1
GO_Biological_Process_2023,Regulation Of Peptidase Activity (GO:0052547),1/27,0.7329997853855609,0.9987978384038764,0,0,0.7676164339333279,0.2384292406653636,PRSS22
GO_Biological_Process_2023,Cardiac Muscle Cell Differentiation (GO:0055007),1/27,0.7329997853855609,0.9987978384038764,0,0,0.7676164339333279,0.2384292406653636,SHOX2
GO_Biological_Process_2023,Chaperone Cofactor-Dependent Protein Refolding (GO:0051085),1/27,0.7329997853855609,0.9987978384038764,0,0,0.7676164339333279,0.2384292406653636,DNAJB13
GO_Biological_Process_2023,Establishment Of Protein Localization To Vacuole (GO:0072666),1/27,0.7329997853855609,0.9987978384038764,0,0,0.7676164339333279,0.2384292406653636,CACNG5
GO_Biological_Process_2023,Negative Regulation Of Notch Signaling Pathway (GO:0045746),1/27,0.7329997853855609,0.9987978384038764,0,0,0.7676164339333279,0.2384292406653636,TSPAN15
GO_Biological_Process_2023,Negative Regulation Of Neurogenesis (GO:0050768),1/27,0.7329997853855609,0.9987978384038764,0,0,0.7676164339333279,0.2384292406653636,DPYSL5
GO_Biological_Process_2023,Peptide Cross-Linking (GO:0018149),1/27,0.7329997853855609,0.9987978384038764,0,0,0.7676164339333279,0.2384292406653636,PI3
GO_Biological_Process_2023,Peptidyl-Proline Modification (GO:0018208),1/27,0.7329997853855609,0.9987978384038764,0,0,0.7676164339333279,0.2384292406653636,P3H2
GO_Biological_Process_2023,Positive Regulation Of Immune System Process (GO:0002684),1/27,0.7329997853855609,0.9987978384038764,0,0,0.7676164339333279,0.2384292406653636,HCAR2
GO_Biological_Process_2023,Positive Regulation Of Response To Wounding (GO:1903036),1/27,0.7329997853855609,0.9987978384038764,0,0,0.7676164339333279,0.2384292406653636,DUOX2
GO_Biological_Process_2023,Regulation Of Actin Polymerization Or Depolymerization (GO:0008064),1/27,0.7329997853855609,0.9987978384038764,0,0,0.7676164339333279,0.2384292406653636,ARHGAP28
GO_Biological_Process_2023,Regulation Of Androgen Receptor Signaling Pathway (GO:0060765),1/27,0.7329997853855609,0.9987978384038764,0,0,0.7676164339333279,0.2384292406653636,FOXH1
GO_Biological_Process_2023,Regulation Of Focal Adhesion Assembly (GO:0051893),2/54,0.7358332340425683,0.9999960451095832,0,0,0.7673723335488042,0.235392821648484,LIMCH1;EFNA5
GO_Biological_Process_2023,Endoplasmic Reticulum Organization (GO:0007029),2/54,0.7358332340425683,0.9999960451095832,0,0,0.7673723335488042,0.235392821648484,SPTSSB;MAPK15
GO_Biological_Process_2023,Mesenchymal Cell Differentiation (GO:0048762),2/54,0.7358332340425683,0.9999960451095832,0,0,0.7673723335488042,0.235392821648484,SEMA3C;FOXF2
GO_Biological_Process_2023,Protein K63-linked Ubiquitination (GO:0070534),2/54,0.7358332340425683,0.9999960451095832,0,0,0.7673723335488042,0.235392821648484,RNF186;TRIM31
GO_Biological_Process_2023,Regulation Of Protein Localization To Plasma Membrane (GO:1903076),3/80,0.7413469418025989,0.9999960451095832,0,0,0.7771313859641935,0.2325849758317049,ITGA3;STAC2;AGR2
GO_Biological_Process_2023,Wound Healing (GO:0042060),3/80,0.7413469418025989,0.9999960451095832,0,0,0.7771313859641935,0.2325849758317049,MMP12;SPRR3;FZD7
GO_Biological_Process_2023,Cellular Response To Organonitrogen Compound (GO:0071417),4/105,0.7437501216542864,0.9999960451095832,0,0,0.7897863470557582,0.2338163732692645,HCN4;AOC1;KCNQ1;FOLR1
GO_Biological_Process_2023,Positive Regulation Of Tyrosine Phosphorylation Of STAT Protein (GO:0042531),2/55,0.7450549081501175,0.9999960451095832,0,0,0.7528539717773902,0.2215629371903969,EPO;LIF
GO_Biological_Process_2023,Regulation Of Chemotaxis (GO:0050920),1/28,0.7457528438727654,0.9999960451095832,0,0,0.73914733201197,0.2168370316249004,CCL26
GO_Biological_Process_2023,Regulation Of Glucose Metabolic Process (GO:0010906),1/28,0.7457528438727654,0.9999960451095832,0,0,0.73914733201197,0.2168370316249004,PMAIP1
GO_Biological_Process_2023,Antigen Processing And Presentation Of Peptide Antigen Via MHC Class II (GO:0002495),1/28,0.7457528438727654,0.9999960451095832,0,0,0.73914733201197,0.2168370316249004,CTSE
GO_Biological_Process_2023,Apoptotic Cell Clearance (GO:0043277),1/28,0.7457528438727654,0.9999960451095832,0,0,0.73914733201197,0.2168370316249004,XKR5
GO_Biological_Process_2023,Regulation Of Protein Targeting To Membrane (GO:0090313),1/28,0.7457528438727654,0.9999960451095832,0,0,0.73914733201197,0.2168370316249004,MTCL1
GO_Biological_Process_2023,Glycosaminoglycan Metabolic Process (GO:0030203),1/28,0.7457528438727654,0.9999960451095832,0,0,0.73914733201197,0.2168370316249004,GALNT5
GO_Biological_Process_2023,Limb Development (GO:0060173),1/28,0.7457528438727654,0.9999960451095832,0,0,0.73914733201197,0.2168370316249004,GLI3
GO_Biological_Process_2023,Negative Regulation Of G2/M Transition Of Mitotic Cell Cycle (GO:0010972),1/28,0.7457528438727654,0.9999960451095832,0,0,0.73914733201197,0.2168370316249004,DEPDC1B
GO_Biological_Process_2023,Negative Regulation Of Actin Filament Bundle Assembly (GO:0032232),1/28,0.7457528438727654,0.9999960451095832,0,0,0.73914733201197,0.2168370316249004,ARHGAP28
GO_Biological_Process_2023,Negative Regulation Of Cation Channel Activity (GO:2001258),1/28,0.7457528438727654,0.9999960451095832,0,0,0.73914733201197,0.2168370316249004,EPO
GO_Biological_Process_2023,Negative Regulation Of Cytoskeleton Organization (GO:0051494),1/28,0.7457528438727654,0.9999960451095832,0,0,0.73914733201197,0.2168370316249004,PLEKHH2
GO_Biological_Process_2023,Negative Regulation Of Wound Healing (GO:0061045),1/28,0.7457528438727654,0.9999960451095832,0,0,0.73914733201197,0.2168370316249004,SERPINE1
GO_Biological_Process_2023,Positive Regulation Of mRNA Processing (GO:0050685),1/28,0.7457528438727654,0.9999960451095832,0,0,0.73914733201197,0.2168370316249004,CELF4
GO_Biological_Process_2023,Organic Substance Transport (GO:0071702),8/201,0.7480513416522557,0.9999960451095832,0,0,0.8260798124637141,0.2397974753715352,RYR2;ABCC1;TCN1;CHRNA7;SPNS2;LRP2;ABCA12;SLC6A3
GO_Biological_Process_2023,Positive Regulation Of Peptidyl-Tyrosine Phosphorylation (GO:0050731),5/130,0.7485444786546734,0.9999960451095832,0,0,0.7975131717597471,0.230979475767537,EPO;LIF;EFNA5;LRP8;BMP6
GO_Biological_Process_2023,Cytoskeleton-Dependent Cytokinesis (GO:0061640),3/81,0.7489346580800577,0.9999960451095832,0,0,0.7671277198091078,0.2217793380088938,ANLN;SPIRE1;CEP55
GO_Biological_Process_2023,Positive Regulation Of Cell Growth (GO:0030307),4/106,0.7503961682113582,0.9999960451095832,0,0,0.7820020639834881,0.2245550110087709,SFRP2;SLC44A4;SYT1;PRSS2
GO_Biological_Process_2023,Regulation Of Reactive Oxygen Species Metabolic Process (GO:2000377),2/56,0.7539990400988293,0.9999960451095832,0,0,0.7388733271086212,0.2086313641278962,TFAP2A;CCN6
GO_Biological_Process_2023,Peptide Metabolic Process (GO:0006518),2/56,0.7539990400988293,0.9999960451095832,0,0,0.7388733271086212,0.2086313641278962,PCSK1;BACE2
GO_Biological_Process_2023,Regulation Of Cation Channel Activity (GO:2001257),2/56,0.7539990400988293,0.9999960451095832,0,0,0.7388733271086212,0.2086313641278962,HCN4;EPO
GO_Biological_Process_2023,Regulation Of Phosphorylation (GO:0042325),3/82,0.7563430337206359,0.9999960451095832,0,0,0.7573773110250369,0.2115053828314657,CDKN1C;FZD7;CD24
GO_Biological_Process_2023,RNA Biosynthetic Process (GO:0032774),1/29,0.7578973662811513,0.9999960451095832,0,0,0.712711737370709,0.1975688986696499,FOXE1
GO_Biological_Process_2023,RNA-mediated Gene Silencing (GO:0031047),1/29,0.7578973662811513,0.9999960451095832,0,0,0.712711737370709,0.1975688986696499,PIWIL3
GO_Biological_Process_2023,Regulation Of Muscle Contraction (GO:0006937),1/29,0.7578973662811513,0.9999960451095832,0,0,0.712711737370709,0.1975688986696499,TNNT1
GO_Biological_Process_2023,Carbohydrate Derivative Biosynthetic Process (GO:1901137),1/29,0.7578973662811513,0.9999960451095832,0,0,0.712711737370709,0.1975688986696499,GAL3ST4
GO_Biological_Process_2023,Regulation Of Voltage-Gated Calcium Channel Activity (GO:1901385),1/29,0.7578973662811513,0.9999960451095832,0,0,0.712711737370709,0.1975688986696499,STAC2
GO_Biological_Process_2023,Response To Steroid Hormone (GO:0048545),1/29,0.7578973662811513,0.9999960451095832,0,0,0.712711737370709,0.1975688986696499,ADTRP
GO_Biological_Process_2023,Heterotypic Cell-Cell Adhesion (GO:0034113),1/29,0.7578973662811513,0.9999960451095832,0,0,0.712711737370709,0.1975688986696499,DSG2
GO_Biological_Process_2023,Lipid Droplet Organization (GO:0034389),1/29,0.7578973662811513,0.9999960451095832,0,0,0.712711737370709,0.1975688986696499,SMIM22
GO_Biological_Process_2023,mRNA Splice Site Recognition (GO:0006376),1/29,0.7578973662811513,0.9999960451095832,0,0,0.712711737370709,0.1975688986696499,CELF4
GO_Biological_Process_2023,Morphogenesis Of An Epithelium (GO:0002009),1/29,0.7578973662811513,0.9999960451095832,0,0,0.712711737370709,0.1975688986696499,AIRE
GO_Biological_Process_2023,Organic Cyclic Compound Biosynthetic Process (GO:1901362),1/29,0.7578973662811513,0.9999960451095832,0,0,0.712711737370709,0.1975688986696499,CYP19A1
GO_Biological_Process_2023,Phosphatidic Acid Biosynthetic Process (GO:0006654),1/29,0.7578973662811513,0.9999960451095832,0,0,0.712711737370709,0.1975688986696499,MBOAT2
GO_Biological_Process_2023,Positive Regulation Of Endopeptidase Activity (GO:0010950),1/29,0.7578973662811513,0.9999960451095832,0,0,0.712711737370709,0.1975688986696499,GRIN1
GO_Biological_Process_2023,Regulation Of Blood Coagulation (GO:0030193),1/29,0.7578973662811513,0.9999960451095832,0,0,0.712711737370709,0.1975688986696499,SERPINE1
GO_Biological_Process_2023,Regulation Of Calcium Ion Transport (GO:0051924),2/57,0.7626710935354192,0.9999960451095832,0,0,0.7254010695187165,0.1965317588895934,GRIN3B;PLPP4
GO_Biological_Process_2023,Lipid Transport (GO:0006869),4/108,0.7632900538657934,0.9999960451095832,0,0,0.7668825910931174,0.2071481557665104,CRABP2;SPNS2;ABCA12;PRELID3A
GO_Biological_Process_2023,Positive Regulation Of Metabolic Process (GO:0009893),4/108,0.7632900538657934,0.9999960451095832,0,0,0.7668825910931174,0.2071481557665104,OXTR;MUC1;ELOVL3;ESRRG
GO_Biological_Process_2023,Regulation Of Cell Division (GO:0051302),3/83,0.7635740568777918,0.9999960451095832,0,0,0.7478706624605678,0.2017344933458174,SFRP2;MLLT3;TP63
GO_Biological_Process_2023,Positive Regulation Of Gene Expression (GO:0010628),20/480,0.7648229101718494,0.9999960451095832,0,0,0.8651894609440461,0.2319667786210622,TFAP2A;NTRK2;TESC;HILPDA;TWIST1;SOX11;NTS;BMP6;OVOL2;FGF5;OLFM1;CDH3;CALCR;AGR2;FGF20;ITGB8;ADTRP;PKP3;SLC26A9;FGF23
GO_Biological_Process_2023,Response To Amino Acid (GO:0043200),1/30,0.7694623607024158,0.9999960451095832,0,0,0.688099287187466,0.1803255292382767,GRIN1
GO_Biological_Process_2023,Homologous Chromosome Pairing At Meiosis (GO:0007129),1/30,0.7694623607024158,0.9999960451095832,0,0,0.688099287187466,0.1803255292382767,TEX15
GO_Biological_Process_2023,Mitotic G2 DNA Damage Checkpoint Signaling (GO:0007095),1/30,0.7694623607024158,0.9999960451095832,0,0,0.688099287187466,0.1803255292382767,DEPDC1B
GO_Biological_Process_2023,Negative Regulation Of Blood Coagulation (GO:0030195),1/30,0.7694623607024158,0.9999960451095832,0,0,0.688099287187466,0.1803255292382767,SERPINE1
GO_Biological_Process_2023,Negative Regulation Of Myeloid Leukocyte Differentiation (GO:0002762),1/30,0.7694623607024158,0.9999960451095832,0,0,0.688099287187466,0.1803255292382767,TNFAIP6
GO_Biological_Process_2023,Negative Regulation Of Peptidyl-Tyrosine Phosphorylation (GO:0050732),1/30,0.7694623607024158,0.9999960451095832,0,0,0.688099287187466,0.1803255292382767,SFRP2
GO_Biological_Process_2023,Prostaglandin Metabolic Process (GO:0006693),1/30,0.7694623607024158,0.9999960451095832,0,0,0.688099287187466,0.1803255292382767,PTGDS
GO_Biological_Process_2023,Positive Regulation Of Cysteine-Type Endopeptidase Activity Involved In Apoptotic Process (GO:0043280),4/109,0.7695397985600189,0.9999960451095832,0,0,0.7595388471177945,0.1989707765198579,EGLN3;KHDC1;PMAIP1;FOXL2
GO_Biological_Process_2023,Renal System Development (GO:0072001),2/58,0.7710766425403338,0.9999960451095832,0,0,0.7124099639855942,0.1852034399428016,PYGO1;TFAP2A
GO_Biological_Process_2023,Eye Development (GO:0001654),2/58,0.7710766425403338,0.9999960451095832,0,0,0.7124099639855942,0.1852034399428016,FBN2;PITX2
GO_Biological_Process_2023,Memory (GO:0007613),2/58,0.7710766425403338,0.9999960451095832,0,0,0.7124099639855942,0.1852034399428016,CHRNA7;VLDLR
GO_Biological_Process_2023,Muscle Organ Development (GO:0007517),2/58,0.7710766425403338,0.9999960451095832,0,0,0.7124099639855942,0.1852034399428016,CHODL;SPEG
GO_Biological_Process_2023,Defense Response To Gram-positive Bacterium (GO:0050830),3/85,0.7775125606677238,0.9999960451095832,0,0,0.7295529737631761,0.183596003695368,CHGA;PGLYRP4;DMBT1
GO_Biological_Process_2023,Establishment Of Protein Localization To Organelle (GO:0072594),3/85,0.7775125606677238,0.9999960451095832,0,0,0.7295529737631761,0.183596003695368,MMP12;RYR2;HK2
GO_Biological_Process_2023,Mitotic Cytokinesis (GO:0000281),2/59,0.7792213491124069,0.9999960451095832,0,0,0.699874686716792,0.1745908291219467,ANLN;CEP55
GO_Biological_Process_2023,Positive Regulation Of Proteolysis (GO:0045862),2/59,0.7792213491124069,0.9999960451095832,0,0,0.699874686716792,0.1745908291219467,ADAM9;PRSS22
GO_Biological_Process_2023,Regulation Of Centrosome Duplication (GO:0010824),1/31,0.7804754542278555,0.9999960451095832,0,0,0.6651276670164393,0.1648532147435953,PKHD1
GO_Biological_Process_2023,Regulation Of Dendrite Morphogenesis (GO:0048814),1/31,0.7804754542278555,0.9999960451095832,0,0,0.6651276670164393,0.1648532147435953,DPYSL5
GO_Biological_Process_2023,Antigen Processing And Presentation Of Exogenous Peptide Antigen (GO:0002478),1/31,0.7804754542278555,0.9999960451095832,0,0,0.6651276670164393,0.1648532147435953,CTSE
GO_Biological_Process_2023,Regulation Of Protein Autophosphorylation (GO:0031952),1/31,0.7804754542278555,0.9999960451095832,0,0,0.6651276670164393,0.1648532147435953,PDGFD
GO_Biological_Process_2023,Regulation Of Response To Biotic Stimulus (GO:0002831),1/31,0.7804754542278555,0.9999960451095832,0,0,0.6651276670164393,0.1648532147435953,LRP8
GO_Biological_Process_2023,Central Nervous System Neuron Differentiation (GO:0021953),1/31,0.7804754542278555,0.9999960451095832,0,0,0.6651276670164393,0.1648532147435953,NTRK2
GO_Biological_Process_2023,Leukocyte Cell-Cell Adhesion (GO:0007159),1/31,0.7804754542278555,0.9999960451095832,0,0,0.6651276670164393,0.1648532147435953,CERCAM
GO_Biological_Process_2023,Positive Regulation Of Rho Protein Signal Transduction (GO:0035025),1/31,0.7804754542278555,0.9999960451095832,0,0,0.6651276670164393,0.1648532147435953,LPAR1
GO_Biological_Process_2023,Positive Regulation Of Extrinsic Apoptotic Signaling Pathway (GO:2001238),1/31,0.7804754542278555,0.9999960451095832,0,0,0.6651276670164393,0.1648532147435953,PMAIP1
GO_Biological_Process_2023,Positive Regulation Of Mononuclear Cell Migration (GO:0071677),1/31,0.7804754542278555,0.9999960451095832,0,0,0.6651276670164393,0.1648532147435953,SERPINE1
GO_Biological_Process_2023,Regulation Of Cell Morphogenesis (GO:0022604),1/31,0.7804754542278555,0.9999960451095832,0,0,0.6651276670164393,0.1648532147435953,EFNA5
GO_Biological_Process_2023,Sterol Metabolic Process (GO:0016125),2/60,0.7871109419845285,0.9999960451095832,0,0,0.6877716603882933,0.1646429564097531,SULT2B1;CYP19A1
GO_Biological_Process_2023,Protein Localization To Plasma Membrane (GO:0072659),5/137,0.7879649199457585,0.9999960451095832,0,0,0.7549414056263372,0.1799038263633361,TSPAN15;TESC;WDR72;PKP3;SCN3B
GO_Biological_Process_2023,Glucose Homeostasis (GO:0042593),3/87,0.790768181246806,0.9999960451095832,0,0,0.7121075559561364,0.1671675511589373,BACE2;OBP2A;HK2
GO_Biological_Process_2023,'De Novo' Post-Translational Protein Folding (GO:0051084),1/32,0.7909629580478948,0.9999960451095832,0,0,0.6436380868564465,0.1509357970467348,DNAJB13
GO_Biological_Process_2023,Amide Transport (GO:0042886),1/32,0.7909629580478948,0.9999960451095832,0,0,0.6436380868564465,0.1509357970467348,FOLR1
GO_Biological_Process_2023,Cellular Nitrogen Compound Biosynthetic Process (GO:0044271),1/32,0.7909629580478948,0.9999960451095832,0,0,0.6436380868564465,0.1509357970467348,SPTSSB
GO_Biological_Process_2023,Regulation Of Transmembrane Transport (GO:0034762),1/32,0.7909629580478948,0.9999960451095832,0,0,0.6436380868564465,0.1509357970467348,KCNJ16
GO_Biological_Process_2023,Chromosome Condensation (GO:0030261),1/32,0.7909629580478948,0.9999960451095832,0,0,0.6436380868564465,0.1509357970467348,ERN2
GO_Biological_Process_2023,Female Gamete Generation (GO:0007292),1/32,0.7909629580478948,0.9999960451095832,0,0,0.6436380868564465,0.1509357970467348,M1AP
GO_Biological_Process_2023,Glycosphingolipid Metabolic Process (GO:0006687),1/32,0.7909629580478948,0.9999960451095832,0,0,0.6436380868564465,0.1509357970467348,UGT8
GO_Biological_Process_2023,Mitochondrial Membrane Organization (GO:0007006),1/32,0.7909629580478948,0.9999960451095832,0,0,0.6436380868564465,0.1509357970467348,PMAIP1
GO_Biological_Process_2023,Positive Regulation Of Telomere Maintenance Via Telomerase (GO:0032212),1/32,0.7909629580478948,0.9999960451095832,0,0,0.6436380868564465,0.1509357970467348,MAPK15
GO_Biological_Process_2023,Fatty Acid Catabolic Process (GO:0009062),2/61,0.7947511971830128,0.9999960451095832,0,0,0.6760789061387267,0.155313019637043,GLYATL2;ADTRP
GO_Biological_Process_2023,Positive Regulation Of Cell Junction Assembly (GO:1901890),2/61,0.7947511971830128,0.9999960451095832,0,0,0.6760789061387267,0.155313019637043,NLGN1;CLSTN2
GO_Biological_Process_2023,Regulation Of Double-Strand Break Repair (GO:2000779),3/88,0.7971459184837503,0.9999960451095832,0,0,0.7036927073668584,0.1595394740960043,TWIST1;SPIRE1;TEX15
GO_Biological_Process_2023,Intracellular Calcium Ion Homeostasis (GO:0006874),5/139,0.7983009511063641,0.9999960451095832,0,0,0.7435949860811852,0.1675093606298311,PKHD1;RYR2;CHRNA7;HTR2C;ATP2C2
GO_Biological_Process_2023,Regulation Of Cytoskeleton Organization (GO:0051493),4/114,0.7988616640436144,0.9999960451095832,0,0,0.724822966507177,0.1627716703482655,CAPN6;FZD10;EFNA5;SMIM22
GO_Biological_Process_2023,Cellular Component Assembly (GO:0022607),10/260,0.7992251298828393,0.9999960451095832,0,0,0.7964406779661017,0.178492397730878,FZD1;SPAG17;NLGN1;PCLO;SCIN;DNAJB13;TEX15;FSCN2;GRHL2;THSD4
GO_Biological_Process_2023,Actin Filament Bundle Assembly (GO:0051017),1/33,0.8009499304225919,0.9999960451095832,0,0,0.6234916054564533,0.138388228199096,FSCN2
GO_Biological_Process_2023,Regulation Of Potassium Ion Transmembrane Transport (GO:1901379),1/33,0.8009499304225919,0.9999960451095832,0,0,0.6234916054564533,0.138388228199096,KCNQ1
GO_Biological_Process_2023,Regulation Of Protein Polymerization (GO:0032271),1/33,0.8009499304225919,0.9999960451095832,0,0,0.6234916054564533,0.138388228199096,ARHGAP28
GO_Biological_Process_2023,Signal Transduction By P53 Class Mediator (GO:0072331),1/33,0.8009499304225919,0.9999960451095832,0,0,0.6234916054564533,0.138388228199096,PMAIP1
GO_Biological_Process_2023,Glycolipid Metabolic Process (GO:0006664),1/33,0.8009499304225919,0.9999960451095832,0,0,0.6234916054564533,0.138388228199096,UGT8
GO_Biological_Process_2023,Negative Regulation Of Double-Strand Break Repair (GO:2000780),1/33,0.8009499304225919,0.9999960451095832,0,0,0.6234916054564533,0.138388228199096,TWIST1
GO_Biological_Process_2023,Negative Regulation Of Endocytosis (GO:0045806),1/33,0.8009499304225919,0.9999960451095832,0,0,0.6234916054564533,0.138388228199096,PROM2
GO_Biological_Process_2023,Phosphatidic Acid Metabolic Process (GO:0046473),1/33,0.8009499304225919,0.9999960451095832,0,0,0.6234916054564533,0.138388228199096,MBOAT2
GO_Biological_Process_2023,Positive Regulation Of DNA Binding (GO:0043388),1/33,0.8009499304225919,0.9999960451095832,0,0,0.6234916054564533,0.138388228199096,TWIST1
GO_Biological_Process_2023,Positive Regulation Of Ion Transmembrane Transporter Activity (GO:0032414),1/33,0.8009499304225919,0.9999960451095832,0,0,0.6234916054564533,0.138388228199096,WNK2
GO_Biological_Process_2023,Positive Regulation Of Nitrogen Compound Metabolic Process (GO:0051173),1/33,0.8009499304225919,0.9999960451095832,0,0,0.6234916054564533,0.138388228199096,CHRNA7
GO_Biological_Process_2023,Positive Regulation Of Small Molecule Metabolic Process (GO:0062013),1/33,0.8009499304225919,0.9999960451095832,0,0,0.6234916054564533,0.138388228199096,PMAIP1
GO_Biological_Process_2023,Protein K63-linked Deubiquitination (GO:0070536),1/33,0.8009499304225919,0.9999960451095832,0,0,0.6234916054564533,0.138388228199096,DEPDC1B
GO_Biological_Process_2023,Regulation Of Activated T Cell Proliferation (GO:0046006),1/33,0.8009499304225919,0.9999960451095832,0,0,0.6234916054564533,0.138388228199096,CD24
GO_Biological_Process_2023,Negative Regulation Of Kinase Activity (GO:0033673),2/62,0.8021479207907551,0.9999960451095832,0,0,0.6647759103641456,0.1465579917705809,CDKN1C;UBASH3B
GO_Biological_Process_2023,Positive Regulation Of Peptidyl-Serine Phosphorylation (GO:0033138),3/89,0.8033602894162516,0.9999960451095832,0,0,0.6954735529308195,0.1522753159296946,SFRP2;CALCR;LIF
GO_Biological_Process_2023,Protein Polymerization (GO:0051258),2/63,0.8093069328183183,0.9999960451095832,0,0,0.6538435046149608,0.1383382707660158,SPIRE1;FHDC1
GO_Biological_Process_2023,Regulation Of Cellular Catabolic Process (GO:0031329),2/63,0.8093069328183183,0.9999960451095832,0,0,0.6538435046149608,0.1383382707660158,FBXL2;MAPK15
GO_Biological_Process_2023,Regulation Of Metal Ion Transport (GO:0010959),1/34,0.8104602359749329,0.9999960451095832,0,0,0.604566122929187,0.1270513845010278,GRIN3B
GO_Biological_Process_2023,Apoptotic Mitochondrial Changes (GO:0008637),1/34,0.8104602359749329,0.9999960451095832,0,0,0.604566122929187,0.1270513845010278,HK2
GO_Biological_Process_2023,Cellular Response To Glucose Stimulus (GO:0071333),1/34,0.8104602359749329,0.9999960451095832,0,0,0.604566122929187,0.1270513845010278,PTPRN
GO_Biological_Process_2023,Smoothened Signaling Pathway (GO:0007224),1/34,0.8104602359749329,0.9999960451095832,0,0,0.604566122929187,0.1270513845010278,GLI3
GO_Biological_Process_2023,Superoxide Metabolic Process (GO:0006801),1/34,0.8104602359749329,0.9999960451095832,0,0,0.604566122929187,0.1270513845010278,DUOX2
GO_Biological_Process_2023,Histone Deubiquitination (GO:0016578),1/34,0.8104602359749329,0.9999960451095832,0,0,0.604566122929187,0.1270513845010278,DEPDC1B
GO_Biological_Process_2023,Negative Regulation Of Ras Protein Signal Transduction (GO:0046580),1/34,0.8104602359749329,0.9999960451095832,0,0,0.604566122929187,0.1270513845010278,ITGA3
GO_Biological_Process_2023,Negative Regulation Of Mitotic Cell Cycle (GO:0045930),1/34,0.8104602359749329,0.9999960451095832,0,0,0.604566122929187,0.1270513845010278,CDKN1C
GO_Biological_Process_2023,Positive Regulation Of Neuron Death (GO:1901216),1/34,0.8104602359749329,0.9999960451095832,0,0,0.604566122929187,0.1270513845010278,TFAP2A
GO_Biological_Process_2023,Positive Regulation Of Organelle Organization (GO:0010638),1/34,0.8104602359749329,0.9999960451095832,0,0,0.604566122929187,0.1270513845010278,ELAPOR1
GO_Biological_Process_2023,Purine Nucleotide Metabolic Process (GO:0006163),1/34,0.8104602359749329,0.9999960451095832,0,0,0.604566122929187,0.1270513845010278,KRT17
GO_Biological_Process_2023,Protein Localization To Cell Periphery (GO:1990778),5/142,0.8130563076690931,0.9999960451095832,0,0,0.727196511118119,0.1504968904793239,TSPAN15;TESC;WDR72;PKP3;SCN3B
GO_Biological_Process_2023,rRNA Metabolic Process (GO:0016072),3/91,0.8153093337234304,0.9999960451095832,0,0,0.6795956409521078,0.1387650621378299,ERN2;SLFN13;IGF2BP3
GO_Biological_Process_2023,Response To Metal Ion (GO:0010038),2/64,0.8162340526926184,0.9999960451095832,0,0,0.6432637571157496,0.1306173663347425,ITPR3;MELTF
GO_Biological_Process_2023,Regulation Of Protein Phosphorylation (GO:0001932),10/265,0.817393439947971,0.9999960451095832,0,0,0.7806164838816883,0.1573993966107225,FGF5;NTRK2;LIMCH1;CHRNA7;PELI2;FGF20;ADTRP;EFNA5;FGF23;PROM2
GO_Biological_Process_2023,Regulation Of Cellular Senescence (GO:2000772),1/35,0.8195166027398294,0.9999960451095832,0,0,0.5867539040799951,0.1167878616806948,TWIST1
GO_Biological_Process_2023,Regulation Of Sodium Ion Transport (GO:0002028),1/35,0.8195166027398294,0.9999960451095832,0,0,0.5867539040799951,0.1167878616806948,SCN3B
GO_Biological_Process_2023,Regulatory ncRNA Processing (GO:0070918),1/35,0.8195166027398294,0.9999960451095832,0,0,0.5867539040799951,0.1167878616806948,TEX15
GO_Biological_Process_2023,Response To Nutrient Levels (GO:0031667),1/35,0.8195166027398294,0.9999960451095832,0,0,0.5867539040799951,0.1167878616806948,SCTR
GO_Biological_Process_2023,Endoderm Formation (GO:0001706),1/35,0.8195166027398294,0.9999960451095832,0,0,0.5867539040799951,0.1167878616806948,DUSP4
GO_Biological_Process_2023,Skeletal Muscle Organ Development (GO:0060538),1/35,0.8195166027398294,0.9999960451095832,0,0,0.5867539040799951,0.1167878616806948,FOXL2
GO_Biological_Process_2023,Intrinsic Apoptotic Signaling Pathway By P53 Class Mediator (GO:0072332),1/35,0.8195166027398294,0.9999960451095832,0,0,0.5867539040799951,0.1167878616806948,PMAIP1
GO_Biological_Process_2023,Liver Development (GO:0001889),1/35,0.8195166027398294,0.9999960451095832,0,0,0.5867539040799951,0.1167878616806948,NKX2-8
GO_Biological_Process_2023,Platelet Aggregation (GO:0070527),1/35,0.8195166027398294,0.9999960451095832,0,0,0.5867539040799951,0.1167878616806948,UBASH3B
GO_Biological_Process_2023,Positive Regulation Of Mitotic Nuclear Division (GO:0045840),1/35,0.8195166027398294,0.9999960451095832,0,0,0.5867539040799951,0.1167878616806948,TGFA
GO_Biological_Process_2023,Positive Regulation Of Substrate Adhesion-Dependent Cell Spreading (GO:1900026),1/35,0.8195166027398294,0.9999960451095832,0,0,0.5867539040799951,0.1167878616806948,OLFM4
GO_Biological_Process_2023,Positive Regulation Of Telomere Maintenance Via Telomere Lengthening (GO:1904358),1/35,0.8195166027398294,0.9999960451095832,0,0,0.5867539040799951,0.1167878616806948,MAPK15
GO_Biological_Process_2023,Positive Regulation Of Signal Transduction (GO:0009967),10/266,0.820874015074214,0.9999960451095832,0,0,0.7775258209745762,0.1534724273735574,DEPDC1B;GRIN2A;NLGN1;CDH3;LAMA1;CHRNA7;DCDC2;TP63;BMP6;GRIN1
GO_Biological_Process_2023,Regulation Of Tyrosine Phosphorylation Of STAT Protein (GO:0042509),2/65,0.8229350862629253,0.9999960451095832,0,0,0.6330198746165133,0.1233616192374915,EPO;LIF
GO_Biological_Process_2023,Positive Regulation Of DNA Biosynthetic Process (GO:2000573),2/65,0.8229350862629253,0.9999960451095832,0,0,0.6330198746165133,0.1233616192374915,GRHL2;MAPK15
GO_Biological_Process_2023,Regulation Of Peptidyl-Serine Phosphorylation (GO:0033135),3/93,0.8266365882520127,0.9999960451095832,0,0,0.6644234139502279,0.1264996497469695,SFRP2;CALCR;LIF
GO_Biological_Process_2023,Negative Regulation Of Amide Metabolic Process (GO:0034249),3/93,0.8266365882520127,0.9999960451095832,0,0,0.6644234139502279,0.1264996497469695,NTRK2;CHRNA7;IGF2BP3
GO_Biological_Process_2023,Positive Regulation Of Cellular Component Biogenesis (GO:0044089),3/93,0.8266365882520127,0.9999960451095832,0,0,0.6644234139502279,0.1264996497469695,HRK;CHGA;MMP1
GO_Biological_Process_2023,"DNA Damage Response, Signal Transduction By P53 Class Mediator (GO:0030330)",1/36,0.8281406759657938,0.9999960451095832,0,0,0.5699595263078998,0.1074785448807902,MUC1
GO_Biological_Process_2023,Regulation Of Erythrocyte Differentiation (GO:0045646),1/36,0.8281406759657938,0.9999960451095832,0,0,0.5699595263078998,0.1074785448807902,RHEX
GO_Biological_Process_2023,Lytic Vacuole Organization (GO:0080171),1/36,0.8281406759657938,0.9999960451095832,0,0,0.5699595263078998,0.1074785448807902,ACP3
GO_Biological_Process_2023,Negative Regulation Of T Cell Proliferation (GO:0042130),1/36,0.8281406759657938,0.9999960451095832,0,0,0.5699595263078998,0.1074785448807902,VTCN1
GO_Biological_Process_2023,Negative Regulation Of Protein Kinase B Signaling (GO:0051898),1/36,0.8281406759657938,0.9999960451095832,0,0,0.5699595263078998,0.1074785448807902,PKHD1
GO_Biological_Process_2023,Positive Regulation Of RNA Splicing (GO:0033120),1/36,0.8281406759657938,0.9999960451095832,0,0,0.5699595263078998,0.1074785448807902,CELF4
GO_Biological_Process_2023,Positive Regulation Of Signaling Receptor Activity (GO:2000273),1/36,0.8281406759657938,0.9999960451095832,0,0,0.5699595263078998,0.1074785448807902,TGFA
GO_Biological_Process_2023,Vesicle Organization (GO:0016050),3/94,0.8320738622567355,0.9999960451095832,0,0,0.657087392103165,0.1207950465808611,ANXA8L1;ANXA8;DNM1
GO_Biological_Process_2023,Activation Of Cysteine-Type Endopeptidase Activity Involved In Apoptotic Process (GO:0006919),2/67,0.8356819779487251,0.9999960451095832,0,0,0.6134776987718165,0.1101236317145201,EGLN3;KHDC1
GO_Biological_Process_2023,Melanosome Organization (GO:0032438),1/37,0.8363530701326279,0.9999960451095832,0,0,0.5540981695231433,0.0990197933155079,BACE2
GO_Biological_Process_2023,Muscle Cell Differentiation (GO:0042692),1/37,0.8363530701326279,0.9999960451095832,0,0,0.5540981695231433,0.0990197933155079,SPEG
GO_Biological_Process_2023,Negative Regulation Of Transferase Activity (GO:0051348),1/37,0.8363530701326279,0.9999960451095832,0,0,0.5540981695231433,0.0990197933155079,CDKN1C
GO_Biological_Process_2023,Positive Regulation Of Epithelial Cell Migration (GO:0010634),3/95,0.83736392705719,0.9999960451095832,0,0,0.6499108489919079,0.1153569033731356,RAB25;ANXA3;ADAM9
GO_Biological_Process_2023,G2/M Transition Of Mitotic Cell Cycle (GO:0000086),1/38,0.8441734172645746,0.9999960451095832,0,0,0.5390941833754006,0.09132111786985,BRSK2
GO_Biological_Process_2023,Connective Tissue Development (GO:0061448),1/38,0.8441734172645746,0.9999960451095832,0,0,0.5390941833754006,0.09132111786985,ITGB8
GO_Biological_Process_2023,Response To Transforming Growth Factor Beta (GO:0071559),1/38,0.8441734172645746,0.9999960451095832,0,0,0.5390941833754006,0.09132111786985,OVOL2
GO_Biological_Process_2023,Fatty Acid Transport (GO:0015908),1/38,0.8441734172645746,0.9999960451095832,0,0,0.5390941833754006,0.09132111786985,CRABP2
GO_Biological_Process_2023,Tumor Necrosis Factor-Mediated Signaling Pathway (GO:0033209),1/38,0.8441734172645746,0.9999960451095832,0,0,0.5390941833754006,0.09132111786985,TNFRSF11A
GO_Biological_Process_2023,Maturation Of SSU-rRNA (GO:0030490),1/38,0.8441734172645746,0.9999960451095832,0,0,0.5390941833754006,0.09132111786985,IGF2BP3
GO_Biological_Process_2023,Negative Regulation Of Type I Interferon Production (GO:0032480),1/38,0.8441734172645746,0.9999960451095832,0,0,0.5390941833754006,0.09132111786985,PTPRS
GO_Biological_Process_2023,Positive Regulation Of Cation Channel Activity (GO:2001259),1/38,0.8441734172645746,0.9999960451095832,0,0,0.5390941833754006,0.09132111786985,STAC2
GO_Biological_Process_2023,Monocarboxylic Acid Metabolic Process (GO:0032787),3/97,0.8475136233410252,0.9999960451095832,0,0,0.636015839989261,0.1052277809154104,FA2H;SLC6A8;KRT17
GO_Biological_Process_2023,Response To Molecule Of Bacterial Origin (GO:0002237),2/69,0.8475933543156285,0.9999960451095832,0,0,0.5951022199924746,0.098402706974004,TNFRSF11A;CD24
GO_Biological_Process_2023,Regulation Of Mitotic Spindle Organization (GO:0060236),1/39,0.8516204145681294,0.9999960451095832,0,0,0.5248798807091181,0.0843032535886124,MAP9
GO_Biological_Process_2023,Axonal Transport (GO:0098930),1/39,0.8516204145681294,0.9999960451095832,0,0,0.5248798807091181,0.0843032535886124,KIF1A
GO_Biological_Process_2023,Regulation Of Protein Tyrosine Kinase Activity (GO:0061097),1/39,0.8516204145681294,0.9999960451095832,0,0,0.5248798807091181,0.0843032535886124,LRP8
GO_Biological_Process_2023,Internal Peptidyl-Lysine Acetylation (GO:0018393),1/39,0.8516204145681294,0.9999960451095832,0,0,0.5248798807091181,0.0843032535886124,CPA4
GO_Biological_Process_2023,Odontogenesis (GO:0042476),1/39,0.8516204145681294,0.9999960451095832,0,0,0.5248798807091181,0.0843032535886124,PITX2
GO_Biological_Process_2023,Positive Regulation Of ATP-dependent Activity (GO:0032781),1/39,0.8516204145681294,0.9999960451095832,0,0,0.5248798807091181,0.0843032535886124,RYR2
GO_Biological_Process_2023,Positive Regulation Of Protein-Containing Complex Assembly (GO:0031334),3/98,0.8523788809891073,0.9999960451095832,0,0,0.6292877303669268,0.100512450987354,HRK;DEPDC1B;MMP1
GO_Biological_Process_2023,Negative Regulation Of Cell Growth (GO:0030308),4/125,0.8527670272169193,0.9999960451095832,0,0,0.6585471944323619,0.1048860809749599,SFRP2;PTPRS;TRIM46;RERG
GO_Biological_Process_2023,Positive Regulation Of Protein Transport (GO:0051222),2/70,0.8532497892598542,0.9999960451095832,0,0,0.5863198220464656,0.0930506784722884,ADAM9;BMP6
GO_Biological_Process_2023,Regulation Of G Protein-Coupled Receptor Signaling Pathway (GO:0008277),2/70,0.8532497892598542,0.9999960451095832,0,0,0.5863198220464656,0.0930506784722884,CALCR;RGS20
GO_Biological_Process_2023,Regulation Of Notch Signaling Pathway (GO:0008593),2/70,0.8532497892598542,0.9999960451095832,0,0,0.5863198220464656,0.0930506784722884,TSPAN15;TP63
GO_Biological_Process_2023,Regulation Of Actin Filament Polymerization (GO:0030833),2/70,0.8532497892598542,0.9999960451095832,0,0,0.5863198220464656,0.0930506784722884,ARHGAP28;CCL26
GO_Biological_Process_2023,Cellular Response To Organic Cyclic Compound (GO:0071407),5/152,0.8560796263798647,0.9999960451095832,0,0,0.6773689454707067,0.1052576377478043,HCN4;AOC1;KCNQ1;ADTRP;FOLR1
GO_Biological_Process_2023,Regulation Of Cytokine-Mediated Signaling Pathway (GO:0001959),1/40,0.8587118679699647,0.9999960451095832,0,0,0.5113945166411064,0.0778965540179296,CD24
GO_Biological_Process_2023,Regulation Of Microtubule Cytoskeleton Organization (GO:0070507),1/40,0.8587118679699647,0.9999960451095832,0,0,0.5113945166411064,0.0778965540179296,EFNA5
GO_Biological_Process_2023,Cell Cycle G2/M Phase Transition (GO:0044839),1/40,0.8587118679699647,0.9999960451095832,0,0,0.5113945166411064,0.0778965540179296,BRSK2
GO_Biological_Process_2023,Cyclic-Nucleotide-Mediated Signaling (GO:0019935),1/40,0.8587118679699647,0.9999960451095832,0,0,0.5113945166411064,0.0778965540179296,HTR2C
GO_Biological_Process_2023,Endothelial Cell Migration (GO:0043542),1/40,0.8587118679699647,0.9999960451095832,0,0,0.5113945166411064,0.0778965540179296,S100A2
GO_Biological_Process_2023,Establishment Or Maintenance Of Epithelial Cell Apical/Basal Polarity (GO:0045197),1/40,0.8587118679699647,0.9999960451095832,0,0,0.5113945166411064,0.0778965540179296,MTCL1
GO_Biological_Process_2023,mRNA 3'-End Processing (GO:0031124),1/40,0.8587118679699647,0.9999960451095832,0,0,0.5113945166411064,0.0778965540179296,CPSF4L
GO_Biological_Process_2023,Protein Localization To Cilium (GO:0061512),1/40,0.8587118679699647,0.9999960451095832,0,0,0.5113945166411064,0.0778965540179296,MAPK15
GO_Biological_Process_2023,Myeloid Leukocyte Differentiation (GO:0002573),2/71,0.8587140931354873,0.9999960451095832,0,0,0.5777919863597613,0.0880088415921655,LIF;TNFRSF11A
GO_Biological_Process_2023,Positive Regulation Of Cell-Substrate Adhesion (GO:0010811),2/71,0.8587140931354873,0.9999960451095832,0,0,0.5777919863597613,0.0880088415921655,AGR2;OLFM4
GO_Biological_Process_2023,Regulation Of Cellular Localization (GO:0060341),2/72,0.8639917014859776,0.9999960451095832,0,0,0.5695078031212485,0.0832575502392161,DZIP1L;TRIM46
GO_Biological_Process_2023,Plasma Membrane Organization (GO:0007009),2/72,0.8639917014859776,0.9999960451095832,0,0,0.5695078031212485,0.0832575502392161,FA2H;DMKN
GO_Biological_Process_2023,Regulation Of Chemokine Production (GO:0032642),1/41,0.8654647355006995,0.9999960451095832,0,0,0.4985834207764952,0.0720396453062977,AIRE
GO_Biological_Process_2023,Regulation Of Microtubule-Based Process (GO:0032886),1/41,0.8654647355006995,0.9999960451095832,0,0,0.4985834207764952,0.0720396453062977,EFNA5
GO_Biological_Process_2023,Detection Of Chemical Stimulus Involved In Sensory Perception Of Bitter Taste (GO:0001580),1/41,0.8654647355006995,0.9999960451095832,0,0,0.4985834207764952,0.0720396453062977,CST2
GO_Biological_Process_2023,Stem Cell Differentiation (GO:0048863),1/41,0.8654647355006995,0.9999960451095832,0,0,0.4985834207764952,0.0720396453062977,MLLT3
GO_Biological_Process_2023,Lymphocyte Migration (GO:0072676),1/41,0.8654647355006995,0.9999960451095832,0,0,0.4985834207764952,0.0720396453062977,CCL26
GO_Biological_Process_2023,Negative Regulation Of mRNA Catabolic Process (GO:1902373),1/41,0.8654647355006995,0.9999960451095832,0,0,0.4985834207764952,0.0720396453062977,PKP3
GO_Biological_Process_2023,Positive Regulation Of Actin Filament Polymerization (GO:0030838),1/41,0.8654647355006995,0.9999960451095832,0,0,0.4985834207764952,0.0720396453062977,CCL26
GO_Biological_Process_2023,Positive Regulation Of Response To Biotic Stimulus (GO:0002833),1/41,0.8654647355006995,0.9999960451095832,0,0,0.4985834207764952,0.0720396453062977,BMP6
GO_Biological_Process_2023,Protein Localization To Lysosome (GO:0061462),1/41,0.8654647355006995,0.9999960451095832,0,0,0.4985834207764952,0.0720396453062977,CACNG5
GO_Biological_Process_2023,Regulation Of Amide Metabolic Process (GO:0034248),1/41,0.8654647355006995,0.9999960451095832,0,0,0.4985834207764952,0.0720396453062977,PKP3
GO_Biological_Process_2023,Protein Catabolic Process (GO:0030163),3/102,0.8705084301514552,0.9999960451095832,0,0,0.6037345059427078,0.0837245945353274,PMAIP1;PRSS16;SLC16A3
GO_Biological_Process_2023,Cardiac Ventricle Morphogenesis (GO:0003208),1/42,0.871895166905595,0.9999960451095832,0,0,0.486397256417475,0.0666782950236034,SFRP2
GO_Biological_Process_2023,Cellular Response To Glucose Starvation (GO:0042149),1/42,0.871895166905595,0.9999960451095832,0,0,0.486397256417475,0.0666782950236034,PMAIP1
GO_Biological_Process_2023,Regulation Of Ubiquitin-Dependent Protein Catabolic Process (GO:2000058),1/42,0.871895166905595,0.9999960451095832,0,0,0.486397256417475,0.0666782950236034,FOXF2
GO_Biological_Process_2023,Sensory Perception Of Bitter Taste (GO:0050913),1/42,0.871895166905595,0.9999960451095832,0,0,0.486397256417475,0.0666782950236034,CST2
GO_Biological_Process_2023,Skeletal Muscle Tissue Development (GO:0007519),1/42,0.871895166905595,0.9999960451095832,0,0,0.486397256417475,0.0666782950236034,FOXL2
GO_Biological_Process_2023,Substantia Nigra Development (GO:0021762),1/42,0.871895166905595,0.9999960451095832,0,0,0.486397256417475,0.0666782950236034,SYNGR3
GO_Biological_Process_2023,Lysosome Localization (GO:0032418),1/42,0.871895166905595,0.9999960451095832,0,0,0.486397256417475,0.0666782950236034,CHGA
GO_Biological_Process_2023,Regulation Of Nucleic Acid-Templated Transcription (GO:1903506),17/452,0.873128815452909,0.9999960451095832,0,0,0.7762288546228486,0.1053126601860601,ARNT2;CRABP2;ZNF492;DLX4;AIRE;FZD7;PERM1;PRRX2;ESRRG;MLF1;ZNF90;ZNF280A;ZNF280B;ZNF257;ZNF488;VGLL1;ZNF695
GO_Biological_Process_2023,Positive Regulation Of Intracellular Signal Transduction (GO:1902533),20/525,0.877445093391646,0.9999960451095832,0,0,0.7861852566412958,0.1027865658448393,DDR1;NTRK2;NLGN1;AVPR1B;CHRNA7;PELI2;SCTR;LPAR1;LIF;SOX11;SEMA3E;LRP2;MST1R;NTS;FRMD1;BMP6;CALCR;PDGFD;PMAIP1;ROR1
GO_Biological_Process_2023,Regulation Of Endothelial Cell Apoptotic Process (GO:2000351),1/43,0.8780185423950577,0.9999960451095832,0,0,0.4747913855993604,0.0617644560280447,SERPINE1
GO_Biological_Process_2023,Regulation Of Primary Metabolic Process (GO:0080090),1/43,0.8780185423950577,0.9999960451095832,0,0,0.4747913855993604,0.0617644560280447,ADGRF1
GO_Biological_Process_2023,Energy Derivation By Oxidation Of Organic Compounds (GO:0015980),1/43,0.8780185423950577,0.9999960451095832,0,0,0.4747913855993604,0.0617644560280447,ADGRF1
GO_Biological_Process_2023,Intracellular Glucose Homeostasis (GO:0001678),1/43,0.8780185423950577,0.9999960451095832,0,0,0.4747913855993604,0.0617644560280447,HK2
GO_Biological_Process_2023,Intracellular Steroid Hormone Receptor Signaling Pathway (GO:0030518),1/43,0.8780185423950577,0.9999960451095832,0,0,0.4747913855993604,0.0617644560280447,PMEPA1
GO_Biological_Process_2023,Learning (GO:0007612),1/43,0.8780185423950577,0.9999960451095832,0,0,0.4747913855993604,0.0617644560280447,NTRK2
GO_Biological_Process_2023,Positive Regulation Of Cell-Matrix Adhesion (GO:0001954),1/43,0.8780185423950577,0.9999960451095832,0,0,0.4747913855993604,0.0617644560280447,CEACAM6
GO_Biological_Process_2023,Positive Regulation Of Receptor-Mediated Endocytosis (GO:0048260),1/43,0.8780185423950577,0.9999960451095832,0,0,0.4747913855993604,0.0617644560280447,SERPINE1
GO_Biological_Process_2023,Regulation Of Cellular Component Size (GO:0032535),1/43,0.8780185423950577,0.9999960451095832,0,0,0.4747913855993604,0.0617644560280447,MYO3A
GO_Biological_Process_2023,Regulation Of DNA Replication (GO:0006275),2/75,0.87875746846757,0.9999960451095832,0,0,0.546017036951767,0.0705707019252128,MCIDAS;S100A11
GO_Biological_Process_2023,Positive Regulation Of Inflammatory Response (GO:0050729),3/104,0.8788136280184845,0.9999960451095832,0,0,0.5917169003966642,0.076439427692912,SERPINE1;CCN4;C2CD4A
GO_Biological_Process_2023,Inflammatory Response (GO:0006954),8/236,0.8801495665136227,0.9999960451095832,0,0,0.6979711435035792,0.0891053860359904,TNFAIP6;ADORA3;CXCR2;ADORA1;CXCL1;CXCL3;CXCL5;CCL26
GO_Biological_Process_2023,Plasma Membrane Bounded Cell Projection Organization (GO:0120036),4/132,0.8802676572599403,0.9999960451095832,0,0,0.6223026315789474,0.0793617952082255,GPRIN2;NLGN1;ADGRF1;RAB25
GO_Biological_Process_2023,Negative Regulation Of Nucleic Acid-Templated Transcription (GO:1903507),17/456,0.8813968729371123,0.9999960451095832,0,0,0.7689908421925254,0.097082997878296,CDKN1C;TFAP2A;FOXE1;MSX2;BHLHE41;PASD1;TWIST1;NR0B1;FOXL2;GLI3;ERN2;SFRP2;CREB3L1;PAX9;PRAME;RCOR2;TP63
GO_Biological_Process_2023,Cellular Response To Ketone (GO:1901655),1/44,0.8838495093853892,0.9999960451095832,0,0,0.4637253227262744,0.0572554556745798,POSTN
GO_Biological_Process_2023,Response To Unfolded Protein (GO:0006986),1/44,0.8838495093853892,0.9999960451095832,0,0,0.4637253227262744,0.0572554556745798,HSPB3
GO_Biological_Process_2023,Establishment Of Protein Localization To Mitochondrion (GO:0072655),1/44,0.8838495093853892,0.9999960451095832,0,0,0.4637253227262744,0.0572554556745798,HK2
GO_Biological_Process_2023,Lymphocyte Chemotaxis (GO:0048247),1/44,0.8838495093853892,0.9999960451095832,0,0,0.4637253227262744,0.0572554556745798,CCL26
GO_Biological_Process_2023,Negative Regulation Of Immune System Process (GO:0002683),1/44,0.8838495093853892,0.9999960451095832,0,0,0.4637253227262744,0.0572554556745798,ADTRP
GO_Biological_Process_2023,Nucleus Organization (GO:0006997),1/44,0.8838495093853892,0.9999960451095832,0,0,0.4637253227262744,0.0572554556745798,CEP55
GO_Biological_Process_2023,Positive Regulation Of Chemotaxis (GO:0050921),1/44,0.8838495093853892,0.9999960451095832,0,0,0.4637253227262744,0.0572554556745798,CCL26
GO_Biological_Process_2023,Regulation Of DNA Recombination (GO:0000018),1/44,0.8838495093853892,0.9999960451095832,0,0,0.4637253227262744,0.0572554556745798,TEX15
GO_Biological_Process_2023,Regulation Of Gene Expression (GO:0010468),46/1127,0.8843969613355367,0.9999960451095832,0,0,0.8419252038616553,0.1034298931977983,CRABP2;ZNF492;DLX4;AIRE;PERM1;TMPRSS4;TWIST1;VTCN1;NTS;PTHLH;FGF5;CALCR;CDH3;ZNF280A;CREB3L1;ZNF280B;AGR2;FGF20;ITGB8;CCN4;IGF2BP3;ZNF488;FGF23;TFAP2A;NTRK2;ARNT2;FZD7;TESC;PRRX2;HOXB-AS3;AHNAK2;SOX11;ESRRG;BMP6;MLF1;OVOL2;OLFM1;ZNF90;SFRP2;KRT17;PKP3;ADTRP;SLC26A9;ZNF257;VGLL1;ZNF695
GO_Biological_Process_2023,Negative Regulation Of Blood Vessel Morphogenesis (GO:2000181),2/77,0.8877636519448086,0.9999960451095832,0,0,0.5314005602240897,0.063263092757412,CCN6;SEMA3E
GO_Biological_Process_2023,Positive Regulation Of JNK Cascade (GO:0046330),2/77,0.8877636519448086,0.9999960451095832,0,0,0.5314005602240897,0.063263092757412,FZD7;WNT7B
GO_Biological_Process_2023,Regulation Of Stem Cell Differentiation (GO:2000736),1/45,0.889402017162795,0.9999960451095832,0,0,0.453162262711056,0.0531133057579689,SLC4A11
GO_Biological_Process_2023,Detection Of Chemical Stimulus Involved In Sensory Perception Of Taste (GO:0050912),1/45,0.889402017162795,0.9999960451095832,0,0,0.453162262711056,0.0531133057579689,CST2
GO_Biological_Process_2023,Triglyceride Metabolic Process (GO:0006641),1/45,0.889402017162795,0.9999960451095832,0,0,0.453162262711056,0.0531133057579689,PNPLA1
GO_Biological_Process_2023,Hexose Metabolic Process (GO:0019318),1/45,0.889402017162795,0.9999960451095832,0,0,0.453162262711056,0.0531133057579689,HK2
GO_Biological_Process_2023,Protein Autophosphorylation (GO:0046777),5/162,0.8905124193733942,0.9999960451095832,0,0,0.6338888404153216,0.073504627845242,DDR1;NTRK2;WNK2;MYO3A;MAPK15
GO_Biological_Process_2023,Organonitrogen Compound Catabolic Process (GO:1901565),2/78,0.8920304150407411,0.9999960451095832,0,0,0.5243808049535603,0.0599131547765468,PRSS16;SLC16A3
GO_Biological_Process_2023,Response To Tumor Necrosis Factor (GO:0034612),3/108,0.8940156216907034,0.9999960451095832,0,0,0.5690551299384107,0.0637524014084489,ADAM9;TNFRSF11A;CCL26
GO_Biological_Process_2023,B Cell Receptor Signaling Pathway (GO:0050853),1/46,0.8946893504005937,0.9999960451095832,0,0,0.4430686720298473,0.0493041126942421,IGHE
GO_Biological_Process_2023,Regulation Of Cytokine Production Involved In Inflammatory Response (GO:1900015),1/46,0.8946893504005937,0.9999960451095832,0,0,0.4430686720298473,0.0493041126942421,MACIR
GO_Biological_Process_2023,T Cell Differentiation (GO:0030217),1/46,0.8946893504005937,0.9999960451095832,0,0,0.4430686720298473,0.0493041126942421,GLI3
GO_Biological_Process_2023,Regulation Of mRNA Catabolic Process (GO:0061013),1/46,0.8946893504005937,0.9999960451095832,0,0,0.4430686720298473,0.0493041126942421,PKP3
GO_Biological_Process_2023,Antiviral Innate Immune Response (GO:0140374),1/46,0.8946893504005937,0.9999960451095832,0,0,0.4430686720298473,0.0493041126942421,TRIM31
GO_Biological_Process_2023,Response To Hydrogen Peroxide (GO:0042542),1/46,0.8946893504005937,0.9999960451095832,0,0,0.4430686720298473,0.0493041126942421,ADAM9
GO_Biological_Process_2023,Mitotic G2/M Transition Checkpoint (GO:0044818),1/46,0.8946893504005937,0.9999960451095832,0,0,0.4430686720298473,0.0493041126942421,DEPDC1B
GO_Biological_Process_2023,Positive Regulation Of Cell-Cell Adhesion (GO:0022409),1/46,0.8946893504005937,0.9999960451095832,0,0,0.4430686720298473,0.0493041126942421,CEACAM6
GO_Biological_Process_2023,Negative Regulation Of Signal Transduction (GO:0009968),9/267,0.8948830456853869,0.9999960451095832,0,0,0.6935400516795865,0.0770261147609753,TSPAN15;SFRP2;UBASH3B;CREB3L1;TWIST1;NR0B1;PRAME;SHISA2;GLI3
GO_Biological_Process_2023,Regulation Of Neuron Differentiation (GO:0045664),2/79,0.896146048992025,0.9999960451095832,0,0,0.5175433809887592,0.0567496037667386,NLGN1;SOX11
GO_Biological_Process_2023,Positive Regulation Of Cytoskeleton Organization (GO:0051495),2/79,0.896146048992025,0.9999960451095832,0,0,0.5175433809887592,0.0567496037667386,SCIN;CCL26
GO_Biological_Process_2023,Positive Regulation Of Endocytosis (GO:0045807),2/79,0.896146048992025,0.9999960451095832,0,0,0.5175433809887592,0.0567496037667386,NLGN1;SERPINE1
GO_Biological_Process_2023,Cilium Assembly (GO:0060271),8/243,0.8981720861808619,0.9999960451095832,0,0,0.6769286131977869,0.0726977982239193,SPAG17;VANGL2;MACIR;MCIDAS;CCDC13;DZIP1L;DCDC2;FHDC1
GO_Biological_Process_2023,Regulation Of Signal Transduction By P53 Class Mediator (GO:1901796),1/47,0.899724160400002,0.9999960451095832,0,0,0.4334139331173867,0.0457975722092605,MLF1
GO_Biological_Process_2023,Cognition (GO:0050890),1/47,0.899724160400002,0.9999960451095832,0,0,0.4334139331173867,0.0457975722092605,CHRNA7
GO_Biological_Process_2023,Secondary Alcohol Metabolic Process (GO:1902652),1/47,0.899724160400002,0.9999960451095832,0,0,0.4334139331173867,0.0457975722092605,SULT2B1
GO_Biological_Process_2023,Negative Regulation Of Hydrolase Activity (GO:0051346),1/47,0.899724160400002,0.9999960451095832,0,0,0.4334139331173867,0.0457975722092605,FZD10
GO_Biological_Process_2023,Negative Regulation Of Tumor Necrosis Factor Production (GO:0032720),1/47,0.899724160400002,0.9999960451095832,0,0,0.4334139331173867,0.0457975722092605,CHRNA7
GO_Biological_Process_2023,Positive Regulation Of Smooth Muscle Cell Proliferation (GO:0048661),1/47,0.899724160400002,0.9999960451095832,0,0,0.4334139331173867,0.0457975722092605,CCN4
GO_Biological_Process_2023,Glycoprotein Biosynthetic Process (GO:0009101),2/80,0.9001152443993128,0.9999960451095832,0,0,0.5108812755871579,0.0537613008174382,B3GALT5;GAL3ST4
GO_Biological_Process_2023,Protein Localization To Membrane (GO:0072657),6/192,0.9003658373030499,0.9999960451095832,0,0,0.641758540901048,0.0673551980087927,TSPAN15;NLGN1;TESC;WDR72;PKP3;SCN3B
GO_Biological_Process_2023,Sensory Perception Of Chemical Stimulus (GO:0007606),3/110,0.900955671188951,0.9999960451095832,0,0,0.5583596214511041,0.0582364741986862,OBP2A;ITPR3;NXNL2
GO_Biological_Process_2023,Positive Regulation Of Apoptotic Process (GO:0043065),9/270,0.901758596561854,0.9999960451095832,0,0,0.6854588578726509,0.0708822216114275,HRK;TFAP2A;OLFM1;SFRP2;SCIN;PMAIP1;FOXL2;PNMA2;TP63
GO_Biological_Process_2023,Peptidyl-Serine Modification (GO:0018209),5/166,0.9021594936529036,0.9999960451095832,0,0,0.6180091498733548,0.0636326646403407,PNCK;GALNT3;MYO3A;MBOAT4;STK32A
GO_Biological_Process_2023,Spindle Assembly (GO:0051225),2/81,0.9039425885046454,0.9999960451095832,0,0,0.5043878310817999,0.0509378390040614,ARHGEF10;MAP9
GO_Biological_Process_2023,Macromolecule Modification (GO:0043412),2/81,0.9039425885046454,0.9999960451095832,0,0,0.5043878310817999,0.0509378390040614,ST6GAL2;FBXL2
GO_Biological_Process_2023,Negative Regulation Of NF-kappaB Transcription Factor Activity (GO:0032088),2/81,0.9039425885046454,0.9999960451095832,0,0,0.5043878310817999,0.0509378390040614,PKHD1;ADORA3
GO_Biological_Process_2023,Mitotic Sister Chromatid Segregation (GO:0000070),3/111,0.9042697002084306,0.9999960451095832,0,0,0.5531604159364412,0.0556632173211088,ARHGEF10;MAP9;CEP55
GO_Biological_Process_2023,Regulation Of Intrinsic Apoptotic Signaling Pathway (GO:2001242),1/48,0.9045184955401174,0.9999960451095832,0,0,0.4241700341586479,0.0425665343802718,PMAIP1
GO_Biological_Process_2023,Cellular Response To Radiation (GO:0071478),1/48,0.9045184955401174,0.9999960451095832,0,0,0.4241700341586479,0.0425665343802718,DEPDC1B
GO_Biological_Process_2023,Cytoplasmic Microtubule Organization (GO:0031122),1/48,0.9045184955401174,0.9999960451095832,0,0,0.4241700341586479,0.0425665343802718,CCDC13
GO_Biological_Process_2023,Positive Regulation Of Reactive Oxygen Species Metabolic Process (GO:2000379),1/48,0.9045184955401174,0.9999960451095832,0,0,0.4241700341586479,0.0425665343802718,GRIN1
GO_Biological_Process_2023,Regulation Of Intracellular Signal Transduction (GO:1902531),10/297,0.9054966519042555,0.9999960451095832,0,0,0.6923979802752023,0.068735524007943,PKHD1;ARHGEF10;NTRK2;NLGN1;ARHGAP8;ARHGAP28;FBXL2;CD24;MLF1;OVOL2
GO_Biological_Process_2023,Small GTPase Mediated Signal Transduction (GO:0007264),3/112,0.9074831676158268,0.9999960451095832,0,0,0.5480566086881024,0.0532054786673128,ARHGAP8;RASGEF1A;RERG
GO_Biological_Process_2023,Erythrocyte Differentiation (GO:0030218),1/49,0.9090838302077082,0.9999960451095832,0,0,0.4153112976565232,0.0395866284011866,EPO
GO_Biological_Process_2023,Negative Regulation Of T Cell Activation (GO:0050868),1/49,0.9090838302077082,0.9999960451095832,0,0,0.4153112976565232,0.0395866284011866,VTCN1
GO_Biological_Process_2023,Negative Regulation Of Tumor Necrosis Factor Superfamily Cytokine Production (GO:1903556),1/49,0.9090838302077082,0.9999960451095832,0,0,0.4153112976565232,0.0395866284011866,CHRNA7
GO_Biological_Process_2023,Neurogenesis (GO:0022008),1/49,0.9090838302077082,0.9999960451095832,0,0,0.4153112976565232,0.0395866284011866,LPAR1
GO_Biological_Process_2023,Proton Transmembrane Transport (GO:1902600),1/49,0.9090838302077082,0.9999960451095832,0,0,0.4153112976565232,0.0395866284011866,SLC4A11
GO_Biological_Process_2023,Positive Regulation Of Cellular Component Organization (GO:0051130),3/113,0.9105986065237612,0.9999960451095832,0,0,0.5430455979351878,0.0508578962842187,HRK;MMP1;PROM2
GO_Biological_Process_2023,Regulation Of Epithelial Cell Migration (GO:0010632),1/50,0.9134310913407204,0.9999960451095832,0,0,0.4068141422361179,0.0368359383241847,RAB25
GO_Biological_Process_2023,Regulation Of Interferon-Beta Production (GO:0032648),1/50,0.9134310913407204,0.9999960451095832,0,0,0.4068141422361179,0.0368359383241847,PTPRS
GO_Biological_Process_2023,Steroid Biosynthetic Process (GO:0006694),1/50,0.9134310913407204,0.9999960451095832,0,0,0.4068141422361179,0.0368359383241847,CYP19A1
GO_Biological_Process_2023,Intracellular Iron Ion Homeostasis (GO:0006879),1/50,0.9134310913407204,0.9999960451095832,0,0,0.4068141422361179,0.0368359383241847,BMP6
GO_Biological_Process_2023,Mitotic Metaphase Plate Congression (GO:0007080),1/50,0.9134310913407204,0.9999960451095832,0,0,0.4068141422361179,0.0368359383241847,CEP55
GO_Biological_Process_2023,Plasma Membrane Bounded Cell Projection Morphogenesis (GO:0120039),1/50,0.9134310913407204,0.9999960451095832,0,0,0.4068141422361179,0.0368359383241847,NLGN1
GO_Biological_Process_2023,Positive Regulation Of Cell Death (GO:0010942),1/50,0.9134310913407204,0.9999960451095832,0,0,0.4068141422361179,0.0368359383241847,SLC6A6
GO_Biological_Process_2023,Positive Regulation Of Fat Cell Differentiation (GO:0045600),1/50,0.9134310913407204,0.9999960451095832,0,0,0.4068141422361179,0.0368359383241847,SFRP2
GO_Biological_Process_2023,Regulation Of Cysteine-Type Endopeptidase Activity Involved In Apoptotic Process (GO:0043281),2/84,0.9146178260794906,0.9999960451095832,0,0,0.4858577577372412,0.0433623080270611,PMAIP1;FOXL2
GO_Biological_Process_2023,Purine Ribonucleotide Metabolic Process (GO:0009150),2/84,0.9146178260794906,0.9999960451095832,0,0,0.4858577577372412,0.0433623080270611,SULT2B1;PTHLH
GO_Biological_Process_2023,Regulation Of Release Of Sequestered Calcium Ion Into Cytosol (GO:0051279),1/51,0.9175706854890584,0.9999960451095832,0,0,0.3986568730325288,0.0342947208617242,UBASH3B
GO_Biological_Process_2023,Regulation Of Telomere Maintenance Via Telomerase (GO:0032210),1/51,0.9175706854890584,0.9999960451095832,0,0,0.3986568730325288,0.0342947208617242,MAPK15
GO_Biological_Process_2023,Metaphase Plate Congression (GO:0051310),1/51,0.9175706854890584,0.9999960451095832,0,0,0.3986568730325288,0.0342947208617242,CEP55
GO_Biological_Process_2023,Response To Interleukin-1 (GO:0070555),2/85,0.9179215550139436,0.9999960451095832,0,0,0.4799787384833451,0.04110698424497,TNFRSF11A;CCL26
GO_Biological_Process_2023,Macromolecule Catabolic Process (GO:0009057),2/85,0.9179215550139436,0.9999960451095832,0,0,0.4799787384833451,0.04110698424497,PRSS16;SLC16A3
GO_Biological_Process_2023,Mitotic Spindle Organization (GO:0007052),2/85,0.9179215550139436,0.9999960451095832,0,0,0.4799787384833451,0.04110698424497,ARHGEF10;MAP9
GO_Biological_Process_2023,Negative Regulation Of Cell Cycle (GO:0045786),2/85,0.9179215550139436,0.9999960451095832,0,0,0.4799787384833451,0.04110698424497,CDKN1C;MCIDAS
GO_Biological_Process_2023,Regulation Of Protein Localization To Nucleus (GO:1900180),1/52,0.9215125227680356,0.9999960451095832,0,0,0.3908194967388844,0.0319451606148271,LIF
GO_Biological_Process_2023,Cardiac Muscle Tissue Development (GO:0048738),1/52,0.9215125227680356,0.9999960451095832,0,0,0.3908194967388844,0.0319451606148271,MSX2
GO_Biological_Process_2023,Cartilage Development (GO:0051216),1/52,0.9215125227680356,0.9999960451095832,0,0,0.3908194967388844,0.0319451606148271,ITGB8
GO_Biological_Process_2023,Cellular Response To Ionizing Radiation (GO:0071479),1/52,0.9215125227680356,0.9999960451095832,0,0,0.3908194967388844,0.0319451606148271,DEPDC1B
GO_Biological_Process_2023,Icosanoid Metabolic Process (GO:0006690),1/52,0.9215125227680356,0.9999960451095832,0,0,0.3908194967388844,0.0319451606148271,ALOXE3
GO_Biological_Process_2023,Negative Regulation Of Response To Stimulus (GO:0048585),1/52,0.9215125227680356,0.9999960451095832,0,0,0.3908194967388844,0.0319451606148271,UBASH3B
GO_Biological_Process_2023,Positive Regulation Of Telomere Maintenance (GO:0032206),1/52,0.9215125227680356,0.9999960451095832,0,0,0.3908194967388844,0.0319451606148271,MAPK15
GO_Biological_Process_2023,Regulation Of Cell Development (GO:0060284),1/52,0.9215125227680356,0.9999960451095832,0,0,0.3908194967388844,0.0319451606148271,BHLHE41
GO_Biological_Process_2023,Cellular Response To Oxidative Stress (GO:0034599),3/117,0.9221294466875012,0.9999960451095832,0,0,0.5238806796170237,0.0424708325437321,SLC4A11;ANKRD2;SLC25A24
GO_Biological_Process_2023,Regulation Of Cold-Induced Thermogenesis (GO:0120161),4/146,0.9221530168122172,0.9999960451095832,0,0,0.560533728687917,0.0454279556868576,OXTR;MUC1;ELOVL3;ESRRG
GO_Biological_Process_2023,Negative Regulation Of Response To External Stimulus (GO:0032102),4/146,0.9221530168122172,0.9999960451095832,0,0,0.560533728687917,0.0454279556868576,PTPRS;MACIR;TNFAIP6;SERPINE1
GO_Biological_Process_2023,Regulation Of Small GTPase Mediated Signal Transduction (GO:0051056),3/118,0.9247914320044331,0.9999960451095832,0,0,0.5192977643670278,0.0406023580905725,ARHGEF10;ARHGAP8;ARHGAP28
GO_Biological_Process_2023,Regulation Of Cyclin-Dependent Protein Kinase Activity (GO:1904029),1/53,0.9252660409531313,0.9999960451095832,0,0,0.3832835579949956,0.0297711559611385,CDKN1C
GO_Biological_Process_2023,Regulation Of Macromolecule Biosynthetic Process (GO:0010556),1/53,0.9252660409531313,0.9999960451095832,0,0,0.3832835579949956,0.0297711559611385,PKP3
GO_Biological_Process_2023,Blood Vessel Morphogenesis (GO:0048514),1/53,0.9252660409531313,0.9999960451095832,0,0,0.3832835579949956,0.0297711559611385,ITGB8
GO_Biological_Process_2023,Regulation Of Proteasomal Protein Catabolic Process (GO:0061136),1/53,0.9252660409531313,0.9999960451095832,0,0,0.3832835579949956,0.0297711559611385,FOXF2
GO_Biological_Process_2023,Glycoprotein Metabolic Process (GO:0009100),1/53,0.9252660409531313,0.9999960451095832,0,0,0.3832835579949956,0.0297711559611385,GAL3ST4
GO_Biological_Process_2023,mRNA Stabilization (GO:0048255),1/53,0.9252660409531313,0.9999960451095832,0,0,0.3832835579949956,0.0297711559611385,IGF2BP3
GO_Biological_Process_2023,Negative Regulation Of Cysteine-Type Endopeptidase Activity (GO:2000117),1/53,0.9252660409531313,0.9999960451095832,0,0,0.3832835579949956,0.0297711559611385,CST2
GO_Biological_Process_2023,"Regulation Of Alternative mRNA Splicing, Via Spliceosome (GO:0000381)",1/53,0.9252660409531313,0.9999960451095832,0,0,0.3832835579949956,0.0297711559611385,CELF4
GO_Biological_Process_2023,Negative Regulation Of Protein Kinase Activity (GO:0006469),2/88,0.927125608239358,0.9999960451095832,0,0,0.4631620089896424,0.0350457198002335,CDKN1C;UBASH3B
GO_Biological_Process_2023,Regulation Of Protein-Containing Complex Assembly (GO:0043254),3/119,0.9273697892873468,0.9999960451095832,0,0,0.5147938648972044,0.0388169417001313,HRK;MMP1;MAPK15
GO_Biological_Process_2023,Defense Response To Bacterium (GO:0042742),6/204,0.927928818430816,0.9999960451095832,0,0,0.6024805012146784,0.0450656941684529,CHGA;PGLYRP4;DMBT1;ANXA3;SERPINE1;PI3
GO_Biological_Process_2023,Regulation Of Lipid Metabolic Process (GO:0019216),1/54,0.9288402278954484,0.9999960451095832,0,0,0.3760319942980459,0.02775813200344,ADGRF1
GO_Biological_Process_2023,Regulation Of Myoblast Differentiation (GO:0045661),1/54,0.9288402278954484,0.9999960451095832,0,0,0.3760319942980459,0.02775813200344,ANKRD2
GO_Biological_Process_2023,Regulation Of Smooth Muscle Cell Proliferation (GO:0048660),1/54,0.9288402278954484,0.9999960451095832,0,0,0.3760319942980459,0.02775813200344,CCN4
GO_Biological_Process_2023,Nucleosome Assembly (GO:0006334),1/54,0.9288402278954484,0.9999960451095832,0,0,0.3760319942980459,0.02775813200344,H2BC9
GO_Biological_Process_2023,Organelle Disassembly (GO:1903008),1/54,0.9288402278954484,0.9999960451095832,0,0,0.3760319942980459,0.02775813200344,PLAAT1
GO_Biological_Process_2023,Positive Regulation Of Leukocyte Chemotaxis (GO:0002690),1/54,0.9288402278954484,0.9999960451095832,0,0,0.3760319942980459,0.02775813200344,SERPINE1
GO_Biological_Process_2023,Negative Regulation Of DNA-binding Transcription Factor Activity (GO:0043433),4/149,0.9292047541421048,0.9999960451095832,0,0,0.5488493647912885,0.0402999022174516,PKHD1;ADORA3;FOXH1;NR0B1
GO_Biological_Process_2023,Cellular Response To Chemical Stress (GO:0062197),2/89,0.9299707757989776,0.9999960451095832,0,0,0.4578141601468173,0.033238277311093,SLC4A11;SLC25A24
GO_Biological_Process_2023,Regulation Of Vesicle-Mediated Transport (GO:0060627),2/89,0.9299707757989776,0.9999960451095832,0,0,0.4578141601468173,0.033238277311093,RAB25;SYT1
GO_Biological_Process_2023,Positive Regulation Of DNA Repair (GO:0045739),2/89,0.9299707757989776,0.9999960451095832,0,0,0.4578141601468173,0.033238277311093,DEPDC1B;SPIRE1
GO_Biological_Process_2023,Positive Regulation Of Developmental Process (GO:0051094),7/233,0.9318584630501346,0.9999960451095832,0,0,0.6155441963910252,0.0434416250989656,SLC6A6;NLGN1;AGR2;FOXO6;SPIRE1;VLDLR;LRP8
GO_Biological_Process_2023,Regulation Of RNA Metabolic Process (GO:0051252),2/91,0.9353489136734277,0.9999960451095832,0,0,0.4474789915966387,0.0299075490856008,AHNAK2;HOXB-AS3
GO_Biological_Process_2023,Regulation Of Mitotic Nuclear Division (GO:0007088),1/56,0.9354844369677194,0.9999960451095832,0,0,0.3623199465801774,0.024163396029731,TGFA
GO_Biological_Process_2023,Mitotic DNA Damage Checkpoint Signaling (GO:0044773),1/56,0.9354844369677194,0.9999960451095832,0,0,0.3623199465801774,0.024163396029731,DEPDC1B
GO_Biological_Process_2023,Positive Regulation Of DNA-templated Transcription Initiation (GO:2000144),1/56,0.9354844369677194,0.9999960451095832,0,0,0.3623199465801774,0.024163396029731,TWIST1
GO_Biological_Process_2023,Regulation Of Cellular Component Organization (GO:0051128),4/153,0.9377093176088928,0.9999960451095832,0,0,0.5340021193924408,0.0343444925948291,NRG3;PIFO;MELTF;MLLT3
GO_Biological_Process_2023,Positive Regulation Of Protein Catabolic Process (GO:0045732),2/92,0.937888892327282,0.9999960451095832,0,0,0.4424836601307189,0.0283737287115034,ADAM9;ASB11
GO_Biological_Process_2023,Endosome To Lysosome Transport (GO:0008333),1/57,0.9385703728774074,0.9999960451095832,0,0,0.3558312097136861,0.0225587882474608,CACNG5
GO_Biological_Process_2023,Myeloid Cell Differentiation (GO:0030099),1/57,0.9385703728774074,0.9999960451095832,0,0,0.3558312097136861,0.0225587882474608,EPO
GO_Biological_Process_2023,Post-Transcriptional Regulation Of Gene Expression (GO:0010608),1/57,0.9385703728774074,0.9999960451095832,0,0,0.3558312097136861,0.0225587882474608,PKP3
GO_Biological_Process_2023,Negative Regulation Of Growth (GO:0045926),3/124,0.9390847544079144,0.9999960451095832,0,0,0.493391036838126,0.0310094014627446,SFRP2;TMPRSS4;RERG
GO_Biological_Process_2023,Protein Dephosphorylation (GO:0006470),3/124,0.9390847544079144,0.9999960451095832,0,0,0.493391036838126,0.0310094014627446,PTPRS;UBASH3B;MTMR7
GO_Biological_Process_2023,Response To Cytokine (GO:0034097),3/125,0.9412073117960608,0.9999960451095832,0,0,0.4893209908465636,0.0296488658261048,FOXH1;ADAM9;TNFRSF11A
GO_Biological_Process_2023,Regulation Of Phagocytosis (GO:0050764),1/58,0.9415088427508764,0.9999960451095832,0,0,0.3495701478249664,0.021069130705161,OLFM4
GO_Biological_Process_2023,Cellular Response To Growth Factor Stimulus (GO:0071363),4/155,0.9416038303266656,0.9999960451095832,0,0,0.5268734750784245,0.031702322178108,DLX5;LRP2;BMP6;OVOL2
GO_Biological_Process_2023,Positive Regulation Of Response To External Stimulus (GO:0032103),4/155,0.9416038303266656,0.9999960451095832,0,0,0.5268734750784245,0.031702322178108,SERPINE1;CCN4;BMP6;CCL26
GO_Biological_Process_2023,Cellular Response To Starvation (GO:0009267),3/126,0.9432611680748404,0.9999960451095832,0,0,0.48531712446462,0.0283483828031055,AOC1;PMAIP1;ELAPOR1
GO_Biological_Process_2023,Regulation Of Multicellular Organismal Development (GO:2000026),1/59,0.9443068864455127,0.9999960451095832,0,0,0.3435249846220646,0.0196853811718597,CD24
GO_Biological_Process_2023,Cilium Movement (GO:0003341),1/59,0.9443068864455127,0.9999960451095832,0,0,0.3435249846220646,0.0196853811718597,SPAG17
GO_Biological_Process_2023,protein-DNA Complex Assembly (GO:0065004),1/59,0.9443068864455127,0.9999960451095832,0,0,0.3435249846220646,0.0196853811718597,H2BC9
GO_Biological_Process_2023,Regulation Of GTPase Activity (GO:0043087),6/214,0.9455243343324784,0.9999960451095832,0,0,0.5732108081791626,0.0321087784237783,NTRK2;RASGEF1A;FZD10;EFNA5;PROM2;CCL26
GO_Biological_Process_2023,Histone Acetylation (GO:0016573),1/60,0.9469712081522256,0.9999960451095832,0,0,0.3376847422057019,0.0183992899210711,CPA4
GO_Biological_Process_2023,Negative Regulation Of Peptidase Activity (GO:0010466),1/60,0.9469712081522256,0.9999960451095832,0,0,0.3376847422057019,0.0183992899210711,SERPINE1
GO_Biological_Process_2023,protein-DNA Complex Organization (GO:0071824),1/60,0.9469712081522256,0.9999960451095832,0,0,0.3376847422057019,0.0183992899210711,M1AP
GO_Biological_Process_2023,Peptide Biosynthetic Process (GO:0043043),4/158,0.9470305665289226,0.9999960451095832,0,0,0.5165276828434723,0.0281114556562718,PCSK1;GGTLC1;GGT6;IGF2BP3
GO_Biological_Process_2023,Regulation Of Protein Metabolic Process (GO:0051246),2/96,0.9471320890654444,0.9999960451095832,0,0,0.4235651707491507,0.0230066682115694,CHRNA7;PKP3
GO_Biological_Process_2023,Positive Regulation Of Supramolecular Fiber Organization (GO:1902905),2/96,0.9471320890654444,0.9999960451095832,0,0,0.4235651707491507,0.0230066682115694,SCIN;CCL26
GO_Biological_Process_2023,Regulation Of Defense Response (GO:0031347),2/97,0.9492293080950128,0.9999960451095832,0,0,0.4190844758956214,0.0218363456011792,FBXL2;LRP8
GO_Biological_Process_2023,Regulation Of Protein Localization (GO:0032880),2/97,0.9492293080950128,0.9999960451095832,0,0,0.4190844758956214,0.0218363456011792,DZIP1L;TRIM46
GO_Biological_Process_2023,Autophagosome Organization (GO:1905037),1/61,0.9495081920904604,0.9999960451095832,0,0,0.3320391745365512,0.0172033218396734,ELAPOR1
GO_Biological_Process_2023,Negative Regulation Of Viral Process (GO:0048525),1/61,0.9495081920904604,0.9999960451095832,0,0,0.3320391745365512,0.0172033218396734,TRIM31
GO_Biological_Process_2023,Positive Regulation Of Interleukin-8 Production (GO:0032757),1/61,0.9495081920904604,0.9999960451095832,0,0,0.3320391745365512,0.0172033218396734,SERPINE1
GO_Biological_Process_2023,Positive Regulation Of Organelle Assembly (GO:1902117),1/61,0.9495081920904604,0.9999960451095832,0,0,0.3320391745365512,0.0172033218396734,ELAPOR1
GO_Biological_Process_2023,Positive Regulation Of Programmed Cell Death (GO:0043068),7/245,0.9505596263251288,0.9999960451095832,0,0,0.5841356606000373,0.0296182408788851,HRK;OLFM1;SFRP2;SCIN;PMAIP1;FOXL2;PNMA2
GO_Biological_Process_2023,Phosphatidylinositol Biosynthetic Process (GO:0006661),2/98,0.95124701357932,0.9999960451095832,0,0,0.4146971288515406,0.0207271883944989,PITPNM3;MTMR7
GO_Biological_Process_2023,Positive Regulation Of DNA-binding Transcription Factor Activity (GO:0051091),7/246,0.9518890734786872,0.9999960451095832,0,0,0.5816606504575117,0.0286798081630948,FZD1;ANXA3;ROR1;TNFRSF11A;NTS;TRIM31;LRP8
GO_Biological_Process_2023,Spliceosomal Complex Assembly (GO:0000245),1/62,0.9519239181003154,0.9999960451095832,0,0,0.326578707446717,0.0160905869144597,CELF4
GO_Biological_Process_2023,Fat Cell Differentiation (GO:0045444),1/62,0.9519239181003154,0.9999960451095832,0,0,0.326578707446717,0.0160905869144597,ALOXE3
GO_Biological_Process_2023,Positive Regulation Of Apoptotic Signaling Pathway (GO:2001235),1/62,0.9519239181003154,0.9999960451095832,0,0,0.326578707446717,0.0160905869144597,PMAIP1
GO_Biological_Process_2023,Regulation Of T Cell Activation (GO:0050863),1/62,0.9519239181003154,0.9999960451095832,0,0,0.326578707446717,0.0160905869144597,VTCN1
GO_Biological_Process_2023,Neuron Projection Development (GO:0031175),5/192,0.9546703253141358,0.9999960451095832,0,0,0.5313501969424612,0.0246489143790299,GPRIN2;NLGN1;ADGRF1;GRM7;NMNAT2
GO_Biological_Process_2023,Regulation Of Organelle Organization (GO:0033043),2/100,0.9550550113362004,0.9999960451095832,0,0,0.4061910478477105,0.0186792382774547,CAPN6;MAPK15
GO_Biological_Process_2023,Positive Regulation Of T Cell Differentiation (GO:0045582),1/64,0.9564144794388934,0.9999960451095832,0,0,0.3161778177517946,0.0140901179142211,GLI3
GO_Biological_Process_2023,Positive Regulation Of Macroautophagy (GO:0016239),1/64,0.9564144794388934,0.9999960451095832,0,0,0.3161778177517946,0.0140901179142211,ELAPOR1
GO_Biological_Process_2023,Protein N-linked Glycosylation (GO:0006487),1/64,0.9564144794388934,0.9999960451095832,0,0,0.3161778177517946,0.0140901179142211,GAL3ST1
GO_Biological_Process_2023,Visual Perception (GO:0007601),2/101,0.9568506538626562,0.9999960451095832,0,0,0.402066887361005,0.0177343486881983,FSCN2;NXNL2
GO_Biological_Process_2023,Autophagosome Assembly (GO:0000045),1/65,0.9585000791662536,0.9999960451095832,0,0,0.3112211437565582,0.0131913054619955,ELAPOR1
GO_Biological_Process_2023,Cellular Response To Light Stimulus (GO:0071482),1/65,0.9585000791662536,0.9999960451095832,0,0,0.3112211437565582,0.0131913054619955,DMBT1
GO_Biological_Process_2023,Positive Regulation Of T Cell Proliferation (GO:0042102),1/65,0.9585000791662536,0.9999960451095832,0,0,0.3112211437565582,0.0131913054619955,CD24
GO_Biological_Process_2023,Sensory Perception Of Light Stimulus (GO:0050953),2/102,0.9585774868237612,0.9999960451095832,0,0,0.3980252100840336,0.0168384079564325,FSCN2;NXNL2
GO_Biological_Process_2023,Regulation Of RNA Splicing (GO:0043484),2/102,0.9585774868237612,0.9999960451095832,0,0,0.3980252100840336,0.0168384079564325,AHNAK2;HOXB-AS3
GO_Biological_Process_2023,Endomembrane System Organization (GO:0010256),5/196,0.9599451825799066,0.9999960451095832,0,0,0.5201121047782455,0.0212617135097074,ANXA8L1;ANXA8;SPTSSB;MAPK15;DNM1
GO_Biological_Process_2023,Positive Regulation Of Multicellular Organismal Process (GO:0051240),12/387,0.9604534082564018,0.9999960451095832,0,0,0.6342590233545647,0.0255922283887054,HCAR2;OLFM1;OXTR;MUC1;AVPR1B;SERPINE1;ELOVL3;HILPDA;TWIST1;SOX11;ESRRG;TNFRSF11A
GO_Biological_Process_2023,Regulation Of Endocytosis (GO:0030100),1/66,0.9604859752406943,0.9999960451095832,0,0,0.3064169828073291,0.0123534759467255,OLFM4
GO_Biological_Process_2023,Cellular Response To Type II Interferon (GO:0071346),1/66,0.9604859752406943,0.9999960451095832,0,0,0.3064169828073291,0.0123534759467255,CCL26
GO_Biological_Process_2023,Response To Reactive Oxygen Species (GO:0000302),1/66,0.9604859752406943,0.9999960451095832,0,0,0.3064169828073291,0.0123534759467255,PTPRN
GO_Biological_Process_2023,Peptidyl-Threonine Modification (GO:0018210),1/66,0.9604859752406943,0.9999960451095832,0,0,0.3064169828073291,0.0123534759467255,GALNT3
GO_Biological_Process_2023,Regulation Of Cytokine Production (GO:0001817),4/167,0.9606559182946351,0.9999960451095832,0,0,0.4877752663868259,0.01957880146907,HILPDA;CCN4;IGF2BP3;VTCN1
GO_Biological_Process_2023,Negative Regulation Of Gene Expression (GO:0010629),10/336,0.9619729666477606,0.9999960451095832,0,0,0.6082978059685973,0.0235830550034137,OLFM1;SFRP2;PIWIL3;KRT17;CREB3L1;ITGB8;SOX11;IGF2BP3;NTS;OVOL2
GO_Biological_Process_2023,Cholesterol Metabolic Process (GO:0008203),1/67,0.9623769293149612,0.9999960451095832,0,0,0.301758402492925,0.0115721591223035,SULT2B1
GO_Biological_Process_2023,Peptidyl-Tyrosine Phosphorylation (GO:0018108),1/67,0.9623769293149612,0.9999960451095832,0,0,0.301758402492925,0.0115721591223035,DDR1
GO_Biological_Process_2023,Protein Secretion (GO:0009306),1/67,0.9623769293149612,0.9999960451095832,0,0,0.301758402492925,0.0115721591223035,PTPRN
GO_Biological_Process_2023,Regulation Of Cell Growth (GO:0001558),6/227,0.9626113059965262,0.9999960451095832,0,0,0.5391202245260324,0.0205434871807575,SFRP2;SLC44A4;NRG3;MELTF;PRSS2;RERG
GO_Biological_Process_2023,Negative Regulation Of MAPK Cascade (GO:0043409),2/105,0.963369434601121,0.9999960451095832,0,0,0.3863710532756792,0.0144187154681128,DUSP4;WNK2
GO_Biological_Process_2023,Positive Regulation Of Stress-Activated MAPK Cascade (GO:0032874),2/105,0.963369434601121,0.9999960451095832,0,0,0.3863710532756792,0.0144187154681128,FZD7;WNT7B
GO_Biological_Process_2023,Apoptotic Process (GO:0006915),6/228,0.9636983881566,0.9999960451095832,0,0,0.536663245524005,0.0198441478235432,EGLN3;PAX3;PMAIP1;EFNA5;TP63;HK2
GO_Biological_Process_2023,Regulation Of Endopeptidase Activity (GO:0052548),1/69,0.9658919328354624,0.9999960451095832,0,0,0.2928522930683291,0.0101629473657388,SERPINE1
GO_Biological_Process_2023,Establishment Of Protein Localization To Membrane (GO:0090150),1/69,0.9658919328354624,0.9999960451095832,0,0,0.2928522930683291,0.0101629473657388,GRIN3B
GO_Biological_Process_2023,Negative Regulation Of Translation (GO:0017148),2/107,0.96626323510486,0.9999960451095832,0,0,0.3789715886354541,0.0130059190464574,IGF2BP3;NMNAT2
GO_Biological_Process_2023,Negative Regulation Of Extrinsic Apoptotic Signaling Pathway (GO:2001237),1/70,0.967524412393586,0.9999960451095832,0,0,0.2885928494304788,0.0095277838209536,SERPINE1
GO_Biological_Process_2023,Positive Regulation Of Protein Polymerization (GO:0032273),1/70,0.967524412393586,0.9999960451095832,0,0,0.2885928494304788,0.0095277838209536,CCL26
GO_Biological_Process_2023,Protein K48-linked Ubiquitination (GO:0070936),1/70,0.967524412393586,0.9999960451095832,0,0,0.2885928494304788,0.0095277838209536,TRIM31
GO_Biological_Process_2023,Regulation Of Cellular Biosynthetic Process (GO:0031326),1/70,0.967524412393586,0.9999960451095832,0,0,0.2885928494304788,0.0095277838209536,PKP3
GO_Biological_Process_2023,Positive Regulation Of Cellular Biosynthetic Process (GO:0031328),4/174,0.968924712269846,0.9999960451095832,0,0,0.4675170278637771,0.0147587488459206,CDH3;AVPR1B;DUOXA2;HTR2C
GO_Biological_Process_2023,Negative Regulation Of Developmental Process (GO:0051093),2/109,0.9689364291491732,0.9999960451095832,0,0,0.3718487394957983,0.0117341606493472,PTPRS;PRAME
GO_Biological_Process_2023,Regulation Of Double-Strand Break Repair Via Homologous Recombination (GO:0010569),1/71,0.9690788304112694,0.9999960451095832,0,0,0.2844551041822815,0.0089345408429521,TEX15
GO_Biological_Process_2023,Lipid Biosynthetic Process (GO:0008610),1/71,0.9690788304112694,0.9999960451095832,0,0,0.2844551041822815,0.0089345408429521,CYP19A1
GO_Biological_Process_2023,Negative Regulation Of Supramolecular Fiber Organization (GO:1902904),1/71,0.9690788304112694,0.9999960451095832,0,0,0.2844551041822815,0.0089345408429521,PLEKHH2
GO_Biological_Process_2023,Response To Lipid (GO:0033993),2/110,0.9701953211370312,0.9999960451095832,0,0,0.3683862433862434,0.0111465814996129,CYP24A1;TNFRSF11A
GO_Biological_Process_2023,Regulation Of JNK Cascade (GO:0046328),2/110,0.9701953211370312,0.9999960451095832,0,0,0.3683862433862434,0.0111465814996129,FZD7;WNT7B
GO_Biological_Process_2023,Cholesterol Homeostasis (GO:0042632),1/72,0.9705589159008684,0.9999960451095832,0,0,0.2804339151382587,0.0083802547708626,CD24
GO_Biological_Process_2023,Response To Ionizing Radiation (GO:0010212),1/72,0.9705589159008684,0.9999960451095832,0,0,0.2804339151382587,0.0083802547708626,DEPDC1B
GO_Biological_Process_2023,Second-Messenger-Mediated Signaling (GO:0019932),1/72,0.9705589159008684,0.9999960451095832,0,0,0.2804339151382587,0.0083802547708626,RYR2
GO_Biological_Process_2023,Negative Regulation Of Catabolic Process (GO:0009895),1/72,0.9705589159008684,0.9999960451095832,0,0,0.2804339151382587,0.0083802547708626,HCAR2
GO_Biological_Process_2023,Positive Regulation Of Protein Localization To Nucleus (GO:1900182),1/72,0.9705589159008684,0.9999960451095832,0,0,0.2804339151382587,0.0083802547708626,LIF
GO_Biological_Process_2023,Positive Regulation Of Hydrolase Activity (GO:0051345),4/176,0.9709709023707772,0.9999960451095832,0,0,0.46203182374541,0.0136108928332866,RASGEF1A;FZD10;PRSS22;CCL26
GO_Biological_Process_2023,Cytoskeleton Organization (GO:0007010),2/111,0.9714049546428491,0.9999960451095832,0,0,0.3649872793153959,0.0105889556759584,PCLO;KRT4
GO_Biological_Process_2023,Negative Regulation Of Inflammatory Response (GO:0050728),2/111,0.9714049546428491,0.9999960451095832,0,0,0.3649872793153959,0.0105889556759584,MACIR;TNFAIP6
GO_Biological_Process_2023,Sterol Homeostasis (GO:0055092),1/73,0.9719682196802631,0.9999960451095832,0,0,0.2765244257899032,0.0078621897205838,CD24
GO_Biological_Process_2023,Protein Tetramerization (GO:0051262),1/73,0.9719682196802631,0.9999960451095832,0,0,0.2765244257899032,0.0078621897205838,GRIN1
GO_Biological_Process_2023,Positive Regulation Of Nucleic Acid-Templated Transcription (GO:1903508),18/557,0.9719736979241552,0.9999960451095832,0,0,0.6603039817325531,0.0187701540074257,FZD1;CDKN1C;TFAP2A;ARNT2;FOXF2;FOXE1;AIRE;EPO;DLX5;FZD7;TESC;FOXH1;PAX3;FOXL2;MLLT3;GLI3;NDP;TP63
GO_Biological_Process_2023,Negative Regulation Of Defense Response (GO:0031348),2/112,0.9725671581489213,0.9999960451095832,0,0,0.361650114591291,0.0100597133472436,MACIR;TNFAIP6
GO_Biological_Process_2023,Import Into Nucleus (GO:0051170),1/74,0.973310123564776,0.9999960451095832,0,0,0.2727220457387629,0.0073778181399408,MMP12
GO_Biological_Process_2023,Regulation Of Cell Cycle G1/S Phase Transition (GO:1902806),1/74,0.973310123564776,0.9999960451095832,0,0,0.2727220457387629,0.0073778181399408,MLF1
GO_Biological_Process_2023,Regulation Of Fat Cell Differentiation (GO:0045598),1/75,0.974587847549516,0.9999960451095832,0,0,0.2690224327160319,0.0069248036249598,SFRP2
GO_Biological_Process_2023,Negative Regulation Of Phosphorylation (GO:0042326),1/75,0.974587847549516,0.9999960451095832,0,0,0.2690224327160319,0.0069248036249598,CDKN1C
GO_Biological_Process_2023,Nucleosome Organization (GO:0034728),1/75,0.974587847549516,0.9999960451095832,0,0,0.2690224327160319,0.0069248036249598,H2BC9
GO_Biological_Process_2023,Defense Response To Symbiont (GO:0140546),3/148,0.9745968775395556,0.9999960451095832,0,0,0.4112041770912651,0.0105808395955808,SLFN13;PMAIP1;TRIM31
GO_Biological_Process_2023,Negative Regulation Of Protein Phosphorylation (GO:0001933),3/149,0.9755295837446404,0.9999960451095832,0,0,0.4083661034527462,0.0101171855296737,SFRP2;UBASH3B;PMEPA1
GO_Biological_Process_2023,Positive Regulation Of Interleukin-6 Production (GO:0032755),1/76,0.9758044581038188,0.9999960451095832,0,0,0.2654214760405736,0.0065009849196993,TWIST1
GO_Biological_Process_2023,Positive Regulation Of Endothelial Cell Proliferation (GO:0001938),1/77,0.976962875513567,0.9999960451095832,0,0,0.2619152813828906,0.0061043615362404,CCL26
GO_Biological_Process_2023,Positive Regulation Of Response To Stimulus (GO:0048584),1/77,0.976962875513567,0.9999960451095832,0,0,0.2619152813828906,0.0061043615362404,DEPDC1B
GO_Biological_Process_2023,Regulation Of T Cell Proliferation (GO:0042129),1/77,0.976962875513567,0.9999960451095832,0,0,0.2619152813828906,0.0061043615362404,VTCN1
GO_Biological_Process_2023,Regulation Of Innate Immune Response (GO:0045088),1/78,0.9780658801985306,0.9999960451095832,0,0,0.2585001567163162,0.0057330808550827,LRP8
GO_Biological_Process_2023,Cellular Response To Nutrient Levels (GO:0031669),1/78,0.9780658801985306,0.9999960451095832,0,0,0.2585001567163162,0.0057330808550827,ELAPOR1
GO_Biological_Process_2023,Positive Regulation Of Tumor Necrosis Factor Production (GO:0032760),1/78,0.9780658801985306,0.9999960451095832,0,0,0.2585001567163162,0.0057330808550827,TWIST1
GO_Biological_Process_2023,Proteolysis Involved In Protein Catabolic Process (GO:0051603),1/78,0.9780658801985306,0.9999960451095832,0,0,0.2585001567163162,0.0057330808550827,PMAIP1
GO_Biological_Process_2023,Regulation Of TOR Signaling (GO:0032006),1/78,0.9780658801985306,0.9999960451095832,0,0,0.2585001567163162,0.0057330808550827,PKHD1
GO_Biological_Process_2023,Positive Regulation Of NF-kappaB Transcription Factor Activity (GO:0051092),3/152,0.9781362974496968,0.9999960451095832,0,0,0.4000804522261977,0.0088442805822466,ROR1;TNFRSF11A;NTS
GO_Biological_Process_2023,Cellular Response To UV (GO:0034644),1/79,0.9791161203041384,0.9999960451095832,0,0,0.2551725993488847,0.0053854259634116,MMP1
GO_Biological_Process_2023,Response To Insulin (GO:0032868),1/79,0.9791161203041384,0.9999960451095832,0,0,0.2551725993488847,0.0053854259634116,PKM
GO_Biological_Process_2023,Negative Regulation Of Cellular Component Organization (GO:0051129),1/79,0.9791161203041384,0.9999960451095832,0,0,0.2551725993488847,0.0053854259634116,BMP6
GO_Biological_Process_2023,Positive Regulation Of Catabolic Process (GO:0009896),1/79,0.9791161203041384,0.9999960451095832,0,0,0.2551725993488847,0.0053854259634116,ASB11
GO_Biological_Process_2023,Protein Import Into Nucleus (GO:0006606),1/79,0.9791161203041384,0.9999960451095832,0,0,0.2551725993488847,0.0053854259634116,MMP12
GO_Biological_Process_2023,Cellular Response To Tumor Necrosis Factor (GO:0071356),2/119,0.9795155196821972,0.9999960451095832,0,0,0.3398872369460605,0.0070347131786018,TNFRSF11A;CCL26
GO_Biological_Process_2023,Regulation Of Cytokinesis (GO:0032465),1/80,0.9801161174952708,0.9999960451095832,0,0,0.2519292839401225,0.0050598049509135,MAP9
GO_Biological_Process_2023,Response To Type II Interferon (GO:0034341),1/80,0.9801161174952708,0.9999960451095832,0,0,0.2519292839401225,0.0050598049509135,CCL26
GO_Biological_Process_2023,Negative Regulation Of Protein Serine/Threonine Kinase Activity (GO:0071901),1/80,0.9801161174952708,0.9999960451095832,0,0,0.2519292839401225,0.0050598049509135,PKIA
GO_Biological_Process_2023,Regulation Of Interleukin-8 Production (GO:0032677),1/81,0.981068272772473,0.9999960451095832,0,0,0.2487670514165792,0.0047547410639987,SERPINE1
GO_Biological_Process_2023,Cellular Response To Interleukin-1 (GO:0071347),1/81,0.981068272772473,0.9999960451095832,0,0,0.2487670514165792,0.0047547410639987,CCL26
GO_Biological_Process_2023,Histone Modification (GO:0016570),1/81,0.981068272772473,0.9999960451095832,0,0,0.2487670514165792,0.0047547410639987,CPA4
GO_Biological_Process_2023,Fatty Acid Metabolic Process (GO:0006631),2/122,0.9819405903871968,0.9999960451095832,0,0,0.3313375350140056,0.0060384513130376,FA2H;ALOXE3
GO_Biological_Process_2023,Positive Regulation Of Tumor Necrosis Factor Superfamily Cytokine Production (GO:1903557),1/82,0.9819748726869264,0.9999960451095832,0,0,0.2456828987084321,0.0044688635445531,TWIST1
GO_Biological_Process_2023,Peptidyl-Serine Phosphorylation (GO:0018105),3/158,0.9825777004223316,0.9999960451095832,0,0,0.3844713544316678,0.0067574123797578,PNCK;MYO3A;STK32A
GO_Biological_Process_2023,Positive Regulation Of Proteasomal Ubiquitin-Dependent Protein Catabolic Process (GO:0032436),1/83,0.9828380947110188,0.9999960451095832,0,0,0.242673969237069,0.0042008993973631,CDC20B
GO_Biological_Process_2023,Positive Regulation Of Defense Response (GO:0031349),2/124,0.9833999448219256,0.9999960451095832,0,0,0.3258713321394131,0.0054548840968692,SERPINE1;CCN4
GO_Biological_Process_2023,Regulation Of DNA Metabolic Process (GO:0051052),2/124,0.9833999448219256,0.9999960451095832,0,0,0.3258713321394131,0.0054548840968692,DEPDC1B;GRHL2
GO_Biological_Process_2023,Ribosomal Small Subunit Biogenesis (GO:0042274),1/84,0.9836600122000688,0.9999960451095832,0,0,0.2397375440903172,0.0039496658958681,IGF2BP3
GO_Biological_Process_2023,Positive Regulation Of Double-Strand Break Repair (GO:2000781),1/84,0.9836600122000688,0.9999960451095832,0,0,0.2397375440903172,0.0039496658958681,SPIRE1
GO_Biological_Process_2023,Regulation Of Mitotic Cell Cycle (GO:0007346),2/125,0.9840859940197124,0.9999960451095832,0,0,0.3232048917127826,0.0051848507564824,CDKN1C;MCIDAS
GO_Biological_Process_2023,Calcium-Mediated Signaling (GO:0019722),1/85,0.9844425995156588,0.9999960451095832,0,0,0.2368710338280117,0.0037140636229235,RYR2
GO_Biological_Process_2023,Positive Regulation Of Amide Metabolic Process (GO:0034250),1/85,0.9844425995156588,0.9999960451095832,0,0,0.2368710338280117,0.0037140636229235,CHRNA7
GO_Biological_Process_2023,Positive Regulation Of Endothelial Cell Migration (GO:0010595),1/85,0.9844425995156588,0.9999960451095832,0,0,0.2368710338280117,0.0037140636229235,ANXA3
GO_Biological_Process_2023,Positive Regulation Of Protein Localization (GO:1903829),1/85,0.9844425995156588,0.9999960451095832,0,0,0.2368710338280117,0.0037140636229235,LIF
GO_Biological_Process_2023,Positive Regulation Of Transcription By RNA Polymerase II (GO:0045944),32/938,0.9846749588104142,0.9999960451095832,0,0,0.694909329464213,0.0107319596234821,AIRE;DLX5;PTPRN;TWIST1;BARX2;GLIS1;GLI3;SPIB;MUC1;MCIDAS;PITX2;TP63;TFAP2A;NKX2-8;ARNT2;PRRX1;FOXF2;CDX2;MACC1;FOXH1;LIF;PAX3;SOX11;ESRRG;POU3F2;GRHL2;BMP6;GRIN1;MMP12;SFRP2;TLX2;MELTF
GO_Biological_Process_2023,Protein Polyubiquitination (GO:0000209),5/226,0.9847625187742756,0.9999960451095832,0,0,0.4487934429668763,0.006891117657253,PELI2;PRAME;RNF183;RNF186;TRIM31
GO_Biological_Process_2023,Regulation Of Macromolecule Metabolic Process (GO:0060255),3/162,0.9850443110148964,0.9999960451095832,0,0,0.3747197587445192,0.0056465220242418,TMPRSS4;IGF2BP3;PTHLH
GO_Biological_Process_2023,Regulation Of Mitotic Cell Cycle Phase Transition (GO:1901990),1/86,0.9851877368069604,0.9999960451095832,0,0,0.2340719708659959,0.0034930701189204,ANLN
GO_Biological_Process_2023,Negative Regulation Of Binding (GO:0051100),1/86,0.9851877368069604,0.9999960451095832,0,0,0.2340719708659959,0.0034930701189204,ARHGAP28
GO_Biological_Process_2023,Supramolecular Fiber Organization (GO:0097435),8/316,0.9852080559449692,0.9999960451095832,0,0,0.5144834024326624,0.0076670558775671,KRT19;KRT80;POF1B;KRT4;KRT17;TNFAIP6;CCDC13;THSD4
GO_Biological_Process_2023,Regulation Of Response To External Stimulus (GO:0032101),2/127,0.9853763779287236,0.9999960451095832,0,0,0.318,0.0046846491889175,FBXL2;LRP8
GO_Biological_Process_2023,Regulation Of Tumor Necrosis Factor Production (GO:0032680),2/127,0.9853763779287236,0.9999960451095832,0,0,0.318,0.0046846491889175,CHRNA7;TWIST1
GO_Biological_Process_2023,Cilium Organization (GO:0044782),5/228,0.9857448836229256,0.9999960451095832,0,0,0.4447211367169595,0.0063851711424857,MACIR;MCIDAS;DZIP1L;DCDC2;FHDC1
GO_Biological_Process_2023,Protein Targeting (GO:0006605),2/129,0.9865647346354376,0.9999960451095832,0,0,0.3129590418844703,0.0042331888918956,NLGN1;RASSF9
GO_Biological_Process_2023,Regulation Of Endothelial Cell Migration (GO:0010594),1/88,0.9865727370179822,0.9999960451095832,0,0,0.2286668837669308,0.0030911701177527,ANXA3
GO_Biological_Process_2023,Negative Regulation Of Multicellular Organismal Process (GO:0051241),5/231,0.9871070759884174,0.9999960451095832,0,0,0.4387478202486082,0.0056935247788514,SFRP2;TNNT1;IL17RD;GRHL2;OVOL2
GO_Biological_Process_2023,ERAD Pathway (GO:0036503),1/89,0.9872159282995812,0.9999960451095832,0,0,0.2260564723838596,0.0029085535981246,BRSK2
GO_Biological_Process_2023,Cellular Response To Peptide Hormone Stimulus (GO:0071375),1/89,0.9872159282995812,0.9999960451095832,0,0,0.2260564723838596,0.0029085535981246,PKM
GO_Biological_Process_2023,Membrane Organization (GO:0061024),3/167,0.9876592409787732,0.9999960451095832,0,0,0.363199199815342,0.0045100400541245,GRIN3B;ATP10B;CEP55
GO_Biological_Process_2023,Antigen Receptor-Mediated Signaling Pathway (GO:0050851),2/134,0.9891389790911348,0.9999960451095832,0,0,0.3010249554367201,0.0032873226667682,IGHE;VTCN1
GO_Biological_Process_2023,Regulation Of Endothelial Cell Proliferation (GO:0001936),1/93,0.9894952090297364,0.9999960451095832,0,0,0.2161823075870249,0.0022829620772446,CCL26
GO_Biological_Process_2023,Non-Membrane-Bounded Organelle Assembly (GO:0140694),2/135,0.9895927266918304,0.9999960451095832,0,0,0.2987458141151197,0.0031254212513994,MCIDAS;SMIM22
GO_Biological_Process_2023,"Regulation Of mRNA Splicing, Via Spliceosome (GO:0048024)",1/94,0.9899985059724986,0.9999960451095832,0,0,0.2138464836565909,0.0021495517018074,CELF4
GO_Biological_Process_2023,T Cell Receptor Signaling Pathway (GO:0050852),1/95,0.9904777069437276,0.9999960451095832,0,0,0.2115603581076555,0.0020241925748531,VTCN1
GO_Biological_Process_2023,Regulation Of Inflammatory Response (GO:0050727),5/240,0.990492600383508,0.9999960451095832,0,0,0.4217429320897697,0.004028861079702,MACIR;TNFAIP6;SERPINE1;CCN4;FBXL2
GO_Biological_Process_2023,Positive Regulation Of I-kappaB kinase/NF-kappaB Signaling (GO:0043123),3/175,0.9909528739678826,0.9999960451095832,0,0,0.3461594893991637,0.0031460012186757,PELI2;LPAR1;ROR1
GO_Biological_Process_2023,Plasma Membrane Bounded Cell Projection Assembly (GO:0120031),6/275,0.9916087146800944,0.9999960451095832,0,0,0.4417909745423745,0.0037228357446307,MACIR;MCIDAS;DZIP1L;DCDC2;FHDC1;VSTM5
GO_Biological_Process_2023,Negative Regulation Of Macromolecule Biosynthetic Process (GO:0010558),1/98,0.9917819865022174,0.9999960451095832,0,0,0.2049848011163877,0.0016915279212645,IGF2BP3
GO_Biological_Process_2023,Cellular Response To Insulin Stimulus (GO:0032869),1/99,0.9921757907847808,0.9999960451095832,0,0,0.2028824121463905,0.0015936370756045,PKM
GO_Biological_Process_2023,ncRNA Processing (GO:0034470),1/100,0.9925507364833168,0.9999960451095832,0,0,0.2008224956808377,0.001501579490794,IGF2BP3
GO_Biological_Process_2023,Protein Complex Oligomerization (GO:0051259),1/100,0.9925507364833168,0.9999960451095832,0,0,0.2008224956808377,0.001501579490794,VSTM5
GO_Biological_Process_2023,Endosomal Transport (GO:0016197),3/180,0.992561528291508,0.9999960451095832,0,0,0.3362918604858401,0.0025108475447754,ANXA8L1;RASSF9;ANXA8
GO_Biological_Process_2023,Hemopoiesis (GO:0030097),1/101,0.992907725775548,0.9999960451095832,0,0,0.198803777544596,0.0014149946245101,SFRP2
GO_Biological_Process_2023,rRNA Processing (GO:0006364),1/101,0.992907725775548,0.9999960451095832,0,0,0.198803777544596,0.0014149946245101,IGF2BP3
GO_Biological_Process_2023,Ras Protein Signal Transduction (GO:0007265),2/144,0.9929252705648628,0.9999960451095832,0,0,0.2796780684104628,0.0019856790456049,RASGEF1A;EPS8L1
GO_Biological_Process_2023,Activation Of GTPase Activity (GO:0090630),1/102,0.9932476176621868,0.9999960451095832,0,0,0.1968250340249135,0.001333545271217,ARHGEF10
GO_Biological_Process_2023,Positive Regulation Of Cellular Catabolic Process (GO:0031331),2/146,0.9935096521834228,0.9999960451095832,0,0,0.2757644724556489,0.0017956408324,ADAM9;TWIST1
GO_Biological_Process_2023,Proteasomal Protein Catabolic Process (GO:0010498),4/220,0.993938976214335,0.9999960451095832,0,0,0.3670565302144249,0.0022315078234847,BRSK2;PMAIP1;PRAME;RNF186
GO_Biological_Process_2023,Protein Ubiquitination (GO:0016567),11/434,0.9940437983796612,0.9999960451095832,0,0,0.5135589098721699,0.0030680063405382,RNF223;DEPDC1B;TRIM63;PELI2;RNF39;PRAME;ASB11;RNF183;FBXL2;RNF186;TRIM31
GO_Biological_Process_2023,Regulation Of Cellular Response To Stress (GO:0080135),1/107,0.9947179171951612,0.9999960451095832,0,0,0.1874913381773545,0.0009929695619723883,DEPDC1B
GO_Biological_Process_2023,Defense Response To Virus (GO:0051607),3/189,0.9947872008862836,0.9999960451095832,0,0,0.3198670330043078,0.0016717636657367,SLFN13;PMAIP1;TRIM31
GO_Biological_Process_2023,Positive Regulation Of DNA Metabolic Process (GO:0051054),1/108,0.9949710981541532,0.9999960451095832,0,0,0.185729275970619,0.0009363707353839696,DEPDC1B
GO_Biological_Process_2023,Positive Regulation Of Translation (GO:0045727),1/108,0.9949710981541532,0.9999960451095832,0,0,0.185729275970619,0.0009363707353839696,PKM
GO_Biological_Process_2023,Regulation Of Proteasomal Ubiquitin-Dependent Protein Catabolic Process (GO:0032434),1/109,0.9952121491207582,0.9999960451095832,0,0,0.1839998445454898,0.0008830795350429864,FOXF2
GO_Biological_Process_2023,Protein Phosphorylation (GO:0006468),13/500,0.9953905554779676,0.9999960451095832,0,0,0.526476922841924,0.0024323764367669,CDKL2;EPHB6;DDR1;NTRK2;BRSK2;EPHA6;PNCK;MAPK15;ERN2;WNK2;MYO3A;PRKG2;STK32A
GO_Biological_Process_2023,RNA Metabolic Process (GO:0016070),1/111,0.9956601554594988,0.9999960451095832,0,0,0.1806353143184203,0.0007856351857061453,M1AP
GO_Biological_Process_2023,Mitotic Cell Cycle Phase Transition (GO:0044772),1/111,0.9956601554594988,0.9999960451095832,0,0,0.1806353143184203,0.0007856351857061453,BRSK2
GO_Biological_Process_2023,Protein Deubiquitination (GO:0016579),1/112,0.9958681900009536,0.9999960451095832,0,0,0.1789985158295756,0.000741119997568939,DEPDC1B
GO_Biological_Process_2023,Regulation Of Programmed Cell Death (GO:0043067),3/195,0.9958959049423424,0.9999960451095832,0,0,0.3097726077812828,0.0012739522309606,STYK1;OLFM4;LRP8
GO_Biological_Process_2023,Negative Regulation Of Intracellular Signal Transduction (GO:1902532),4/231,0.9959730373589144,0.9999960451095832,0,0,0.3490656155808022,0.0014085121133232,PKHD1;DUSP4;VEPH1;TWIST1
GO_Biological_Process_2023,Regulation Of Protein Ubiquitination (GO:0031396),1/113,0.9960662553732212,0.9999960451095832,0,0,0.1773909458851746,0.0006991867947628963,FOXF2
GO_Biological_Process_2023,Regulation Of Interleukin-6 Production (GO:0032675),1/114,0.9962548288817104,0.9999960451095832,0,0,0.1758118285061612,0.0006596814648816237,TWIST1
GO_Biological_Process_2023,Protein Modification By Small Protein Removal (GO:0070646),1/114,0.9962548288817104,0.9999960451095832,0,0,0.1758118285061612,0.0006596814648816237,DEPDC1B
GO_Biological_Process_2023,Positive Regulation Of GTPase Activity (GO:0043547),4/234,0.9964015975843168,0.9999960451095832,0,0,0.3444576659038901,0.00124173276648,ARHGEF10;RASGEF1A;FZD10;CCL26
GO_Biological_Process_2023,DNA-templated Transcription (GO:0006351),3/199,0.9965037567736768,0.9999960451095832,0,0,0.3033863387626344,0.0010625710194995,NKX2-8;FOXE1;MLF1
GO_Biological_Process_2023,Mitochondrion Organization (GO:0007005),2/162,0.99676035623895,0.9999960451095832,0,0,0.2479779411764706,0.0008046643077704563,HK2;SLC25A36
GO_Biological_Process_2023,Ribonucleoprotein Complex Biogenesis (GO:0022613),1/118,0.9969229725199112,0.9999960451095832,0,0,0.1697652935848109,0.0005231778031923864,IGF2BP3
GO_Biological_Process_2023,Positive Regulation Of Cell Cycle Process (GO:0090068),1/118,0.9969229725199112,0.9999960451095832,0,0,0.1697652935848109,0.0005231778031923864,TGFA
GO_Biological_Process_2023,Regulation Of Protein Kinase Activity (GO:0045859),1/119,0.997070483411593,0.9999960451095832,0,0,0.1683177121311825,0.0004938132004719675,UBASH3B
GO_Biological_Process_2023,Regulation Of Protein Catabolic Process (GO:0042176),1/122,0.9974719259762832,0.9999960451095832,0,0,0.1641185295673514,0.00041542913074311673,ASB11
GO_Biological_Process_2023,Protein Localization To Nucleus (GO:0034504),1/122,0.9974719259762832,0.9999960451095832,0,0,0.1641185295673514,0.00041542913074311673,MMP12
GO_Biological_Process_2023,Positive Regulation Of DNA-templated Transcription (GO:0045893),40/1243,0.9978628895095184,0.9999960451095832,0,0,0.6491066280323989,0.0013886970127946,CDKN1C;FOXE1;AIRE;DLX5;EPO;PTPRN;TWIST1;MLLT3;BARX2;GLIS1;GLI3;SPIB;MCIDAS;NDP;PITX2;TP63;TFAP2A;FZD1;NKX2-8;ARNT2;PRRX1;FOXF2;CDX2;FZD7;TESC;MACC1;FOXH1;LIF;PAX3;FOXL2;SOX11;ESRRG;POU3F2;GRHL2;BMP6;GRIN1;MMP12;SFRP2;TLX2;MELTF
GO_Biological_Process_2023,Positive Regulation Of Intracellular Protein Transport (GO:0090316),1/126,0.9979229325149456,0.9999960451095832,0,0,0.1588331584470094,0.0003302502838762727,MTCL1
GO_Biological_Process_2023,Protein Homooligomerization (GO:0051260),1/129,0.9982075355998106,0.9999960451095832,0,0,0.1550859129066107,0.0002782354159576855,VSTM5
GO_Biological_Process_2023,Regulation Of DNA Repair (GO:0006282),1/129,0.9982075355998106,0.9999960451095832,0,0,0.1550859129066107,0.0002782354159576855,DEPDC1B
GO_Biological_Process_2023,Organelle Assembly (GO:0070925),6/322,0.9982877464529504,0.9999960451095832,0,0,0.3751402018907226,0.0006428856901829848,MACIR;MCIDAS;DZIP1L;DCDC2;FHDC1;ELAPOR1
GO_Biological_Process_2023,Golgi Organization (GO:0007030),1/130,0.9982934523059837,0.9999960451095832,0,0,0.1538755622798669,0.00026282030750794514,FHDC1
GO_Biological_Process_2023,Regulation Of Cell Cycle Process (GO:0010564),1/130,0.9982934523059837,0.9999960451095832,0,0,0.1538755622798669,0.00026282030750794514,MAP9
GO_Biological_Process_2023,Organelle Organization (GO:0006996),9/418,0.9983366512180072,0.9999960451095832,0,0,0.4339736872744207,0.0007224506145270941,CHGA;PCLO;KRT4;PLAAT1;SPTSSB;NDP;MAPK15;CEP55;SLC25A36
GO_Biological_Process_2023,Intracellular Protein Transport (GO:0006886),6/325,0.9984581846308356,0.9999960451095832,0,0,0.371552716162057,0.0005733077692580496,MMP12;NLGN1;ARL14;STX19;RASSF9;CACNG5
GO_Biological_Process_2023,Negative Regulation Of Apoptotic Process (GO:0043066),11/482,0.9985074783768872,0.9999960451095832,0,0,0.4600329165850506,0.0006871219751989265,PKHD1;TFAP2A;NTRK2;CEACAM6;CEACAM5;CLEC5A;FGF20;PRAME;SEMA3E;VTCN1;LRP2
GO_Biological_Process_2023,Gene Expression (GO:0010467),5/296,0.998700336654324,0.9999960451095832,0,0,0.339568871555879,0.0004416122515238724,M1AP;TSPAN15;TESC;DUOXA2;IGF2BP3
GO_Biological_Process_2023,Macromolecule Biosynthetic Process (GO:0009059),2/183,0.9987136792488274,0.9999960451095832,0,0,0.218963275918102,0.0002818383116789025,IGF2BP3;GAL3ST4
GO_Biological_Process_2023,Protein Modification By Small Protein Conjugation (GO:0032446),7/364,0.9987583370392188,0.9999960451095832,0,0,0.3869598525788351,0.0004807722566149733,RNF223;TRIM63;RNF39;ASB11;FBXL2;RNF183;TRIM31
GO_Biological_Process_2023,Negative Regulation Of Cellular Biosynthetic Process (GO:0031327),1/137,0.9987898991148112,0.9999960451095832,0,0,0.1459014875624961,0.00017666243050242547,IGF2BP3
GO_Biological_Process_2023,Protein Localization To Organelle (GO:0033365),1/137,0.9987898991148112,0.9999960451095832,0,0,0.1459014875624961,0.00017666243050242547,RNF186
GO_Biological_Process_2023,Detection Of Chemical Stimulus Involved In Sensory Perception Of Smell (GO:0050911),1/139,0.9989030728503516,0.9999960451095832,0,0,0.143771765743571,0.00015779371313177833,OR2H2
GO_Biological_Process_2023,Detection Of Chemical Stimulus Involved In Sensory Perception (GO:0050907),1/141,0.999005644727622,0.9999960451095832,0,0,0.1417028931194723,0.00014097311918800055,OR2H2
GO_Biological_Process_2023,Regulation Of I-kappaB kinase/NF-kappaB Signaling (GO:0043122),3/232,0.9990893871171288,0.9999960451095832,0,0,0.2592123207471795,0.0002361496154380581,PELI2;LPAR1;ROR1
GO_Biological_Process_2023,Transcription By RNA Polymerase II (GO:0006366),2/192,0.9991369004386076,0.9999960451095832,0,0,0.2084918177797435,0.00018002689822863802,NKX2-8;FOXE1
GO_Biological_Process_2023,Cellular Response To Cytokine Stimulus (GO:0071345),5/308,0.9991660869911648,0.9999960451095832,0,0,0.325911937874504,0.0002718955891258083,FOXH1;LRP8;DUOX2;CCL26;RHEX
GO_Biological_Process_2023,Regulation Of Apoptotic Process (GO:0042981),18/705,0.9991666507491224,0.9999960451095832,0,0,0.5139122158772814,0.00042844690787872426,HRK;TFAP2A;EGLN3;STYK1;FOXL2;VTCN1;LRP2;PNMA2;OLFM4;LRP8;PKHD1;OLFM1;SFRP2;SCIN;CEACAM5;CLEC5A;PMAIP1;PRAME
GO_Biological_Process_2023,Positive Regulation Of Protein Kinase Activity (GO:0045860),1/145,0.9991828588833148,0.9999960451095832,0,0,0.1377375539232832,0.00011259702872106564,LRP8
GO_Biological_Process_2023,Negative Regulation Of Protein Metabolic Process (GO:0051248),1/147,0.9992592156972668,0.9999960451095832,0,0,0.135836363897713,0.00010066273540793052,IGF2BP3
GO_Biological_Process_2023,Positive Regulation Of Protein Metabolic Process (GO:0051247),2/196,0.999277489700744,0.9999960451095832,0,0,0.2041497011175604,0.00014755357255657886,CHRNA7;ASB11
GO_Biological_Process_2023,Regulation Of DNA-templated Transcription (GO:0006355),65/1922,0.9992898286252668,0.9999960451095832,0,0,0.6767843437987053,0.00048080361453013096,CDKN1C;ZNF492;FOXE1;EPO;BHLHE41;HR;GLI3;SPIB;ZNF280A;CREB3L1;ZNF280B;ANKRD2;PITX2;ZNF488;TP63;FOXD4;NKX2-8;MSX2;TESC;FOXH1;PAX3;FOXL2;POU3F2;MLF1;OVOL2;ERN2;ZNF90;SFRP2;HOXB9;PAX9;ZSCAN23;VGLL1;DLX3;CRABP2;DLX4;AIRE;DLX5;PERM1;SHOX2;FOXO6;TWIST1;MLLT3;BARX2;GLIS1;ALX4;PRAME;NDP;TFAP2A;FZD1;ARNT2;FOXF2;CDX2;FZD7;PRRX2;PASD1;NR0B1;ESRRG;FOXN1;GRHL2;TLX2;MELTF;ZNF257;RCOR2;SIM2;ZNF695
GO_Biological_Process_2023,Negative Regulation Of Programmed Cell Death (GO:0043069),7/381,0.9993059816928404,0.9999960451095832,0,0,0.3690347791223622,0.00025620580873764366,PKHD1;TFAP2A;CEACAM5;CLEC5A;PRAME;VTCN1;LRP2
GO_Biological_Process_2023,Protein Transport (GO:0015031),5/313,0.9993078195897632,0.9999960451095832,0,0,0.3205356287548068,0.0002219453049676502,ARL14;STX19;VLDLR;LRP2;ABCA12
GO_Biological_Process_2023,protein-RNA Complex Assembly (GO:0022618),1/150,0.9993605451451384,0.9999960451095832,0,0,0.1330802763438664,8.51260488286103e-05,CELF4
GO_Biological_Process_2023,Protein Localization (GO:0008104),6/351,0.9993870955566206,0.9999960451095832,0,0,0.343074665199046,0.0002103364513706644,GRIN3B;VANGL2;ARL14;STX19;DUOXA2;NR0B1
GO_Biological_Process_2023,Regulation Of Translation (GO:0006417),2/202,0.9994468558852658,0.9999960451095832,0,0,0.1979621848739496,0.00010953191376322834,IGF2BP3;PKP3
GO_Biological_Process_2023,Proteasome-Mediated Ubiquitin-Dependent Protein Catabolic Process (GO:0043161),5/319,0.9994470044188992,0.9999960451095832,0,0,0.3143100682582403,0.0001738601552228615,CDC20B;PRAME;FBXL2;RNF186;FBXL13
GO_Biological_Process_2023,Ribosome Biogenesis (GO:0042254),1/155,0.9994994738796183,0.9999960451095832,0,0,0.1287254193864896,6.444656470032188e-05,IGF2BP3
GO_Biological_Process_2023,Protein Stabilization (GO:0050821),2/208,0.9995766724717128,0.9999960451095832,0,0,0.1921351064697724,8.135330048000968e-05,TESC;HOXB-AS3
GO_Biological_Process_2023,Phosphorylation (GO:0016310),8/429,0.9995867276565562,0.9999960451095832,0,0,0.3741218180813828,0.00015464615818355253,CDKL2;EPHB6;ERN2;BRSK2;EPHA6;WNK2;PRKG2;HK2
GO_Biological_Process_2023,Double-Strand Break Repair (GO:0006302),1/168,0.9997347705388884,0.9999960451095832,0,0,0.1186231943248864,3.146653901721102e-05,DEPDC1B
GO_Biological_Process_2023,Heart Development (GO:0007507),1/171,0.9997707995556432,0.9999960451095832,0,0,0.1165113264613295,2.6707508600889903e-05,LEFTY1
GO_Biological_Process_2023,Negative Regulation Of Cytokine Production (GO:0001818),1/178,0.9998367716459452,0.9999960451095832,0,0,0.111862035439676,1.8260546286029943e-05,MACIR
GO_Biological_Process_2023,Sensory Perception Of Smell (GO:0007608),2/230,0.9998411602156424,0.9999960451095832,0,0,0.1733930414270971,2.7543900900924933e-05,OR2H2;NXNL2
GO_Biological_Process_2023,Negative Regulation Of DNA-templated Transcription (GO:0045892),27/1025,0.9998577829175518,0.9999960451095832,0,0,0.5267233496118451,7.491438521807258e-05,CDKN1C;DLX4;FOXE1;EPO;SHOX2;BHLHE41;TWIST1;GLIS1;GLI3;MUC1;CREB3L1;PRAME;ANKRD2;TP63;TFAP2A;LEFTY1;MSX2;CDX2;PASD1;NR0B1;FOXL2;SOX11;BMP6;ERN2;SFRP2;PAX9;RCOR2
GO_Biological_Process_2023,RNA Processing (GO:0006396),1/183,0.9998717416325992,0.9999960451095832,0,0,0.1087600751819009,1.39502843206803e-05,M1AP
GO_Biological_Process_2023,Positive Regulation Of Cytokine Production (GO:0001819),4/320,0.9998739302697868,0.9999960451095832,0,0,0.2495669553630913,3.146482215525888e-05,AIRE;SERPINE1;HILPDA;TWIST1
GO_Biological_Process_2023,Regulation Of Autophagy (GO:0010506),2/241,0.9999023106231232,0.9999960451095832,0,0,0.1653159171618438,1.615039780933574e-05,FBXL2;MAPK15
GO_Biological_Process_2023,Modification-Dependent Protein Catabolic Process (GO:0019941),1/192,0.9999165581702842,0.9999960451095832,0,0,0.1035858105843767,8.643750197931794e-06,TRIM31
GO_Biological_Process_2023,Golgi Vesicle Transport (GO:0048193),1/197,0.9999340811850468,0.9999960451095832,0,0,0.1009165471015268,6.652518459567328e-06,SPIRE1
GO_Biological_Process_2023,Protein Modification Process (GO:0036211),15/711,0.9999395781875022,0.9999960451095832,0,0,0.4211652161139877,2.544833454361304e-05,CDKL2;EPHB6;EGLN3;BRSK2;EPHA6;PTPRS;GAD1;B3GALT5;MTMR7;ERN2;WNK2;PRKG2;PI3;FBXL2;CHST4
GO_Biological_Process_2023,"mRNA Splicing, Via Spliceosome (GO:0000398)",1/211,0.999965295661008,0.9999960451095832,0,0,0.0941188227652026,3.2663882100210373e-06,CELF4
GO_Biological_Process_2023,Negative Regulation Of Transcription By RNA Polymerase II (GO:0000122),16/763,0.9999663653447346,0.9999960451095832,0,0,0.4178533608492249,1.4054590105624904e-05,TFAP2A;LEFTY1;DLX4;FOXE1;CDX2;MSX2;EPO;SHOX2;BHLHE41;TWIST1;SOX11;NR0B1;GLI3;GLIS1;BMP6;ANKRD2
GO_Biological_Process_2023,Chromatin Organization (GO:0006325),2/268,0.9999690564537268,0.9999960451095832,0,0,0.1483224868894926,4.589694747486603e-06,M1AP;H2BC9
GO_Biological_Process_2023,Chromatin Remodeling (GO:0006338),1/228,0.9999830506623588,0.9999960451095832,0,0,0.0869916932848274,1.4744640770926483e-06,DEPDC1B
GO_Biological_Process_2023,Translation (GO:0006412),1/234,0.9999864984960616,0.9999960451095832,0,0,0.0847245427810978,1.1439164703627946e-06,IGF2BP3
GO_Biological_Process_2023,DNA Repair (GO:0006281),2/291,0.9999868446092202,0.9999960451095832,0,0,0.1363510802244773,1.7937635424623463e-06,DEPDC1B;FOXE1
GO_Biological_Process_2023,DNA Damage Response (GO:0006974),4/384,0.9999873781969608,0.9999960451095832,0,0,0.2068254847645429,2.610527006994734e-06,DEPDC1B;FOXE1;CCDC13;MAPK15
GO_Biological_Process_2023,Regulation Of Cell Cycle (GO:0051726),2/298,0.9999894345623206,0.9999960451095832,0,0,0.1330768794004088,1.4060229035122268e-06,MCIDAS;SMIM22
GO_Biological_Process_2023,Regulation Of Transcription By RNA Polymerase II (GO:0006357),57/2028,0.999992356649372,0.9999960451095832,0,0,0.5504989572887131,4.207672631270124e-06,FOXE1;EPO;PTPRN;BHLHE41;HR;GLI3;SPIB;MCIDAS;CREB3L1;ANKRD2;PITX2;TP63;FOXD4;NKX2-8;LEFTY1;MSX2;FOXH1;PAX3;FOXL2;SOX11;POU3F2;OVOL2;MMP12;SFRP2;HOXB9;PAX9;ZSCAN23;VGLL1;DLX3;DLX4;AIRE;DLX5;SHOX2;FOXO6;TWIST1;BARX2;GLIS1;MUC1;ALX4;TFAP2A;ARNT2;PRRX1;FOXF2;CDX2;MACC1;LIF;PASD1;NR0B1;ESRRG;FOXN1;GRHL2;BMP6;GRIN1;TLX2;MELTF;RCOR2;SIM2
GO_Biological_Process_2023,Ubiquitin-Dependent Protein Catabolic Process (GO:0006511),3/367,0.999993329069914,0.9999960451095832,0,0,0.1619059174264221,1.0800666581710926e-06,PRAME;RNF186;TRIM31
GO_Biological_Process_2023,DNA Metabolic Process (GO:0006259),1/288,0.9999956148811248,0.9999960451095832,0,0,0.0685859069653505,3.0075801464703904e-07,FOXE1
GO_Biological_Process_2023,Protein-Containing Complex Assembly (GO:0065003),1/328,0.9999960451095832,0.9999960451095832,0,0,0.0600678366401288,2.3756218124723686e-07,ANLN
