Gene_set,Term,Overlap,P-value,Adjusted P-value,Old P-value,Old Adjusted P-value,Odds Ratio,Combined Score,Genes
GO_Biological_Process_2023,Positive Regulation Of Behavior (GO:0048520),3/11,0.0007575256623194301,0.5104114973639592,0,0,21.542763157894736,154.79451525268215,NR4A3;CRH;GRPR
GO_Biological_Process_2023,Regulation Of Steroid Biosynthetic Process (GO:0050810),3/16,0.002411612847703,0.5104114973639592,0,0,13.25371120107962,79.88620780600752,NR5A1;CGA;CYP7A1
GO_Biological_Process_2023,Epoxygenase P450 Pathway (GO:0019373),3/17,0.0028912389971783,0.5104114973639592,0,0,12.306390977443607,71.9440249472729,CYP2A7;CYP2B6;CYP2A13
GO_Biological_Process_2023,Negative Regulation Of Peptide Hormone Secretion (GO:0090278),3/18,0.0034255126487258,0.5104114973639592,0,0,11.485380116959064,65.19680778348985,CRHBP;KCNB1;CRH
GO_Biological_Process_2023,Norepinephrine Transport (GO:0015874),2/6,0.0042509734018112,0.5104114973639592,0,0,28.645772594752188,156.42331455976375,SLC22A2;SLC6A2
GO_Biological_Process_2023,Catecholamine Uptake (GO:0090493),2/6,0.0042509734018112,0.5104114973639592,0,0,28.645772594752188,156.42331455976375,SLC22A2;SLC6A2
GO_Biological_Process_2023,"Synaptic Transmission, Dopaminergic (GO:0001963)",2/6,0.0042509734018112,0.5104114973639592,0,0,28.645772594752188,156.42331455976375,CRHBP;SLC6A2
GO_Biological_Process_2023,Steroid Metabolic Process (GO:0008202),6/92,0.0051906349337416,0.5104114973639592,0,0,4.0273718872195925,21.187597746499137,CYP26A1;CYP2B6;UGT2B17;UGT2A1;CYP7A1;CYP3A7
GO_Biological_Process_2023,Amine Transport (GO:0015837),2/7,0.0058837060214865,0.5104114973639592,0,0,22.91545189504373,117.68387153706296,SLC22A2;RHCG
GO_Biological_Process_2023,Catecholamine Transport (GO:0051937),2/7,0.0058837060214865,0.5104114973639592,0,0,22.91545189504373,117.68387153706296,SLC22A2;SLC6A2
GO_Biological_Process_2023,Cellular Response To Leptin Stimulus (GO:0044320),2/7,0.0058837060214865,0.5104114973639592,0,0,22.91545189504373,117.68387153706296,NR4A3;MT3
GO_Biological_Process_2023,Dopamine Uptake (GO:0090494),2/7,0.0058837060214865,0.5104114973639592,0,0,22.91545189504373,117.68387153706296,SLC22A2;SLC6A2
GO_Biological_Process_2023,Response To Leptin (GO:0044321),2/8,0.0077558830931067,0.6210672538403164,0,0,19.095238095238095,92.78955950177674,NR4A3;GCK
GO_Biological_Process_2023,Midbrain Dopaminergic Neuron Differentiation (GO:1904948),2/10,0.0121840054754284,0.6651605216200803,0,0,14.31997084548105,63.117150482031974,LMX1A;WNT3A
GO_Biological_Process_2023,Monoamine Transport (GO:0015844),2/10,0.0121840054754284,0.6651605216200803,0,0,14.31997084548105,63.117150482031974,SLC22A2;SLC6A2
GO_Biological_Process_2023,Muscle Filament Sliding (GO:0030049),2/10,0.0121840054754284,0.6651605216200803,0,0,14.31997084548105,63.117150482031974,MYH3;MYH4
GO_Biological_Process_2023,Arachidonic Acid Metabolic Process (GO:0019369),4/52,0.0122939526659182,0.6651605216200803,0,0,4.791544477028348,21.076316527836223,CYP2A7;CYP2B6;CYP2A13;ALOX15B
GO_Biological_Process_2023,Macrophage Chemotaxis (GO:0048246),2/11,0.0147232312691107,0.6651605216200803,0,0,12.728215095562032,53.691794709081584,TAFA4;CXCL17
GO_Biological_Process_2023,Purine Ribonucleoside Triphosphate Metabolic Process (GO:0009205),3/32,0.0174372494455959,0.6651605216200803,0,0,5.936479128856624,24.037674210620107,MYH3;ATP1A2;MYH4
GO_Biological_Process_2023,Actin-Myosin Filament Sliding (GO:0033275),2/12,0.0174684521705799,0.6651605216200803,0,0,11.454810495626822,46.3617275811778,MYH3;MYH4
GO_Biological_Process_2023,Regulation Of Sensory Perception (GO:0051931),2/12,0.0174684521705799,0.6651605216200803,0,0,11.454810495626822,46.3617275811778,TMEM100;OPRPN
GO_Biological_Process_2023,Macrophage Migration (GO:1905517),2/12,0.0174684521705799,0.6651605216200803,0,0,11.454810495626822,46.3617275811778,TAFA4;CXCL17
GO_Biological_Process_2023,Sphingoid Biosynthetic Process (GO:0046520),2/13,0.0204118484584014,0.6651605216200803,0,0,10.41293400477074,40.52338778244838,ACER1;ASAH2
GO_Biological_Process_2023,Sphingosine Biosynthetic Process (GO:0046512),2/13,0.0204118484584014,0.6651605216200803,0,0,10.41293400477074,40.52338778244838,ACER1;ASAH2
GO_Biological_Process_2023,Lipid Oxidation (GO:0034440),2/13,0.0204118484584014,0.6651605216200803,0,0,10.41293400477074,40.52338778244838,ACSM1;ALOX15B
GO_Biological_Process_2023,Regulation Of Cellular Ketone Metabolic Process (GO:0010565),2/13,0.0204118484584014,0.6651605216200803,0,0,10.41293400477074,40.52338778244838,PDK4;CYP7A1
GO_Biological_Process_2023,ATP Metabolic Process (GO:0046034),3/34,0.0205145725095873,0.6651605216200803,0,0,5.5529145444255805,21.582067567477132,MYH3;ATP1A2;MYH4
GO_Biological_Process_2023,Regulatory ncRNA Processing (GO:0070918),3/35,0.0221577409017368,0.6651605216200803,0,0,5.379111842105263,20.492094317138992,TDRD1;TERT;MOV10L1
GO_Biological_Process_2023,Regulation Of Sensory Perception Of Pain (GO:0051930),2/14,0.0235458075266182,0.6651605216200803,0,0,9.544703595724004,35.78125641266547,TMEM100;OPRPN
GO_Biological_Process_2023,Cellular Glucuronidation (GO:0052695),2/15,0.0268629190957057,0.6651605216200803,0,0,8.810047095761382,31.86601448737635,UGT2B17;UGT2A1
GO_Biological_Process_2023,Glucuronate Metabolic Process (GO:0019585),2/15,0.0268629190957057,0.6651605216200803,0,0,8.810047095761382,31.86601448737635,UGT2B17;UGT2A1
GO_Biological_Process_2023,Glutamine Family Amino Acid Catabolic Process (GO:0009065),2/15,0.0268629190957057,0.6651605216200803,0,0,8.810047095761382,31.86601448737635,GLS2;PRODH
GO_Biological_Process_2023,Amino Acid Catabolic Process (GO:0009063),3/38,0.027505403178457,0.6651605216200803,0,0,4.917293233082707,17.66966782415563,UROC1;PRODH;OTC
GO_Biological_Process_2023,Regulation Of Fatty Acid Oxidation (GO:0046320),2/16,0.0303559705372992,0.6651605216200803,0,0,8.180341524364849,28.58834718094263,NR4A3;PDK4
GO_Biological_Process_2023,Regulation Of NMDA Receptor Activity (GO:2000310),2/16,0.0303559705372992,0.6651605216200803,0,0,8.180341524364849,28.58834718094263,CRHBP;CRH
GO_Biological_Process_2023,Lymphocyte Migration (GO:0072676),3/41,0.0334773265231598,0.6651605216200803,0,0,4.528393351800554,15.382440007237028,CCL25;CCL19;CCL16
GO_Biological_Process_2023,Diol Biosynthetic Process (GO:0034312),2/17,0.0340179422976932,0.6651605216200803,0,0,7.634596695821186,25.811557393195525,ACER1;ASAH2
GO_Biological_Process_2023,Regulation Of Neurotransmitter Receptor Activity (GO:0099601),3/42,0.0356054569059311,0.6651605216200803,0,0,4.412055780476833,14.71533714220298,CRHBP;CRH;DLGAP2
GO_Biological_Process_2023,Monocyte Chemotaxis (GO:0002548),3/42,0.0356054569059311,0.6651605216200803,0,0,4.412055780476833,14.71533714220298,CCL25;CCL19;CCL16
GO_Biological_Process_2023,Energy Derivation By Oxidation Of Organic Compounds (GO:0015980),3/43,0.0378017031115111,0.6651605216200803,0,0,4.301535087719298,14.08925285053684,NR4A3;ACSM1;MT3
GO_Biological_Process_2023,Intracellular Glucose Homeostasis (GO:0001678),3/43,0.0378017031115111,0.6651605216200803,0,0,4.301535087719298,14.08925285053684,KCNB1;CYP7A1;GCK
GO_Biological_Process_2023,Negative Regulation Of Nervous System Development (GO:0051961),2/18,0.0378420034029755,0.6651605216200803,0,0,7.157069970845481,23.43464894102357,WNT3A;PAX6
GO_Biological_Process_2023,Response To Tumor Necrosis Factor (GO:0034612),5/108,0.0392480764105317,0.6651605216200803,0,0,2.791547687035979,9.038620619315925,CCL25;CRHBP;TCL1A;CCL19;CCL16
GO_Biological_Process_2023,Lymphocyte Chemotaxis (GO:0048247),3/44,0.0400656108996232,0.6651605216200803,0,0,4.196405648267009,13.50083108283912,CCL25;CCL19;CCL16
GO_Biological_Process_2023,piRNA Processing (GO:0034587),2/19,0.0418215070874385,0.6651605216200803,0,0,6.735722860572801,21.3815051403112,TDRD1;MOV10L1
GO_Biological_Process_2023,Sphingosine Metabolic Process (GO:0006670),2/19,0.0418215070874385,0.6651605216200803,0,0,6.735722860572801,21.3815051403112,ACER1;ASAH2
GO_Biological_Process_2023,Neutrophil Migration (GO:1990266),4/77,0.0441299364899055,0.6651605216200803,0,0,3.146587394046519,9.819293783017878,CCL25;GP2;CCL19;CCL16
GO_Biological_Process_2023,Positive Regulation Of Peptide Hormone Secretion (GO:0090277),3/46,0.0447943585495661,0.6651605216200803,0,0,4.000815993472052,12.425226499847051,BLK;CRH;GCK
GO_Biological_Process_2023,Myofibril Assembly (GO:0030239),3/46,0.0447943585495661,0.6651605216200803,0,0,4.000815993472052,12.425226499847051,MYH3;ACTN2;LMOD2
GO_Biological_Process_2023,Cellular Response To Copper Ion (GO:0071280),2/20,0.0459499864929232,0.6651605216200803,0,0,6.361192095885974,19.59375486128347,MT1M;MT3
GO_Biological_Process_2023,Glutamate Metabolic Process (GO:0006536),2/20,0.0459499864929232,0.6651605216200803,0,0,6.361192095885974,19.59375486128347,GLS2;PRODH
GO_Biological_Process_2023,Intracellular Monoatomic Ion Homeostasis (GO:0006873),2/20,0.0459499864929232,0.6651605216200803,0,0,6.361192095885974,19.59375486128347,RHCG;MT3
GO_Biological_Process_2023,Positive Regulation Of Heart Contraction (GO:0045823),2/21,0.0502211504752366,0.6651605216200803,0,0,6.026085622218813,18.02594451866047,ADRA1D;ATP1A2
GO_Biological_Process_2023,Negative Regulation Of Extrinsic Apoptotic Signaling Pathway In Absence Of Ligand (GO:2001240),2/22,0.0546288794899782,0.6651605216200803,0,0,5.724489795918367,16.642194417414643,TERT;IFI6
GO_Biological_Process_2023,Negative Regulation Of Signal Transduction In Absence Of Ligand (GO:1901099),2/22,0.0546288794899782,0.6651605216200803,0,0,5.724489795918367,16.642194417414643,TERT;IFI6
GO_Biological_Process_2023,Negative Regulation Of Cell Development (GO:0010721),2/22,0.0546288794899782,0.6651605216200803,0,0,5.724489795918367,16.642194417414643,WNT3A;PAX6
GO_Biological_Process_2023,Pyruvate Metabolic Process (GO:0006090),3/50,0.0550388186280638,0.6651605216200803,0,0,3.6595744680851063,10.611728649113475,NR4A3;ENO3;GCK
GO_Biological_Process_2023,Cellular Response To Tumor Necrosis Factor (GO:0071356),5/119,0.0553795230839068,0.6651605216200803,0,0,2.520768833849329,7.293958995534544,CCL25;CRHBP;TCL1A;CCL19;CCL16
GO_Biological_Process_2023,Purine Ribonucleotide Metabolic Process (GO:0009150),4/84,0.0574074735861002,0.6651605216200803,0,0,2.8702346041055717,8.20192724533776,MYH3;ACSM1;ATP1A2;MYH4
GO_Biological_Process_2023,Amide Biosynthetic Process (GO:0043604),3/51,0.0577599414652297,0.6651605216200803,0,0,3.583150584795322,10.217209842049312,ASAH2;GLS2;OTC
GO_Biological_Process_2023,Potassium Ion Transport (GO:0006813),5/122,0.0603534117843107,0.6651605216200803,0,0,2.4557566616390147,6.894629654520365,KCNJ10;KCNB1;KCNN2;ATP1A2;SLC9C2
GO_Biological_Process_2023,Negative Regulation Of Cysteine-Type Endopeptidase Activity (GO:2000117),3/53,0.0633889240314633,0.6651605216200803,0,0,3.4394736842105265,9.487671671932262,CST1;IFI6;MT3
GO_Biological_Process_2023,Glucose Homeostasis (GO:0042593),4/87,0.063682838290876,0.6651605216200803,0,0,2.7660672013567464,7.617306964515724,KCNB1;PDK4;PAX6;GCK
GO_Biological_Process_2023,Regulation Of Cysteine-Type Endopeptidase Activity (GO:2000116),2/24,0.0638303884278721,0.6651605216200803,0,0,5.203551550490326,14.317706833930805,CST1;MT3
GO_Biological_Process_2023,Response To Copper Ion (GO:0046688),2/24,0.0638303884278721,0.6651605216200803,0,0,5.203551550490326,14.317706833930805,MT1M;MT3
GO_Biological_Process_2023,Eosinophil Chemotaxis (GO:0048245),2/24,0.0638303884278721,0.6651605216200803,0,0,5.203551550490326,14.317706833930805,CCL25;CCL16
GO_Biological_Process_2023,Eosinophil Migration (GO:0072677),2/24,0.0638303884278721,0.6651605216200803,0,0,5.203551550490326,14.317706833930805,CCL25;CCL16
GO_Biological_Process_2023,Regulation Of Synapse Organization (GO:0050807),2/25,0.0686127515397031,0.6651605216200803,0,0,4.977056661173786,13.334912837862117,WNT3A;CTNNA2
GO_Biological_Process_2023,Cellular Response To Hexose Stimulus (GO:0071331),2/25,0.0686127515397031,0.6651605216200803,0,0,4.977056661173786,13.334912837862117,KCNB1;CYP7A1
GO_Biological_Process_2023,Long-Chain Fatty Acid Biosynthetic Process (GO:0042759),2/25,0.0686127515397031,0.6651605216200803,0,0,4.977056661173786,13.334912837862117,ASAH2;ALOX15B
GO_Biological_Process_2023,Chemokine-Mediated Signaling Pathway (GO:0070098),3/57,0.0753705005577386,0.6651605216200803,0,0,3.1840480831708904,8.231844705586,CCL25;CCL19;CCL16
GO_Biological_Process_2023,Regulation Of Extrinsic Apoptotic Signaling Pathway In Absence Of Ligand (GO:2001239),2/27,0.0785133290082955,0.6651605216200803,0,0,4.578425655976677,11.64974397754182,TERT;IFI6
GO_Biological_Process_2023,Negative Regulation Of Neurogenesis (GO:0050768),2/27,0.0785133290082955,0.6651605216200803,0,0,4.578425655976677,11.64974397754182,WNT3A;PAX6
GO_Biological_Process_2023,Amino Acid Import Across Plasma Membrane (GO:0089718),2/27,0.0785133290082955,0.6651605216200803,0,0,4.578425655976677,11.64974397754182,SLC22A2;SLC6A2
GO_Biological_Process_2023,Regulation Of Catecholamine Secretion (GO:0050433),2/27,0.0785133290082955,0.6651605216200803,0,0,4.578425655976677,11.64974397754182,KCNB1;SYT9
GO_Biological_Process_2023,Cellular Response To Hormone Stimulus (GO:0032870),4/94,0.0796549647577705,0.6651605216200803,0,0,2.550016291951776,6.451671046070243,CRHBP;NR4A3;ATP1A2;GCK
GO_Biological_Process_2023,Muscle Contraction (GO:0006936),4/94,0.0796549647577705,0.6651605216200803,0,0,2.550016291951776,6.451671046070243,MYH3;ADRA1D;MYH4;LMOD2
GO_Biological_Process_2023,Cellular Response To Chemokine (GO:1990869),3/59,0.0817088793077225,0.6651605216200803,0,0,3.070018796992481,7.689146364383478,CCL25;CCL19;CCL16
GO_Biological_Process_2023,Positive Regulation Of Protein Binding (GO:0032092),3/59,0.0817088793077225,0.6651605216200803,0,0,3.070018796992481,7.689146364383478,BLK;TERT;WNT3A
GO_Biological_Process_2023,Regulation Of Epinephrine Secretion (GO:0014060),1/5,0.0833330173099305,0.6651605216200803,0,0,14.28125,35.48762725089822,CRH
GO_Biological_Process_2023,Regulation Of Glucagon Secretion (GO:0070092),1/5,0.0833330173099305,0.6651605216200803,0,0,14.28125,35.48762725089822,CRH
GO_Biological_Process_2023,Regulation Of Glutamate Receptor Signaling Pathway (GO:1900449),1/5,0.0833330173099305,0.6651605216200803,0,0,14.28125,35.48762725089822,FRRS1L
GO_Biological_Process_2023,Ammonium Homeostasis (GO:0097272),1/5,0.0833330173099305,0.6651605216200803,0,0,14.28125,35.48762725089822,RHCG
GO_Biological_Process_2023,Bradykinin Catabolic Process (GO:0010815),1/5,0.0833330173099305,0.6651605216200803,0,0,14.28125,35.48762725089822,MME
GO_Biological_Process_2023,Polyamine Transport (GO:0015846),1/5,0.0833330173099305,0.6651605216200803,0,0,14.28125,35.48762725089822,SLC22A2
GO_Biological_Process_2023,Regulation Of Type B Pancreatic Cell Proliferation (GO:0061469),1/5,0.0833330173099305,0.6651605216200803,0,0,14.28125,35.48762725089822,NR4A3
GO_Biological_Process_2023,Response To Catecholamine (GO:0071869),1/5,0.0833330173099305,0.6651605216200803,0,0,14.28125,35.48762725089822,NR4A3
GO_Biological_Process_2023,Coumarin Metabolic Process (GO:0009804),1/5,0.0833330173099305,0.6651605216200803,0,0,14.28125,35.48762725089822,CYP2A7
GO_Biological_Process_2023,Positive Regulation Of Cardiac Muscle Cell Differentiation (GO:2000727),1/5,0.0833330173099305,0.6651605216200803,0,0,14.28125,35.48762725089822,WNT3A
GO_Biological_Process_2023,Dendrite Extension (GO:0097484),1/5,0.0833330173099305,0.6651605216200803,0,0,14.28125,35.48762725089822,SH3GL2
GO_Biological_Process_2023,Positive Regulation Of Gonad Development (GO:1905941),1/5,0.0833330173099305,0.6651605216200803,0,0,14.28125,35.48762725089822,NR5A1
GO_Biological_Process_2023,Establishment Of Protein Localization To Telomere (GO:0070200),1/5,0.0833330173099305,0.6651605216200803,0,0,14.28125,35.48762725089822,TERT
GO_Biological_Process_2023,Synaptic Vesicle Uncoating (GO:0016191),1/5,0.0833330173099305,0.6651605216200803,0,0,14.28125,35.48762725089822,SH3GL2
GO_Biological_Process_2023,Female Gonad Development (GO:0008585),1/5,0.0833330173099305,0.6651605216200803,0,0,14.28125,35.48762725089822,NR5A1
GO_Biological_Process_2023,Positive Regulation Of Male Gonad Development (GO:2000020),1/5,0.0833330173099305,0.6651605216200803,0,0,14.28125,35.48762725089822,NR5A1
GO_Biological_Process_2023,Thiamine Transmembrane Transport (GO:0071934),1/5,0.0833330173099305,0.6651605216200803,0,0,14.28125,35.48762725089822,SLC22A2
GO_Biological_Process_2023,Positive Regulation Of Mitochondrial Membrane Potential (GO:0010918),1/5,0.0833330173099305,0.6651605216200803,0,0,14.28125,35.48762725089822,TCL1A
GO_Biological_Process_2023,Urea Cycle (GO:0000050),1/5,0.0833330173099305,0.6651605216200803,0,0,14.28125,35.48762725089822,OTC
GO_Biological_Process_2023,Heterocycle Catabolic Process (GO:0046700),1/5,0.0833330173099305,0.6651605216200803,0,0,14.28125,35.48762725089822,PRODH
GO_Biological_Process_2023,Hexose Catabolic Process (GO:0019320),1/5,0.0833330173099305,0.6651605216200803,0,0,14.28125,35.48762725089822,GCK
GO_Biological_Process_2023,Xenobiotic Transport Across Blood-Brain Barrier (GO:1990962),1/5,0.0833330173099305,0.6651605216200803,0,0,14.28125,35.48762725089822,SLC22A2
GO_Biological_Process_2023,Proline Metabolic Process (GO:0006560),1/5,0.0833330173099305,0.6651605216200803,0,0,14.28125,35.48762725089822,PRODH
GO_Biological_Process_2023,mRNA 3'-Splice Site Recognition (GO:0000389),1/5,0.0833330173099305,0.6651605216200803,0,0,14.28125,35.48762725089822,NR5A1
GO_Biological_Process_2023,Negative Regulation Of Arp2/3 Complex-Mediated Actin Nucleation (GO:0034316),1/5,0.0833330173099305,0.6651605216200803,0,0,14.28125,35.48762725089822,CTNNA2
GO_Biological_Process_2023,Negative Regulation Of Cellular Extravasation (GO:0002692),1/5,0.0833330173099305,0.6651605216200803,0,0,14.28125,35.48762725089822,CCL25
GO_Biological_Process_2023,Regulation Of Lipid Biosynthetic Process (GO:0046890),2/28,0.0836210519098819,0.6651605216200803,0,0,4.402108095985647,10.923655039156886,NR5A1;PDK4
GO_Biological_Process_2023,Regulation Of Calcium Ion-Dependent Exocytosis (GO:0017158),2/28,0.0836210519098819,0.6651605216200803,0,0,4.402108095985647,10.923655039156886,KCNB1;SYT9
GO_Biological_Process_2023,RNA-mediated Gene Silencing (GO:0031047),2/29,0.0888269810056023,0.6651605216200803,0,0,4.238851095993953,10.262533329231228,TDRD1;MOV10L1
GO_Biological_Process_2023,Alpha-Amino Acid Catabolic Process (GO:1901606),2/29,0.0888269810056023,0.6651605216200803,0,0,4.238851095993953,10.262533329231228,PRODH;OTC
GO_Biological_Process_2023,Regulation Of Muscle Contraction (GO:0006937),2/29,0.0888269810056023,0.6651605216200803,0,0,4.238851095993953,10.262533329231228,MYBPH;ATP1A2
GO_Biological_Process_2023,Regulation Of Striated Muscle Contraction (GO:0006942),2/29,0.0888269810056023,0.6651605216200803,0,0,4.238851095993953,10.262533329231228,MYBPH;ATP1A2
GO_Biological_Process_2023,Sarcomere Organization (GO:0045214),2/29,0.0888269810056023,0.6651605216200803,0,0,4.238851095993953,10.262533329231228,MYH3;LMOD2
GO_Biological_Process_2023,Glycolytic Process (GO:0006096),2/29,0.0888269810056023,0.6651605216200803,0,0,4.238851095993953,10.262533329231228,ENO3;GCK
GO_Biological_Process_2023,Potassium Ion Transmembrane Transport (GO:0071805),5/137,0.0888773628096601,0.6651605216200803,0,0,2.1750222816399285,5.264636659513049,KCNJ10;KCNB1;KCNN2;ATP1A2;SLC9C2
GO_Biological_Process_2023,Positive Regulation Of ERK1 And ERK2 Cascade (GO:0070374),6/179,0.0903229610792932,0.6651605216200803,0,0,1.9931454294337303,4.792246270932783,CCL25;CXCL17;ADRA1D;CCL19;MT3;CCL16
GO_Biological_Process_2023,Negative Regulation Of Epidermal Cell Differentiation (GO:0045605),1/6,0.0991494495822012,0.6651605216200803,0,0,11.424418604651162,26.403282015428974,REG3A
GO_Biological_Process_2023,Negative Regulation Of Retinoic Acid Receptor Signaling Pathway (GO:0048387),1/6,0.0991494495822012,0.6651605216200803,0,0,11.424418604651162,26.403282015428974,CYP26A1
GO_Biological_Process_2023,Regulation Of Male Gonad Development (GO:2000018),1/6,0.0991494495822012,0.6651605216200803,0,0,11.424418604651162,26.403282015428974,NR5A1
GO_Biological_Process_2023,Regulation Of Norepinephrine Secretion (GO:0014061),1/6,0.0991494495822012,0.6651605216200803,0,0,11.424418604651162,26.403282015428974,KCNB1
GO_Biological_Process_2023,Regulation Of Respiratory Gaseous Exchange (GO:0043576),1/6,0.0991494495822012,0.6651605216200803,0,0,11.424418604651162,26.403282015428974,GRPR
GO_Biological_Process_2023,Cellular Response To Monoamine Stimulus (GO:0071868),1/6,0.0991494495822012,0.6651605216200803,0,0,11.424418604651162,26.403282015428974,NR4A3
GO_Biological_Process_2023,Cholesterol Catabolic Process (GO:0006707),1/6,0.0991494495822012,0.6651605216200803,0,0,11.424418604651162,26.403282015428974,CYP7A1
GO_Biological_Process_2023,Choline Transport (GO:0015871),1/6,0.0991494495822012,0.6651605216200803,0,0,11.424418604651162,26.403282015428974,SLC22A2
GO_Biological_Process_2023,Citrulline Metabolic Process (GO:0000052),1/6,0.0991494495822012,0.6651605216200803,0,0,11.424418604651162,26.403282015428974,OTC
GO_Biological_Process_2023,Clathrin Coat Disassembly (GO:0072318),1/6,0.0991494495822012,0.6651605216200803,0,0,11.424418604651162,26.403282015428974,SH3GL2
GO_Biological_Process_2023,Response To Cocaine (GO:0042220),1/6,0.0991494495822012,0.6651605216200803,0,0,11.424418604651162,26.403282015428974,CRHBP
GO_Biological_Process_2023,Positive Regulation Of Blood Circulation (GO:1903524),1/6,0.0991494495822012,0.6651605216200803,0,0,11.424418604651162,26.403282015428974,ATP1A2
GO_Biological_Process_2023,Positive Regulation Of Catecholamine Secretion (GO:0033605),1/6,0.0991494495822012,0.6651605216200803,0,0,11.424418604651162,26.403282015428974,KCNB1
GO_Biological_Process_2023,Development Of Primary Female Sexual Characteristics (GO:0046545),1/6,0.0991494495822012,0.6651605216200803,0,0,11.424418604651162,26.403282015428974,NR5A1
GO_Biological_Process_2023,Short-Chain Fatty Acid Metabolic Process (GO:0046459),1/6,0.0991494495822012,0.6651605216200803,0,0,11.424418604651162,26.403282015428974,ACSM1
GO_Biological_Process_2023,Skeletal Muscle Thin Filament Assembly (GO:0030240),1/6,0.0991494495822012,0.6651605216200803,0,0,11.424418604651162,26.403282015428974,ACTL8
GO_Biological_Process_2023,Sterol Catabolic Process (GO:0016127),1/6,0.0991494495822012,0.6651605216200803,0,0,11.424418604651162,26.403282015428974,CYP7A1
GO_Biological_Process_2023,Positive Regulation Of Mast Cell Activation (GO:0033005),1/6,0.0991494495822012,0.6651605216200803,0,0,11.424418604651162,26.403282015428974,NR4A3
GO_Biological_Process_2023,Glandular Epithelial Cell Development (GO:0002068),1/6,0.0991494495822012,0.6651605216200803,0,0,11.424418604651162,26.403282015428974,PAX6
GO_Biological_Process_2023,Glycerol-3-Phosphate Metabolic Process (GO:0006072),1/6,0.0991494495822012,0.6651605216200803,0,0,11.424418604651162,26.403282015428974,GCK
GO_Biological_Process_2023,Positive Regulation Of Necrotic Cell Death (GO:0010940),1/6,0.0991494495822012,0.6651605216200803,0,0,11.424418604651162,26.403282015428974,MT3
GO_Biological_Process_2023,Histidine Catabolic Process (GO:0006548),1/6,0.0991494495822012,0.6651605216200803,0,0,11.424418604651162,26.403282015428974,UROC1
GO_Biological_Process_2023,Histidine Metabolic Process (GO:0006547),1/6,0.0991494495822012,0.6651605216200803,0,0,11.424418604651162,26.403282015428974,UROC1
GO_Biological_Process_2023,Positive Regulation Of Steroid Metabolic Process (GO:0045940),1/6,0.0991494495822012,0.6651605216200803,0,0,11.424418604651162,26.403282015428974,CGA
GO_Biological_Process_2023,Lipid Hydroxylation (GO:0002933),1/6,0.0991494495822012,0.6651605216200803,0,0,11.424418604651162,26.403282015428974,CYP3A7
GO_Biological_Process_2023,"Negative Regulation Of CD4-positive, Alpha-Beta T Cell Proliferation (GO:2000562)",1/6,0.0991494495822012,0.6651605216200803,0,0,11.424418604651162,26.403282015428974,LGALS9C
GO_Biological_Process_2023,Regulation Of T-helper 1 Cell Differentiation (GO:0045625),1/6,0.0991494495822012,0.6651605216200803,0,0,11.424418604651162,26.403282015428974,CCL19
GO_Biological_Process_2023,Regulation Of Bile Acid Metabolic Process (GO:1904251),1/6,0.0991494495822012,0.6651605216200803,0,0,11.424418604651162,26.403282015428974,CYP7A1
GO_Biological_Process_2023,Regulation Of Blood-Brain Barrier Permeability (GO:1905603),1/6,0.0991494495822012,0.6651605216200803,0,0,11.424418604651162,26.403282015428974,SH3GL2
GO_Biological_Process_2023,Negative Regulation Of Catecholamine Secretion (GO:0033604),1/6,0.0991494495822012,0.6651605216200803,0,0,11.424418604651162,26.403282015428974,CRH
GO_Biological_Process_2023,Negative Regulation Of Dendritic Cell Apoptotic Process (GO:2000669),1/6,0.0991494495822012,0.6651605216200803,0,0,11.424418604651162,26.403282015428974,CCL19
GO_Biological_Process_2023,Bile Acid Metabolic Process (GO:0008206),2/31,0.09951405879367,0.6651605216200803,0,0,3.9461144063536744,9.105486746306095,UGT2A1;CYP7A1
GO_Biological_Process_2023,Organic Cation Transport (GO:0015695),2/31,0.09951405879367,0.6651605216200803,0,0,3.9461144063536744,9.105486746306095,SLC22A2;SLC6A2
GO_Biological_Process_2023,Cellular Nitrogen Compound Biosynthetic Process (GO:0044271),2/32,0.1049858507290897,0.6651605216200803,0,0,3.814382896015549,8.597350869289379,ACER1;ASAH2
GO_Biological_Process_2023,Cellular Response To Type II Interferon (GO:0071346),3/66,0.1055868986398659,0.6651605216200803,0,0,2.7279309384572543,6.1329915714237755,CCL25;CCL19;CCL16
GO_Biological_Process_2023,Regulation Of Neurogenesis (GO:0050767),3/67,0.1091996202299999,0.6651605216200803,0,0,2.685169956140351,5.946517487922422,MME;WNT3A;PAX6
GO_Biological_Process_2023,Negative Regulation Of Inflammatory Response To Wounding (GO:0106015),1/7,0.1146937598046864,0.6651605216200803,0,0,9.519864341085272,20.61516780302438,REG3A
GO_Biological_Process_2023,Alditol Metabolic Process (GO:0019400),1/7,0.1146937598046864,0.6651605216200803,0,0,9.519864341085272,20.61516780302438,GCK
GO_Biological_Process_2023,Benzene-Containing Compound Metabolic Process (GO:0042537),1/7,0.1146937598046864,0.6651605216200803,0,0,9.519864341085272,20.61516780302438,ACSM1
GO_Biological_Process_2023,Regulation Of Protein Localization To Nucleolus (GO:1904749),1/7,0.1146937598046864,0.6651605216200803,0,0,9.519864341085272,20.61516780302438,TERT
GO_Biological_Process_2023,Cellular Response To Potassium Ion (GO:0035865),1/7,0.1146937598046864,0.6651605216200803,0,0,9.519864341085272,20.61516780302438,CRHBP
GO_Biological_Process_2023,Response To Auditory Stimulus (GO:0010996),1/7,0.1146937598046864,0.6651605216200803,0,0,9.519864341085272,20.61516780302438,ATP1A2
GO_Biological_Process_2023,Response To Potassium Ion (GO:0035864),1/7,0.1146937598046864,0.6651605216200803,0,0,9.519864341085272,20.61516780302438,CRHBP
GO_Biological_Process_2023,siRNA Processing (GO:0030422),1/7,0.1146937598046864,0.6651605216200803,0,0,9.519864341085272,20.61516780302438,TERT
GO_Biological_Process_2023,Store-Operated Calcium Entry (GO:0002115),1/7,0.1146937598046864,0.6651605216200803,0,0,9.519864341085272,20.61516780302438,MS4A1
GO_Biological_Process_2023,Positive Regulation Of Membrane Potential (GO:0045838),1/7,0.1146937598046864,0.6651605216200803,0,0,9.519864341085272,20.61516780302438,TCL1A
GO_Biological_Process_2023,"Heparan Sulfate Proteoglycan Biosynthetic Process, Polysaccharide Chain Biosynthetic Process (GO:0015014)",1/7,0.1146937598046864,0.6651605216200803,0,0,9.519864341085272,20.61516780302438,NDST3
GO_Biological_Process_2023,Hepoxilin Biosynthetic Process (GO:0051122),1/7,0.1146937598046864,0.6651605216200803,0,0,9.519864341085272,20.61516780302438,ALOX15B
GO_Biological_Process_2023,Hepoxilin Metabolic Process (GO:0051121),1/7,0.1146937598046864,0.6651605216200803,0,0,9.519864341085272,20.61516780302438,ALOX15B
GO_Biological_Process_2023,Positive Regulation Of Steroid Biosynthetic Process (GO:0010893),1/7,0.1146937598046864,0.6651605216200803,0,0,9.519864341085272,20.61516780302438,CGA
GO_Biological_Process_2023,Positive Regulation Of Vascular Associated Smooth Muscle Cell Migration (GO:1904754),1/7,0.1146937598046864,0.6651605216200803,0,0,9.519864341085272,20.61516780302438,NR4A3
GO_Biological_Process_2023,Purine-Containing Compound Metabolic Process (GO:0072521),1/7,0.1146937598046864,0.6651605216200803,0,0,9.519864341085272,20.61516780302438,TTR
GO_Biological_Process_2023,Negative Regulation Of Actin Nucleation (GO:0051126),1/7,0.1146937598046864,0.6651605216200803,0,0,9.519864341085272,20.61516780302438,CTNNA2
GO_Biological_Process_2023,Cellular Response To Glucose Stimulus (GO:0071333),2/34,0.1161635428099519,0.6651605216200803,0,0,3.575619533527697,7.697437223242067,KCNB1;CYP7A1
GO_Biological_Process_2023,Superoxide Metabolic Process (GO:0006801),2/34,0.1161635428099519,0.6651605216200803,0,0,3.575619533527697,7.697437223242067,TAFA4;MT3
GO_Biological_Process_2023,Neutrophil Chemotaxis (GO:0030593),3/70,0.1203171425404657,0.6651605216200803,0,0,2.5645456925896832,5.430743938299399,CCL25;CCL19;CCL16
GO_Biological_Process_2023,One-Carbon Compound Transport (GO:0019755),2/35,0.121860868183332,0.6651605216200803,0,0,3.467090732396855,7.297793679301719,SLC14A2;AQP6
GO_Biological_Process_2023,Regulation Of Endothelial Cell Differentiation (GO:0045601),1/8,0.1299706158763401,0.6651605216200803,0,0,8.159468438538205,16.648961965166315,TMEM100
GO_Biological_Process_2023,Alcohol Catabolic Process (GO:0046164),1/8,0.1299706158763401,0.6651605216200803,0,0,8.159468438538205,16.648961965166315,CYP7A1
GO_Biological_Process_2023,Angiotensin Maturation (GO:0002003),1/8,0.1299706158763401,0.6651605216200803,0,0,8.159468438538205,16.648961965166315,CMA1
GO_Biological_Process_2023,Regulation Of Necrotic Cell Death (GO:0010939),1/8,0.1299706158763401,0.6651605216200803,0,0,8.159468438538205,16.648961965166315,MT3
GO_Biological_Process_2023,Neurotransmitter Reuptake (GO:0098810),1/8,0.1299706158763401,0.6651605216200803,0,0,8.159468438538205,16.648961965166315,SLC22A2
GO_Biological_Process_2023,Cell Surface Pattern Recognition Receptor Signaling Pathway (GO:0002752),1/8,0.1299706158763401,0.6651605216200803,0,0,8.159468438538205,16.648961965166315,COLEC10
GO_Biological_Process_2023,Positive Regulation Of Calcium Ion-Dependent Exocytosis (GO:0045956),1/8,0.1299706158763401,0.6651605216200803,0,0,8.159468438538205,16.648961965166315,KCNB1
GO_Biological_Process_2023,Dehydroascorbic Acid Transport (GO:0070837),1/8,0.1299706158763401,0.6651605216200803,0,0,8.159468438538205,16.648961965166315,SLC2A14
GO_Biological_Process_2023,Serotonin Uptake (GO:0051610),1/8,0.1299706158763401,0.6651605216200803,0,0,8.159468438538205,16.648961965166315,SLC22A2
GO_Biological_Process_2023,Skeletal Myofibril Assembly (GO:0014866),1/8,0.1299706158763401,0.6651605216200803,0,0,8.159468438538205,16.648961965166315,ACTL8
GO_Biological_Process_2023,Fat-Soluble Vitamin Catabolic Process (GO:0042363),1/8,0.1299706158763401,0.6651605216200803,0,0,8.159468438538205,16.648961965166315,CYP26A1
GO_Biological_Process_2023,Unsaturated Fatty Acid Biosynthetic Process (GO:0006636),1/8,0.1299706158763401,0.6651605216200803,0,0,8.159468438538205,16.648961965166315,ALOX15B
GO_Biological_Process_2023,Positive Regulation Of Opsonization (GO:1903028),1/8,0.1299706158763401,0.6651605216200803,0,0,8.159468438538205,16.648961965166315,COLEC10
GO_Biological_Process_2023,Positive Regulation Of Protein Kinase C Signaling (GO:0090037),1/8,0.1299706158763401,0.6651605216200803,0,0,8.159468438538205,16.648961965166315,ADRA1D
GO_Biological_Process_2023,Leptin-Mediated Signaling Pathway (GO:0033210),1/8,0.1299706158763401,0.6651605216200803,0,0,8.159468438538205,16.648961965166315,MT3
GO_Biological_Process_2023,Regulation Of Angiotensin Levels In Blood (GO:0002002),1/8,0.1299706158763401,0.6651605216200803,0,0,8.159468438538205,16.648961965166315,CMA1
GO_Biological_Process_2023,Granulocyte Chemotaxis (GO:0071621),3/73,0.1318312463147354,0.6651605216200803,0,0,2.4542606516290726,4.972902968968828,CCL25;CCL19;CCL16
GO_Biological_Process_2023,Organic Substance Transport (GO:0071702),6/201,0.1353205074067612,0.6651605216200803,0,0,1.7662809167233946,3.532754685528463,SLC22A2;AQP6;ZG16;RHCG;SLC6A2;SLC22A10
GO_Biological_Process_2023,B Cell Homeostasis (GO:0001782),1/9,0.1449846060566423,0.6651605216200803,0,0,7.139171511627907,13.786651913443407,TNFRSF13B
GO_Biological_Process_2023,Regulation Of Dendritic Cell Apoptotic Process (GO:2000668),1/9,0.1449846060566423,0.6651605216200803,0,0,7.139171511627907,13.786651913443407,CCL19
GO_Biological_Process_2023,Regulation Of Hair Cycle (GO:0042634),1/9,0.1449846060566423,0.6651605216200803,0,0,7.139171511627907,13.786651913443407,TERT
GO_Biological_Process_2023,Regulation Of Inflammatory Response To Wounding (GO:0106014),1/9,0.1449846060566423,0.6651605216200803,0,0,7.139171511627907,13.786651913443407,REG3A
GO_Biological_Process_2023,Wnt Signaling Pathway Involved In Midbrain Dopaminergic Neuron Differentiation (GO:1904953),1/9,0.1449846060566423,0.6651605216200803,0,0,7.139171511627907,13.786651913443407,WNT3A
GO_Biological_Process_2023,Regulation Of Long-Term Synaptic Depression (GO:1900452),1/9,0.1449846060566423,0.6651605216200803,0,0,7.139171511627907,13.786651913443407,KCNB1
GO_Biological_Process_2023,Nucleobase-Containing Compound Biosynthetic Process (GO:0034654),1/9,0.1449846060566423,0.6651605216200803,0,0,7.139171511627907,13.786651913443407,TERT
GO_Biological_Process_2023,Nucleoside Metabolic Process (GO:0009116),1/9,0.1449846060566423,0.6651605216200803,0,0,7.139171511627907,13.786651913443407,UPP2
GO_Biological_Process_2023,Regulation Of Postsynaptic Neurotransmitter Receptor Activity (GO:0098962),1/9,0.1449846060566423,0.6651605216200803,0,0,7.139171511627907,13.786651913443407,DLGAP2
GO_Biological_Process_2023,Carbohydrate Phosphorylation (GO:0046835),1/9,0.1449846060566423,0.6651605216200803,0,0,7.139171511627907,13.786651913443407,GCK
GO_Biological_Process_2023,Ornithine Metabolic Process (GO:0006591),1/9,0.1449846060566423,0.6651605216200803,0,0,7.139171511627907,13.786651913443407,OTC
GO_Biological_Process_2023,Positive Regulation Of Cardiocyte Differentiation (GO:1905209),1/9,0.1449846060566423,0.6651605216200803,0,0,7.139171511627907,13.786651913443407,WNT3A
GO_Biological_Process_2023,Dicarboxylic Acid Biosynthetic Process (GO:0043650),1/9,0.1449846060566423,0.6651605216200803,0,0,7.139171511627907,13.786651913443407,GLS2
GO_Biological_Process_2023,Dopamine Transport (GO:0015872),1/9,0.1449846060566423,0.6651605216200803,0,0,7.139171511627907,13.786651913443407,SLC22A2
GO_Biological_Process_2023,Serotonin Transport (GO:0006837),1/9,0.1449846060566423,0.6651605216200803,0,0,7.139171511627907,13.786651913443407,SLC22A2
GO_Biological_Process_2023,Toxin Transport (GO:1901998),1/9,0.1449846060566423,0.6651605216200803,0,0,7.139171511627907,13.786651913443407,SLC22A2
GO_Biological_Process_2023,Granulocyte Migration (GO:0097530),1/9,0.1449846060566423,0.6651605216200803,0,0,7.139171511627907,13.786651913443407,GP2
GO_Biological_Process_2023,Iron Ion Transmembrane Transport (GO:0034755),1/9,0.1449846060566423,0.6651605216200803,0,0,7.139171511627907,13.786651913443407,SCARA5
GO_Biological_Process_2023,Positive Regulation Of Vascular Endothelial Growth Factor Receptor Signaling Pathway (GO:0030949),1/9,0.1449846060566423,0.6651605216200803,0,0,7.139171511627907,13.786651913443407,MT3
GO_Biological_Process_2023,Positive Regulation Of Vasculogenesis (GO:2001214),1/9,0.1449846060566423,0.6651605216200803,0,0,7.139171511627907,13.786651913443407,TMEM100
GO_Biological_Process_2023,Purine Nucleobase Metabolic Process (GO:0006144),1/9,0.1449846060566423,0.6651605216200803,0,0,7.139171511627907,13.786651913443407,TTR
GO_Biological_Process_2023,"Regulation Of CD4-positive, Alpha-Beta T Cell Proliferation (GO:2000561)",1/9,0.1449846060566423,0.6651605216200803,0,0,7.139171511627907,13.786651913443407,LGALS9C
GO_Biological_Process_2023,Negative Regulation Of Alpha-Beta T Cell Proliferation (GO:0046642),1/9,0.1449846060566423,0.6651605216200803,0,0,7.139171511627907,13.786651913443407,LGALS9C
GO_Biological_Process_2023,Regulation Of Bile Acid Biosynthetic Process (GO:0070857),1/9,0.1449846060566423,0.6651605216200803,0,0,7.139171511627907,13.786651913443407,CYP7A1
GO_Biological_Process_2023,Regulation Of Cardiac Muscle Cell Differentiation (GO:2000725),1/9,0.1449846060566423,0.6651605216200803,0,0,7.139171511627907,13.786651913443407,WNT3A
GO_Biological_Process_2023,Negative Regulation Of Lymphocyte Proliferation (GO:0050672),2/39,0.1452790221385572,0.6651605216200803,0,0,3.091639744700969,5.964079433649903,PLA2G2D;TNFRSF13B
GO_Biological_Process_2023,Actomyosin Structure Organization (GO:0031032),3/77,0.1477499801538079,0.6651605216200803,0,0,2.321123755334282,4.438531199168291,MYH3;ACTN2;LMOD2
GO_Biological_Process_2023,L-alpha-amino Acid Transmembrane Transport (GO:1902475),2/40,0.1512717255775204,0.6651605216200803,0,0,3.0101273592143625,5.685159972624767,SLC22A2;SLC6A2
GO_Biological_Process_2023,Regulation Of Small Molecule Metabolic Process (GO:0062012),2/40,0.1512717255775204,0.6651605216200803,0,0,3.0101273592143625,5.685159972624767,PDK4;GCK
GO_Biological_Process_2023,Positive Regulation Of Insulin Secretion (GO:0032024),2/40,0.1512717255775204,0.6651605216200803,0,0,3.0101273592143625,5.685159972624767,BLK;GCK
GO_Biological_Process_2023,Carbohydrate Catabolic Process (GO:0016052),2/41,0.157312466915529,0.6651605216200803,0,0,2.9327950960604023,5.424266753509165,ENO3;GCK
GO_Biological_Process_2023,Regulation Of Glycoprotein Biosynthetic Process (GO:0010559),1/10,0.1597402402051683,0.6651605216200803,0,0,6.345607235142118,11.639152652331209,CCL19
GO_Biological_Process_2023,Negative Regulation Of Oxidoreductase Activity (GO:0051354),1/10,0.1597402402051683,0.6651605216200803,0,0,6.345607235142118,11.639152652331209,MT3
GO_Biological_Process_2023,Alpha-Amino Acid Biosynthetic Process (GO:1901607),1/10,0.1597402402051683,0.6651605216200803,0,0,6.345607235142118,11.639152652331209,OTC
GO_Biological_Process_2023,Ammonium Transmembrane Transport (GO:0072488),1/10,0.1597402402051683,0.6651605216200803,0,0,6.345607235142118,11.639152652331209,RHCG
GO_Biological_Process_2023,Regulation Of Mitochondrial Depolarization (GO:0051900),1/10,0.1597402402051683,0.6651605216200803,0,0,6.345607235142118,11.639152652331209,IFI6
GO_Biological_Process_2023,Regulation Of Opsonization (GO:1903027),1/10,0.1597402402051683,0.6651605216200803,0,0,6.345607235142118,11.639152652331209,COLEC10
GO_Biological_Process_2023,Cell Proliferation In Forebrain (GO:0021846),1/10,0.1597402402051683,0.6651605216200803,0,0,6.345607235142118,11.639152652331209,WNT3A
GO_Biological_Process_2023,Cellular Response To UV-A (GO:0071492),1/10,0.1597402402051683,0.6651605216200803,0,0,6.345607235142118,11.639152652331209,MME
GO_Biological_Process_2023,Cellular Response To Cholesterol (GO:0071397),1/10,0.1597402402051683,0.6651605216200803,0,0,6.345607235142118,11.639152652331209,CYP7A1
GO_Biological_Process_2023,Removal Of Superoxide Radicals (GO:0019430),1/10,0.1597402402051683,0.6651605216200803,0,0,6.345607235142118,11.639152652331209,MT3
GO_Biological_Process_2023,Response To Prostaglandin E (GO:0034695),1/10,0.1597402402051683,0.6651605216200803,0,0,6.345607235142118,11.639152652331209,CCL19
GO_Biological_Process_2023,Embryonic Appendage Morphogenesis (GO:0035113),1/10,0.1597402402051683,0.6651605216200803,0,0,6.345607235142118,11.639152652331209,MYH3
GO_Biological_Process_2023,Glycine Transport (GO:0015816),1/10,0.1597402402051683,0.6651605216200803,0,0,6.345607235142118,11.639152652331209,SLC6A2
GO_Biological_Process_2023,Prostaglandin Transport (GO:0015732),1/10,0.1597402402051683,0.6651605216200803,0,0,6.345607235142118,11.639152652331209,SLC22A2
GO_Biological_Process_2023,Mast Cell Activation Involved In Immune Response (GO:0002279),1/10,0.1597402402051683,0.6651605216200803,0,0,6.345607235142118,11.639152652331209,NR4A3
GO_Biological_Process_2023,Mast Cell Degranulation (GO:0043303),1/10,0.1597402402051683,0.6651605216200803,0,0,6.345607235142118,11.639152652331209,NR4A3
GO_Biological_Process_2023,Negative Regulation Of B Cell Proliferation (GO:0030889),1/10,0.1597402402051683,0.6651605216200803,0,0,6.345607235142118,11.639152652331209,TNFRSF13B
GO_Biological_Process_2023,Negative Regulation Of Adenylate Cyclase Activity (GO:0007194),1/10,0.1597402402051683,0.6651605216200803,0,0,6.345607235142118,11.639152652331209,GABBR2
GO_Biological_Process_2023,Response To Type II Interferon (GO:0034341),3/80,0.1600761517246542,0.6651605216200803,0,0,2.2303485987696514,4.086234221761627,CCL25;CCL19;CCL16
GO_Biological_Process_2023,Amino Acid Transmembrane Transport (GO:0003333),2/42,0.1633978201550169,0.6651605216200803,0,0,2.85932944606414,5.179868116687723,SLC22A2;SLC38A8
GO_Biological_Process_2023,Organic Hydroxy Compound Biosynthetic Process (GO:1901617),2/42,0.1633978201550169,0.6651605216200803,0,0,2.85932944606414,5.179868116687723,CYP7A1;ALOX15B
GO_Biological_Process_2023,Lipid Modification (GO:0030258),2/42,0.1633978201550169,0.6651605216200803,0,0,2.85932944606414,5.179868116687723,ALOX15B;CYP3A7
GO_Biological_Process_2023,Potassium Ion Import Across Plasma Membrane (GO:1990573),2/42,0.1633978201550169,0.6651605216200803,0,0,2.85932944606414,5.179868116687723,KCNJ10;ATP1A2
GO_Biological_Process_2023,Cellular Response To Interleukin-1 (GO:0071347),3/81,0.164252868137469,0.6651605216200803,0,0,2.2016419253261357,3.976931840231872,CCL25;CCL19;CCL16
GO_Biological_Process_2023,Sodium Ion Transmembrane Transport (GO:0035725),3/82,0.1684617965164388,0.6651605216200803,0,0,2.1736620031090386,3.871392628530681,ATP1A2;SLC6A2;SLC9C2
GO_Biological_Process_2023,Positive Regulation Of Receptor-Mediated Endocytosis (GO:0048260),2/43,0.1695244625958894,0.6651605216200803,0,0,2.7894474863115977,4.950594354815462,WNT3A;CCL19
GO_Biological_Process_2023,Negative Regulation Of Heart Contraction (GO:0045822),1/11,0.1742419511658263,0.6651605216200803,0,0,5.710755813953488,9.97846314955738,ATP1A2
GO_Biological_Process_2023,Negative Regulation Of Leukocyte Apoptotic Process (GO:2000107),1/11,0.1742419511658263,0.6651605216200803,0,0,5.710755813953488,9.97846314955738,CCL19
GO_Biological_Process_2023,Regulation Of Fatty Acid Metabolic Process (GO:0019217),1/11,0.1742419511658263,0.6651605216200803,0,0,5.710755813953488,9.97846314955738,PDK4
GO_Biological_Process_2023,Regulation Of Leukocyte Tethering Or Rolling (GO:1903236),1/11,0.1742419511658263,0.6651605216200803,0,0,5.710755813953488,9.97846314955738,CCL25
GO_Biological_Process_2023,Negative Regulation Of Vascular Permeability (GO:0043116),1/11,0.1742419511658263,0.6651605216200803,0,0,5.710755813953488,9.97846314955738,SH3GL2
GO_Biological_Process_2023,Regulation Of Muscle System Process (GO:0090257),1/11,0.1742419511658263,0.6651605216200803,0,0,5.710755813953488,9.97846314955738,ATP1A2
GO_Biological_Process_2023,Neurotransmitter Uptake (GO:0001504),1/11,0.1742419511658263,0.6651605216200803,0,0,5.710755813953488,9.97846314955738,SLC22A2
GO_Biological_Process_2023,Brain Morphogenesis (GO:0048854),1/11,0.1742419511658263,0.6651605216200803,0,0,5.710755813953488,9.97846314955738,CTNNA2
GO_Biological_Process_2023,Carbon Dioxide Transport (GO:0015670),1/11,0.1742419511658263,0.6651605216200803,0,0,5.710755813953488,9.97846314955738,AQP6
GO_Biological_Process_2023,Organic Cyclic Compound Catabolic Process (GO:1901361),1/11,0.1742419511658263,0.6651605216200803,0,0,5.710755813953488,9.97846314955738,PRODH
GO_Biological_Process_2023,Cellular Response To UV-B (GO:0071493),1/11,0.1742419511658263,0.6651605216200803,0,0,5.710755813953488,9.97846314955738,MME
GO_Biological_Process_2023,Cellular Response To Superoxide (GO:0071451),1/11,0.1742419511658263,0.6651605216200803,0,0,5.710755813953488,9.97846314955738,MT3
GO_Biological_Process_2023,Response To Nitric Oxide (GO:0071731),1/11,0.1742419511658263,0.6651605216200803,0,0,5.710755813953488,9.97846314955738,CCL19
GO_Biological_Process_2023,Retinoic Acid Receptor Signaling Pathway (GO:0048384),1/11,0.1742419511658263,0.6651605216200803,0,0,5.710755813953488,9.97846314955738,RXRG
GO_Biological_Process_2023,Positive Regulation Of Circadian Rhythm (GO:0042753),1/11,0.1742419511658263,0.6651605216200803,0,0,5.710755813953488,9.97846314955738,CRH
GO_Biological_Process_2023,Positive Regulation Of Keratinocyte Proliferation (GO:0010838),1/11,0.1742419511658263,0.6651605216200803,0,0,5.710755813953488,9.97846314955738,REG3A
GO_Biological_Process_2023,Glutamine Family Amino Acid Biosynthetic Process (GO:0009084),1/11,0.1742419511658263,0.6651605216200803,0,0,5.710755813953488,9.97846314955738,GLS2
GO_Biological_Process_2023,Glycerol Metabolic Process (GO:0006071),1/11,0.1742419511658263,0.6651605216200803,0,0,5.710755813953488,9.97846314955738,GCK
GO_Biological_Process_2023,Intrinsic Apoptotic Signaling Pathway In Response To Oxidative Stress (GO:0008631),1/11,0.1742419511658263,0.6651605216200803,0,0,5.710755813953488,9.97846314955738,PRODH
GO_Biological_Process_2023,Post-Transcriptional Gene Silencing (GO:0016441),1/11,0.1742419511658263,0.6651605216200803,0,0,5.710755813953488,9.97846314955738,MOV10L1
GO_Biological_Process_2023,Presynapse Organization (GO:0099172),1/11,0.1742419511658263,0.6651605216200803,0,0,5.710755813953488,9.97846314955738,WNT3A
GO_Biological_Process_2023,Mast Cell Mediated Immunity (GO:0002448),1/11,0.1742419511658263,0.6651605216200803,0,0,5.710755813953488,9.97846314955738,NR4A3
GO_Biological_Process_2023,"Negative Regulation Of CD4-positive, Alpha-Beta T Cell Activation (GO:2000515)",1/11,0.1742419511658263,0.6651605216200803,0,0,5.710755813953488,9.97846314955738,LGALS9C
GO_Biological_Process_2023,Negative Regulation Of Cyclase Activity (GO:0031280),1/11,0.1742419511658263,0.6651605216200803,0,0,5.710755813953488,9.97846314955738,GABBR2
GO_Biological_Process_2023,Positive Regulation Of Chemotaxis (GO:0050921),2/44,0.1756891722202316,0.6651605216200803,0,0,2.7228932389282243,4.735217296287635,CCL19;PRSS56
GO_Biological_Process_2023,Extracellular Matrix Disassembly (GO:0022617),2/44,0.1756891722202316,0.6651605216200803,0,0,2.7228932389282243,4.735217296287635,CMA1;KLK4
GO_Biological_Process_2023,Response To Interleukin-1 (GO:0070555),3/85,0.1812712349743354,0.6651605216200803,0,0,2.093816859221224,3.575738424973818,CCL25;CCL19;CCL16
GO_Biological_Process_2023,Regulation Of Cellular Metabolic Process (GO:0031323),2/45,0.1818888253433211,0.6651605216200803,0,0,2.659434537934775,4.532632860594718,PDK4;GCK
GO_Biological_Process_2023,B Cell Receptor Signaling Pathway (GO:0050853),2/46,0.1881203940998874,0.6651605216200803,0,0,2.5988603233501193,4.341846102966184,BLK;MS4A1
GO_Biological_Process_2023,Cellular Component Disassembly (GO:0022411),2/46,0.1881203940998874,0.6651605216200803,0,0,2.5988603233501193,4.341846102966184,CMA1;KLK4
GO_Biological_Process_2023,Response To Glucose (GO:0009749),2/46,0.1881203940998874,0.6651605216200803,0,0,2.5988603233501193,4.341846102966184,KCNB1;CYP7A1
GO_Biological_Process_2023,Negative Regulation Of Cellular Metabolic Process (GO:0031324),2/46,0.1881203940998874,0.6651605216200803,0,0,2.5988603233501193,4.341846102966184,TERT;MT3
GO_Biological_Process_2023,DNA Strand Elongation (GO:0022616),1/12,0.188494095944211,0.6651605216200803,0,0,5.191331923890063,8.662716368209253,TERT
GO_Biological_Process_2023,Atrial Cardiac Muscle Cell Action Potential (GO:0086014),1/12,0.188494095944211,0.6651605216200803,0,0,5.191331923890063,8.662716368209253,KCNN2
GO_Biological_Process_2023,Calcium Ion Import (GO:0070509),1/12,0.188494095944211,0.6651605216200803,0,0,5.191331923890063,8.662716368209253,CASR
GO_Biological_Process_2023,Regulation Of Retinoic Acid Receptor Signaling Pathway (GO:0048385),1/12,0.188494095944211,0.6651605216200803,0,0,5.191331923890063,8.662716368209253,CYP26A1
GO_Biological_Process_2023,Polysaccharide Biosynthetic Process (GO:0000271),1/12,0.188494095944211,0.6651605216200803,0,0,5.191331923890063,8.662716368209253,NDST3
GO_Biological_Process_2023,Regulation Of Vascular Associated Smooth Muscle Cell Migration (GO:1904752),1/12,0.188494095944211,0.6651605216200803,0,0,5.191331923890063,8.662716368209253,NR4A3
GO_Biological_Process_2023,Relaxation Of Cardiac Muscle (GO:0055119),1/12,0.188494095944211,0.6651605216200803,0,0,5.191331923890063,8.662716368209253,ATP1A2
GO_Biological_Process_2023,Positive Regulation Of T-helper Cell Differentiation (GO:0045624),1/12,0.188494095944211,0.6651605216200803,0,0,5.191331923890063,8.662716368209253,CCL19
GO_Biological_Process_2023,Detection Of Calcium Ion (GO:0005513),1/12,0.188494095944211,0.6651605216200803,0,0,5.191331923890063,8.662716368209253,CASR
GO_Biological_Process_2023,Secretion (GO:0046903),1/12,0.188494095944211,0.6651605216200803,0,0,5.191331923890063,8.662716368209253,SLC22A2
GO_Biological_Process_2023,Positive Regulation Of Fatty Acid Oxidation (GO:0046321),1/12,0.188494095944211,0.6651605216200803,0,0,5.191331923890063,8.662716368209253,NR4A3
GO_Biological_Process_2023,Sodium Ion Export Across Plasma Membrane (GO:0036376),1/12,0.188494095944211,0.6651605216200803,0,0,5.191331923890063,8.662716368209253,ATP1A2
GO_Biological_Process_2023,Glucose Import (GO:0046323),1/12,0.188494095944211,0.6651605216200803,0,0,5.191331923890063,8.662716368209253,SLC2A14
GO_Biological_Process_2023,Positive Regulation Of Regulated Secretory Pathway (GO:1903307),1/12,0.188494095944211,0.6651605216200803,0,0,5.191331923890063,8.662716368209253,KCNB1
GO_Biological_Process_2023,Pyrimidine Deoxyribonucleotide Catabolic Process (GO:0009223),1/12,0.188494095944211,0.6651605216200803,0,0,5.191331923890063,8.662716368209253,UPP2
GO_Biological_Process_2023,Quaternary Ammonium Group Transport (GO:0015697),1/12,0.188494095944211,0.6651605216200803,0,0,5.191331923890063,8.662716368209253,SLC22A2
GO_Biological_Process_2023,Regulation Of Insulin Secretion (GO:0050796),3/87,0.1899525483524204,0.6680425771448302,0,0,2.0437552213868004,3.394638557707145,BLK;KCNB1;GCK
GO_Biological_Process_2023,Cellular Response To Peptide Hormone Stimulus (GO:0071375),3/89,0.1987375079374278,0.6692174485783393,0,0,1.9960220318237456,3.2251132779820746,CRHBP;NR4A3;GCK
GO_Biological_Process_2023,Negative Regulation Of Lyase Activity (GO:0051350),1/13,0.2025009570626099,0.6692174485783393,0,0,4.7584786821705425,7.59934121036688,GABBR2
GO_Biological_Process_2023,Regulation Of Oxidoreductase Activity (GO:0051341),1/13,0.2025009570626099,0.6692174485783393,0,0,4.7584786821705425,7.59934121036688,MT3
GO_Biological_Process_2023,Body Fluid Secretion (GO:0007589),1/13,0.2025009570626099,0.6692174485783393,0,0,4.7584786821705425,7.59934121036688,SLC22A2
GO_Biological_Process_2023,Regulation Of Response To Stress (GO:0080134),1/13,0.2025009570626099,0.6692174485783393,0,0,4.7584786821705425,7.59934121036688,CRHBP
GO_Biological_Process_2023,Cellular Modified Amino Acid Catabolic Process (GO:0042219),1/13,0.2025009570626099,0.6692174485783393,0,0,4.7584786821705425,7.59934121036688,PRODH
GO_Biological_Process_2023,Regulation Of Vasculogenesis (GO:2001212),1/13,0.2025009570626099,0.6692174485783393,0,0,4.7584786821705425,7.59934121036688,TMEM100
GO_Biological_Process_2023,Relaxation Of Muscle (GO:0090075),1/13,0.2025009570626099,0.6692174485783393,0,0,4.7584786821705425,7.59934121036688,ATP1A2
GO_Biological_Process_2023,Response To UV-A (GO:0070141),1/13,0.2025009570626099,0.6692174485783393,0,0,4.7584786821705425,7.59934121036688,MME
GO_Biological_Process_2023,Clathrin Coat Assembly (GO:0048268),1/13,0.2025009570626099,0.6692174485783393,0,0,4.7584786821705425,7.59934121036688,CALY
GO_Biological_Process_2023,Positive Regulation Of Brown Fat Cell Differentiation (GO:0090336),1/13,0.2025009570626099,0.6692174485783393,0,0,4.7584786821705425,7.59934121036688,FNDC5
GO_Biological_Process_2023,Secondary Palate Development (GO:0062009),1/13,0.2025009570626099,0.6692174485783393,0,0,4.7584786821705425,7.59934121036688,WNT3A
GO_Biological_Process_2023,Positive Regulation Of Glycogen Biosynthetic Process (GO:0045725),1/13,0.2025009570626099,0.6692174485783393,0,0,4.7584786821705425,7.59934121036688,GCK
GO_Biological_Process_2023,Positive Regulation Of Glycoprotein Biosynthetic Process (GO:0010560),1/13,0.2025009570626099,0.6692174485783393,0,0,4.7584786821705425,7.59934121036688,CCL19
GO_Biological_Process_2023,Positive Regulation Of Macrophage Chemotaxis (GO:0010759),1/13,0.2025009570626099,0.6692174485783393,0,0,4.7584786821705425,7.59934121036688,CXCL17
GO_Biological_Process_2023,Glutamine Metabolic Process (GO:0006541),1/13,0.2025009570626099,0.6692174485783393,0,0,4.7584786821705425,7.59934121036688,GLS2
GO_Biological_Process_2023,Heparan Sulfate Proteoglycan Metabolic Process (GO:0030201),1/13,0.2025009570626099,0.6692174485783393,0,0,4.7584786821705425,7.59934121036688,HS3ST4
GO_Biological_Process_2023,Intracellular Potassium Ion Homeostasis (GO:0030007),1/13,0.2025009570626099,0.6692174485783393,0,0,4.7584786821705425,7.59934121036688,ATP1A2
GO_Biological_Process_2023,Regulation Of ERBB Signaling Pathway (GO:1901184),1/13,0.2025009570626099,0.6692174485783393,0,0,4.7584786821705425,7.59934121036688,IFI6
GO_Biological_Process_2023,Cellular Response To Metal Ion (GO:0071248),4/135,0.2048317145961007,0.6708659289332463,0,0,1.748248304268989,2.771964017272409,CRHBP;MT1M;SYT9;MT3
GO_Biological_Process_2023,Positive Regulation Of Binding (GO:0051099),3/91,0.2076179254090155,0.6708659289332463,0,0,1.9504585326953747,3.066229620735057,BLK;TERT;WNT3A
GO_Biological_Process_2023,B Cell Activation (GO:0042113),3/92,0.2120914069821973,0.6708659289332463,0,0,1.9284447072738025,2.990512357767411,FCRLA;PAX5;MS4A1
GO_Biological_Process_2023,Positive Regulation Of Cell Death (GO:0010942),2/50,0.2133084926466024,0.6708659289332463,0,0,2.381802721088435,3.6799229289674416,PRODH;MT3
GO_Biological_Process_2023,Positive Regulation Of Transport (GO:0051050),2/50,0.2133084926466024,0.6708659289332463,0,0,2.381802721088435,3.6799229289674416,CALY;CCL19
GO_Biological_Process_2023,Negative Regulation Of Cell Projection Organization (GO:0031345),2/50,0.2133084926466024,0.6708659289332463,0,0,2.381802721088435,3.6799229289674416,WNT3A;MT3
GO_Biological_Process_2023,Regulation Of Feeding Behavior (GO:0060259),1/14,0.2162667437361519,0.6708659289332463,0,0,4.39221824686941,6.72555216459746,NR4A3
GO_Biological_Process_2023,Renal Water Homeostasis (GO:0003091),1/14,0.2162667437361519,0.6708659289332463,0,0,4.39221824686941,6.72555216459746,AQP6
GO_Biological_Process_2023,Positive Regulation Of Glycogen Metabolic Process (GO:0070875),1/14,0.2162667437361519,0.6708659289332463,0,0,4.39221824686941,6.72555216459746,GCK
GO_Biological_Process_2023,Establishment Of Protein Localization To Chromosome (GO:0070199),1/14,0.2162667437361519,0.6708659289332463,0,0,4.39221824686941,6.72555216459746,TERT
GO_Biological_Process_2023,Striated Muscle Cell Development (GO:0055002),1/14,0.2162667437361519,0.6708659289332463,0,0,4.39221824686941,6.72555216459746,LMOD2
GO_Biological_Process_2023,"Synaptic Transmission, GABAergic (GO:0051932)",1/14,0.2162667437361519,0.6708659289332463,0,0,4.39221824686941,6.72555216459746,GABBR2
GO_Biological_Process_2023,Synaptonemal Complex Assembly (GO:0007130),1/14,0.2162667437361519,0.6708659289332463,0,0,4.39221824686941,6.72555216459746,TEX11
GO_Biological_Process_2023,Synaptonemal Complex Organization (GO:0070193),1/14,0.2162667437361519,0.6708659289332463,0,0,4.39221824686941,6.72555216459746,TEX11
GO_Biological_Process_2023,Icosanoid Transport (GO:0071715),1/14,0.2162667437361519,0.6708659289332463,0,0,4.39221824686941,6.72555216459746,SLC22A2
GO_Biological_Process_2023,Protein Homotrimerization (GO:0070207),1/14,0.2162667437361519,0.6708659289332463,0,0,4.39221824686941,6.72555216459746,SCARA5
GO_Biological_Process_2023,Membrane Repolarization During Cardiac Muscle Cell Action Potential (GO:0086013),1/14,0.2162667437361519,0.6708659289332463,0,0,4.39221824686941,6.72555216459746,KCNN2
GO_Biological_Process_2023,Protein Trimerization (GO:0070206),1/14,0.2162667437361519,0.6708659289332463,0,0,4.39221824686941,6.72555216459746,SCARA5
GO_Biological_Process_2023,Regulation Of Carbohydrate Catabolic Process (GO:0043470),1/14,0.2162667437361519,0.6708659289332463,0,0,4.39221824686941,6.72555216459746,GCK
GO_Biological_Process_2023,Sensory Perception (GO:0007600),2/51,0.2196574144232781,0.6708659289332463,0,0,2.33307550425418,3.5362102368772654,MME;UGT2A1
GO_Biological_Process_2023,Regulated Exocytosis (GO:0045055),2/51,0.2196574144232781,0.6708659289332463,0,0,2.33307550425418,3.5362102368772654,CRHBP;SYT9
GO_Biological_Process_2023,Inorganic Cation Transmembrane Transport (GO:0098662),7/284,0.220665014812723,0.6708659289332463,0,0,1.4488069553329204,2.189305950224749,SCARA5;KCNB1;KCNN2;ATP1A2;RHCG;SLC6A2;SLC9C2
GO_Biological_Process_2023,Inflammatory Response (GO:0006954),6/236,0.2238654680782341,0.6708659289332463,0,0,1.4948056944978838,2.237290625764161,CCL25;CRHBP;PLA2G2D;CRH;CCL19;CCL16
GO_Biological_Process_2023,Neurotransmitter Transport (GO:0006836),2/52,0.2260219691311097,0.6708659289332463,0,0,2.2862973760932945,3.400005586334095,SLC22A2;SLC6A2
GO_Biological_Process_2023,Regulation Of Peptide Hormone Secretion (GO:0090276),2/52,0.2260219691311097,0.6708659289332463,0,0,2.2862973760932945,3.400005586334095,CRHBP;GCK
GO_Biological_Process_2023,Negative Regulation Of Gluconeogenesis (GO:0045721),1/15,0.2297955932974154,0.6708659289332463,0,0,4.07828073089701,5.997377270088265,GCK
GO_Biological_Process_2023,Adenylate Cyclase-Activating Adrenergic Receptor Signaling Pathway (GO:0071880),1/15,0.2297955932974154,0.6708659289332463,0,0,4.07828073089701,5.997377270088265,ADRA1D
GO_Biological_Process_2023,Amyloid-Beta Metabolic Process (GO:0050435),1/15,0.2297955932974154,0.6708659289332463,0,0,4.07828073089701,5.997377270088265,MME
GO_Biological_Process_2023,Cellular Response To Estrogen Stimulus (GO:0071391),1/15,0.2297955932974154,0.6708659289332463,0,0,4.07828073089701,5.997377270088265,CRHBP
GO_Biological_Process_2023,Pigment Granule Transport (GO:0051904),1/15,0.2297955932974154,0.6708659289332463,0,0,4.07828073089701,5.997377270088265,GPR143
GO_Biological_Process_2023,Platelet-Derived Growth Factor Receptor Signaling Pathway (GO:0048008),1/15,0.2297955932974154,0.6708659289332463,0,0,4.07828073089701,5.997377270088265,NR4A3
GO_Biological_Process_2023,Cellular Response To Sterol (GO:0036315),1/15,0.2297955932974154,0.6708659289332463,0,0,4.07828073089701,5.997377270088265,CYP7A1
GO_Biological_Process_2023,Cellular Response To Zinc Ion (GO:0071294),1/15,0.2297955932974154,0.6708659289332463,0,0,4.07828073089701,5.997377270088265,MT1M
GO_Biological_Process_2023,Ceramide Catabolic Process (GO:0046514),1/15,0.2297955932974154,0.6708659289332463,0,0,4.07828073089701,5.997377270088265,ASAH2
GO_Biological_Process_2023,Sphingolipid Catabolic Process (GO:0030149),1/15,0.2297955932974154,0.6708659289332463,0,0,4.07828073089701,5.997377270088265,ASAH2
GO_Biological_Process_2023,Gas Transport (GO:0015669),1/15,0.2297955932974154,0.6708659289332463,0,0,4.07828073089701,5.997377270088265,AQP6
GO_Biological_Process_2023,Positive Regulation Of Transmembrane Transport (GO:0034764),1/15,0.2297955932974154,0.6708659289332463,0,0,4.07828073089701,5.997377270088265,NR4A3
GO_Biological_Process_2023,Presynapse Assembly (GO:0099054),1/15,0.2297955932974154,0.6708659289332463,0,0,4.07828073089701,5.997377270088265,WNT3A
GO_Biological_Process_2023,"Protein Localization To Chromosome, Telomeric Region (GO:0070198)",1/15,0.2297955932974154,0.6708659289332463,0,0,4.07828073089701,5.997377270088265,TERT
GO_Biological_Process_2023,Melanosome Transport (GO:0032402),1/15,0.2297955932974154,0.6708659289332463,0,0,4.07828073089701,5.997377270088265,GPR143
GO_Biological_Process_2023,Regulation Of Carbohydrate Metabolic Process (GO:0006109),1/15,0.2297955932974154,0.6708659289332463,0,0,4.07828073089701,5.997377270088265,PDK4
GO_Biological_Process_2023,Intracellular Monoatomic Cation Homeostasis (GO:0030003),5/190,0.2315209900774202,0.6708659289332463,0,0,1.5476947535771066,2.264408575649586,CASR;SCARA5;ATP1A2;CCL19;MT3
GO_Biological_Process_2023,Negative Regulation Of Neuron Projection Development (GO:0010977),2/54,0.2387883752590302,0.6708659289332463,0,0,2.1981385960977797,3.14812481169724,WNT3A;MT3
GO_Biological_Process_2023,Positive Regulation Of Leukocyte Chemotaxis (GO:0002690),2/54,0.2387883752590302,0.6708659289332463,0,0,2.1981385960977797,3.14812481169724,CXCL17;PRSS56
GO_Biological_Process_2023,Regulation Of Presynapse Assembly (GO:1905606),1/16,0.2430915721395903,0.6708659289332463,0,0,3.806201550387597,5.3831758114322,WNT3A
GO_Biological_Process_2023,Regulation Of Presynapse Organization (GO:0099174),1/16,0.2430915721395903,0.6708659289332463,0,0,3.806201550387597,5.3831758114322,WNT3A
GO_Biological_Process_2023,Regulation Of Protein Kinase C Signaling (GO:0090036),1/16,0.2430915721395903,0.6708659289332463,0,0,3.806201550387597,5.3831758114322,ADRA1D
GO_Biological_Process_2023,Cell Communication By Electrical Coupling Involved In Cardiac Conduction (GO:0086064),1/16,0.2430915721395903,0.6708659289332463,0,0,3.806201550387597,5.3831758114322,ATP1A2
GO_Biological_Process_2023,Regulation Of Stem Cell Proliferation (GO:0072091),1/16,0.2430915721395903,0.6708659289332463,0,0,3.806201550387597,5.3831758114322,TERT
GO_Biological_Process_2023,Cellular Response To Fatty Acid (GO:0071398),1/16,0.2430915721395903,0.6708659289332463,0,0,3.806201550387597,5.3831758114322,PDK4
GO_Biological_Process_2023,Response To UV-B (GO:0010224),1/16,0.2430915721395903,0.6708659289332463,0,0,3.806201550387597,5.3831758114322,MME
GO_Biological_Process_2023,Establishment Of Melanosome Localization (GO:0032401),1/16,0.2430915721395903,0.6708659289332463,0,0,3.806201550387597,5.3831758114322,GPR143
GO_Biological_Process_2023,Positive Regulation Of Muscle Hypertrophy (GO:0014742),1/16,0.2430915721395903,0.6708659289332463,0,0,3.806201550387597,5.3831758114322,NR4A3
GO_Biological_Process_2023,Positive Regulation Of Myeloid Leukocyte Cytokine Production Involved In Immune Response (GO:0061081),1/16,0.2430915721395903,0.6708659289332463,0,0,3.806201550387597,5.3831758114322,NR4A3
GO_Biological_Process_2023,Positive Regulation Of Smooth Muscle Cell Migration (GO:0014911),1/16,0.2430915721395903,0.6708659289332463,0,0,3.806201550387597,5.3831758114322,NR4A3
GO_Biological_Process_2023,Positive Regulation Of Stem Cell Proliferation (GO:2000648),1/16,0.2430915721395903,0.6708659289332463,0,0,3.806201550387597,5.3831758114322,TERT
GO_Biological_Process_2023,Male Meiosis I (GO:0007141),1/16,0.2430915721395903,0.6708659289332463,0,0,3.806201550387597,5.3831758114322,MOV10L1
GO_Biological_Process_2023,Membrane Depolarization During Cardiac Muscle Cell Action Potential (GO:0086012),1/16,0.2430915721395903,0.6708659289332463,0,0,3.806201550387597,5.3831758114322,ATP1A2
GO_Biological_Process_2023,Negative Regulation Of Anoikis (GO:2000811),1/16,0.2430915721395903,0.6708659289332463,0,0,3.806201550387597,5.3831758114322,PDK4
GO_Biological_Process_2023,Regulation Of Cardiac Muscle Contraction By Regulation Of The Release Of Sequestered Calcium Ion (GO:0010881),1/16,0.2430915721395903,0.6708659289332463,0,0,3.806201550387597,5.3831758114322,ATP1A2
GO_Biological_Process_2023,Ceramide Metabolic Process (GO:0006672),2/55,0.2451856196677183,0.6708659289332463,0,0,2.156554265911216,3.031553998549416,ACER1;ASAH2
GO_Biological_Process_2023,Regulation Of ERK1 And ERK2 Cascade (GO:0070372),6/244,0.246371188791265,0.6708659289332463,0,0,1.4439651966981484,2.0228739226127685,CCL25;CXCL17;ADRA1D;CCL19;MT3;CCL16
GO_Biological_Process_2023,Visual Perception (GO:0007601),3/101,0.2531749119339533,0.6708659289332463,0,0,1.7505370569280343,2.4046684273206487,GPR143;KRT12;PAX6
GO_Biological_Process_2023,DNA Biosynthetic Process (GO:0071897),1/17,0.2561586771656971,0.6708659289332463,0,0,3.5681322674418605,4.859646978350921,TERT
GO_Biological_Process_2023,Negative Regulation Of Insulin Secretion (GO:0046676),1/17,0.2561586771656971,0.6708659289332463,0,0,3.5681322674418605,4.859646978350921,KCNB1
GO_Biological_Process_2023,Regulation Of Glucose Transmembrane Transport (GO:0010827),1/17,0.2561586771656971,0.6708659289332463,0,0,3.5681322674418605,4.859646978350921,NR4A3
GO_Biological_Process_2023,Regulation Of Inflammatory Response To Antigenic Stimulus (GO:0002861),1/17,0.2561586771656971,0.6708659289332463,0,0,3.5681322674418605,4.859646978350921,PLA2G2D
GO_Biological_Process_2023,Regulation Of Leukocyte Chemotaxis (GO:0002688),1/17,0.2561586771656971,0.6708659289332463,0,0,3.5681322674418605,4.859646978350921,PRSS56
GO_Biological_Process_2023,Cellular Response To Alkaloid (GO:0071312),1/17,0.2561586771656971,0.6708659289332463,0,0,3.5681322674418605,4.859646978350921,CRHBP
GO_Biological_Process_2023,Positive Regulation Of Cardiac Muscle Hypertrophy (GO:0010613),1/17,0.2561586771656971,0.6708659289332463,0,0,3.5681322674418605,4.859646978350921,NR4A3
GO_Biological_Process_2023,Positive Regulation Of Fatty Acid Metabolic Process (GO:0045923),1/17,0.2561586771656971,0.6708659289332463,0,0,3.5681322674418605,4.859646978350921,NR4A3
GO_Biological_Process_2023,Positive Regulation Of Heart Rate (GO:0010460),1/17,0.2561586771656971,0.6708659289332463,0,0,3.5681322674418605,4.859646978350921,ADRA1D
GO_Biological_Process_2023,Positive Regulation Of Macrophage Derived Foam Cell Differentiation (GO:0010744),1/17,0.2561586771656971,0.6708659289332463,0,0,3.5681322674418605,4.859646978350921,ALOX15B
GO_Biological_Process_2023,Transepithelial Transport (GO:0070633),1/17,0.2561586771656971,0.6708659289332463,0,0,3.5681322674418605,4.859646978350921,RHCG
GO_Biological_Process_2023,Triglyceride Biosynthetic Process (GO:0019432),1/17,0.2561586771656971,0.6708659289332463,0,0,3.5681322674418605,4.859646978350921,GCK
GO_Biological_Process_2023,Positive Regulation Of Nitric-Oxide Synthase Activity (GO:0051000),1/17,0.2561586771656971,0.6708659289332463,0,0,3.5681322674418605,4.859646978350921,TERT
GO_Biological_Process_2023,Intracellular Zinc Ion Homeostasis (GO:0006882),1/17,0.2561586771656971,0.6708659289332463,0,0,3.5681322674418605,4.859646978350921,MT3
GO_Biological_Process_2023,Regulation Of Adenylate Cyclase Activity (GO:0045761),1/17,0.2561586771656971,0.6708659289332463,0,0,3.5681322674418605,4.859646978350921,GABBR2
GO_Biological_Process_2023,Negative Regulation Of Calcium Ion Transport (GO:0051926),1/17,0.2561586771656971,0.6708659289332463,0,0,3.5681322674418605,4.859646978350921,ATP1A2
GO_Biological_Process_2023,Regulation Of Brown Fat Cell Differentiation (GO:0090335),1/17,0.2561586771656971,0.6708659289332463,0,0,3.5681322674418605,4.859646978350921,FNDC5
GO_Biological_Process_2023,Negative Regulation Of Cellular Senescence (GO:2000773),1/17,0.2561586771656971,0.6708659289332463,0,0,3.5681322674418605,4.859646978350921,TERT
GO_Biological_Process_2023,Sensory Perception Of Light Stimulus (GO:0050953),3/102,0.2578137604297295,0.6708659289332463,0,0,1.7327662590820485,2.3487955308617123,GPR143;KRT12;PAX6
GO_Biological_Process_2023,Striated Muscle Contraction (GO:0006941),2/57,0.2579972351443182,0.6708659289332463,0,0,2.0779220779220777,2.815182151922768,MYH3;ATP1A2
GO_Biological_Process_2023,Inorganic Cation Import Across Plasma Membrane (GO:0098659),3/103,0.262464060366944,0.6708659289332463,0,0,1.7153508771929824,2.29452386720922,KCNJ10;ATP1A2;SLC9C2
GO_Biological_Process_2023,Eye Development (GO:0001654),2/58,0.2644074404967488,0.6708659289332463,0,0,2.0407122032486464,2.714686040254963,PAX6;PRSS56
GO_Biological_Process_2023,Regulation Of Epithelial Cell Differentiation (GO:0030856),1/18,0.2690008369044981,0.6708659289332463,0,0,3.3580711354309165,4.409284370551608,ALOX15B
GO_Biological_Process_2023,Adrenergic Receptor Signaling Pathway (GO:0071875),1/18,0.2690008369044981,0.6708659289332463,0,0,3.3580711354309165,4.409284370551608,ADRA1D
GO_Biological_Process_2023,Neuron Fate Commitment (GO:0048663),1/18,0.2690008369044981,0.6708659289332463,0,0,3.3580711354309165,4.409284370551608,PAX6
GO_Biological_Process_2023,Regulation Of Nervous System Process (GO:0031644),1/18,0.2690008369044981,0.6708659289332463,0,0,3.3580711354309165,4.409284370551608,DLGAP2
GO_Biological_Process_2023,Response To Cholesterol (GO:0070723),1/18,0.2690008369044981,0.6708659289332463,0,0,3.3580711354309165,4.409284370551608,CYP7A1
GO_Biological_Process_2023,Response To Ethanol (GO:0045471),1/18,0.2690008369044981,0.6708659289332463,0,0,3.3580711354309165,4.409284370551608,CRHBP
GO_Biological_Process_2023,Dendritic Cell Migration (GO:0036336),1/18,0.2690008369044981,0.6708659289332463,0,0,3.3580711354309165,4.409284370551608,CCL19
GO_Biological_Process_2023,Endothelial Cell Proliferation (GO:0001935),1/18,0.2690008369044981,0.6708659289332463,0,0,3.3580711354309165,4.409284370551608,PROK1
GO_Biological_Process_2023,Energy Reserve Metabolic Process (GO:0006112),1/18,0.2690008369044981,0.6708659289332463,0,0,3.3580711354309165,4.409284370551608,MT3
GO_Biological_Process_2023,Positive Regulation Of Macrophage Migration (GO:1905523),1/18,0.2690008369044981,0.6708659289332463,0,0,3.3580711354309165,4.409284370551608,CXCL17
GO_Biological_Process_2023,Glucose 6-Phosphate Metabolic Process (GO:0051156),1/18,0.2690008369044981,0.6708659289332463,0,0,3.3580711354309165,4.409284370551608,GCK
GO_Biological_Process_2023,Positive Regulation Of Monocyte Chemotaxis (GO:0090026),1/18,0.2690008369044981,0.6708659289332463,0,0,3.3580711354309165,4.409284370551608,CXCL17
GO_Biological_Process_2023,Positive Regulation Of Neutrophil Chemotaxis (GO:0090023),1/18,0.2690008369044981,0.6708659289332463,0,0,3.3580711354309165,4.409284370551608,CCL19
GO_Biological_Process_2023,Intracellular Sodium Ion Homeostasis (GO:0006883),1/18,0.2690008369044981,0.6708659289332463,0,0,3.3580711354309165,4.409284370551608,ATP1A2
GO_Biological_Process_2023,Melanosome Localization (GO:0032400),1/18,0.2690008369044981,0.6708659289332463,0,0,3.3580711354309165,4.409284370551608,GPR143
GO_Biological_Process_2023,Membrane Repolarization (GO:0086009),1/18,0.2690008369044981,0.6708659289332463,0,0,3.3580711354309165,4.409284370551608,ATP1A2
GO_Biological_Process_2023,ncRNA-mediated Post-Transcriptional Gene Silencing (GO:0035194),1/18,0.2690008369044981,0.6708659289332463,0,0,3.3580711354309165,4.409284370551608,MOV10L1
GO_Biological_Process_2023,Glucose Metabolic Process (GO:0006006),2/59,0.2708179166342139,0.6708659289332463,0,0,2.004807938212879,2.6188978074578224,ENO3;GCK
GO_Biological_Process_2023,Response To Calcium Ion (GO:0051592),3/106,0.2764749179476503,0.6708659289332463,0,0,1.6651337080565491,2.140754465824512,CRHBP;CASR;SYT9
GO_Biological_Process_2023,Response To Retinoic Acid (GO:0032526),2/60,0.2772267521532991,0.6708659289332463,0,0,1.9701417512817936,2.527533285916665,WNT3A;RXRG
GO_Biological_Process_2023,Sterol Metabolic Process (GO:0016125),2/60,0.2772267521532991,0.6708659289332463,0,0,1.9701417512817936,2.527533285916665,CYP26A1;CYP7A1
GO_Biological_Process_2023,Regulation Of Granulocyte Chemotaxis (GO:0071622),1/19,0.2816219125300947,0.6708659289332463,0,0,3.1713501291989665,4.018702673406054,CXCL17
GO_Biological_Process_2023,RNA-templated DNA Biosynthetic Process (GO:0006278),1/19,0.2816219125300947,0.6708659289332463,0,0,3.1713501291989665,4.018702673406054,TERT
GO_Biological_Process_2023,Cellular Response To Catecholamine Stimulus (GO:0071870),1/19,0.2816219125300947,0.6708659289332463,0,0,3.1713501291989665,4.018702673406054,NR4A3
GO_Biological_Process_2023,Release Of Cytochrome C From Mitochondria (GO:0001836),1/19,0.2816219125300947,0.6708659289332463,0,0,3.1713501291989665,4.018702673406054,IFI6
GO_Biological_Process_2023,Response To Fatty Acid (GO:0070542),1/19,0.2816219125300947,0.6708659289332463,0,0,3.1713501291989665,4.018702673406054,PDK4
GO_Biological_Process_2023,Dopaminergic Neuron Differentiation (GO:0071542),1/19,0.2816219125300947,0.6708659289332463,0,0,3.1713501291989665,4.018702673406054,LMX1A
GO_Biological_Process_2023,Skeletal Muscle Contraction (GO:0003009),1/19,0.2816219125300947,0.6708659289332463,0,0,3.1713501291989665,4.018702673406054,MYH3
GO_Biological_Process_2023,Superoxide Anion Generation (GO:0042554),1/19,0.2816219125300947,0.6708659289332463,0,0,3.1713501291989665,4.018702673406054,TAFA4
GO_Biological_Process_2023,Fluid Transport (GO:0042044),1/19,0.2816219125300947,0.6708659289332463,0,0,3.1713501291989665,4.018702673406054,AQP6
GO_Biological_Process_2023,Telomere Maintenance Via Telomerase (GO:0007004),1/19,0.2816219125300947,0.6708659289332463,0,0,3.1713501291989665,4.018702673406054,TERT
GO_Biological_Process_2023,Gastrulation (GO:0007369),1/19,0.2816219125300947,0.6708659289332463,0,0,3.1713501291989665,4.018702673406054,NR4A3
GO_Biological_Process_2023,Water Transport (GO:0006833),1/19,0.2816219125300947,0.6708659289332463,0,0,3.1713501291989665,4.018702673406054,AQP6
GO_Biological_Process_2023,Xenobiotic Catabolic Process (GO:0042178),1/19,0.2816219125300947,0.6708659289332463,0,0,3.1713501291989665,4.018702673406054,CYP2B6
GO_Biological_Process_2023,Linoleic Acid Metabolic Process (GO:0043651),1/19,0.2816219125300947,0.6708659289332463,0,0,3.1713501291989665,4.018702673406054,ALOX15B
GO_Biological_Process_2023,Regulation Of Acute Inflammatory Response (GO:0002673),1/19,0.2816219125300947,0.6708659289332463,0,0,3.1713501291989665,4.018702673406054,PLA2G2D
GO_Biological_Process_2023,Negative Regulation Of Calcium Ion Transmembrane Transport (GO:1903170),1/19,0.2816219125300947,0.6708659289332463,0,0,3.1713501291989665,4.018702673406054,ATP1A2
GO_Biological_Process_2023,Cellular Response To Cytokine Stimulus (GO:0071345),7/308,0.2830827890172195,0.6727049516019425,0,0,1.3316361634787397,1.6805459892515635,CCL25;CRHBP;TCL1A;ASAH2;MME;CCL19;CCL16
GO_Biological_Process_2023,Positive Regulation Of Wnt Signaling Pathway (GO:0030177),3/109,0.2905578233853009,0.6727049516019425,0,0,1.6177590201919894,1.9994735880257224,TERT;WNT3A;LGR6
GO_Biological_Process_2023,Regulation Of Wnt Signaling Pathway (GO:0030111),3/109,0.2905578233853009,0.6727049516019425,0,0,1.6177590201919894,1.9994735880257224,DKK4;TERT;LGR6
GO_Biological_Process_2023,Regulation Of Macrophage Chemotaxis (GO:0010758),1/20,0.2940256993072851,0.6727049516019425,0,0,3.0042839657282743,3.677508260042719,CXCL17
GO_Biological_Process_2023,Calcium-Mediated Signaling Using Intracellular Calcium Source (GO:0035584),1/20,0.2940256993072851,0.6727049516019425,0,0,3.0042839657282743,3.677508260042719,GPR143
GO_Biological_Process_2023,Cellular Response To Estradiol Stimulus (GO:0071392),1/20,0.2940256993072851,0.6727049516019425,0,0,3.0042839657282743,3.677508260042719,CRHBP
GO_Biological_Process_2023,Response To Ketone (GO:1901654),1/20,0.2940256993072851,0.6727049516019425,0,0,3.0042839657282743,3.677508260042719,CCL19
GO_Biological_Process_2023,Sensory Perception Of Pain (GO:0019233),1/20,0.2940256993072851,0.6727049516019425,0,0,3.0042839657282743,3.677508260042719,MME
GO_Biological_Process_2023,Positive Regulation Of Embryonic Development (GO:0040019),1/20,0.2940256993072851,0.6727049516019425,0,0,3.0042839657282743,3.677508260042719,WNT3A
GO_Biological_Process_2023,Positive Regulation Of Epithelial Cell Differentiation (GO:0030858),1/20,0.2940256993072851,0.6727049516019425,0,0,3.0042839657282743,3.677508260042719,TMEM100
GO_Biological_Process_2023,Gamma-Aminobutyric Acid Signaling Pathway (GO:0007214),1/20,0.2940256993072851,0.6727049516019425,0,0,3.0042839657282743,3.677508260042719,GABBR2
GO_Biological_Process_2023,Xenobiotic Transport (GO:0042908),1/20,0.2940256993072851,0.6727049516019425,0,0,3.0042839657282743,3.677508260042719,SLC22A2
GO_Biological_Process_2023,Positive Regulation Of Vascular Associated Smooth Muscle Cell Proliferation (GO:1904707),1/20,0.2940256993072851,0.6727049516019425,0,0,3.0042839657282743,3.677508260042719,NR4A3
GO_Biological_Process_2023,Limb Morphogenesis (GO:0035108),1/20,0.2940256993072851,0.6727049516019425,0,0,3.0042839657282743,3.677508260042719,MYH3
GO_Biological_Process_2023,Monocarboxylic Acid Catabolic Process (GO:0072329),1/20,0.2940256993072851,0.6727049516019425,0,0,3.0042839657282743,3.677508260042719,CYP26A1
GO_Biological_Process_2023,Negative Regulation Of B Cell Activation (GO:0050869),1/20,0.2940256993072851,0.6727049516019425,0,0,3.0042839657282743,3.677508260042719,TNFRSF13B
GO_Biological_Process_2023,Regulation Of Calcium Ion Transmembrane Transport (GO:1903169),1/20,0.2940256993072851,0.6727049516019425,0,0,3.0042839657282743,3.677508260042719,ATP1A2
GO_Biological_Process_2023,Regulation Of Cardiac Muscle Contraction By Calcium Ion Signaling (GO:0010882),1/20,0.2940256993072851,0.6727049516019425,0,0,3.0042839657282743,3.677508260042719,ATP1A2
GO_Biological_Process_2023,Cellular Response To Virus (GO:0098586),2/64,0.3028097195264748,0.684384937925509,0,0,1.8426596445029624,2.201334558805237,IFI6;CCL19
GO_Biological_Process_2023,Negative Regulation Of Reactive Oxygen Species Metabolic Process (GO:2000378),1/21,0.3062159274033471,0.684384937925509,0,0,2.853924418604651,3.37751903640161,MT3
GO_Biological_Process_2023,Peptide Catabolic Process (GO:0043171),1/21,0.3062159274033471,0.684384937925509,0,0,2.853924418604651,3.37751903640161,MME
GO_Biological_Process_2023,Regulation Of Steroid Metabolic Process (GO:0019218),1/21,0.3062159274033471,0.684384937925509,0,0,2.853924418604651,3.37751903640161,NR5A1
GO_Biological_Process_2023,Cellular Response To Nerve Growth Factor Stimulus (GO:1990090),1/21,0.3062159274033471,0.684384937925509,0,0,2.853924418604651,3.37751903640161,SH3GL2
GO_Biological_Process_2023,Sodium Ion Import Across Plasma Membrane (GO:0098719),1/21,0.3062159274033471,0.684384937925509,0,0,2.853924418604651,3.37751903640161,SLC9C2
GO_Biological_Process_2023,Positive Regulation Of Granulocyte Chemotaxis (GO:0071624),1/21,0.3062159274033471,0.684384937925509,0,0,2.853924418604651,3.37751903640161,CCL19
GO_Biological_Process_2023,Focal Adhesion Assembly (GO:0048041),1/21,0.3062159274033471,0.684384937925509,0,0,2.853924418604651,3.37751903640161,ACTN2
GO_Biological_Process_2023,Positive Regulation Of Transcription Regulatory Region DNA Binding (GO:2000679),1/21,0.3062159274033471,0.684384937925509,0,0,2.853924418604651,3.37751903640161,PAX6
GO_Biological_Process_2023,Regulation Of Anoikis (GO:2000209),1/21,0.3062159274033471,0.684384937925509,0,0,2.853924418604651,3.37751903640161,PDK4
GO_Biological_Process_2023,Antimicrobial Humoral Immune Response Mediated By Antimicrobial Peptide (GO:0061844),2/65,0.3091839165474119,0.684384937925509,0,0,1.813318524688787,2.1285077009974938,REG3A;GALP
GO_Biological_Process_2023,Fatty Acid Biosynthetic Process (GO:0006633),2/65,0.3091839165474119,0.684384937925509,0,0,1.813318524688787,2.1285077009974938,ASAH2;ACSM1
GO_Biological_Process_2023,Monocarboxylic Acid Biosynthetic Process (GO:0072330),2/65,0.3091839165474119,0.684384937925509,0,0,1.813318524688787,2.1285077009974938,ACSM1;CYP7A1
GO_Biological_Process_2023,Positive Regulation Of Cellular Component Organization (GO:0051130),3/113,0.309408876662365,0.684384937925509,0,0,1.5586124401913874,1.828395241249324,TCL1A;CALY;CCL19
GO_Biological_Process_2023,Nitrogen Compound Transport (GO:0071705),4/163,0.3101141799741851,0.684384937925509,0,0,1.4383149818329368,1.684000362535345,SLC22A2;ZG16;RHCG;SLC6A2
GO_Biological_Process_2023,Negative Regulation Of Endopeptidase Activity (GO:0010951),2/66,0.315546322923269,0.684384937925509,0,0,1.7848943148688046,2.0587859618284687,CST1;MT3
GO_Biological_Process_2023,Regulation Of Endocytosis (GO:0030100),2/66,0.315546322923269,0.684384937925509,0,0,1.7848943148688046,2.0587859618284687,CALY;CCL19
GO_Biological_Process_2023,Regulation Of Dopamine Secretion (GO:0014059),1/22,0.3181962631661348,0.684384937925509,0,0,2.717884828349945,3.1122143311647243,SYT9
GO_Biological_Process_2023,Fc Receptor Mediated Stimulatory Signaling Pathway (GO:0002431),1/22,0.3181962631661348,0.684384937925509,0,0,2.717884828349945,3.1122143311647243,NR4A3
GO_Biological_Process_2023,Fc-epsilon Receptor Signaling Pathway (GO:0038095),1/22,0.3181962631661348,0.684384937925509,0,0,2.717884828349945,3.1122143311647243,NR4A3
GO_Biological_Process_2023,Acylglycerol Biosynthetic Process (GO:0046463),1/22,0.3181962631661348,0.684384937925509,0,0,2.717884828349945,3.1122143311647243,GCK
GO_Biological_Process_2023,Regulation Of Mononuclear Cell Migration (GO:0071675),1/22,0.3181962631661348,0.684384937925509,0,0,2.717884828349945,3.1122143311647243,CXCL17
GO_Biological_Process_2023,Regulation Of Release Of Sequestered Calcium Ion Into Cytosol By Sarcoplasmic Reticulum (GO:0010880),1/22,0.3181962631661348,0.684384937925509,0,0,2.717884828349945,3.1122143311647243,ATP1A2
GO_Biological_Process_2023,Regulation Of Vascular Endothelial Growth Factor Receptor Signaling Pathway (GO:0030947),1/22,0.3181962631661348,0.684384937925509,0,0,2.717884828349945,3.1122143311647243,MT3
GO_Biological_Process_2023,Dendritic Cell Differentiation (GO:0097028),1/22,0.3181962631661348,0.684384937925509,0,0,2.717884828349945,3.1122143311647243,CCL19
GO_Biological_Process_2023,Glucose Transmembrane Transport (GO:1904659),1/22,0.3181962631661348,0.684384937925509,0,0,2.717884828349945,3.1122143311647243,SLC2A14
GO_Biological_Process_2023,Hexose Transmembrane Transport (GO:0008645),1/22,0.3181962631661348,0.684384937925509,0,0,2.717884828349945,3.1122143311647243,SLC2A14
GO_Biological_Process_2023,Positive Regulation Of Receptor Internalization (GO:0002092),1/22,0.3181962631661348,0.684384937925509,0,0,2.717884828349945,3.1122143311647243,WNT3A
GO_Biological_Process_2023,Negative Regulation Of Axonogenesis (GO:0050771),1/22,0.3181962631661348,0.684384937925509,0,0,2.717884828349945,3.1122143311647243,MT3
GO_Biological_Process_2023,B Cell Differentiation (GO:0030183),2/68,0.3282298703858471,0.6939375614975395,0,0,1.7306299143033836,1.927992839082762,PAX5;MS4A1
GO_Biological_Process_2023,Intermediate Filament Organization (GO:0045109),2/68,0.3282298703858471,0.6939375614975395,0,0,1.7306299143033836,1.927992839082762,KRT12;KRT85
GO_Biological_Process_2023,Protein Processing (GO:0016485),3/117,0.3282987523258138,0.6939375614975395,0,0,1.5036164973838104,1.674775050155131,MME;CD5L;ECEL1
GO_Biological_Process_2023,Actin Nucleation (GO:0045010),1/23,0.3299703102221729,0.6939375614975395,0,0,2.594212473572939,2.8763398187816,LMOD2
GO_Biological_Process_2023,Response To BMP (GO:0071772),1/23,0.3299703102221729,0.6939375614975395,0,0,2.594212473572939,2.8763398187816,TMEM100
GO_Biological_Process_2023,Positive Regulation Of Neutrophil Migration (GO:1902624),1/23,0.3299703102221729,0.6939375614975395,0,0,2.594212473572939,2.8763398187816,CCL19
GO_Biological_Process_2023,Heparan Sulfate Proteoglycan Biosynthetic Process (GO:0015012),1/23,0.3299703102221729,0.6939375614975395,0,0,2.594212473572939,2.8763398187816,NDST3
GO_Biological_Process_2023,Zinc Ion Transport (GO:0006829),1/23,0.3299703102221729,0.6939375614975395,0,0,2.594212473572939,2.8763398187816,MT3
GO_Biological_Process_2023,Positive Regulation Of Protein Targeting To Membrane (GO:0090314),1/23,0.3299703102221729,0.6939375614975395,0,0,2.594212473572939,2.8763398187816,KCNB1
GO_Biological_Process_2023,Potassium Ion Homeostasis (GO:0055075),1/23,0.3299703102221729,0.6939375614975395,0,0,2.594212473572939,2.8763398187816,ATP1A2
GO_Biological_Process_2023,Regulation Of Cardiac Muscle Hypertrophy (GO:0010611),1/23,0.3299703102221729,0.6939375614975395,0,0,2.594212473572939,2.8763398187816,NR4A3
GO_Biological_Process_2023,Regulation Of Protein Binding (GO:0043393),3/118,0.3330217367713757,0.6954449897206058,0,0,1.490465293668955,1.6388374106557762,BLK;TERT;WNT3A
GO_Biological_Process_2023,Regulation Of Monoatomic Ion Transmembrane Transporter Activity (GO:0032412),2/69,0.3345481998899221,0.6954449897206058,0,0,1.7047125886601977,1.866616498116974,CRHBP;CRH
GO_Biological_Process_2023,Cellular Response To Calcium Ion (GO:0071277),2/69,0.3345481998899221,0.6954449897206058,0,0,1.7047125886601977,1.866616498116974,CRHBP;SYT9
GO_Biological_Process_2023,Phospholipid Metabolic Process (GO:0006644),2/69,0.3345481998899221,0.6954449897206058,0,0,1.7047125886601977,1.866616498116974,PLA2G2D;ALOX15B
GO_Biological_Process_2023,Negative Regulation Of Extrinsic Apoptotic Signaling Pathway (GO:2001237),2/70,0.3408491124777342,0.6954449897206058,0,0,1.6795575373006346,1.8077336174342509,TERT;IFI6
GO_Biological_Process_2023,Regulation Of Cellular Biosynthetic Process (GO:0031326),2/70,0.3408491124777342,0.6954449897206058,0,0,1.6795575373006346,1.8077336174342509,PDK4;CYP7A1
GO_Biological_Process_2023,ERK1 And ERK2 Cascade (GO:0070371),1/24,0.3415416105082819,0.6954449897206058,0,0,2.4812942366026287,2.665619067489702,MT3
GO_Biological_Process_2023,Regulation Of Muscle Cell Differentiation (GO:0051147),1/24,0.3415416105082819,0.6954449897206058,0,0,2.4812942366026287,2.665619067489702,OR10J5
GO_Biological_Process_2023,Iron Ion Transport (GO:0006826),1/24,0.3415416105082819,0.6954449897206058,0,0,2.4812942366026287,2.665619067489702,SCARA5
GO_Biological_Process_2023,Positive Regulation Of Vascular Endothelial Growth Factor Production (GO:0010575),1/24,0.3415416105082819,0.6954449897206058,0,0,2.4812942366026287,2.665619067489702,CXCL17
GO_Biological_Process_2023,Protein Kinase B Signaling (GO:0043491),1/24,0.3415416105082819,0.6954449897206058,0,0,2.4812942366026287,2.665619067489702,MT3
GO_Biological_Process_2023,Proteolysis (GO:0006508),7/330,0.3435654158816124,0.6954449897206058,0,0,1.239525894443732,1.3242818814663058,COLEC10;MME;ADAM23;ECEL1;KLK4;PRSS56;PAPPA2
GO_Biological_Process_2023,Regulation Of Glycogen Biosynthetic Process (GO:0005979),1/25,0.3529136452779844,0.6954449897206058,0,0,2.377785852713178,2.47653977634839,GCK
GO_Biological_Process_2023,Regulation Of Keratinocyte Proliferation (GO:0010837),1/25,0.3529136452779844,0.6954449897206058,0,0,2.377785852713178,2.47653977634839,REG3A
GO_Biological_Process_2023,Activation Of Protein Kinase B Activity (GO:0032148),1/25,0.3529136452779844,0.6954449897206058,0,0,2.377785852713178,2.47653977634839,MT3
GO_Biological_Process_2023,Negative Regulation Of Response To Wounding (GO:1903035),1/25,0.3529136452779844,0.6954449897206058,0,0,2.377785852713178,2.47653977634839,REG3A
GO_Biological_Process_2023,Negative Regulation Of Signaling Receptor Activity (GO:2000272),1/25,0.3529136452779844,0.6954449897206058,0,0,2.377785852713178,2.47653977634839,CRHBP
GO_Biological_Process_2023,Regulation Of Monocyte Chemotaxis (GO:0090025),1/25,0.3529136452779844,0.6954449897206058,0,0,2.377785852713178,2.47653977634839,CXCL17
GO_Biological_Process_2023,Regulation Of Neutrophil Chemotaxis (GO:0090022),1/25,0.3529136452779844,0.6954449897206058,0,0,2.377785852713178,2.47653977634839,CCL19
GO_Biological_Process_2023,Bile Acid Biosynthetic Process (GO:0006699),1/25,0.3529136452779844,0.6954449897206058,0,0,2.377785852713178,2.47653977634839,CYP7A1
GO_Biological_Process_2023,Phosphatidylethanolamine Metabolic Process (GO:0046337),1/25,0.3529136452779844,0.6954449897206058,0,0,2.377785852713178,2.47653977634839,PLA2G2D
GO_Biological_Process_2023,Cellular Response To Steroid Hormone Stimulus (GO:0071383),1/25,0.3529136452779844,0.6954449897206058,0,0,2.377785852713178,2.47653977634839,ATP1A2
GO_Biological_Process_2023,Response To Zinc Ion (GO:0010043),1/25,0.3529136452779844,0.6954449897206058,0,0,2.377785852713178,2.47653977634839,MT1M
GO_Biological_Process_2023,Ribonucleoside Bisphosphate Metabolic Process (GO:0033875),1/25,0.3529136452779844,0.6954449897206058,0,0,2.377785852713178,2.47653977634839,ACSM1
GO_Biological_Process_2023,Sodium Ion Homeostasis (GO:0055078),1/25,0.3529136452779844,0.6954449897206058,0,0,2.377785852713178,2.47653977634839,ATP1A2
GO_Biological_Process_2023,Positive Regulation Of Striated Muscle Cell Differentiation (GO:0051155),1/25,0.3529136452779844,0.6954449897206058,0,0,2.377785852713178,2.47653977634839,WNT3A
GO_Biological_Process_2023,Proteoglycan Metabolic Process (GO:0006029),1/25,0.3529136452779844,0.6954449897206058,0,0,2.377785852713178,2.47653977634839,HS3ST4
GO_Biological_Process_2023,Purine Nucleoside Bisphosphate Metabolic Process (GO:0034032),1/25,0.3529136452779844,0.6954449897206058,0,0,2.377785852713178,2.47653977634839,ACSM1
GO_Biological_Process_2023,Cellular Response To Hypoxia (GO:0071456),2/72,0.3533936267348339,0.6954449897206058,0,0,1.6314035818408996,1.6969415556291132,TERT;MT3
GO_Biological_Process_2023,Cholesterol Homeostasis (GO:0042632),2/72,0.3533936267348339,0.6954449897206058,0,0,1.6314035818408996,1.6969415556291132,ACSM1;CYP7A1
GO_Biological_Process_2023,Monoatomic Cation Transmembrane Transport (GO:0098655),6/281,0.3568024614797865,0.6954449897206058,0,0,1.2473049074818987,1.2854387348908276,SCARA5;KCNB1;KCNN2;ATP1A2;SLC6A2;SLC9C2
GO_Biological_Process_2023,Cellular Response To Decreased Oxygen Levels (GO:0036294),2/73,0.3596348194324308,0.6954449897206058,0,0,1.6083439411982097,1.644798910788143,TERT;MT3
GO_Biological_Process_2023,Cellular Response To Reactive Oxygen Species (GO:0034614),2/73,0.3596348194324308,0.6954449897206058,0,0,1.6083439411982097,1.644798910788143,SLC6A2;MT3
GO_Biological_Process_2023,Sterol Homeostasis (GO:0055092),2/73,0.3596348194324308,0.6954449897206058,0,0,1.6083439411982097,1.644798910788143,ACSM1;CYP7A1
GO_Biological_Process_2023,Positive Regulation Of Hydrolase Activity (GO:0051345),4/176,0.3609142423309187,0.6954449897206058,0,0,1.3287185432721818,1.354116871653304,CCL25;CCL19;SLC6A2;CCL16
GO_Biological_Process_2023,Negative Regulation Of Growth (GO:0045926),3/124,0.3613105465952849,0.6954449897206058,0,0,1.4161229520081196,1.4416378772932632,MT1M;ALOX15B;MT3
GO_Biological_Process_2023,L-amino Acid Transport (GO:0015807),1/26,0.3640898361169357,0.6954449897206058,0,0,2.2825581395348835,2.306193205698716,SLC22A2
GO_Biological_Process_2023,Regulation Of Fatty Acid Biosynthetic Process (GO:0042304),1/26,0.3640898361169357,0.6954449897206058,0,0,2.2825581395348835,2.306193205698716,PDK4
GO_Biological_Process_2023,Regulation Of Keratinocyte Differentiation (GO:0045616),1/26,0.3640898361169357,0.6954449897206058,0,0,2.2825581395348835,2.306193205698716,REG3A
GO_Biological_Process_2023,Calcium-Ion Regulated Exocytosis (GO:0017156),1/26,0.3640898361169357,0.6954449897206058,0,0,2.2825581395348835,2.306193205698716,SYT9
GO_Biological_Process_2023,Camera-Type Eye Development (GO:0043010),1/26,0.3640898361169357,0.6954449897206058,0,0,2.2825581395348835,2.306193205698716,PRSS56
GO_Biological_Process_2023,Cell-Cell Adhesion Mediated By Cadherin (GO:0044331),1/26,0.3640898361169357,0.6954449897206058,0,0,2.2825581395348835,2.306193205698716,CDH22
GO_Biological_Process_2023,Regulation Of Vascular Endothelial Growth Factor Production (GO:0010574),1/26,0.3640898361169357,0.6954449897206058,0,0,2.2825581395348835,2.306193205698716,CXCL17
GO_Biological_Process_2023,Cellular Response To Xenobiotic Stimulus (GO:0071466),1/26,0.3640898361169357,0.6954449897206058,0,0,2.2825581395348835,2.306193205698716,CRHBP
GO_Biological_Process_2023,Regulation Of Vasoconstriction (GO:0019229),1/26,0.3640898361169357,0.6954449897206058,0,0,2.2825581395348835,2.306193205698716,ADRA1D
GO_Biological_Process_2023,Telomere Maintenance Via Telomere Lengthening (GO:0010833),1/26,0.3640898361169357,0.6954449897206058,0,0,2.2825581395348835,2.306193205698716,TERT
GO_Biological_Process_2023,Positive Regulation Of Monooxygenase Activity (GO:0032770),1/26,0.3640898361169357,0.6954449897206058,0,0,2.2825581395348835,2.306193205698716,TERT
GO_Biological_Process_2023,Positive Regulation Of Phosphatidylinositol 3-Kinase Activity (GO:0043552),1/26,0.3640898361169357,0.6954449897206058,0,0,2.2825581395348835,2.306193205698716,CCL19
GO_Biological_Process_2023,Meiosis I (GO:0007127),1/26,0.3640898361169357,0.6954449897206058,0,0,2.2825581395348835,2.306193205698716,MOV10L1
GO_Biological_Process_2023,Negative Regulation Of Catalytic Activity (GO:0043086),1/26,0.3640898361169357,0.6954449897206058,0,0,2.2825581395348835,2.306193205698716,MT3
GO_Biological_Process_2023,Defense Response To Gram-negative Bacterium (GO:0050829),2/75,0.372049403564879,0.7093469397638079,0,0,1.5641199728423658,1.54649019515888,DEFB132;GALP
GO_Biological_Process_2023,Positive Regulation Of Response To Wounding (GO:1903036),1/27,0.3750735462489891,0.7138054143422261,0,0,2.194655635062612,2.1521520661861815,REG3A
GO_Biological_Process_2023,Positive Regulation Of Protein Secretion (GO:0050714),2/76,0.3782206608888796,0.7173012007493537,0,0,1.542904420455441,1.500131244510119,BLK;GCK
GO_Biological_Process_2023,Cell Morphogenesis Involved In Neuron Differentiation (GO:0048667),2/77,0.3843665442859464,0.7173012007493537,0,0,1.522254616132167,1.45551690238188,CCK;CTNNA2
GO_Biological_Process_2023,Sphingolipid Biosynthetic Process (GO:0030148),2/77,0.3843665442859464,0.7173012007493537,0,0,1.522254616132167,1.45551690238188,ACER1;ASAH2
GO_Biological_Process_2023,Regulation Of T Cell Proliferation (GO:0042129),2/77,0.3843665442859464,0.7173012007493537,0,0,1.522254616132167,1.45551690238188,PLA2G2D;CCL19
GO_Biological_Process_2023,Regulation Of Chemotaxis (GO:0050920),1/28,0.3858680810947532,0.7173012007493537,0,0,2.1132644272179157,2.012376606017348,CCL19
GO_Biological_Process_2023,Regulation Of Glucose Metabolic Process (GO:0010906),1/28,0.3858680810947532,0.7173012007493537,0,0,2.1132644272179157,2.012376606017348,PDK4
GO_Biological_Process_2023,Negative Regulation Of Type II Interferon Production (GO:0032689),1/28,0.3858680810947532,0.7173012007493537,0,0,2.1132644272179157,2.012376606017348,LGALS9C
GO_Biological_Process_2023,Regulation Of Monoatomic Ion Transport (GO:0043269),1/28,0.3858680810947532,0.7173012007493537,0,0,2.1132644272179157,2.012376606017348,KCNJ10
GO_Biological_Process_2023,Regulation Of Nitric-Oxide Synthase Activity (GO:0050999),1/28,0.3858680810947532,0.7173012007493537,0,0,2.1132644272179157,2.012376606017348,TERT
GO_Biological_Process_2023,Regulation Of Plasma Membrane Bounded Cell Projection Organization (GO:0120035),1/28,0.3858680810947532,0.7173012007493537,0,0,2.1132644272179157,2.012376606017348,CTNNA2
GO_Biological_Process_2023,Regulation Of Protein Targeting To Membrane (GO:0090313),1/28,0.3858680810947532,0.7173012007493537,0,0,2.1132644272179157,2.012376606017348,KCNB1
GO_Biological_Process_2023,Cell-Substrate Junction Assembly (GO:0007044),1/28,0.3858680810947532,0.7173012007493537,0,0,2.1132644272179157,2.012376606017348,ACTN2
GO_Biological_Process_2023,Hematopoietic Progenitor Cell Differentiation (GO:0002244),1/28,0.3858680810947532,0.7173012007493537,0,0,2.1132644272179157,2.012376606017348,TNFRSF13B
GO_Biological_Process_2023,Cellular Response To Nutrient Levels (GO:0031669),2/78,0.3904860930384737,0.7204853418075956,0,0,1.5021482277121374,1.4125644990232944,KCNB1;PDK4
GO_Biological_Process_2023,Long-Chain Fatty Acid Metabolic Process (GO:0001676),2/78,0.3904860930384737,0.7204853418075956,0,0,1.5021482277121374,1.4125644990232944,ASAH2;ALOX15B
GO_Biological_Process_2023,Phosphate-Containing Compound Metabolic Process (GO:0006796),4/184,0.3921821799719795,0.7204853418075956,0,0,1.2691430433365918,1.1879544428342486,PLA2G2D;ALOX15B;DUSP13;GCK
GO_Biological_Process_2023,Regulation Of Monoatomic Ion Transmembrane Transport (GO:0034765),1/29,0.3964766895671567,0.7204853418075956,0,0,2.037686877076412,1.8851416234892655,KCNJ10
GO_Biological_Process_2023,Regulation Of Neuron Migration (GO:2001222),1/29,0.3964766895671567,0.7204853418075956,0,0,2.037686877076412,1.8851416234892655,CTNNA2
GO_Biological_Process_2023,Carbohydrate Derivative Biosynthetic Process (GO:1901137),1/29,0.3964766895671567,0.7204853418075956,0,0,2.037686877076412,1.8851416234892655,GCK
GO_Biological_Process_2023,Cardiac Muscle Cell Action Potential (GO:0086001),1/29,0.3964766895671567,0.7204853418075956,0,0,2.037686877076412,1.8851416234892655,ATP1A2
GO_Biological_Process_2023,Response To Alcohol (GO:0097305),1/29,0.3964766895671567,0.7204853418075956,0,0,2.037686877076412,1.8851416234892655,CCL19
GO_Biological_Process_2023,Response To Steroid Hormone (GO:0048545),1/29,0.3964766895671567,0.7204853418075956,0,0,2.037686877076412,1.8851416234892655,ATP1A2
GO_Biological_Process_2023,mRNA Splice Site Recognition (GO:0006376),1/29,0.3964766895671567,0.7204853418075956,0,0,2.037686877076412,1.8851416234892655,NR5A1
GO_Biological_Process_2023,Modified Amino Acid Transport (GO:0072337),1/29,0.3964766895671567,0.7204853418075956,0,0,2.037686877076412,1.8851416234892655,SLC22A2
GO_Biological_Process_2023,Morphogenesis Of An Epithelium (GO:0002009),1/29,0.3964766895671567,0.7204853418075956,0,0,2.037686877076412,1.8851416234892655,KRT12
GO_Biological_Process_2023,Positive Regulation Of Endocytosis (GO:0045807),2/79,0.3965783869891953,0.7204853418075956,0,0,1.4825640831471736,1.3711961822022924,CALY;CCL19
GO_Biological_Process_2023,Epithelial Cell Differentiation (GO:0030855),3/132,0.3987200543786152,0.7216108519939695,0,0,1.3277573779409764,1.220867234766106,KRT12;RHCG;ACTL8
GO_Biological_Process_2023,Regulation Of Macrophage Derived Foam Cell Differentiation (GO:0010743),1/30,0.4069025649572143,0.7216108519939695,0,0,1.9673215717722536,1.768979201902621,ALOX15B
GO_Biological_Process_2023,Regulation Of Potassium Ion Transport (GO:0043266),1/30,0.4069025649572143,0.7216108519939695,0,0,1.9673215717722536,1.768979201902621,KCNN2
GO_Biological_Process_2023,Regulation Of Vasculature Development (GO:1901342),1/30,0.4069025649572143,0.7216108519939695,0,0,1.9673215717722536,1.768979201902621,OR10J5
GO_Biological_Process_2023,Positive Regulation Of JUN Kinase Activity (GO:0043507),1/30,0.4069025649572143,0.7216108519939695,0,0,1.9673215717722536,1.768979201902621,CCL19
GO_Biological_Process_2023,Positive Regulation Of Lipid Kinase Activity (GO:0090218),1/30,0.4069025649572143,0.7216108519939695,0,0,1.9673215717722536,1.768979201902621,CCL19
GO_Biological_Process_2023,Positive Regulation Of Locomotion (GO:0040017),1/30,0.4069025649572143,0.7216108519939695,0,0,1.9673215717722536,1.768979201902621,CCL19
GO_Biological_Process_2023,Homologous Chromosome Pairing At Meiosis (GO:0007129),1/30,0.4069025649572143,0.7216108519939695,0,0,1.9673215717722536,1.768979201902621,TEX11
GO_Biological_Process_2023,Innate Immune Response Activating Cell Surface Receptor Signaling Pathway (GO:0002220),1/30,0.4069025649572143,0.7216108519939695,0,0,1.9673215717722536,1.768979201902621,COLEC10
GO_Biological_Process_2023,Regulation Of Arp2/3 Complex-Mediated Actin Nucleation (GO:0034315),1/30,0.4069025649572143,0.7216108519939695,0,0,1.9673215717722536,1.768979201902621,CTNNA2
GO_Biological_Process_2023,Negative Regulation Of Axon Extension (GO:0030517),1/30,0.4069025649572143,0.7216108519939695,0,0,1.9673215717722536,1.768979201902621,MT3
GO_Biological_Process_2023,Negative Regulation Of Calcium Ion Transmembrane Transporter Activity (GO:1901020),1/30,0.4069025649572143,0.7216108519939695,0,0,1.9673215717722536,1.768979201902621,ATP1A2
GO_Biological_Process_2023,Negative Regulation Of Carbohydrate Metabolic Process (GO:0045912),1/30,0.4069025649572143,0.7216108519939695,0,0,1.9673215717722536,1.768979201902621,GCK
GO_Biological_Process_2023,Regulation Of Calcium-Mediated Signaling (GO:0050848),1/30,0.4069025649572143,0.7216108519939695,0,0,1.9673215717722536,1.768979201902621,GPR143
GO_Biological_Process_2023,Cellular Response To Organic Substance (GO:0071310),2/82,0.4146831216473944,0.7225489991306969,0,0,1.4267492711370262,1.2558826526078335,ASAH2;MME
GO_Biological_Process_2023,Negative Regulation Of Developmental Growth (GO:0048640),1/31,0.4171488457997587,0.7225489991306969,0,0,1.9016472868217056,1.6626333782933105,MT3
GO_Biological_Process_2023,B Cell Proliferation (GO:0042100),1/31,0.4171488457997587,0.7225489991306969,0,0,1.9016472868217056,1.6626333782933105,MS4A1
GO_Biological_Process_2023,Regulation Of Gluconeogenesis (GO:0006111),1/31,0.4171488457997587,0.7225489991306969,0,0,1.9016472868217056,1.6626333782933105,GCK
GO_Biological_Process_2023,acyl-CoA Metabolic Process (GO:0006637),1/31,0.4171488457997587,0.7225489991306969,0,0,1.9016472868217056,1.6626333782933105,ACSM1
GO_Biological_Process_2023,Regulation Of Protein Localization To Cell Surface (GO:2000008),1/31,0.4171488457997587,0.7225489991306969,0,0,1.9016472868217056,1.6626333782933105,ACTN2
GO_Biological_Process_2023,Cellular Response To cAMP (GO:0071320),1/31,0.4171488457997587,0.7225489991306969,0,0,1.9016472868217056,1.6626333782933105,CRHBP
GO_Biological_Process_2023,Positive Regulation Of Rho Protein Signal Transduction (GO:0035025),1/31,0.4171488457997587,0.7225489991306969,0,0,1.9016472868217056,1.6626333782933105,SLC6A2
GO_Biological_Process_2023,Response To Estradiol (GO:0032355),1/31,0.4171488457997587,0.7225489991306969,0,0,1.9016472868217056,1.6626333782933105,CRHBP
GO_Biological_Process_2023,Positive Regulation Of Glucose Transmembrane Transport (GO:0010828),1/31,0.4171488457997587,0.7225489991306969,0,0,1.9016472868217056,1.6626333782933105,NR4A3
GO_Biological_Process_2023,Positive Regulation Of Leukocyte Migration (GO:0002687),1/31,0.4171488457997587,0.7225489991306969,0,0,1.9016472868217056,1.6626333782933105,PRSS56
GO_Biological_Process_2023,Positive Regulation Of Mononuclear Cell Migration (GO:0071677),1/31,0.4171488457997587,0.7225489991306969,0,0,1.9016472868217056,1.6626333782933105,CXCL17
GO_Biological_Process_2023,Glutamine Family Amino Acid Metabolic Process (GO:0009064),1/31,0.4171488457997587,0.7225489991306969,0,0,1.9016472868217056,1.6626333782933105,PRODH
GO_Biological_Process_2023,Negative Chemotaxis (GO:0050919),1/31,0.4171488457997587,0.7225489991306969,0,0,1.9016472868217056,1.6626333782933105,LGR6
GO_Biological_Process_2023,Phospholipase C-activating G Protein-Coupled Receptor Signaling Pathway (GO:0007200),2/83,0.4206579654173419,0.726210517412028,0,0,1.409063096137926,1.2201573469173523,ADRA1D;GRPR
GO_Biological_Process_2023,Vascular Transport (GO:0010232),2/83,0.4206579654173419,0.726210517412028,0,0,1.409063096137926,1.2201573469173523,SLC22A2;ATP1A2
GO_Biological_Process_2023,Protein Localization To Plasma Membrane (GO:0072659),3/137,0.4218032942766802,0.7269821677848082,0,0,1.2778868813825608,1.1030926589572558,RAB3C;ACTN2;KCNB1
GO_Biological_Process_2023,Amide Transport (GO:0042886),1/32,0.4272186169114841,0.7278798366691571,0,0,1.840210052513128,1.5650239617434771,SLC14A2
GO_Biological_Process_2023,Regulation Of Transmembrane Transport (GO:0034762),1/32,0.4272186169114841,0.7278798366691571,0,0,1.840210052513128,1.5650239617434771,KCNJ10
GO_Biological_Process_2023,Chromosome Condensation (GO:0030261),1/32,0.4272186169114841,0.7278798366691571,0,0,1.840210052513128,1.5650239617434771,H1-7
GO_Biological_Process_2023,Transition Metal Ion Transport (GO:0000041),1/32,0.4272186169114841,0.7278798366691571,0,0,1.840210052513128,1.5650239617434771,MT3
GO_Biological_Process_2023,Gluconeogenesis (GO:0006094),1/32,0.4272186169114841,0.7278798366691571,0,0,1.840210052513128,1.5650239617434771,ENO3
GO_Biological_Process_2023,Proteoglycan Biosynthetic Process (GO:0030166),1/32,0.4272186169114841,0.7278798366691571,0,0,1.840210052513128,1.5650239617434771,NDST3
GO_Biological_Process_2023,Muscle Cell Development (GO:0055001),1/32,0.4272186169114841,0.7278798366691571,0,0,1.840210052513128,1.5650239617434771,ACTN2
GO_Biological_Process_2023,Positive Regulation Of Canonical Wnt Signaling Pathway (GO:0090263),2/85,0.4325130939644807,0.7344961351011818,0,0,1.3749692648143594,1.1524204217875862,WNT3A;LGR6
GO_Biological_Process_2023,Transport Across Blood-Brain Barrier (GO:0150104),2/85,0.4325130939644807,0.7344961351011818,0,0,1.3749692648143594,1.1524204217875862,SLC22A2;ATP1A2
GO_Biological_Process_2023,Negative Regulation Of Small Molecule Metabolic Process (GO:0062014),1/33,0.4371149102910868,0.7351157053522155,0,0,1.7826126453488371,1.4752174338031132,GCK
GO_Biological_Process_2023,Regulation Of Potassium Ion Transmembrane Transport (GO:1901379),1/33,0.4371149102910868,0.7351157053522155,0,0,1.7826126453488371,1.4752174338031132,KCNN2
GO_Biological_Process_2023,Carboxylic Acid Metabolic Process (GO:0019752),1/33,0.4371149102910868,0.7351157053522155,0,0,1.7826126453488371,1.4752174338031132,AS3MT
GO_Biological_Process_2023,Positive Regulation Of Interleukin-12 Production (GO:0032735),1/33,0.4371149102910868,0.7351157053522155,0,0,1.7826126453488371,1.4752174338031132,CCL19
GO_Biological_Process_2023,Positive Regulation Of Ion Transmembrane Transporter Activity (GO:0032414),1/33,0.4371149102910868,0.7351157053522155,0,0,1.7826126453488371,1.4752174338031132,ACTN2
GO_Biological_Process_2023,Inositol Lipid-Mediated Signaling (GO:0048017),1/33,0.4371149102910868,0.7351157053522155,0,0,1.7826126453488371,1.4752174338031132,GPR143
GO_Biological_Process_2023,Protein Localization To Cell Periphery (GO:1990778),3/142,0.4445817887465544,0.7388978061783843,0,0,1.231604190331945,0.9983645150630076,RAB3C;ACTN2;KCNB1
GO_Biological_Process_2023,Positive Regulation Of MAPK Cascade (GO:0043410),6/310,0.4457489392389981,0.7388978061783843,0,0,1.1266301816488122,0.910316513006315,CCL25;CXCL17;ADRA1D;CCL19;MT3;CCL16
GO_Biological_Process_2023,Regulation Of Metal Ion Transport (GO:0010959),1/34,0.4468407060685735,0.7388978061783843,0,0,1.728505990133897,1.3924033762538368,CASR
GO_Biological_Process_2023,Apoptotic Mitochondrial Changes (GO:0008637),1/34,0.4468407060685735,0.7388978061783843,0,0,1.728505990133897,1.3924033762538368,IFI6
GO_Biological_Process_2023,Regulation Of Phosphatidylinositol 3-Kinase Activity (GO:0043551),1/34,0.4468407060685735,0.7388978061783843,0,0,1.728505990133897,1.3924033762538368,CCL19
GO_Biological_Process_2023,Organophosphate Biosynthetic Process (GO:0090407),1/34,0.4468407060685735,0.7388978061783843,0,0,1.728505990133897,1.3924033762538368,GCK
GO_Biological_Process_2023,Cellular Response To Hydrogen Peroxide (GO:0070301),1/34,0.4468407060685735,0.7388978061783843,0,0,1.728505990133897,1.3924033762538368,SLC6A2
GO_Biological_Process_2023,Response To Estrogen (GO:0043627),1/34,0.4468407060685735,0.7388978061783843,0,0,1.728505990133897,1.3924033762538368,CRHBP
GO_Biological_Process_2023,Embryonic Limb Morphogenesis (GO:0030326),1/34,0.4468407060685735,0.7388978061783843,0,0,1.728505990133897,1.3924033762538368,MYH3
GO_Biological_Process_2023,Actin Filament Organization (GO:0007015),3/144,0.4535953016549785,0.7388978061783843,0,0,1.2140102028119946,0.959735625646074,SPTA1;ACTL8;LMOD2
GO_Biological_Process_2023,Organic Anion Transport (GO:0015711),2/89,0.4558266709289285,0.7388978061783843,0,0,1.3114841995911666,1.030357921132989,SLC2A14;SLC22A10
GO_Biological_Process_2023,Sodium Ion Transport (GO:0006814),2/89,0.4558266709289285,0.7388978061783843,0,0,1.3114841995911666,1.030357921132989,ATP1A2;SLC6A2
GO_Biological_Process_2023,Positive Regulation Of Peptidyl-Serine Phosphorylation (GO:0033138),2/89,0.4558266709289285,0.7388978061783843,0,0,1.3114841995911666,1.030357921132989,TCL1A;WNT3A
GO_Biological_Process_2023,Regulation Of Cellular Senescence (GO:2000772),1/35,0.4563989331149866,0.7388978061783843,0,0,1.6775820793433651,1.315875249714325,TERT
GO_Biological_Process_2023,Action Potential (GO:0001508),1/35,0.4563989331149866,0.7388978061783843,0,0,1.6775820793433651,1.315875249714325,KCNB1
GO_Biological_Process_2023,Adherens Junction Organization (GO:0034332),1/35,0.4563989331149866,0.7388978061783843,0,0,1.6775820793433651,1.315875249714325,CDH22
GO_Biological_Process_2023,Regulation Of mRNA Processing (GO:0050684),1/35,0.4563989331149866,0.7388978061783843,0,0,1.6775820793433651,1.315875249714325,NR5A1
GO_Biological_Process_2023,Regulation Of Regulated Secretory Pathway (GO:1903305),1/35,0.4563989331149866,0.7388978061783843,0,0,1.6775820793433651,1.315875249714325,SYT9
GO_Biological_Process_2023,Dendrite Morphogenesis (GO:0048813),1/35,0.4563989331149866,0.7388978061783843,0,0,1.6775820793433651,1.315875249714325,CTNNA2
GO_Biological_Process_2023,Response To Nutrient Levels (GO:0031667),1/35,0.4563989331149866,0.7388978061783843,0,0,1.6775820793433651,1.315875249714325,KCNB1
GO_Biological_Process_2023,Positive Regulation Of Cell Development (GO:0010720),1/35,0.4563989331149866,0.7388978061783843,0,0,1.6775820793433651,1.315875249714325,MME
GO_Biological_Process_2023,Glutamate Receptor Signaling Pathway (GO:0007215),1/35,0.4563989331149866,0.7388978061783843,0,0,1.6775820793433651,1.315875249714325,KCNB1
GO_Biological_Process_2023,Hexose Biosynthetic Process (GO:0019319),1/35,0.4563989331149866,0.7388978061783843,0,0,1.6775820793433651,1.315875249714325,ENO3
GO_Biological_Process_2023,Regulation Of Axon Extension (GO:0030516),1/35,0.4563989331149866,0.7388978061783843,0,0,1.6775820793433651,1.315875249714325,MT3
GO_Biological_Process_2023,Negative Regulation Of Response To External Stimulus (GO:0032102),3/146,0.4625479560824133,0.7471339933824461,0,0,1.1969083548030917,0.9228223722694466,REG3A;CXCL17;CTNNA2
GO_Biological_Process_2023,Negative Regulation Of Sequestering Of Calcium Ion (GO:0051283),1/36,0.4657924704180668,0.7471339933824461,0,0,1.6295681063122924,1.2450146177040955,CCL19
GO_Biological_Process_2023,Regulation Of Receptor Internalization (GO:0002090),1/36,0.4657924704180668,0.7471339933824461,0,0,1.6295681063122924,1.2450146177040955,WNT3A
GO_Biological_Process_2023,Positive Regulation Of Phospholipase C Activity (GO:0010863),1/36,0.4657924704180668,0.7471339933824461,0,0,1.6295681063122924,1.2450146177040955,ADRA1D
GO_Biological_Process_2023,Lytic Vacuole Organization (GO:0080171),1/36,0.4657924704180668,0.7471339933824461,0,0,1.6295681063122924,1.2450146177040955,CLVS2
GO_Biological_Process_2023,Negative Regulation Of T Cell Proliferation (GO:0042130),1/36,0.4657924704180668,0.7471339933824461,0,0,1.6295681063122924,1.2450146177040955,PLA2G2D
GO_Biological_Process_2023,Lymphocyte Differentiation (GO:0030098),2/91,0.4672757122950105,0.74836002538324,0,0,1.2818816129983293,0.975301429160404,PAX5;MS4A1
GO_Biological_Process_2023,Regulation Of Vascular Associated Smooth Muscle Cell Proliferation (GO:1904705),1/37,0.4750241474085617,0.7538111851407207,0,0,1.58422157622739,1.1792781281586575,NR4A3
GO_Biological_Process_2023,Positive Regulation Of Immune Effector Process (GO:0002699),1/37,0.4750241474085617,0.7538111851407207,0,0,1.58422157622739,1.1792781281586575,COLEC10
GO_Biological_Process_2023,Synaptic Vesicle Cycle (GO:0099504),1/37,0.4750241474085617,0.7538111851407207,0,0,1.58422157622739,1.1792781281586575,WNT3A
GO_Biological_Process_2023,Melanosome Organization (GO:0032438),1/37,0.4750241474085617,0.7538111851407207,0,0,1.58422157622739,1.1792781281586575,GPR143
GO_Biological_Process_2023,Muscle Cell Differentiation (GO:0042692),1/37,0.4750241474085617,0.7538111851407207,0,0,1.58422157622739,1.1792781281586575,ACTN2
GO_Biological_Process_2023,Regulation Of Cellular Component Biogenesis (GO:0044087),1/37,0.4750241474085617,0.7538111851407207,0,0,1.58422157622739,1.1792781281586575,CCL19
GO_Biological_Process_2023,Regulation Of Peptidyl-Serine Phosphorylation (GO:0033135),2/93,0.4785807715643206,0.7582992133918688,0,0,1.2535802390029795,0.9238012374550572,TCL1A;WNT3A
GO_Biological_Process_2023,Calcium-Dependent Cell-Cell Adhesion Via Plasma Membrane Cell Adhesion Molecules (GO:0016339),1/38,0.4840967451573379,0.7586236096295619,0,0,1.5413262099308611,1.1181867047382776,CDH22
GO_Biological_Process_2023,Response To cAMP (GO:0051591),1/38,0.4840967451573379,0.7586236096295619,0,0,1.5413262099308611,1.1181867047382776,CRHBP
GO_Biological_Process_2023,Response To Peptide (GO:1901652),1/38,0.4840967451573379,0.7586236096295619,0,0,1.5413262099308611,1.1181867047382776,REG3A
GO_Biological_Process_2023,Fatty Acid Transport (GO:0015908),1/38,0.4840967451573379,0.7586236096295619,0,0,1.5413262099308611,1.1181867047382776,SLC22A2
GO_Biological_Process_2023,Import Into Cell (GO:0098657),1/38,0.4840967451573379,0.7586236096295619,0,0,1.5413262099308611,1.1181867047382776,SLC22A2
GO_Biological_Process_2023,Lymphocyte Proliferation (GO:0046651),1/38,0.4840967451573379,0.7586236096295619,0,0,1.5413262099308611,1.1181867047382776,MS4A1
GO_Biological_Process_2023,Sphingolipid Metabolic Process (GO:0006665),2/94,0.4841781784449415,0.7586236096295619,0,0,1.239890987450881,0.8992957883304029,ACER1;ASAH2
GO_Biological_Process_2023,Cellular Response To Organic Cyclic Compound (GO:0071407),3/152,0.4890110747429433,0.7586236096295619,0,0,1.148357470858354,0.8215006470264429,CRHBP;NR4A3;ATP1A2
GO_Biological_Process_2023,Negative Regulation Of Protein Secretion (GO:0050709),1/39,0.4930129970249388,0.7586236096295619,0,0,1.500688494492044,1.0613165301269345,KCNB1
GO_Biological_Process_2023,Regulation Of Mitochondrial Membrane Potential (GO:0051881),1/39,0.4930129970249388,0.7586236096295619,0,0,1.500688494492044,1.0613165301269345,TCL1A
GO_Biological_Process_2023,Regulation Of Monoatomic Cation Transmembrane Transport (GO:1904062),1/39,0.4930129970249388,0.7586236096295619,0,0,1.500688494492044,1.0613165301269345,KCNN2
GO_Biological_Process_2023,Neuron Projection Extension (GO:1990138),1/39,0.4930129970249388,0.7586236096295619,0,0,1.500688494492044,1.0613165301269345,SH3GL2
GO_Biological_Process_2023,Odontogenesis (GO:0042476),1/39,0.4930129970249388,0.7586236096295619,0,0,1.500688494492044,1.0613165301269345,AQP6
GO_Biological_Process_2023,Carboxylic Acid Transmembrane Transport (GO:1905039),1/39,0.4930129970249388,0.7586236096295619,0,0,1.500688494492044,1.0613165301269345,SLC38A8
GO_Biological_Process_2023,Regulation Of Receptor-Mediated Endocytosis (GO:0048259),1/39,0.4930129970249388,0.7586236096295619,0,0,1.500688494492044,1.0613165301269345,CCL19
GO_Biological_Process_2023,Retina Homeostasis (GO:0001895),1/39,0.4930129970249388,0.7586236096295619,0,0,1.500688494492044,1.0613165301269345,OPRPN
GO_Biological_Process_2023,Positive Regulation Of Intracellular Transport (GO:0032388),1/39,0.4930129970249388,0.7586236096295619,0,0,1.500688494492044,1.0613165301269345,ACTN2
GO_Biological_Process_2023,Positive Regulation Of Lipid Biosynthetic Process (GO:0046889),1/39,0.4930129970249388,0.7586236096295619,0,0,1.500688494492044,1.0613165301269345,CGA
GO_Biological_Process_2023,Vitamin Transport (GO:0051180),1/39,0.4930129970249388,0.7586236096295619,0,0,1.500688494492044,1.0613165301269345,SLC2A14
GO_Biological_Process_2023,Regulation Of Cellular Component Organization (GO:0051128),3/153,0.4933604070309446,0.7586236096295619,0,0,1.1406432748538011,0.8058819520817573,WNT3A;SLC6A2;PAPPA2
GO_Biological_Process_2023,Epithelium Development (GO:0060429),3/154,0.4976914067204156,0.763667235057575,0,0,1.1330312536307656,0.7906009501336028,KRT12;RHCG;ACTL8
GO_Biological_Process_2023,Regulation Of Defense Response (GO:0031347),2/97,0.5007451047857876,0.763667235057575,0,0,1.2005524014116924,0.8303717691984621,NLRP14;CMA1
GO_Biological_Process_2023,Monocarboxylic Acid Metabolic Process (GO:0032787),2/97,0.5007451047857876,0.763667235057575,0,0,1.2005524014116924,0.8303717691984621,ACSM1;UGT2A1
GO_Biological_Process_2023,Regulation Of Glycolytic Process (GO:0006110),1/40,0.5017755896055536,0.763667235057575,0,0,1.462134764460346,1.0082914846349456,GCK
GO_Biological_Process_2023,Nucleic Acid-Templated Transcription (GO:0097659),1/40,0.5017755896055536,0.763667235057575,0,0,1.462134764460346,1.0082914846349456,TERT
GO_Biological_Process_2023,Synaptic Vesicle Endocytosis (GO:0048488),1/40,0.5017755896055536,0.763667235057575,0,0,1.462134764460346,1.0082914846349456,SH3GL2
GO_Biological_Process_2023,Positive Regulation Of Wound Healing (GO:0090303),1/40,0.5017755896055536,0.763667235057575,0,0,1.462134764460346,1.0082914846349456,REG3A
GO_Biological_Process_2023,Regulation Of GTPase Activity (GO:0043087),4/214,0.5060930486366875,0.7651925257595359,0,0,1.0861611506772797,0.7397134725203092,CCL25;CCL19;SLC6A2;CCL16
GO_Biological_Process_2023,Chemical Synaptic Transmission (GO:0007268),5/273,0.5091253150102389,0.7651925257595359,0,0,1.063816944688323,0.7181414308003016,CRHBP;GABBR2;CRH;SLC6A2;DLGAP2
GO_Biological_Process_2023,Regulation Of Chemokine Production (GO:0032642),1/41,0.5103871634675993,0.7651925257595359,0,0,1.4255087209302326,0.958776776951139,ALOX15B
GO_Biological_Process_2023,Acylglycerol Metabolic Process (GO:0006639),1/41,0.5103871634675993,0.7651925257595359,0,0,1.4255087209302326,0.958776776951139,GCK
GO_Biological_Process_2023,Cellular Response To Retinoic Acid (GO:0071300),1/41,0.5103871634675993,0.7651925257595359,0,0,1.4255087209302326,0.958776776951139,WNT3A
GO_Biological_Process_2023,Positive Regulation Of Actin Filament Polymerization (GO:0030838),1/41,0.5103871634675993,0.7651925257595359,0,0,1.4255087209302326,0.958776776951139,LMOD2
GO_Biological_Process_2023,Detection Of Chemical Stimulus Involved In Sensory Perception Of Bitter Taste (GO:0001580),1/41,0.5103871634675993,0.7651925257595359,0,0,1.4255087209302326,0.958776776951139,CST1
GO_Biological_Process_2023,Heart Contraction (GO:0060047),1/41,0.5103871634675993,0.7651925257595359,0,0,1.4255087209302326,0.958776776951139,ATP1A2
GO_Biological_Process_2023,Visual System Development (GO:0150063),1/41,0.5103871634675993,0.7651925257595359,0,0,1.4255087209302326,0.958776776951139,PAX6
GO_Biological_Process_2023,Negative Regulation Of DNA Recombination (GO:0045910),1/41,0.5103871634675993,0.7651925257595359,0,0,1.4255087209302326,0.958776776951139,H1-7
GO_Biological_Process_2023,Axon Development (GO:0061564),2/99,0.5115984610265485,0.7651925257595359,0,0,1.1756785188302126,0.7879576341368808,CCK;CTNNA2
GO_Biological_Process_2023,Cellular Response To Insulin Stimulus (GO:0032869),2/99,0.5115984610265485,0.7651925257595359,0,0,1.1756785188302126,0.7879576341368808,PDK4;GCK
GO_Biological_Process_2023,Antimicrobial Humoral Response (GO:0019730),2/100,0.5169668266980694,0.7694062346637746,0,0,1.1636223002320465,0.7677307317988004,REG3A;GALP
GO_Biological_Process_2023,Ceramide Biosynthetic Process (GO:0046513),1/42,0.5188503138654849,0.7694062346637746,0,0,1.390669313669881,0.9124735548789497,ASAH2
GO_Biological_Process_2023,Sensory Perception Of Bitter Taste (GO:0050913),1/42,0.5188503138654849,0.7694062346637746,0,0,1.390669313669881,0.9124735548789497,CST1
GO_Biological_Process_2023,Positive Regulation Of Neuron Differentiation (GO:0045666),1/42,0.5188503138654849,0.7694062346637746,0,0,1.390669313669881,0.9124735548789497,PCP4
GO_Biological_Process_2023,Lysosome Localization (GO:0032418),1/42,0.5188503138654849,0.7694062346637746,0,0,1.390669313669881,0.9124735548789497,NR4A3
GO_Biological_Process_2023,Monoatomic Cation Transport (GO:0006812),1/42,0.5188503138654849,0.7694062346637746,0,0,1.390669313669881,0.9124735548789497,ATP1A2
GO_Biological_Process_2023,Regulation Of Primary Metabolic Process (GO:0080090),1/43,0.527167591599051,0.775729666534869,0,0,1.3574889258028793,0.869114325670502,TM6SF2
GO_Biological_Process_2023,Positive Regulation Of Cell-Matrix Adhesion (GO:0001954),1/43,0.527167591599051,0.775729666534869,0,0,1.3574889258028793,0.869114325670502,CCL25
GO_Biological_Process_2023,Positive Regulation Of miRNA Transcription (GO:1902895),1/43,0.527167591599051,0.775729666534869,0,0,1.3574889258028793,0.869114325670502,TERT
GO_Biological_Process_2023,Lysosome Organization (GO:0007040),1/43,0.527167591599051,0.775729666534869,0,0,1.3574889258028793,0.869114325670502,CLVS2
GO_Biological_Process_2023,Regulation Of JUN Kinase Activity (GO:0043506),1/43,0.527167591599051,0.775729666534869,0,0,1.3574889258028793,0.869114325670502,CCL19
GO_Biological_Process_2023,Calcium Ion Homeostasis (GO:0055074),2/102,0.5275855945309195,0.775729666534869,0,0,1.1402332361516034,0.7291154864968123,CASR;CCL19
GO_Biological_Process_2023,Positive Regulation Of Leukocyte Cell-Cell Adhesion (GO:1903039),1/44,0.535341503838756,0.7827113841237991,0,0,1.3258518117901568,0.8284590492524697,NR4A3
GO_Biological_Process_2023,Synaptic Vesicle Recycling (GO:0036465),1/44,0.535341503838756,0.7827113841237991,0,0,1.3258518117901568,0.8284590492524697,WNT3A
GO_Biological_Process_2023,Regulation Of B Cell Proliferation (GO:0030888),1/44,0.535341503838756,0.7827113841237991,0,0,1.3258518117901568,0.8284590492524697,TNFRSF13B
GO_Biological_Process_2023,Regulation Of DNA Recombination (GO:0000018),1/44,0.535341503838756,0.7827113841237991,0,0,1.3258518117901568,0.8284590492524697,H1-7
GO_Biological_Process_2023,Regulation Of Neuron Apoptotic Process (GO:0043523),2/105,0.5432154322287681,0.7834527282128705,0,0,1.106852727221263,0.6754560945677859,KCNB1;MT3
GO_Biological_Process_2023,Intrinsic Apoptotic Signaling Pathway (GO:0097193),2/105,0.5432154322287681,0.7834527282128705,0,0,1.106852727221263,0.6754560945677859,IFI6;PRODH
GO_Biological_Process_2023,Organic Hydroxy Compound Transport (GO:0015850),1/45,0.5433745146682926,0.7834527282128705,0,0,1.2956527484143765,0.7902917934224665,SLC22A2
GO_Biological_Process_2023,Chromosome Organization (GO:0051276),1/45,0.5433745146682926,0.7834527282128705,0,0,1.2956527484143765,0.7902917934224665,H1-7
GO_Biological_Process_2023,Detection Of Chemical Stimulus Involved In Sensory Perception Of Taste (GO:0050912),1/45,0.5433745146682926,0.7834527282128705,0,0,1.2956527484143765,0.7902917934224665,CST1
GO_Biological_Process_2023,Epidermal Growth Factor Receptor Signaling Pathway (GO:0007173),1/45,0.5433745146682926,0.7834527282128705,0,0,1.2956527484143765,0.7902917934224665,FAM83A
GO_Biological_Process_2023,Establishment Of Protein Localization To Extracellular Region (GO:0035592),1/45,0.5433745146682926,0.7834527282128705,0,0,1.2956527484143765,0.7902917934224665,RAB3C
GO_Biological_Process_2023,Triglyceride Metabolic Process (GO:0006641),1/45,0.5433745146682926,0.7834527282128705,0,0,1.2956527484143765,0.7902917934224665,GCK
GO_Biological_Process_2023,Hexose Metabolic Process (GO:0019318),1/45,0.5433745146682926,0.7834527282128705,0,0,1.2956527484143765,0.7902917934224665,GCK
GO_Biological_Process_2023,Zymogen Activation (GO:0031638),1/45,0.5433745146682926,0.7834527282128705,0,0,1.2956527484143765,0.7902917934224665,CD5L
GO_Biological_Process_2023,Regulation Of Epidermal Growth Factor Receptor Signaling Pathway (GO:0042058),1/46,0.5512690460100172,0.7882844462863021,0,0,1.266795865633075,0.7544178583195512,IFI6
GO_Biological_Process_2023,Amino Acid Transport (GO:0006865),1/46,0.5512690460100172,0.7882844462863021,0,0,1.266795865633075,0.7544178583195512,SLC38A8
GO_Biological_Process_2023,Response To Hydrogen Peroxide (GO:0042542),1/46,0.5512690460100172,0.7882844462863021,0,0,1.266795865633075,0.7544178583195512,SLC6A2
GO_Biological_Process_2023,Development Of Primary Male Sexual Characteristics (GO:0046546),1/46,0.5512690460100172,0.7882844462863021,0,0,1.266795865633075,0.7544178583195512,NR5A1
GO_Biological_Process_2023,Male Gonad Development (GO:0008584),1/46,0.5512690460100172,0.7882844462863021,0,0,1.266795865633075,0.7544178583195512,NR5A1
GO_Biological_Process_2023,Negative Regulation Of Cold-Induced Thermogenesis (GO:0120163),1/46,0.5512690460100172,0.7882844462863021,0,0,1.266795865633075,0.7544178583195512,HOXC10
GO_Biological_Process_2023,Cellular Response To Oxygen-Containing Compound (GO:1901701),7/406,0.5536315539910038,0.7905767458225446,0,0,0.999480950897955,0.590948987654064,CRHBP;ACER1;NR4A3;WNT3A;PDK4;SYT9;MT3
GO_Biological_Process_2023,Cellular Response To Lipid (GO:0071396),4/228,0.5559958798232975,0.7928653573918529,0,0,1.0175429409300376,0.5972920031491225,CRHBP;WNT3A;PDK4;ATP1A2
GO_Biological_Process_2023,Regulation Of Wound Healing (GO:0061041),1/47,0.5590274782896436,0.7939257911316766,0,0,1.2391936299292214,0.7206612972158888,REG3A
GO_Biological_Process_2023,Insulin Receptor Signaling Pathway (GO:0008286),1/47,0.5590274782896436,0.7939257911316766,0,0,1.2391936299292214,0.7206612972158888,PDK4
GO_Biological_Process_2023,Positive Regulation Of Smooth Muscle Cell Proliferation (GO:0048661),1/47,0.5590274782896436,0.7939257911316766,0,0,1.2391936299292214,0.7206612972158888,NR4A3
GO_Biological_Process_2023,Cellular Response To Salt (GO:1902075),2/109,0.5634908139289293,0.7954681485233922,0,0,1.0652570774638292,0.6110359842564408,CRHBP;SYT9
GO_Biological_Process_2023,Cellular Defense Response (GO:0006968),1/48,0.56665215102478,0.7954681485233922,0,0,1.2127659574468086,0.6888627715966231,CD5L
GO_Biological_Process_2023,Cellular Response To Radiation (GO:0071478),1/48,0.56665215102478,0.7954681485233922,0,0,1.2127659574468086,0.6888627715966231,SLC6A2
GO_Biological_Process_2023,Chloride Transmembrane Transport (GO:1902476),1/48,0.56665215102478,0.7954681485233922,0,0,1.2127659574468086,0.6888627715966231,ANO2
GO_Biological_Process_2023,Metal Ion Transport (GO:0030001),3/171,0.5682599501502964,0.7954681485233922,0,0,1.0174916457811194,0.575062169992106,KCNJ10;KCNN2;ATP1A2
GO_Biological_Process_2023,Sensory Perception Of Chemical Stimulus (GO:0007606),2/110,0.5684579690064978,0.7954681485233922,0,0,1.0553395961559229,0.596085249646794,OR10J5;UGT2A1
GO_Biological_Process_2023,Cell-Cell Adhesion Via Plasma-Membrane Adhesion Molecules (GO:0098742),3/172,0.5722186446076042,0.7954681485233922,0,0,1.0114190802449912,0.5646086349748162,REG3A;CDH22;HMCN2
GO_Biological_Process_2023,Generation Of Neurons (GO:0048699),3/172,0.5722186446076042,0.7954681485233922,0,0,1.0114190802449912,0.5646086349748162,LMX1A;WNT3A;CCK
GO_Biological_Process_2023,Negative Regulation Of Inflammatory Response (GO:0050728),2/111,0.5733842505336757,0.7954681485233922,0,0,1.0456040869821062,0.5815641490796583,REG3A;CXCL17
GO_Biological_Process_2023,Positive Regulation Of miRNA Metabolic Process (GO:2000630),1/49,0.574145363785179,0.7954681485233922,0,0,1.187439437984496,0.65887768870051,TERT
GO_Biological_Process_2023,Positive Regulation Of Nervous System Development (GO:0051962),1/49,0.574145363785179,0.7954681485233922,0,0,1.187439437984496,0.65887768870051,MME
GO_Biological_Process_2023,Unsaturated Fatty Acid Metabolic Process (GO:0033559),1/49,0.574145363785179,0.7954681485233922,0,0,1.187439437984496,0.65887768870051,ALOX15B
GO_Biological_Process_2023,Heterophilic Cell-Cell Adhesion Via Plasma Membrane Cell Adhesion Molecules (GO:0007157),1/49,0.574145363785179,0.7954681485233922,0,0,1.187439437984496,0.65887768870051,REG3A
GO_Biological_Process_2023,Proton Transmembrane Transport (GO:1902600),1/49,0.574145363785179,0.7954681485233922,0,0,1.187439437984496,0.65887768870051,ATP1A2
GO_Biological_Process_2023,Negative Regulation Of DNA Metabolic Process (GO:0051053),1/49,0.574145363785179,0.7954681485233922,0,0,1.187439437984496,0.65887768870051,H1-7
GO_Biological_Process_2023,Negative Regulation Of T Cell Activation (GO:0050868),1/49,0.574145363785179,0.7954681485233922,0,0,1.187439437984496,0.65887768870051,PLA2G2D
GO_Biological_Process_2023,Negative Regulation Of Cysteine-Type Endopeptidase Activity Involved In Apoptotic Process (GO:0043154),1/49,0.574145363785179,0.7954681485233922,0,0,1.187439437984496,0.65887768870051,IFI6
GO_Biological_Process_2023,Neuron Differentiation (GO:0030182),3/173,0.5761548277918429,0.7954681485233922,0,0,1.0054179566563468,0.5543662029001765,LMX1A;WNT3A;PAX6
GO_Biological_Process_2023,Positive Regulation Of GTPase Activity (GO:0043547),4/234,0.5765451364943711,0.7954681485233922,0,0,0.9906923371158995,0.5455759030395989,CCL25;CCL19;SLC6A2;CCL16
GO_Biological_Process_2023,Calcium Ion Transport (GO:0006816),2/112,0.5782695868609994,0.7954681485233922,0,0,1.0360455870659953,0.5674578183254845,CASR;MS4A1
GO_Biological_Process_2023,Negative Regulation Of Defense Response (GO:0031348),2/112,0.5782695868609994,0.7954681485233922,0,0,1.0360455870659953,0.5674578183254845,REG3A;CXCL17
GO_Biological_Process_2023,Regulation Of Neuron Projection Development (GO:0010975),3/174,0.5800683579738923,0.7954681485233922,0,0,0.9994870216476864,0.5443299510171888,WNT3A;CTNNA2;MT3
GO_Biological_Process_2023,"G Protein-Coupled Receptor Signaling Pathway, Coupled To Cyclic Nucleotide Second Messenger (GO:0007187)",1/50,0.5815093765862647,0.7954681485233922,0,0,1.1631466540104414,0.6305745813190116,OR10J5
GO_Biological_Process_2023,Regulation Of Interleukin-12 Production (GO:0032655),1/50,0.5815093765862647,0.7954681485233922,0,0,1.1631466540104414,0.6305745813190116,CCL19
GO_Biological_Process_2023,Cell Chemotaxis (GO:0060326),1/50,0.5815093765862647,0.7954681485233922,0,0,1.1631466540104414,0.6305745813190116,CCL25
GO_Biological_Process_2023,Positive Regulation Of Fat Cell Differentiation (GO:0045600),1/50,0.5815093765862647,0.7954681485233922,0,0,1.1631466540104414,0.6305745813190116,FNDC5
GO_Biological_Process_2023,Steroid Biosynthetic Process (GO:0006694),1/50,0.5815093765862647,0.7954681485233922,0,0,1.1631466540104414,0.6305745813190116,CYP7A1
GO_Biological_Process_2023,Intracellular Iron Ion Homeostasis (GO:0006879),1/50,0.5815093765862647,0.7954681485233922,0,0,1.1631466540104414,0.6305745813190116,SCARA5
GO_Biological_Process_2023,Regulation Of Synapse Assembly (GO:0051963),1/51,0.5887464108340326,0.8032568986608492,0,0,1.1398255813953488,0.6038336921536495,WNT3A
GO_Biological_Process_2023,Positive Regulation Of Ras Protein Signal Transduction (GO:0046579),1/51,0.5887464108340326,0.8032568986608492,0,0,1.1398255813953488,0.6038336921536495,SLC6A2
GO_Biological_Process_2023,Adenylate Cyclase-Inhibiting G Protein-Coupled Receptor Signaling Pathway (GO:0007193),1/52,0.5958586497251243,0.807549810983537,0,0,1.1174190606475147,0.578545735519647,GABBR2
GO_Biological_Process_2023,Cellular Response To Ionizing Radiation (GO:0071479),1/52,0.5958586497251243,0.807549810983537,0,0,1.1174190606475147,0.578545735519647,SLC6A2
GO_Biological_Process_2023,Fatty Acid Oxidation (GO:0019395),1/52,0.5958586497251243,0.807549810983537,0,0,1.1174190606475147,0.578545735519647,ACSM1
GO_Biological_Process_2023,Icosanoid Metabolic Process (GO:0006690),1/52,0.5958586497251243,0.807549810983537,0,0,1.1174190606475147,0.578545735519647,ALOX15B
GO_Biological_Process_2023,Positive Regulation Of Cell Population Proliferation (GO:0008284),8/483,0.5960158149894866,0.807549810983537,0,0,0.9585506793690458,0.4960385478231736,REG3A;TCL1A;NR4A3;TERT;WNT3A;ADRA1D;CGA;HOXC10
GO_Biological_Process_2023,Regulation Of Inflammatory Response (GO:0050727),4/240,0.5965473627726608,0.807549810983537,0,0,0.9652070182414632,0.4986227020150373,NLRP14;REG3A;CMA1;CXCL17
GO_Biological_Process_2023,Positive Regulation Of Macromolecule Metabolic Process (GO:0010604),6/364,0.6015137132746288,0.8087178052431928,0,0,0.9540218519800266,0.484934979370266,NR5A1;WNT3A;SLC22A2;PAX6;MT3;LGALS9C
GO_Biological_Process_2023,Protein Maturation (GO:0051604),2/117,0.6020805728777412,0.8087178052431928,0,0,0.9907466092026872,0.5026691632653449,MME;ECEL1
GO_Biological_Process_2023,Negative Regulation Of Metabolic Process (GO:0009892),1/53,0.6028482390669718,0.8087178052431928,0,0,1.0958743291592128,0.5546108095890896,HOXC10
GO_Biological_Process_2023,Cellular Response To Alcohol (GO:0097306),1/53,0.6028482390669718,0.8087178052431928,0,0,1.0958743291592128,0.5546108095890896,CYP7A1
GO_Biological_Process_2023,Positive Regulation Of NIK/NF-kappaB Signaling (GO:1901224),1/53,0.6028482390669718,0.8087178052431928,0,0,1.0958743291592128,0.5546108095890896,CCL19
GO_Biological_Process_2023,Positive Regulation Of Chemokine Production (GO:0032722),1/53,0.6028482390669718,0.8087178052431928,0,0,1.0958743291592128,0.5546108095890896,ALOX15B
GO_Biological_Process_2023,Gonad Development (GO:0008406),1/53,0.6028482390669718,0.8087178052431928,0,0,1.0958743291592128,0.5546108095890896,NR5A1
GO_Biological_Process_2023,ERBB Signaling Pathway (GO:0038127),1/54,0.6097172879205403,0.8116569011832255,0,0,1.0751426064063183,0.531937439477573,FAM83A
GO_Biological_Process_2023,Regulation Of Exocytosis (GO:0017157),1/54,0.6097172879205403,0.8116569011832255,0,0,1.0751426064063183,0.531937439477573,RAB3C
GO_Biological_Process_2023,Regulation Of Lipid Metabolic Process (GO:0019216),1/54,0.6097172879205403,0.8116569011832255,0,0,1.0751426064063183,0.531937439477573,TM6SF2
GO_Biological_Process_2023,Peptidyl-Tyrosine Modification (GO:0018212),1/54,0.6097172879205403,0.8116569011832255,0,0,1.0751426064063183,0.531937439477573,BLK
GO_Biological_Process_2023,Regulation Of Smooth Muscle Cell Proliferation (GO:0048660),1/54,0.6097172879205403,0.8116569011832255,0,0,1.0751426064063183,0.531937439477573,NR4A3
GO_Biological_Process_2023,Monoatomic Anion Transmembrane Transport (GO:0098656),1/54,0.6097172879205403,0.8116569011832255,0,0,1.0751426064063183,0.531937439477573,ANO2
GO_Biological_Process_2023,Neuron Migration (GO:0001764),1/55,0.6164678691523144,0.816466987007073,0,0,1.0551787252368647,0.5104417332418869,CCK
GO_Biological_Process_2023,Phosphatidylcholine Metabolic Process (GO:0046470),1/55,0.6164678691523144,0.816466987007073,0,0,1.0551787252368647,0.5104417332418869,PLA2G2D
GO_Biological_Process_2023,"Regulation Of Synaptic Transmission, Glutamatergic (GO:0051966)",1/55,0.6164678691523144,0.816466987007073,0,0,1.0551787252368647,0.5104417332418869,ATP1A2
GO_Biological_Process_2023,Response To Peptide Hormone (GO:0043434),1/55,0.6164678691523144,0.816466987007073,0,0,1.0551787252368647,0.5104417332418869,REG3A
GO_Biological_Process_2023,Pattern Recognition Receptor Signaling Pathway (GO:0002221),1/56,0.6231020200351576,0.8210749403248089,0,0,1.0359408033826638,0.4900466354915868,COLEC10
GO_Biological_Process_2023,Peptide Metabolic Process (GO:0006518),1/56,0.6231020200351576,0.8210749403248089,0,0,1.0359408033826638,0.4900466354915868,MME
GO_Biological_Process_2023,Regulation Of Reactive Oxygen Species Metabolic Process (GO:2000377),1/56,0.6231020200351576,0.8210749403248089,0,0,1.0359408033826638,0.4900466354915868,MT3
GO_Biological_Process_2023,Positive Regulation Of Cellular Metabolic Process (GO:0031325),1/56,0.6231020200351576,0.8210749403248089,0,0,1.0359408033826638,0.4900466354915868,MT3
GO_Biological_Process_2023,Positive Regulation Of Macromolecule Biosynthetic Process (GO:0010557),2/122,0.6248650098271296,0.8223571115424043,0,0,0.9492225461613216,0.4463430809460854,CCL19;GCK
GO_Biological_Process_2023,Organonitrogen Compound Biosynthetic Process (GO:1901566),2/123,0.6292990576155426,0.8234123549061162,0,0,0.9413295424427148,0.4359755406401359,ACER1;OTC
GO_Biological_Process_2023,Positive Regulation Of Epithelial Cell Proliferation (GO:0050679),2/123,0.6292990576155426,0.8234123549061162,0,0,0.9413295424427148,0.4359755406401359,REG3A;NR4A3
GO_Biological_Process_2023,Modulation Of Chemical Synaptic Transmission (GO:0050804),2/123,0.6292990576155426,0.8234123549061162,0,0,0.9413295424427148,0.4359755406401359,ATP1A2;DLGAP2
GO_Biological_Process_2023,Positive Regulation Of Interleukin-1 Beta Production (GO:0032731),1/57,0.6296217430406037,0.8234123549061162,0,0,1.017389950166113,0.4706812656016412,CCL19
GO_Biological_Process_2023,Regulation Of Calcium Ion Transport (GO:0051924),1/57,0.6296217430406037,0.8234123549061162,0,0,1.017389950166113,0.4706812656016412,CASR
GO_Biological_Process_2023,Axonogenesis (GO:0007409),3/188,0.6324158298820302,0.8260287062825513,0,0,0.9231863442389758,0.4230114999945776,CCK;CTNNA2;LGR6
GO_Biological_Process_2023,Enzyme-Linked Receptor Protein Signaling Pathway (GO:0007167),2/124,0.6336923083255648,0.8266587631164322,0,0,0.933565932227692,0.4258850861175414,BLK;SHC4
GO_Biological_Process_2023,Renal System Development (GO:0072001),1/58,0.6360290060910566,0.8276327441759874,0,0,0.9994900040799674,0.4522803308008996,MME
GO_Biological_Process_2023,Muscle Organ Development (GO:0007517),1/58,0.6360290060910566,0.8276327441759874,0,0,0.9994900040799674,0.4522803308008996,MYH3
GO_Biological_Process_2023,Response To Cytokine (GO:0034097),2/125,0.638044845804185,0.8292193314383978,0,0,0.9259285595771408,0.4160629490507688,ASAH2;MME
GO_Biological_Process_2023,Regulation Of miRNA Transcription (GO:1902893),1/59,0.6423257436591022,0.8316680337675688,0,0,0.9822072975140336,0.4347836024801038,TERT
GO_Biological_Process_2023,Regulation Of Multicellular Organismal Development (GO:2000026),1/59,0.6423257436591022,0.8316680337675688,0,0,0.9822072975140336,0.4347836024801038,ALOX15B
GO_Biological_Process_2023,Regulation Of Cell Death (GO:0010941),1/59,0.6423257436591022,0.8316680337675688,0,0,0.9822072975140336,0.4347836024801038,PRODH
GO_Biological_Process_2023,Protein Localization To Membrane (GO:0072657),3/192,0.646516263695421,0.835161186861099,0,0,0.9034623596027104,0.3940513642187184,RAB3C;ACTN2;KCNB1
GO_Biological_Process_2023,Regulation Of Response To External Stimulus (GO:0032101),2/127,0.6466281619693043,0.835161186861099,0,0,0.9110204081632652,0.3971901947385199,NLRP14;CMA1
GO_Biological_Process_2023,Positive Regulation Of Phagocytosis (GO:0050766),1/60,0.6485138566507992,0.8355234217493588,0,0,0.9655104454079622,0.4181354509997554,COLEC10
GO_Biological_Process_2023,Homophilic Cell Adhesion Via Plasma Membrane Adhesion Molecules (GO:0007156),1/60,0.6485138566507992,0.8355234217493588,0,0,0.9655104454079622,0.4181354509997554,HMCN2
GO_Biological_Process_2023,Cytokine-Mediated Signaling Pathway (GO:0019221),4/257,0.650058755634546,0.8364785718362946,0,0,0.8995630150800367,0.3874350680649941,CCL25;CCL19;MT3;CCL16
GO_Biological_Process_2023,BMP Signaling Pathway (GO:0030509),1/61,0.6545952138179572,0.8412760710919672,0,0,0.9493701550387597,0.4022844277391583,TMEM100
GO_Biological_Process_2023,Cell Junction Organization (GO:0034330),1/62,0.6605716514388846,0.8437485756415691,0,0,0.9337590545177278,0.3871828934324823,HMCN2
GO_Biological_Process_2023,Phosphatidylinositol-Mediated Signaling (GO:0048015),1/62,0.6605716514388846,0.8437485756415691,0,0,0.9337590545177278,0.3871828934324823,GPR143
GO_Biological_Process_2023,Spliceosomal Complex Assembly (GO:0000245),1/62,0.6605716514388846,0.8437485756415691,0,0,0.9337590545177278,0.3871828934324823,NR5A1
GO_Biological_Process_2023,Fat Cell Differentiation (GO:0045444),1/62,0.6605716514388846,0.8437485756415691,0,0,0.9337590545177278,0.3871828934324823,NR4A3
GO_Biological_Process_2023,Glycerophospholipid Metabolic Process (GO:0006650),1/62,0.6605716514388846,0.8437485756415691,0,0,0.9337590545177278,0.3871828934324823,PLA2G2D
GO_Biological_Process_2023,Telomere Organization (GO:0032200),1/63,0.6664449745690632,0.849166730142466,0,0,0.9186515378844712,0.3727866826059093,TERT
GO_Biological_Process_2023,Inorganic Anion Transmembrane Transport (GO:0098661),1/63,0.6664449745690632,0.849166730142466,0,0,0.9186515378844712,0.3727866826059093,ANO2
GO_Biological_Process_2023,Anterograde Trans-Synaptic Signaling (GO:0098916),3/199,0.6702618819317904,0.8523481758561592,0,0,0.8708825635517364,0.34842859574257,GABBR2;CRH;SLC6A2
GO_Biological_Process_2023,Regulation Of Secretion By Cell (GO:1903530),1/64,0.672216957135357,0.8523481758561592,0,0,0.9040236249538576,0.3590548036877067,RAB3C
GO_Biological_Process_2023,Positive Regulation Of Interleukin-1 Production (GO:0032732),1/64,0.672216957135357,0.8523481758561592,0,0,0.9040236249538576,0.3590548036877067,CCL19
GO_Biological_Process_2023,Negative Regulation Of Cell Death (GO:0060548),1/64,0.672216957135357,0.8523481758561592,0,0,0.9040236249538576,0.3590548036877067,MT3
GO_Biological_Process_2023,Antigen Receptor-Mediated Signaling Pathway (GO:0050851),2/134,0.6754037214394106,0.8543375372453809,0,0,0.8623995052566481,0.3384440815451824,BLK;MS4A1
GO_Biological_Process_2023,Canonical Wnt Signaling Pathway (GO:0060070),1/65,0.6778893427134338,0.8543375372453809,0,0,0.8898528343023255,0.3459491681851645,WNT3A
GO_Biological_Process_2023,Positive Regulation Of T Cell Proliferation (GO:0042102),1/65,0.6778893427134338,0.8543375372453809,0,0,0.8898528343023255,0.3459491681851645,CCL19
GO_Biological_Process_2023,Positive Regulation Of Cell Cycle (GO:0045787),1/65,0.6778893427134338,0.8543375372453809,0,0,0.8898528343023255,0.3459491681851645,MAGEA4
GO_Biological_Process_2023,Regulation Of Cell-Matrix Adhesion (GO:0001952),1/65,0.6778893427134338,0.8543375372453809,0,0,0.8898528343023255,0.3459491681851645,CCL25
GO_Biological_Process_2023,Negative Regulation Of Signal Transduction (GO:0009968),4/267,0.6792523763243843,0.8550202221930883,0,0,0.864913082747009,0.334515974040816,DKK4;CRHBP;CYP26A1;ASAH2
GO_Biological_Process_2023,Cellular Response To BMP Stimulus (GO:0071773),1/66,0.6834638451153923,0.8582459140713189,0,0,0.8761180679785331,0.3334343468017033,TMEM100
GO_Biological_Process_2023,Response To Reactive Oxygen Species (GO:0000302),1/66,0.6834638451153923,0.8582459140713189,0,0,0.8761180679785331,0.3334343468017033,MT3
GO_Biological_Process_2023,Activation Of Cysteine-Type Endopeptidase Activity Involved In Apoptotic Process (GO:0006919),1/67,0.6889421484073084,0.860970920158473,0,0,0.8627995066948555,0.3214773499482236,SLC22A2
GO_Biological_Process_2023,Peptidyl-Tyrosine Phosphorylation (GO:0018108),1/67,0.6889421484073084,0.860970920158473,0,0,0.8627995066948555,0.3214773499482236,BLK
GO_Biological_Process_2023,Cholesterol Metabolic Process (GO:0008203),1/67,0.6889421484073084,0.860970920158473,0,0,0.8627995066948555,0.3214773499482236,CYP7A1
GO_Biological_Process_2023,Protein Secretion (GO:0009306),1/67,0.6889421484073084,0.860970920158473,0,0,0.8627995066948555,0.3214773499482236,RAB3C
GO_Biological_Process_2023,Neuropeptide Signaling Pathway (GO:0007218),1/68,0.6943259079959522,0.8630764206501174,0,0,0.8498785144047206,0.3100474279226877,ECEL1
GO_Biological_Process_2023,Cell-Cell Junction Organization (GO:0045216),1/68,0.6943259079959522,0.8630764206501174,0,0,0.8498785144047206,0.3100474279226877,CDH22
GO_Biological_Process_2023,Skin Development (GO:0043588),1/68,0.6943259079959522,0.8630764206501174,0,0,0.8498785144047206,0.3100474279226877,ACER1
GO_Biological_Process_2023,Telomere Maintenance (GO:0000723),1/68,0.6943259079959522,0.8630764206501174,0,0,0.8498785144047206,0.3100474279226877,TERT
GO_Biological_Process_2023,Intracellular Calcium Ion Homeostasis (GO:0006874),2/139,0.6947723732034566,0.8630764206501174,0,0,0.8307122640505629,0.3025213222536194,CASR;CCL19
GO_Biological_Process_2023,Regulation Of Canonical Wnt Signaling Pathway (GO:0060828),3/207,0.6959480288006352,0.863506433827725,0,0,0.8363863089095287,0.3031735540631379,DKK4;WNT3A;LGR6
GO_Biological_Process_2023,Regulation Of Heart Contraction (GO:0008016),1/69,0.6996167509242146,0.8653809641911755,0,0,0.8373375512995896,0.2991158909151732,ATP1A2
GO_Biological_Process_2023,Phagocytosis (GO:0006909),1/69,0.6996167509242146,0.8653809641911755,0,0,0.8373375512995896,0.2991158909151732,TAFA4
GO_Biological_Process_2023,Positive Regulation Of Cellular Process (GO:0048522),9/594,0.6999527107098653,0.8653809641911755,0,0,0.8731684981684982,0.3114963150093973,REG3A;TCL1A;WNT3A;ADRA1D;CCL19;CGA;PRODH;HOXC10;MAGEA4
GO_Biological_Process_2023,Sensory Organ Development (GO:0007423),1/70,0.7048162761137011,0.8663927591005293,0,0,0.8251600943714189,0.2886559458069402,PAX6
GO_Biological_Process_2023,Sulfur Compound Biosynthetic Process (GO:0044272),1/70,0.7048162761137011,0.8663927591005293,0,0,0.8251600943714189,0.2886559458069402,NDST3
GO_Biological_Process_2023,Positive Regulation Of Protein Polymerization (GO:0032273),1/70,0.7048162761137011,0.8663927591005293,0,0,0.8251600943714189,0.2886559458069402,LMOD2
GO_Biological_Process_2023,Regulation Of Actin Filament Polymerization (GO:0030833),1/70,0.7048162761137011,0.8663927591005293,0,0,0.8251600943714189,0.2886559458069402,LMOD2
GO_Biological_Process_2023,Cell-Cell Junction Assembly (GO:0007043),1/71,0.7099260552475999,0.8663927591005293,0,0,0.8133305647840532,0.2786425471964164,CDH22
GO_Biological_Process_2023,Positive Regulation Of Cell-Substrate Adhesion (GO:0010811),1/71,0.7099260552475999,0.8663927591005293,0,0,0.8133305647840532,0.2786425471964164,CCL25
GO_Biological_Process_2023,Synapse Assembly (GO:0007416),1/71,0.7099260552475999,0.8663927591005293,0,0,0.8133305647840532,0.2786425471964164,WNT3A
GO_Biological_Process_2023,Kidney Development (GO:0001822),1/71,0.7099260552475999,0.8663927591005293,0,0,0.8133305647840532,0.2786425471964164,MME
GO_Biological_Process_2023,Lipid Biosynthetic Process (GO:0008610),1/71,0.7099260552475999,0.8663927591005293,0,0,0.8133305647840532,0.2786425471964164,ACSM1
GO_Biological_Process_2023,Protein Autoubiquitination (GO:0051865),1/71,0.7099260552475999,0.8663927591005293,0,0,0.8133305647840532,0.2786425471964164,ASB4
GO_Biological_Process_2023,Myeloid Leukocyte Differentiation (GO:0002573),1/71,0.7099260552475999,0.8663927591005293,0,0,0.8133305647840532,0.2786425471964164,CCL19
GO_Biological_Process_2023,Response To Ionizing Radiation (GO:0010212),1/72,0.7149476329523529,0.8704801004718121,0,0,0.801834261382247,0.2690522627094899,SLC6A2
GO_Biological_Process_2023,Positive Regulation Of Protein Localization To Nucleus (GO:1900182),1/72,0.7149476329523529,0.8704801004718121,0,0,0.801834261382247,0.2690522627094899,TERT
GO_Biological_Process_2023,Positive Regulation Of Protein Kinase Activity (GO:0045860),2/145,0.7167459772879188,0.8716501896690695,0,0,0.7956125507145916,0.2649658604854039,TCL1A;CCL19
GO_Biological_Process_2023,Positive Regulation Of Secretion By Cell (GO:1903532),1/73,0.7198825272650539,0.8718695789857572,0,0,0.790657299741602,0.2598631500091284,KCNB1
GO_Biological_Process_2023,Protein Tetramerization (GO:0051262),1/73,0.7198825272650539,0.8718695789857572,0,0,0.790657299741602,0.2598631500091284,MS4A1
GO_Biological_Process_2023,Regulation Of Rho Protein Signal Transduction (GO:0035023),1/73,0.7198825272650539,0.8718695789857572,0,0,0.790657299741602,0.2598631500091284,SLC6A2
GO_Biological_Process_2023,Neuron Projection Morphogenesis (GO:0048812),2/146,0.7202765013715189,0.8718695789857572,0,0,0.7900469711694201,0.2592302998831424,CCK;CTNNA2
GO_Biological_Process_2023,Positive Regulation Of Cell Differentiation (GO:0045597),4/283,0.7223501705953074,0.8733641435420616,0,0,0.8146396325376555,0.2649576765164848,TMEM100;PCP4;ASB4;ALOX15B
GO_Biological_Process_2023,Negative Regulation Of Neuron Apoptotic Process (GO:0043524),1/74,0.724732230338733,0.8733989148684321,0,0,0.7797865562280981,0.2510546443852049,MT3
GO_Biological_Process_2023,Positive Regulation Of Lymphocyte Proliferation (GO:0050671),1/74,0.724732230338733,0.8733989148684321,0,0,0.7797865562280981,0.2510546443852049,CCL19
GO_Biological_Process_2023,Transmembrane Receptor Protein Tyrosine Kinase Signaling Pathway (GO:0007169),4/284,0.724895929343252,0.8733989148684321,0,0,0.8116883116883117,0.2611421916920314,BLK;SHC4;NR4A3;PDK4
GO_Biological_Process_2023,Defense Response To Symbiont (GO:0140546),2/148,0.7272265753505247,0.8751940635143308,0,0,0.7791445345261392,0.2481709293190192,IFI6;IFI44L
GO_Biological_Process_2023,Negative Regulation Of Phosphorylation (GO:0042326),1/75,0.7294982085427186,0.875902693302157,0,0,0.7692096165933375,0.2426074567660794,SH3GL2
GO_Biological_Process_2023,Positive Regulation Of Neurogenesis (GO:0050769),1/75,0.7294982085427186,0.875902693302157,0,0,0.7692096165933375,0.2426074567660794,MME
GO_Biological_Process_2023,Wnt Signaling Pathway (GO:0016055),1/76,0.7341819033388105,0.8799484039613715,0,0,0.7589147286821706,0.2345034796707611,WNT3A
GO_Biological_Process_2023,Positive Regulation Of Cell Motility (GO:2000147),3/221,0.7372130992692151,0.8799484039613715,0,0,0.7821100917431193,0.238448382978907,CCL19;CGA;LGR6
GO_Biological_Process_2023,Positive Regulation Of JNK Cascade (GO:0046330),1/77,0.7387847310876453,0.8799484039613715,0,0,0.748890758873929,0.2267257022309913,CCL19
GO_Biological_Process_2023,Chloride Transport (GO:0006821),1/77,0.7387847310876453,0.8799484039613715,0,0,0.748890758873929,0.2267257022309913,ANO2
GO_Biological_Process_2023,Positive Regulation Of Response To Stimulus (GO:0048584),1/77,0.7387847310876453,0.8799484039613715,0,0,0.748890758873929,0.2267257022309913,REG3A
GO_Biological_Process_2023,Positive Regulation Of Synaptic Transmission (GO:0050806),1/77,0.7387847310876453,0.8799484039613715,0,0,0.748890758873929,0.2267257022309913,ADRA1D
GO_Biological_Process_2023,Monoatomic Cation Homeostasis (GO:0055080),1/77,0.7387847310876453,0.8799484039613715,0,0,0.748890758873929,0.2267257022309913,MT3
GO_Biological_Process_2023,Negative Regulation Of Protein Modification Process (GO:0031400),1/78,0.7433080840130992,0.8833147436731008,0,0,0.7391271519178496,0.2192581311540297,SH3GL2
GO_Biological_Process_2023,Positive Regulation Of Tumor Necrosis Factor Production (GO:0032760),1/78,0.7433080840130992,0.8833147436731008,0,0,0.7391271519178496,0.2192581311540297,CCL19
GO_Biological_Process_2023,Regulation Of Neuron Differentiation (GO:0045664),1/79,0.7477533306355608,0.883554162533052,0,0,0.72961389385808,0.212085718753841,PCP4
GO_Biological_Process_2023,Cellular Response To UV (GO:0034644),1/79,0.7477533306355608,0.883554162533052,0,0,0.72961389385808,0.212085718753841,MME
GO_Biological_Process_2023,Response To Insulin (GO:0032868),1/79,0.7477533306355608,0.883554162533052,0,0,0.72961389385808,0.212085718753841,GCK
GO_Biological_Process_2023,Positive Regulation Of Cytoskeleton Organization (GO:0051495),1/79,0.7477533306355608,0.883554162533052,0,0,0.72961389385808,0.212085718753841,LMOD2
GO_Biological_Process_2023,Positive Regulation Of Protein Localization To Membrane (GO:1905477),1/79,0.7477533306355608,0.883554162533052,0,0,0.72961389385808,0.212085718753841,KCNB1
GO_Biological_Process_2023,Regulation Of Cell Growth (GO:0001558),3/227,0.7534934272393166,0.8893272763674928,0,0,0.7609257518796992,0.2153686079531643,SLC6A2;MT3;PAPPA2
GO_Biological_Process_2023,Apoptotic Process (GO:0006915),3/228,0.7561267245615395,0.8907555090836391,0,0,0.757504873294347,0.2117576783261663,IFI6;ADRA1D;ALOX15B
GO_Biological_Process_2023,Activation Of Protein Kinase Activity (GO:0032147),1/81,0.7564148607396128,0.8907555090836391,0,0,0.7113008720930233,0.1985705183058128,MT3
GO_Biological_Process_2023,Positive Regulation Of Tumor Necrosis Factor Superfamily Cytokine Production (GO:1903557),1/82,0.7606337650991946,0.8937017488355096,0,0,0.7024834912431812,0.192201795609848,CCL19
GO_Biological_Process_2023,Negative Regulation Of Apoptotic Signaling Pathway (GO:2001234),1/82,0.7606337650991946,0.8937017488355096,0,0,0.7024834912431812,0.192201795609848,ASAH2
GO_Biological_Process_2023,Negative Regulation Of Multicellular Organismal Process (GO:0051241),3/231,0.7638910986724449,0.8955408068855918,0,0,0.7474222837796245,0.2013032743198842,CRHBP;REG3A;HOXC10
GO_Biological_Process_2023,Calcium Ion Transmembrane Import Into Cytosol (GO:0097553),1/83,0.7647798053038339,0.8955408068855918,0,0,0.6938811684628474,0.1860762552828348,CCL19
GO_Biological_Process_2023,Regulation Of NIK/NF-kappaB Signaling (GO:1901222),1/83,0.7647798053038339,0.8955408068855918,0,0,0.6938811684628474,0.1860762552828348,CCL19
GO_Biological_Process_2023,Regulation Of Cysteine-Type Endopeptidase Activity Involved In Apoptotic Process (GO:0043281),1/84,0.7688542364665752,0.8982909766124633,0,0,0.6854861305687868,0.1801826869822489,IFI6
GO_Biological_Process_2023,Regulation Of Interleukin-1 Beta Production (GO:0032651),1/84,0.7688542364665752,0.8982909766124633,0,0,0.6854861305687868,0.1801826869822489,CCL19
GO_Biological_Process_2023,Calcium-Mediated Signaling (GO:0019722),1/85,0.7728582915322041,0.8999390173210565,0,0,0.6772909745293466,0.1745105012127742,GPR143
GO_Biological_Process_2023,Cellular Respiration (GO:0045333),1/85,0.7728582915322041,0.8999390173210565,0,0,0.6772909745293466,0.1745105012127742,NR4A3
GO_Biological_Process_2023,Epidermis Development (GO:0008544),1/85,0.7728582915322041,0.8999390173210565,0,0,0.6772909745293466,0.1745105012127742,KRT85
GO_Biological_Process_2023,Adenylate Cyclase-Modulating G Protein-Coupled Receptor Signaling Pathway (GO:0007188),2/163,0.7748157236813772,0.9012102439690656,0,0,0.7060101769190373,0.1801244144185532,GABBR2;ADRA1D
GO_Biological_Process_2023,Exocytosis (GO:0006887),1/86,0.7767931829022858,0.9025019011174996,0,0,0.6692886456908345,0.1690496877228318,CRHBP
GO_Biological_Process_2023,Regulation Of Type II Interferon Production (GO:0032649),1/87,0.7806601016756828,0.9059834624798055,0,0,0.6614724175229854,0.1637907790795158,LGALS9C
GO_Biological_Process_2023,Negative Regulation Of Neuron Death (GO:1901215),1/88,0.7844602187171377,0.9083682844099448,0,0,0.6538358727612937,0.1587248154075108,MT3
GO_Biological_Process_2023,Positive Regulation Of Plasma Membrane Bounded Cell Projection Assembly (GO:0120034),1/88,0.7844602187171377,0.9083682844099448,0,0,0.6538358727612937,0.1587248154075108,CCL19
GO_Biological_Process_2023,Cellular Response To Chemical Stress (GO:0062197),1/89,0.78819468475636,0.9106666668494682,0,0,0.6463728858350951,0.1538433125329288,MT3
GO_Biological_Process_2023,Regulation Of Vesicle-Mediated Transport (GO:0060627),1/89,0.78819468475636,0.9106666668494682,0,0,0.6463728858350951,0.1538433125329288,RAB3C
GO_Biological_Process_2023,Regulation Of Epithelial Cell Proliferation (GO:0050678),1/91,0.7954711680930044,0.9170381904593772,0,0,0.6319444444444444,0.144601954729544,NR4A3
GO_Biological_Process_2023,Positive Regulation Of MAP Kinase Activity (GO:0043406),1/91,0.7954711680930044,0.9170381904593772,0,0,0.6319444444444444,0.144601954729544,CCL19
GO_Biological_Process_2023,Supramolecular Fiber Organization (GO:0097435),4/316,0.7973987782360072,0.9182435045837208,0,0,0.7272351304609369,0.1646463071372274,SPTA1;KRT12;KRT85;LMOD2
GO_Biological_Process_2023,Positive Regulation Of Cellular Component Biogenesis (GO:0044089),1/93,0.802498368088373,0.9220759394922696,0,0,0.6181433265925177,0.1360072682432214,TCL1A
GO_Biological_Process_2023,Positive Regulation Of Protein Kinase B Signaling (GO:0051897),1/93,0.802498368088373,0.9220759394922696,0,0,0.6181433265925177,0.1360072682432214,CCL19
GO_Biological_Process_2023,"Regulation Of mRNA Splicing, Via Spliceosome (GO:0048024)",1/94,0.8059211597367523,0.924987791936008,0,0,0.6114653663415854,0.1319354895125355,NR5A1
GO_Biological_Process_2023,Cell Junction Assembly (GO:0034329),1/95,0.8092848010652737,0.9276699138829796,0,0,0.6049294903513113,0.1280057315665375,CDH22
GO_Biological_Process_2023,Extracellular Matrix Organization (GO:0030198),2/176,0.8100402994424866,0.9276699138829796,0,0,0.6528266479005396,0.1375318256325893,CMA1;KLK4
GO_Biological_Process_2023,Positive Regulation Of Supramolecular Fiber Organization (GO:1902905),1/96,0.8125903116178284,0.92956759823534,0,0,0.598531211750306,0.1242121159085459,LMOD2
GO_Biological_Process_2023,MAPK Cascade (GO:0000165),1/98,0.8190309298334922,0.9347888206414036,0,0,0.586130424358667,0.1170112273220717,MT3
GO_Biological_Process_2023,Positive Regulation Of Protein-Containing Complex Assembly (GO:0031334),1/98,0.8190309298334922,0.9347888206414036,0,0,0.586130424358667,0.1170112273220717,TCL1A
GO_Biological_Process_2023,"RNA Splicing, Via Transesterification Reactions With Bulged Adenosine As Nucleophile (GO:0000377)",2/180,0.8198484084972154,0.9347888206414036,0,0,0.6380253546041209,0.1267346917258592,NR5A1;RBMXL2
GO_Biological_Process_2023,Protein Complex Oligomerization (GO:0051259),1/100,0.8252508234001115,0.9399191544414836,0,0,0.5742306788818416,0.1102912866326305,MS4A1
GO_Biological_Process_2023,Hemopoiesis (GO:0030097),1/101,0.8282803658856253,0.942338645778072,0,0,0.5684593023255814,0.1070997652372564,TNFRSF13B
GO_Biological_Process_2023,Regulation Of Protein Secretion (GO:0050708),1/102,0.8312575356737821,0.9436631348270526,0,0,0.5628022104536035,0.1040146403521126,GCK
GO_Biological_Process_2023,Regulation Of RNA Splicing (GO:0043484),1/102,0.8312575356737821,0.9436631348270526,0,0,0.5628022104536035,0.1040146403521126,NR5A1
GO_Biological_Process_2023,Negative Regulation Of Macromolecule Metabolic Process (GO:0010605),2/186,0.8337119545402838,0.943721484036451,0,0,0.6170300418303968,0.1122175966915678,TERT;SH3GL2
GO_Biological_Process_2023,Positive Regulation Of Kinase Activity (GO:0033674),1/104,0.8370583525044977,0.943721484036451,0,0,0.5518175660419959,0.0981470970807544,CCL19
GO_Biological_Process_2023,Regulation Of Protein Phosphorylation (GO:0001932),3/265,0.8385252520601976,0.943721484036451,0,0,0.6492902102584706,0.1143468770867852,WNT3A;MT3;SH3GL2
GO_Biological_Process_2023,Positive Regulation Of Gene Expression (GO:0010628),6/480,0.8386770092502542,0.943721484036451,0,0,0.7162167208095291,0.126003733904977,NR5A1;WNT3A;SLC22A2;PAX6;MT3;LGALS9C
GO_Biological_Process_2023,Cellular Response To Organonitrogen Compound (GO:0071417),1/105,0.8398837590045385,0.943721484036451,0,0,0.5464836762075134,0.0953569087782664,CRHBP
GO_Biological_Process_2023,Positive Regulation Of Stress-Activated MAPK Cascade (GO:0032874),1/105,0.8398837590045385,0.943721484036451,0,0,0.5464836762075134,0.0953569087782664,CCL19
GO_Biological_Process_2023,Negative Regulation Of MAPK Cascade (GO:0043409),1/105,0.8398837590045385,0.943721484036451,0,0,0.5464836762075134,0.0953569087782664,DUSP13
GO_Biological_Process_2023,Defense Response To Virus (GO:0051607),2/189,0.8402770706636772,0.943721484036451,0,0,0.6070376202429023,0.1056388692807599,IFI6;IFI44L
GO_Biological_Process_2023,Endocytosis (GO:0006897),2/189,0.8402770706636772,0.943721484036451,0,0,0.6070376202429023,0.1056388692807599,TAFA4;SCARA5
GO_Biological_Process_2023,Positive Regulation Of Signal Transduction (GO:0009967),3/266,0.8403744627298655,0.943721484036451,0,0,0.6467880728437062,0.1124814245284338,TERT;LGR6;MT3
GO_Biological_Process_2023,Negative Regulation Of Apoptotic Process (GO:0043066),6/482,0.8414889566685354,0.9439547455732168,0,0,0.7131330408269503,0.1230742037366206,TCL1A;ASAH2;PDK4;IFI6;MT3;MAGEA4
GO_Biological_Process_2023,Regulation Of Cellular Response To Stress (GO:0080135),1/107,0.8453888534033898,0.9462901036483105,0,0,0.5361178148310662,0.090045584711629,CRHBP
GO_Biological_Process_2023,Positive Regulation Of T Cell Activation (GO:0050870),1/107,0.8453888534033898,0.9462901036483105,0,0,0.5361178148310662,0.090045584711629,CCL19
GO_Biological_Process_2023,Regulation Of Cell Differentiation (GO:0045595),2/193,0.848665916848128,0.9480039454621328,0,0,0.5942026773312167,0.0975025224596598,OR10J5;ALOX15B
GO_Biological_Process_2023,Cell-Matrix Adhesion (GO:0007160),1/109,0.8507051996291612,0.9480039454621328,0,0,0.5261358742463393,0.0850707131749524,ACTN2
GO_Biological_Process_2023,Positive Regulation Of Cysteine-Type Endopeptidase Activity Involved In Apoptotic Process (GO:0043280),1/109,0.8507051996291612,0.9480039454621328,0,0,0.5261358742463393,0.0850707131749524,SLC22A2
GO_Biological_Process_2023,Regulation Of Programmed Cell Death (GO:0043067),2/195,0.8527086293852376,0.9480039454621328,0,0,0.5879847127600115,0.093687939620889,ACTN2;GLS2
GO_Biological_Process_2023,Adenylate Cyclase-Activating G Protein-Coupled Receptor Signaling Pathway (GO:0007189),1/110,0.8532946175773471,0.9480039454621328,0,0,0.5212822701088116,0.0827016413081178,ADRA1D
GO_Biological_Process_2023,Response To Lipid (GO:0033993),1/110,0.8532946175773471,0.9480039454621328,0,0,0.5212822701088116,0.0827016413081178,RXRG
GO_Biological_Process_2023,Regulation Of JNK Cascade (GO:0046328),1/110,0.8532946175773471,0.9480039454621328,0,0,0.5212822701088116,0.0827016413081178,CCL19
GO_Biological_Process_2023,T Cell Activation (GO:0042110),1/111,0.8558392509833228,0.9498173350465235,0,0,0.5165169133192389,0.0804075883714022,CCL19
GO_Biological_Process_2023,Regulation Of Protein Serine/Threonine Kinase Activity (GO:0071900),1/112,0.8583398723802569,0.9515780693800292,0,0,0.511837418814163,0.0781857946612608,TCL1A
GO_Biological_Process_2023,Negative Regulation Of Canonical Wnt Signaling Pathway (GO:0090090),1/114,0.8632121020379445,0.9559614874696812,0,0,0.502726898538794,0.073948535301687,DKK4
GO_Biological_Process_2023,Endoplasmic Reticulum To Golgi Vesicle-Mediated Transport (GO:0006888),1/115,0.8655851894484685,0.9575708631411856,0,0,0.4982915136678906,0.0719281214807726,TMED6
GO_Biological_Process_2023,Central Nervous System Development (GO:0007417),3/283,0.8691184679640515,0.9575977569102896,0,0,0.6069862155388471,0.0851454989692467,ADAM23;PAX6;SH3GL2
GO_Biological_Process_2023,Defense Response To Bacterium (GO:0042742),2/204,0.8697107396631826,0.9575977569102896,0,0,0.5615275813295615,0.0783862213413408,DEFB132;GALP
GO_Biological_Process_2023,Regulation Of MAPK Cascade (GO:0043408),2/204,0.8697107396631826,0.9575977569102896,0,0,0.5615275813295615,0.0783862213413408,ADRA1D;DUSP13
GO_Biological_Process_2023,Cellular Response To Oxidative Stress (GO:0034599),1/117,0.8702089126197252,0.9575977569102896,0,0,0.4896501603849238,0.0680721282975626,MT3
GO_Biological_Process_2023,Positive Regulation Of Protein Serine/Threonine Kinase Activity (GO:0071902),1/117,0.8702089126197252,0.9575977569102896,0,0,0.4896501603849238,0.0680721282975626,TCL1A
GO_Biological_Process_2023,Regulation Of Small GTPase Mediated Signal Transduction (GO:0051056),1/118,0.8724609525397695,0.9590621452945092,0,0,0.4854402703239912,0.0662321983591578,SLC6A2
GO_Biological_Process_2023,Regulation Of Protein Kinase Activity (GO:0045859),1/119,0.8746740272826833,0.9594685589054512,0,0,0.481301734331888,0.0644482285329055,CCL19
GO_Biological_Process_2023,Regulation Of Protein-Containing Complex Assembly (GO:0043254),1/119,0.8746740272826833,0.9594685589054512,0,0,0.481301734331888,0.0644482285329055,TCL1A
GO_Biological_Process_2023,Fatty Acid Metabolic Process (GO:0006631),1/122,0.8810861258616317,0.9642280598253532,0,0,0.4692965596771093,0.0594128968763242,ACSM1
GO_Biological_Process_2023,"mRNA Splicing, Via Spliceosome (GO:0000398)",2/211,0.8816693753891695,0.9642280598253532,0,0,0.5425251440289034,0.0683246135574884,NR5A1;RBMXL2
GO_Biological_Process_2023,Regulation Of Cell Motility (GO:2000145),1/123,0.8831499480692131,0.9642280598253532,0,0,0.4654260388867708,0.0578339681345787,CCL19
GO_Biological_Process_2023,Neuron Projection Guidance (GO:0097485),1/124,0.8851780527678899,0.9642280598253532,0,0,0.4616184533938363,0.0563019707738974,LGR6
GO_Biological_Process_2023,Positive Regulation Of Defense Response (GO:0031349),1/124,0.8851780527678899,0.9642280598253532,0,0,0.4616184533938363,0.0563019707738974,GRPR
GO_Biological_Process_2023,mRNA Processing (GO:0006397),2/214,0.8864778428170459,0.9642280598253532,0,0,0.5347653886352385,0.0644387735940883,NR5A1;RBMXL2
GO_Biological_Process_2023,Regulation Of Mitotic Cell Cycle (GO:0007346),1/125,0.8871710562927033,0.9642280598253532,0,0,0.4578722805701425,0.0548153097006328,ASAH2
GO_Biological_Process_2023,Negative Regulation Of Cell Growth (GO:0030308),1/125,0.8871710562927033,0.9642280598253532,0,0,0.4578722805701425,0.0548153097006328,MT3
GO_Biological_Process_2023,Cellular Response To Starvation (GO:0009267),1/126,0.8891295643993729,0.9642280598253532,0,0,0.4541860465116279,0.0533724525653879,PDK4
GO_Biological_Process_2023,Positive Regulation Of Intracellular Protein Transport (GO:0090316),1/126,0.8891295643993729,0.9642280598253532,0,0,0.4541860465116279,0.0533724525653879,KCNB1
GO_Biological_Process_2023,Regulation Of Cell Cycle (GO:0051726),3/298,0.8905942110001299,0.9642280598253532,0,0,0.5756764793339281,0.0667015532967643,ASAH2;ALOX15B;MAGEA4
GO_Biological_Process_2023,Regulation Of Tumor Necrosis Factor Production (GO:0032680),1/127,0.8910541724802975,0.9642280598253532,0,0,0.4505583241048357,0.0519719268887489,CCL19
GO_Biological_Process_2023,Regulation Of Anatomical Structure Morphogenesis (GO:0022603),1/127,0.8910541724802975,0.9642280598253532,0,0,0.4505583241048357,0.0519719268887489,OR10J5
GO_Biological_Process_2023,Positive Regulation Of Protein Phosphorylation (GO:0001934),4/377,0.8927135244119665,0.9650205388503188,0,0,0.6063855715330246,0.0688184261878131,TCL1A;WNT3A;CCL19;MT3
GO_Biological_Process_2023,Protein Homooligomerization (GO:0051260),1/129,0.894804018849659,0.9659781817949156,0,0,0.4434729287790697,0.0492922635084435,SCARA5
GO_Biological_Process_2023,Golgi Organization (GO:0007030),1/130,0.8966303974134622,0.9659781817949156,0,0,0.4400126194339283,0.0480104566615648,TMED6
GO_Biological_Process_2023,Transmembrane Receptor Protein Serine/Threonine Kinase Signaling Pathway (GO:0007178),1/130,0.8966303974134622,0.9659781817949156,0,0,0.4400126194339283,0.0480104566615648,TMEM100
GO_Biological_Process_2023,Negative Regulation Of Programmed Cell Death (GO:0043069),4/381,0.8973111448565643,0.9659781817949156,0,0,0.5998273139541215,0.0649928516091944,TCL1A;IFI6;MT3;MAGEA4
GO_Biological_Process_2023,Synapse Organization (GO:0050808),1/131,0.8984251565319706,0.966178293336551,0,0,0.4366055456171735,0.0467656383938888,HMCN2
GO_Biological_Process_2023,Plasma Membrane Bounded Cell Projection Organization (GO:0120036),1/132,0.900188842058322,0.9670759386818504,0,0,0.4332504881945677,0.0455565978099978,SH3GL2
GO_Biological_Process_2023,Negative Regulation Of Cell Motility (GO:2000146),1/133,0.901921990684046,0.9676725736566282,0,0,0.4299462649753347,0.0443821695014765,ALOX15B
GO_Biological_Process_2023,Positive Regulation Of Protein Modification Process (GO:0031401),2/225,0.9026033323924938,0.9676725736566282,0,0,0.5080992038070834,0.052065992220969,WNT3A;MT3
GO_Biological_Process_2023,Positive Regulation Of Multicellular Organismal Process (GO:0051240),4/387,0.9038834747097532,0.9680480423589024,0,0,0.590246778404784,0.0596472858166899,TERT;CRH;ADRA1D;GRPR
GO_Biological_Process_2023,Non-Membrane-Bounded Organelle Assembly (GO:0140694),1/135,0.9052987763232055,0.9685673444526794,0,0,0.4234857688302673,0.0421327050897107,LMOD2
GO_Biological_Process_2023,Regulation Of Protein Kinase B Signaling (GO:0051896),1/136,0.9069434408971326,0.9693307207124384,0,0,0.4203273040482342,0.0410555489694034,CCL19
GO_Biological_Process_2023,Negative Regulation Of Cellular Biosynthetic Process (GO:0031327),1/137,0.9085596233650074,0.969395442633868,0,0,0.4172152872777018,0.040008761902626,GCK
GO_Biological_Process_2023,Protein Transport (GO:0015031),3/313,0.9088664284444332,0.969395442633868,0,0,0.5473967176004527,0.0523076642359201,RAB3C;ZG16;TMED6
GO_Biological_Process_2023,Positive Regulation Of Phosphorylation (GO:0042327),2/231,0.9104738215702762,0.9701159142831705,0,0,0.4946337861407819,0.0463917680618316,WNT3A;MT3
GO_Biological_Process_2023,Detection Of Chemical Stimulus Involved In Sensory Perception Of Smell (GO:0050911),1/139,0.9117085011589916,0.9704381898839572,0,0,0.4111265588136164,0.0380024694532435,OR10J5
GO_Biological_Process_2023,Negative Regulation Of Wnt Signaling Pathway (GO:0030178),1/140,0.9132421548657657,0.9710777152352013,0,0,0.4081479002844236,0.0370411376782476,DKK4
GO_Biological_Process_2023,Detection Of Chemical Stimulus Involved In Sensory Perception (GO:0050907),1/141,0.914749243653073,0.9714698190791842,0,0,0.4052117940199335,0.0361065192467741,OR10J5
GO_Biological_Process_2023,Regulation Of Cell Population Proliferation (GO:0042127),9/766,0.9156980422253332,0.9714698190791842,0,0,0.6686874882053218,0.0588903822109001,REG3A;TCL1A;NR4A3;WNT3A;AMBN;ADRA1D;CGA;ALOX15B;HOXC10
GO_Biological_Process_2023,Positive Regulation Of Cytokine Production (GO:0001819),3/320,0.916410530581901,0.9714698190791842,0,0,0.5351153910011622,0.0467106704889337,CXCL17;CCL19;ALOX15B
GO_Biological_Process_2023,Regulation Of Cold-Induced Thermogenesis (GO:0120161),1/146,0.921901998805045,0.9759409537715462,0,0,0.3911387329591018,0.0318059752982632,HOXC10
GO_Biological_Process_2023,Dephosphorylation (GO:0016311),1/147,0.9232590615415596,0.9759409537715462,0,0,0.388439789741956,0.0310151344540063,DUSP13
GO_Biological_Process_2023,Negative Regulation Of Protein Phosphorylation (GO:0001933),1/149,0.9259030499043236,0.9759409537715462,0,0,0.3831513199245757,0.0294971907871165,SH3GL2
GO_Biological_Process_2023,Axon Guidance (GO:0007411),1/149,0.9259030499043236,0.9759409537715462,0,0,0.3831513199245757,0.0294971907871165,LGR6
GO_Biological_Process_2023,Skeletal System Development (GO:0001501),1/149,0.9259030499043236,0.9759409537715462,0,0,0.3831513199245757,0.0294971907871165,SPP2
GO_Biological_Process_2023,Neuron Development (GO:0048666),1/150,0.927190781248856,0.9759409537715462,0,0,0.3805603246449196,0.0287688115013842,SH3GL2
GO_Biological_Process_2023,protein-RNA Complex Assembly (GO:0022618),1/150,0.927190781248856,0.9759409537715462,0,0,0.3805603246449196,0.0287688115013842,NR5A1
GO_Biological_Process_2023,Negative Regulation Of Gene Expression (GO:0010629),3/336,0.9315664043303202,0.9794029221700772,0,0,0.5089826668774037,0.0360806635063471,TDRD1;TERT;SH3GL2
GO_Biological_Process_2023,Cellular Response To Growth Factor Stimulus (GO:0071363),1/155,0.93330230431577,0.9794029221700772,0,0,0.3681100875868318,0.0254092101276177,TMEM100
GO_Biological_Process_2023,Positive Regulation Of Response To External Stimulus (GO:0032103),1/155,0.93330230431577,0.9794029221700772,0,0,0.3681100875868318,0.0254092101276177,CCL19
GO_Biological_Process_2023,Cellular Component Assembly (GO:0022607),2/260,0.9407949172076638,0.9855029258690636,0,0,0.4383800031640563,0.0267543773951665,WNT3A;TEX11
GO_Biological_Process_2023,Mitochondrion Organization (GO:0007005),1/162,0.9410085574580686,0.9855029258690636,0,0,0.3519789108767875,0.0214013897097751,TERT
GO_Biological_Process_2023,Negative Regulation Of Cell Migration (GO:0030336),1/163,0.9420344332126004,0.9855857738435344,0,0,0.3497882572494976,0.0208870642288344,ALOX15B
GO_Biological_Process_2023,Regulation Of Cell Migration (GO:0030334),4/434,0.9437253062667188,0.9863634978149136,0,0,0.5244492941417173,0.030376178798091,CTNNA2;CGA;LGR6;ALOX15B
GO_Biological_Process_2023,Brain Development (GO:0007420),1/169,0.947826677813675,0.989656541227719,0,0,0.3371919988925803,0.0180679688639564,CTNNA2
GO_Biological_Process_2023,Positive Regulation Of Cell Migration (GO:0030335),2/272,0.9502438517193578,0.9911862220840196,0,0,0.4186372961883166,0.0213658415226231,CGA;LGR6
GO_Biological_Process_2023,Positive Regulation Of Cellular Biosynthetic Process (GO:0031328),1/174,0.952210039021826,0.9921163193163032,0,0,0.3273625487296679,0.0160308259320175,GCK
GO_Biological_Process_2023,Positive Regulation Of I-kappaB kinase/NF-kappaB Signaling (GO:0043123),1/175,0.9530416131760838,0.9921163193163032,0,0,0.3254644480085538,0.0156537694409546,CCL19
GO_Biological_Process_2023,Negative Regulation Of Cytokine Production (GO:0001818),1/178,0.9554507531677509,0.9936306034441844,0,0,0.3198988306398633,0.01457844774709,LGALS9C
GO_Biological_Process_2023,Endosomal Transport (GO:0016197),1/180,0.9569879711777578,0.9942360059840778,0,0,0.3162920618422762,0.0139056087239712,CALY
GO_Biological_Process_2023,Macromolecule Biosynthetic Process (GO:0009059),1/183,0.9591951844495356,0.9955355802711532,0,0,0.3110305392282136,0.0129577486368368,TERT
GO_Biological_Process_2023,Regulation Of Apoptotic Process (GO:0042981),7/705,0.9618673550393176,0.9973146579640734,0,0,0.562465031111714,0.0218679218031164,TCL1A;ACTN2;GLS2;IFI6;SLC6A2;MT3;MAGEA4
GO_Biological_Process_2023,Neuron Projection Development (GO:0031175),1/192,0.965161825334721,0.997385992798982,0,0,0.2962376719834408,0.0105044388572613,SH3GL2
GO_Biological_Process_2023,Transcription By RNA Polymerase II (GO:0006366),1/192,0.965161825334721,0.997385992798982,0,0,0.2962376719834408,0.0105044388572613,PAX5
GO_Biological_Process_2023,Regulation Of Intracellular Signal Transduction (GO:1902531),2/297,0.9655219657958728,0.997385992798982,0,0,0.3826654148342145,0.0134263620196019,GPR143;SLC6A2
GO_Biological_Process_2023,Regulation Of Signal Transduction (GO:0009966),1/193,0.9657685693961324,0.997385992798982,0,0,0.2946796269379845,0.0102640007217476,FRRS1L
GO_Biological_Process_2023,Endomembrane System Organization (GO:0010256),1/196,0.9675263017929548,0.9978056912527464,0,0,0.2901013714967203,0.0095770205919602,TMED6
GO_Biological_Process_2023,Golgi Vesicle Transport (GO:0048193),1/197,0.9680919771040094,0.9978056912527464,0,0,0.2886064309444708,0.0093589808733517,TMED6
GO_Biological_Process_2023,DNA-templated Transcription (GO:0006351),1/199,0.9691940185498809,0.9979534849756933,0,0,0.2856618510688278,0.0089384911792135,PAX5
GO_Biological_Process_2023,Regulation Of Angiogenesis (GO:0045765),1/205,0.9722775596185924,0.9999951428210824,0,0,0.2771745326037391,0.0077924737563592,OR10J5
GO_Biological_Process_2023,Protein Stabilization (GO:0050821),1/208,0.9737018875122097,0.9999951428210824,0,0,0.2731153802943489,0.0072785501492972,MT3
GO_Biological_Process_2023,Protein-Containing Complex Assembly (GO:0065003),2/328,0.9782884128358132,0.9999951428210824,0,0,0.3457225133699404,0.0075888690729249,CALY;WNT3A
GO_Biological_Process_2023,Nervous System Development (GO:0007399),3/433,0.9809168360379246,0.9999951428210824,0,0,0.3921868625051,0.0075564986865869,ADAM23;PAX6;SH3GL2
GO_Biological_Process_2023,Sensory Perception Of Smell (GO:0007608),1/230,0.9821417913194348,0.9999951428210824,0,0,0.246597948613791,0.0044435941027864,OR10J5
GO_Biological_Process_2023,Negative Regulation Of Intracellular Signal Transduction (GO:1902532),1/231,0.9824533862781132,0.9999951428210824,0,0,0.2455131445904954,0.0043461670679299,DUSP13
GO_Biological_Process_2023,Regulation Of I-kappaB kinase/NF-kappaB Signaling (GO:0043122),1/232,0.9827595592227352,0.9999951428210824,0,0,0.2444377328098258,0.0042509647205266,CCL19
GO_Biological_Process_2023,Protein Localization (GO:0008104),2/351,0.984668329704604,0.9999951428210824,0,0,0.3225542365943512,0.0049835970171189,TMED6;AKAIN1
GO_Biological_Process_2023,Positive Regulation Of Programmed Cell Death (GO:0043068),1/245,0.9862870592825596,0.9999951428210824,0,0,0.2312595310712924,0.0031931926554033,SLC6A2
GO_Biological_Process_2023,Negative Regulation Of Cell Population Proliferation (GO:0008285),2/379,0.9900109685325722,0.9999951428210824,0,0,0.2981648892978942,0.0029933538295061,ADRA1D;ALOX15B
GO_Biological_Process_2023,Positive Regulation Of Apoptotic Process (GO:0043065),1/270,0.9911738557885492,0.9999951428210824,0,0,0.2094968444713408,0.0018572576835562,SLC6A2
GO_Biological_Process_2023,Plasma Membrane Bounded Cell Projection Assembly (GO:0120031),1/275,0.9919188596317974,0.9999951428210824,0,0,0.2056208623323714,0.0016684014607677,ACTN2
GO_Biological_Process_2023,Positive Regulation Of Transcription By RNA Polymerase II (GO:0045944),8/938,0.9925420886689948,0.9999951428210824,0,0,0.4779681567276092,0.0035780029927603,NR5A1;NR4A3;LMX1A;WNT3A;PAX6;CGA;RXRG;HOXC10
GO_Biological_Process_2023,DNA Metabolic Process (GO:0006259),1/288,0.9935752398101124,0.9999951428210824,0,0,0.1961753504578235,0.0012644458259249,TERT
GO_Biological_Process_2023,Vesicle-Mediated Transport (GO:0016192),2/411,0.9939137888315984,0.9999951428210824,0,0,0.2743803773692502,0.0016750394253222,CALY;SCARA5
GO_Biological_Process_2023,Organelle Organization (GO:0006996),2/418,0.994543058469208,0.9999951428210824,0,0,0.2696652836958959,0.0014755774275829,TERT;TMED6
GO_Biological_Process_2023,Phosphorylation (GO:0016310),2/429,0.9954054286487832,0.9999951428210824,0,0,0.2625681922149924,0.0012091682305853,PDK4;GCK
GO_Biological_Process_2023,Negative Regulation Of Cellular Process (GO:0048523),3/537,0.9955804611129124,0.9999951428210824,0,0,0.3140975096918326,0.0013912427536812,ADRA1D;ALOX15B;MT3
GO_Biological_Process_2023,Intracellular Protein Transport (GO:0006886),1/325,0.996657750366248,0.9999951428210824,0,0,0.1734406402526557,0.0005806528010948501,TMED6
GO_Biological_Process_2023,Positive Regulation Of Nucleic Acid-Templated Transcription (GO:1903508),3/557,0.9966925462968068,0.9999951428210824,0,0,0.3024415732471974,0.0010019694000504,WNT3A;PAX6;MT3
GO_Biological_Process_2023,Positive Regulation Of DNA-templated Transcription (GO:0045893),10/1243,0.9984529797509348,0.9999951428210824,0,0,0.4459938749076999,0.0006904957987512077,NR5A1;NR4A3;TERT;LMX1A;WNT3A;PAX6;CGA;RXRG;MT3;HOXC10
GO_Biological_Process_2023,Protein Phosphorylation (GO:0006468),2/500,0.998506233537573,0.9999951428210824,0,0,0.224302457643987,0.0003353059854814665,BLK;PDK4
GO_Biological_Process_2023,Positive Regulation Of Intracellular Signal Transduction (GO:1902533),2/525,0.9989989529189914,0.9999951428210824,0,0,0.2133018189521096,0.00021363210898429317,ADRA1D;CCL19
GO_Biological_Process_2023,Regulation Of Gene Expression (GO:0010468),8/1127,0.9991737395721402,0.9999951428210824,0,0,0.3932294359896368,0.0003250442261186706,NR5A1;TERT;WNT3A;SLC22A2;PAX6;MT3;SH3GL2;LGALS9C
GO_Biological_Process_2023,Protein Ubiquitination (GO:0016567),1/434,0.9995140540769036,0.9999951428210824,0,0,0.1290482840109565,6.272572938858242e-05,ASB4
GO_Biological_Process_2023,Negative Regulation Of Transcription By RNA Polymerase II (GO:0000122),3/763,0.9998491578548356,0.9999951428210824,0,0,0.2180863342566943,3.289909183746674e-05,NR4A3;PAX6;MAGEA4
GO_Biological_Process_2023,Protein Modification Process (GO:0036211),1/711,0.999993067158925,0.9999951428210824,0,0,0.0775671470684572,5.377625673803198e-07,PDK4
GO_Biological_Process_2023,Negative Regulation Of DNA-templated Transcription (GO:0045892),3/1025,0.999993760681001,0.9999951428210824,0,0,0.1599289319188382,9.978507363708082e-07,NR4A3;PAX6;MAGEA4
GO_Biological_Process_2023,Regulation Of Transcription By RNA Polymerase II (GO:0006357),10/2028,0.999995031109231,0.9999951428210824,0,0,0.2608907888703164,1.296341053213712e-06,NR5A1;NR4A3;LMX1A;WNT3A;PAX6;PAX5;CGA;RXRG;HOXC10;MAGEA4
GO_Biological_Process_2023,Regulation Of DNA-templated Transcription (GO:0006355),8/1922,0.9999951428210824,0.9999951428210824,0,0,0.2200372702777286,1.0687629858983868e-06,NR5A1;NR4A3;LMX1A;WNT3A;PAX6;PAX5;MT3;HOXC10
