Name,Term,ES,NES,NOM p-val,FDR q-val,FWER p-val,Tag %,Gene %,Lead_genes
prerank,Fatty acid degradation,-0.8126774612352069,-3.5409039735588226,0.0,0.0,0.0,27/43,5.18%,ECI2;ACAA1;ECHS1;ADH4;ADH6;GCDH;ALDH2;EHHADH;ALDH7A1;ACSL6;ADH1B;ECI1;ADH5;ACSL5;ACADSB;HADH;ACADL;ADH1A;ACAT2;ALDH3A2;ACAT1;ADH7;ALDH1B1;ACSL1;ACAA2;ACOX1;CYP2U1
prerank,Peroxisome,-0.6833478767772525,-3.0798677100572602,0.0,0.0,0.0,42/82,4.12%,ECI2;ACAA1;ACOX2;PIPOX;DHRS4;CAT;PECR;DAO;EHHADH;HACL1;PEX11G;AMACR;MVK;ACSL6;MLYCD;HSD17B4;EPHX2;PEX11A;GSTK1;SOD1;SLC27A2;PEX16;ACSL5;PEX5;PXMP2;HAO1;PEX19;PAOX;ECH1;HMGCL;PMVK;AGXT;ACOT8;DECR2;SCP2;PXMP4;PEX14;PHYH;CRAT;ACSL1;NUDT7;ACOX1
prerank,"Valine, leucine and isoleucine degradation",-0.6245084927231174,-3.021668214275459,0.0,0.0,0.0,28/48,8.76%,ACAA1;ECHS1;HSD17B10;ALDH2;EHHADH;ALDH7A1;IVD;ACADSB;BCKDHB;HADH;ALDH6A1;ABAT;HIBCH;MCEE;HMGCL;ACAT2;HIBADH;ALDH3A2;HMGCS1;ACAT1;ALDH1B1;PCCB;ACAA2;HMGCS2;MMUT;ALDH9A1;MCCC2;AUH
prerank,"Glycine, serine and threonine metabolism",-0.7280718263775328,-2.9873743485139883,0.0,0.0,0.0,19/39,3.87%,SARDH;GCAT;PIPOX;GLYCTK;GRHPR;GCSH;ALAS1;DAO;DMGDH;ALDH7A1;BHMT;GATM;AGXT;GAMT;GNMT;CTH;SHMT1;PSAT1;MAOB
prerank,PPAR signaling pathway,-0.5929729905364431,-2.974139380537258,0.0,0.0,0.0,37/74,7.11%,CYP27A1;SLC27A5;ACAA1;ACOX2;CYP8B1;PCK2;APOA2;PLIN1;EHHADH;FABP4;APOA5;ACSL6;NR1H3;CD36;APOC3;SLC27A2;CYP7A1;ACSL5;ACADL;APOA1;RXRG;HMGCS1;AQP7;SCP2;SCD;DBI;RXRA;ACSL1;FABP1;PPARA;ACOX1;PCK1;RXRB;HMGCS2;PLIN5;PPARG;PLIN4
prerank,Glyoxylate and dicarboxylate metabolism,-0.6979626200454466,-2.90841251183484,0.0,0.0,0.0,15/29,3.67%,CAT;GLYCTK;GRHPR;GCSH;GLUL;HOGA1;AFMID;HAO1;MCEE;ACSS2;ACAT2;AGXT;ACAT1;SHMT1;PCCB
prerank,Primary bile acid biosynthesis,-0.8717338879088717,-2.844226497065371,0.0,0.0,0.0,12/17,2.90%,CYP27A1;SLC27A5;ACOX2;CYP8B1;AMACR;HSD17B4;CYP7A1;CYP39A1;ACOT8;AKR1D1;AKR1C4;SCP2
prerank,Tyrosine metabolism,-0.6443547884811488,-2.8355360101054057,0.0,0.0,0.0,22/36,9.69%,ADH4;ADH6;HPD;ADH1B;ADH5;FAH;GSTZ1;ADH1A;COMT;ADH7;TAT;GOT2;MAOB;DBH;LRTOMT;HGD;DDC;ALDH3A1;PNMT;DCT;TYR;AOX1
prerank,Metabolism of xenobiotics by cytochrome P450,-0.5722023850796214,-2.7974626057845144,0.0,0.0,0.0,31/75,4.32%,ADH4;ADH6;EPHX1;HSD11B1;SULT2A1;GSTO1;CYP2E1;ADH1B;CYP3A4;CYP1A2;UGT1A3;MGST2;CYP1A1;GSTK1;UGT1A4;CYP2D6;ADH5;CYP2A6;CYP2B6;CYP2A7;UGT2B10;ADH1A;GSTO2;CYP2A13;CBR1;ADH7;CYP2D7;CYP2C9;AKR7A2;GSTA1;UGT1A1
prerank,Tryptophan metabolism,-0.6057100627066622,-2.719240280878831,0.0,0.0,0.0,19/42,4.37%,ECHS1;GCDH;CAT;ALDH2;HAAO;EHHADH;ALDH7A1;CYP1A2;CYP1A1;AFMID;DHTKD1;HADH;AADAT;ACAT2;ALDH3A2;ACAT1;ALDH1B1;MAOB;ALDH8A1
prerank,Pyruvate metabolism,-0.5895612462072924,-2.624691819572769,0.0,0.0,0.0,25/47,4.85%,PKLR;ADH4;ADH6;PCK2;GRHPR;ALDH2;ALDH7A1;PC;ADH1B;HAGH;LDHD;ADH5;ACYP2;ACSS2;ADH1A;ACAT2;ALDH3A2;ACOT12;ACAT1;PDHB;ADH7;ALDH1B1;GLO1;PCK1;FH
prerank,Arginine biosynthesis,-0.710554064385762,-2.603845016966257,0.0,0.0,0.0,14/22,6.71%,GLUD1;GLUL;NAGS;ARG1;CPS1;OTC;GLUD2;ASS1;GOT2;ABHD14A-ACY1;ACY1;GPT;ASL;GPT2
prerank,Butanoate metabolism,-0.6196581229477427,-2.530369125994418,0.0,0.0004965027046331541,0.001001001001001001,15/28,3.64%,ECHS1;ACSM2A;EHHADH;ACSM5;ACSM2B;ALDH5A1;BDH1;HADH;ABAT;HMGCL;ACAT2;HMGCS1;ACSM3;ACAT1;ACSM6
prerank,Drug metabolism,-0.47303112112669465,-2.490742374782286,0.0,0.00046103822573078605,0.001001001001001001,36/106,4.92%,ADH4;ADH6;FMO3;GSTO1;CYP2E1;ADH1B;CYP3A4;CES2;DPYS;CYP1A2;UGT1A3;UPB1;MGST2;GSTK1;UGT1A4;CYP2D6;FMO4;ADH5;CYP2A6;CYP2B6;CYP2A7;UGT2B10;ADH1A;GSTO2;NAT2;ADH7;CES1;CYP2D7;CYP2C9;FMO5;TPMT;GSTA1;MAOB;UGT1A1;DUT;TK2
prerank,Propanoate metabolism,-0.5691785258241624,-2.4291552941122325,0.0,0.0004303023440154003,0.001001001001001001,14/34,4.12%,ECHS1;EHHADH;ACSS3;MLYCD;BCKDHB;ALDH6A1;ABAT;HIBCH;MCEE;ACSS2;ACAT2;ACAT1;PCCB;ACOX1
prerank,Sulfur relay system,-0.879976537091001,-2.419213292179057,0.0,0.0004034084475144378,0.001001001001001001,6/8,6.83%,TST;MPST;MOCS2;NFS1;CTU2;CTU1
prerank,beta-Alanine metabolism,-0.5762508575891075,-2.330212028137465,0.0,0.00037967853883711793,0.001001001001001001,15/30,4.12%,ECHS1;ALDH2;EHHADH;ALDH7A1;MLYCD;DPYS;UPB1;ALDH6A1;ABAT;HIBCH;ALDH3A2;CNDP1;ALDH1B1;GADL1;ACOX1
prerank,Retinol metabolism,-0.4856776466622325,-2.2678756804494133,0.0,0.00035858528667950026,0.001001001001001001,26/68,4.38%,ADH4;ADH6;DHRS4;DHRS4L2;ADH1B;CYP3A4;CYP1A2;UGT1A3;CYP1A1;RDH16;UGT1A4;ADH5;CYP2A6;CYP2B6;CYP2A7;UGT2B10;ADH1A;HSD17B6;DHRS3;ADH7;RDH5;CYP2C9;RETSAT;ALDH1A1;UGT1A1;RDH11
prerank,Cholesterol metabolism,-0.46970462311486383,-2.2458519990775065,0.0,0.0003397123768542634,0.001001001001001001,21/50,6.28%,CYP27A1;ABCB11;LIPC;APOA2;APOE;APOC1;CD36;APOH;APOC3;CYP7A1;LRP1;ANGPTL3;ANGPTL8;APOA1;CETP;LCAT;APOB;LPA;ABCG5;ABCG8;APOC2
prerank,Histidine metabolism,-0.584673185197229,-2.2175341033346414,0.0,0.0009681802740346507,0.003003003003003003,13/22,8.20%,ALDH2;ALDH7A1;HNMT;UROC1;FTCD;AMDHD1;ALDH3A2;CNDP1;ALDH1B1;MAOB;HDC;ALDH3A1;ALDH9A1
prerank,Leishmaniasis,0.7338641044422273,2.1796000657455363,0.0,0.0,0.0,48/74,11.50%,ITGAM;HLA-DMB;TLR2;JAK2;CYBB;PTGS2;IL1B;IRAK4;FCGR2A;ITGA4;MAPK13;HLA-DOA;HLA-DPA1;NFKB1;HLA-DRA;MAPK11;MARCKSL1;ITGB2;HLA-DMA;FCGR1A;NCF2;IL1A;TGFB3;HLA-DPB1;PTPN6;HLA-DQA2;TNF;TGFB1;IFNGR2;NCF1;FCGR3A;MAPK12;HLA-DQB1;NCF4;HLA-DRB1;STAT1;TGFB2;HLA-DQA1;IL12A;FCGR3B;HLA-DRB5;PRKCB;JAK1;HLA-DOB;CYBA;ITGB1;FCGR2C;IRAK1
prerank,Inflammatory bowel disease,0.7372809447724226,2.1576885473307916,0.0,0.0,0.0,39/63,10.03%,IL4R;HLA-DMB;TLR2;IL18;NFATC1;IL2RG;IL1B;TLR5;HLA-DOA;HLA-DPA1;NFKB1;HLA-DRA;STAT3;IL12RB1;STAT4;IL18R1;HLA-DMA;IL1A;SMAD2;TGFB3;HLA-DPB1;IL23A;HLA-DQA2;TNF;TGFB1;IFNGR2;HLA-DQB1;IL6;HLA-DRB1;IL21R;STAT1;TGFB2;GATA3;HLA-DQA1;IL12A;HLA-DRB5;STAT6;HLA-DOB;IL18RAP
prerank,Steroid hormone biosynthesis,-0.47439054665095354,-2.136272542868865,0.0,0.0015367940857692868,0.005005005005005005,21/61,5.96%,HSD17B8;HSD11B1;SRD5A2;CYP2E1;CYP3A4;CYP1A2;UGT1A3;CYP1A1;CYP7A1;UGT1A4;UGT2B10;SRD5A1;HSD17B7;HSD17B6;COMT;AKR1D1;AKR1C4;AKR1C2;UGT1A1;SULT1E1;LRTOMT
prerank,Caffeine metabolism,-0.8975421462320832,-2.0915799981514613,0.0,0.0017603277709720923,0.006006006006006006,4/6,2.22%,CYP1A2;CYP2A6;CYP2A7;NAT2
prerank,Rheumatoid arthritis,0.6835449011965343,2.052470264900437,0.0,0.0,0.0,49/89,9.39%,TNFRSF11A;CXCL1;CXCL3;CXCL6;CXCL8;CXCL5;TNFSF13;HLA-DMB;TLR2;IL18;CSF1;IL1B;ICAM1;MMP1;TNFSF13B;CXCL2;IL15;HLA-DOA;HLA-DPA1;HLA-DRA;CD86;CCL20;ITGB2;HLA-DMA;ATP6V1C2;LTB;CTSK;IL1A;TGFB3;VEGFA;HLA-DPB1;IL23A;TCIRG1;HLA-DQA2;TNF;TGFB1;CCL2;HLA-DQB1;CTLA4;ATP6V0A2;IL6;HLA-DRB1;ACP5;TGFB2;HLA-DQA1;CSF2;CD80;HLA-DRB5;HLA-DOB
prerank,Intestinal immune network for IgA production,0.7276131616853366,2.0515726534595653,0.0,0.0,0.0,26/45,9.39%,TNFSF13;IL15RA;HLA-DMB;CCL28;CXCR4;TNFSF13B;ITGA4;IL15;HLA-DOA;HLA-DPA1;HLA-DRA;CD86;HLA-DMA;HLA-DPB1;HLA-DQA2;TGFB1;PIGR;HLA-DQB1;IL6;HLA-DRB1;MAP3K14;HLA-DQA1;ICOS;CD80;HLA-DRB5;HLA-DOB
prerank,Th1 and Th2 cell differentiation,0.6844651934686095,2.0432887202699885,0.0,0.0,0.0,54/90,13.54%,IL4R;HLA-DMB;NFATC1;JAK2;IL2RG;JAG2;DLL1;NFKBIE;JAK3;NOTCH1;NOTCH2;MAPK13;HLA-DOA;HLA-DPA1;NFKB1;HLA-DRA;MAPK11;IL12RB1;JAG1;STAT4;NOTCH3;HLA-DMA;RBPJ;RUNX3;HLA-DPB1;IL2RA;IL2RB;MAML2;HLA-DQA2;IFNGR2;PPP3CA;MAPK12;HLA-DQB1;CD3G;HLA-DRB1;STAT1;MAML1;GATA3;HLA-DQA1;CD3D;IL12A;HLA-DRB5;STAT6;STAT5A;CD3E;JAK1;NFATC2;HLA-DOB;LCK;CD4;IKBKB;PRKCQ;FOS;MAPK9
prerank,TNF signaling pathway,0.6678559882493855,2.0413124859884677,0.0,0.0,0.0,70/112,18.02%,CREB3L1;BIRC3;CXCL1;CXCL3;LIF;CXCL6;CXCL5;BCL3;CREB3;DNM1L;PTGS2;CSF1;IL1B;ICAM1;MMP14;IRF1;MAP3K5;SOCS3;CXCL2;IL15;MAPK13;MLKL;NFKB1;TRAF3;MAPK11;CASP10;AKT3;JAG1;PIK3CD;CCL20;IL18R1;TRAF5;JUNB;CASP7;CASP8;RIPK3;MMP9;TNF;EDN1;CCL2;TRAF2;MAPK12;RPS6KA5;PIK3CB;CREB1;IL6;CASP3;VCAM1;TNFRSF1B;MAP3K14;CFLAR;CREB5;RPS6KA4;CSF2;TRAF1;PGAM5;IKBKB;FOS;MAPK9;PIK3R3;ATF4;MAP2K1;LTA;DAB2IP;PIK3CA;CCL5;CX3CL1;TNFAIP3;PIK3R2;AKT1
prerank,Arginine and proline metabolism,-0.41875227691638217,-2.0160278570329515,0.0,0.003928847488836264,0.014014014014014014,16/50,3.87%,DAO;ALDH2;HOGA1;ALDH7A1;ALDH4A1;PRODH2;AGMAT;GATM;ARG1;ALDH3A2;CNDP1;GAMT;ALDH1B1;GOT2;SAT2;MAOB
prerank,Osteoclast differentiation,0.6538428315883297,1.992317525468384,0.0,0.0,0.0,80/126,18.85%,TNFRSF11A;SOCS1;MITF;SYK;FOSL2;RELB;TREM2;NFATC1;OSCAR;CSF1;IL1B;FCGR2A;SOCS3;LCP2;MAPK13;NFKB2;NFKB1;MAPK11;SPI1;AKT3;LILRB3;PIK3CD;LILRB4;BLNK;JUNB;FCGR1A;CTSK;NCF2;IL1A;CSF1R;TNF;TGFB1;IFNGR2;TNFRSF11B;TGFBR1;PPP3CA;BTK;TRAF2;NCF1;SIRPB1;FCGR3A;TYROBP;MAPK12;PIK3CB;CREB1;NCF4;STAT1;FHL2;ACP5;LILRA2;TGFB2;MAP3K14;LILRB1;RAC1;FCGR3B;LILRA6;JAK1;NFATC2;CYBA;SIRPA;LCK;CAMK4;NOX1;FCGR2C;LILRB2;IKBKB;FOS;FOSL1;MAPK9;CYLD;PIK3R3;MAP2K1;CALCR;SIRPG;PIK3CA;PIK3R2;AKT1;PPP3R2;IRF9;IFNB1
prerank,Steroid biosynthesis,-0.5706685193673906,-1.9857474272785047,0.011363636363636364,0.004034084475144378,0.015015015015015015,9/20,5.66%,SC5D;TM7SF2;MSMO1;NSDHL;EBP;HSD17B7;LSS;DHCR7;SQLE
prerank,Fc gamma R-mediated phagocytosis,0.6530854574266737,1.9685186441705775,0.0,0.0,0.0,61/96,18.02%,LIMK2;SCIN;SYK;ARPC1B;LIMK1;VASP;RAC2;PIP5K1C;PLD1;FCGR2A;LYN;HCK;MARCKS;PLA2G4D;MARCKSL1;ASAP1;VAV1;AKT3;PLPP2;SPHK1;PIK3CD;PLA2G4E;FCGR1A;DNM2;ACTR3;ACTR2;PLD2;INPPL1;PLA2G4A;ARPC2;PTPRC;INPP5D;NCF1;FCGR3A;PIK3CB;WASF2;PIP5K1A;RAC1;ARPC5L;FCGR3B;PAK1;PRKCB;ARF6;CDC42;PRKCD;AMPH;WAS;CFL1;MYO10;CRK;ASAP2;RPS6KB1;PIK3R3;ACTR3C;MAP2K1;DOCK1;PIK3CA;ARPC3;PRKCA;PIK3R2;AKT1
prerank,AGE-RAGE signaling pathway in diabetic complications,0.6499356337561829,1.9676475957129667,0.0,0.0,0.0,67/100,20.79%,CXCL8;COL1A1;COL1A2;NFATC1;JAK2;F3;CYBB;IL1B;ICAM1;PLCD3;NOX4;COL3A1;MAPK13;COL4A2;NFKB1;PLCB3;STAT3;MAPK11;COL4A1;KRAS;AKT3;COL4A3;PIK3CD;VEGFB;PLCB2;IL1A;SMAD2;TGFB3;VEGFA;TNF;TGFB1;COL4A4;EDN1;CCL2;TGFBR1;MMP2;MAPK12;PIK3CB;BCL2;IL6;PLCE1;CASP3;VCAM1;STAT1;TGFB2;RAC1;PRKCB;STAT5A;CDC42;PRKCD;NRAS;NOX1;MAPK9;COL4A5;PIK3R3;PIK3CA;PRKCA;PIK3R2;AKT1;CDK4;SERPINE1;FN1;SMAD4;EGR1;NOS3;VEGFC;THBD
prerank,C-type lectin receptor signaling pathway,0.6478106611487753,1.9663353679745585,0.0,0.0,0.0,69/104,21.08%,ITPR3;SYK;ITPR1;BCL3;BCL10;RELB;NFATC1;CLEC7A;PTGS2;IL1B;IKBKE;IRF1;MAPK13;PYCARD;NFKB2;NFKB1;MAPK11;EGR2;NLRP3;KRAS;AKT3;PIK3CD;EGR3;PLK3;CASP8;CCL22;IL23A;CARD9;TNF;LSP1;CALM2;PPP3CA;MAPK12;PIK3CB;MAPKAPK2;IL6;STAT1;MAP3K14;MDM2;CASP1;IL12A;PAK1;FCER1G;SRC;NFATC4;NFATC2;CLEC4E;CBLB;CLEC4D;PRKCD;NRAS;IKBKB;RRAS;KSR1;MAPK9;CYLD;PIK3R3;ARHGEF12;IL17D;CALML4;PIK3CA;PIK3R2;AKT1;PPP3R2;IRF9;RHOA;MALT1;CLEC6A;PPP3CC
prerank,Folate biosynthesis,-0.49419392414887575,-1.9639317249597432,0.0,0.005163628128184804,0.02002002002002002,8/26,2.27%,PCBD1;QDPR;MOCS1;GGH;PAH;MOCS2;CBR1;GPHN
prerank,Toxoplasmosis,0.6430105177137064,1.9531587311826457,0.0,0.0,0.0,57/110,13.58%,BIRC3;ALOX5;SOCS1;LAMC2;CIITA;HLA-DMB;TLR2;JAK2;LAMB1;IRAK4;MAPK13;HLA-DOA;HLA-DPA1;NFKB1;HLA-DRA;STAT3;MAPK11;PIK3R6;AKT3;PIK3R5;CCR5;HLA-DMA;PIK3CG;CASP8;TGFB3;HLA-DPB1;CYCS;HLA-DQA2;TNF;TGFB1;IFNGR2;MAPK12;HLA-DQB1;BCL2;IL10RB;CASP3;HLA-DRB1;STAT1;LAMA5;TGFB2;HLA-DQA1;IL12A;LAMA4;IL10RA;GNAI3;HLA-DRB5;JAK1;HLA-DOB;HSPA2;LY96;ITGB1;IRAK1;IKBKB;XIAP;HSPA6;MAPK9;LAMA2
prerank,Hematopoietic cell lineage,0.6484734902305512,1.9429029332516097,0.0,0.0,0.0,61/95,18.28%,ITGA3;CD1A;ITGAM;IL4R;CD24;HLA-DMB;ITGA5;CSF1;IL1B;IL7;ITGA4;HLA-DOA;CSF3R;CSF2RA;HLA-DPA1;HLA-DRA;CD37;HLA-DMA;FCGR1A;IL1A;IL9R;ITGA2;GP1BA;HLA-DPB1;IL2RA;CSF1R;TFRC;HLA-DQA2;TNF;CD44;CD59;HLA-DQB1;CD3G;IL6;HLA-DRB1;KITLG;HLA-DQA1;CD1E;CD3D;CSF2;CD22;CD5;HLA-DRB5;CD2;IL7R;CD3E;ITGA2B;HLA-DOB;CD4;CD33;FLT3LG;KIT;EPOR;CD8A;CR1L;EPO;CD1C;CD38;CR2;FLT3;ANPEP
prerank,Nitrogen metabolism,-0.598064017717302,-1.9371554624664173,0.0,0.006206283807914428,0.025025025025025027,7/17,2.59%,CA5A;GLUD1;GLUL;CA14;CA4;CPS1;GLUD2
prerank,Focal adhesion,0.620714100328275,1.9298704547240177,0.0,0.0,0.0,120/201,21.02%,BIRC3;ITGA3;ITGB6;ITGAV;ITGB8;COL9A2;LAMC2;ITGB4;COL1A1;COL1A2;COMP;EGFR;ITGA5;LAMB1;HGF;VASP;CAV2;RAC2;TNC;PIP5K1C;RAP1B;FLNA;ITGA4;COL6A3;ITGA11;SPP1;COL4A2;EGF;PPP1R12A;BCAR1;PPP1CB;VCL;COL4A1;VAV1;AKT3;COL4A3;PIK3CD;VEGFB;THBS2;PARVG;ITGA2;VEGFA;PAK3;PPP1R12B;IGF1R;PAK2;CCND2;COL4A4;RAPGEF1;ACTG1;ITGA8;TLN1;PIK3CB;COL6A2;BCL2;CAPN2;PAK6;LAMA5;PIP5K1A;PARVA;CCND3;RAC1;COL6A1;LAMA4;PAK1;PDGFRA;SRC;ROCK1;PRKCB;ITGA2B;ACTB;ZYX;PPP1CC;ARHGAP5;CAV1;ACTN4;PAK4;TNXB;ITGB1;PXN;CDC42;ACTN1;PGF;MYL9;ITGA9;SHC1;ILK;XIAP;MAPK9;CRK;LAMA2;COL4A5;FLNC;PIK3R3;PDGFD;SOS2;MAP2K1;DOCK1;COL9A1;LAMB3;RAP1A;THBS1;PIK3CA;LAMA1;PDGFA;PRKCA;PIK3R2;AKT1;FN1;PDGFC;RHOA;PDGFRB;ITGB5;ELK1;GRB2;VEGFC;IBSP;MYLK4;SOS1;VAV3
prerank,Regulation of actin cytoskeleton,0.6176631438495651,1.9287064151905866,0.0,0.0,0.0,128/218,21.05%,LIMK2;ITGA3;SCIN;ITGB6;EZR;ITGAV;IQGAP1;ITGB8;ITGB4;ITGAX;LPAR5;ITGAM;ARPC1B;SLC9A1;LIMK1;EGFR;ITGA5;CXCR4;RAC2;PIP5K1C;LPAR2;PIP4K2A;TMSB4X;ABI2;ITGA4;ITGA11;GIT1;ENAH;SPATA13;SSH2;LPAR1;EGF;IQGAP3;PPP1R12A;BCAR1;PPP1CB;VCL;KRAS;VAV1;ARHGEF4;NCKAP1L;PIK3CD;ITGB2;PIP4K2C;ITGA2;ACTR3;ACTR2;PAK3;FGFR2;PPP1R12B;PAK2;F2R;ARPC2;ACTG1;FGFR1;BDKRB2;ITGA8;FGD3;PIK3CB;WASF2;NCKAP1;GNA13;MSN;PAK6;ARHGEF6;MYH11;GNG12;PIP5K1A;RAC1;ARPC5L;CYFIP1;PAK1;PDGFRA;SSH1;SRC;ROCK1;ITGA2B;ACTB;PPP1CC;FGD1;ACTN4;PAK4;ITGB1;PXN;CDC42;ACTN1;NRAS;ITGAD;MYL9;FGF5;SSH3;ITGA9;FGF7;PFN2;CFL1;RRAS;CRK;APC;ARHGEF7;PIK3R3;ACTR3C;PDGFD;SOS2;ARHGEF12;MAP2K1;DOCK1;PIK3CA;FGF18;ARPC3;LPAR4;PDGFA;PIK3R2;TIAM1;CHRM1;FN1;PIKFYVE;PDGFC;RHOA;ARAF;PDGFRB;FGF1;ITGB5;ARHGEF1;DIAPH3;MYLK4;SOS1;VAV3;GSN
prerank,Sulfur metabolism,-0.681428014908154,-1.9275367629649645,0.00546448087431694,0.006454535160231005,0.02702702702702703,5/10,3.73%,TST;MPST;SUOX;SELENBP1;ETHE1
prerank,Yersinia infection,0.632044218206366,1.9271161761522817,0.0,0.0,0.0,101/136,27.30%,CXCL8;ARPC1B;IL18;NFATC1;LIMK1;ITGA5;WIPF1;WIPF3;IL1B;RAC2;PIP5K1C;IRAK4;FCGR2A;LCP2;ITGA4;MAPK13;PYCARD;GIT2;FYB1;NFKB1;MAPK11;BCAR1;NLRP3;VAV1;AKT3;PIK3CD;ACTR3;ACTR2;TNF;ARPC2;CCL2;ACTG1;TRAF2;MAPK12;PIK3CB;WASF2;TBK1;IL6;RPS6KA1;NLRC4;PIP5K1A;TICAM1;CASP1;RAC1;ARPC5L;MEFV;SRC;ROCK1;NFATC2;ACTB;ARF6;WIPF2;LCK;SKAP2;ITGB1;PXN;CDC42;IRAK1;CD4;WAS;IKBKB;GNAQ;FOS;MAPK9;CRK;CD8A;ARHGEF7;PKN2;PIK3R3;ACTR3C;ARHGEF12;MAP2K1;DOCK1;PIK3CA;ARPC3;PIK3R2;AKT1;RPS6KA2;ZAP70;FN1;IFNB1;RHOA;ARHGEF1;RPS6KA6;VAV3;TLR4;MAP3K7;MAPK10;WASL;LAT;RHOG;GSK3B;IL2;CD8B;MAP2K4;MAPK3;ELMO2;ARPC5;TRAF6;PKN1;IL10
prerank,Proteoglycans in cancer,0.6166857357744351,1.9211206481581788,0.0,0.0,0.0,118/203,21.42%,ITPR3;HPSE;EZR;WNT4;HIF1A;ITGAV;FZD1;PLAUR;IQGAP1;ITPR1;COL1A1;COL1A2;WNT9A;PLAU;SLC9A1;TLR2;EGFR;ITGA5;WNT7B;HGF;CAV2;FZD7;FLNA;MAPK13;STAT3;MAPK11;PPP1R12A;PPP1CB;FRS2;KRAS;VAV1;HBEGF;LUM;AKT3;PIK3CD;WNT10B;CBL;SMAD2;ITGA2;VEGFA;ANK3;CD63;FZD3;FZD2;PPP1R12B;PTPN6;MMP9;CAMK2D;IGF1R;TNF;TGFB1;FZD8;HCLS1;ACTG1;FGFR1;CD44;MMP2;MAPK12;PIK3CB;WNT10A;MSN;PLCE1;CASP3;GPC1;TGFB2;MDM2;RAC1;FZD6;WNT7A;PAK1;SRC;ROCK1;PRKCB;CDKN1A;ACTB;FZD10;PPP1CC;CAV1;DROSHA;CTTN;DCN;ITGB1;PXN;CDC42;NRAS;HSPG2;WNT2;DDX5;WNT2B;RRAS;ANK1;FLNC;RPS6KB1;PIK3R3;SOS2;ARHGEF12;MAP2K1;THBS1;PIK3CA;ERBB3;PRKCA;PIK3R2;AKT1;TIAM1;PTCH1;FN1;PDCD4;RHOA;ARAF;ITGB5;ELK1;ARHGEF1;GRB2;SOS1;VAV3;FZD5;TLR4;GAB1
prerank,NF-kappa B signaling pathway,0.6274722616519255,1.9080379844909168,0.0,0.0,0.0,64/102,22.65%,TNFRSF11A;BIRC3;CXCL1;CXCL3;CXCL8;CARD14;SYK;CARD11;EDA;BCL10;RELB;PLAU;PTGS2;IL1B;ICAM1;TNFSF13B;IRAK4;LYN;CXCL2;NFKB2;NFKB1;TRAF3;BCL2A1;BLNK;TRAF5;LTB;TNF;UBE2I;BTK;TRAF2;BCL2;VCAM1;TRIM25;MAP3K14;CFLAR;TICAM1;TNFSF14;PRKCB;TRAF1;LCK;LY96;DDX58;PARP1;CARD10;IRAK1;IKBKB;PRKCQ;ATM;XIAP;CYLD;CCL4L2;LTA;TNFAIP3;CCL4;ZAP70;MALT1;CCL21;PIDD1;CSNK2A1;LBP;TLR4;CSNK2A3;MAP3K7;CD40LG
prerank,Influenza A,0.6082060526461848,1.8947472917317039,0.0,0.0,0.0,92/168,18.85%,CXCL8;BAK1;TMPRSS4;CIITA;PML;HLA-DMB;IL18;JAK2;IL1B;ICAM1;IKBKE;TLR7;IRAK4;SOCS3;PYCARD;HLA-DOA;HLA-DPA1;NFKB1;HLA-DRA;TRAF3;NLRP3;AKT3;PIK3CD;HLA-DMA;IL1A;CASP8;HLA-DPB1;TLR3;PRSS3;CYCS;HLA-DQA2;TNF;IFNGR2;MX2;VDAC1;CCL2;ACTG1;OAS3;PIK3CB;HLA-DQB1;TBK1;IL6;CASP3;XPO1;HLA-DRB1;TRIM25;STAT1;TICAM1;HLA-DQA1;CASP1;CCND3;TNFRSF10A;IL12A;HLA-DRB5;PRKCB;JAK1;RAB11A;ACTB;HLA-DOB;HNRNPUL1;KPNA2;BCL2L2-PABPN1;APAF1;ADAR;KPNA7;DDX58;IRF7;DNAJC3;IFIH1;IKBKB;TMPRSS2;TNFRSF10B;EIF2AK2;KPNA6;PIK3R3;EIF2S1;MAP2K1;CREBBP;SLC25A6;OAS2;PIK3CA;IL33;CCL5;NXF1;PRKCA;PIK3R2;AKT1;CDK4;MX1;IRF9;TNFSF10;IFNB1
prerank,Biosynthesis of unsaturated fatty acids,-0.4688519745656359,-1.8940696831227333,0.0,0.006915573385961791,0.03003003003003003,10/27,4.12%,ACAA1;HSD17B4;ACOT1;ACOT4;ACOT2;ELOVL2;SCP2;SCD;TECR;ACOX1
prerank,Graft-versus-host disease,0.6816385882995644,1.8868456361166868,0.0,0.0,0.0,33/38,27.91%,HLA-DMB;IL1B;HLA-DOA;HLA-DPA1;HLA-DRA;CD86;HLA-DMA;IL1A;HLA-DPB1;HLA-DQA2;TNF;KLRC1;HLA-DQB1;IL6;HLA-DRB1;HLA-DQA1;CD80;HLA-DRB5;HLA-DOB;HLA-B;KIR2DL3;HLA-C;GZMB;HLA-A;HLA-F;KIR2DL1;KLRD1;KIR3DL1;CD28;IL2;PRF1;FASLG;HLA-E
prerank,Epstein-Barr virus infection,0.6066532573929314,1.8854243047832653,0.0,0.0,0.0,105/197,18.85%,BAK1;SYK;RELB;CCNE2;ENTPD1;HLA-DMB;TLR2;E2F3;CD58;ICAM1;IKBKE;IRAK4;NFKBIE;JAK3;LYN;MAPK13;HLA-DOA;NFKB2;TAP1;HLA-DPA1;NFKB1;HLA-DRA;TRAF3;STAT3;MAPK11;BCL2L11;AKT3;PIK3CD;BLNK;TRAF5;TAPBP;HLA-DMA;RBPJ;E2F2;CASP8;RUNX3;HLA-DPB1;TAP2;CYCS;HLA-DQA2;TNF;CCND2;OAS3;BTK;TRAF2;CD44;MAPK12;PIK3CB;HLA-DQB1;CD3G;BCL2;HDAC1;TBK1;IL6;CASP3;VIM;HLA-DRB1;STAT1;MAP3K14;MDM2;NCOR2;HLA-DQA1;CCND3;RAC1;CCNE1;PSMD14;CD3D;HLA-DRB5;CD3E;CDKN1A;JAK1;HLA-DOB;ENTPD3;B2M;APAF1;HLA-B;CDK2;DDX58;IRF7;IRAK1;IKBKB;PSMD2;SAP30;MAPK9;EIF2AK2;CCNA2;HLA-C;PIK3R3;HLA-A;PSMD1;HDAC2;OAS2;PDIA3;POLK;PIK3CA;CR2;TNFAIP3;HLA-F;CD247;PIK3R2;AKT1;CDK4;IRF9;SIN3A;IFNB1
prerank,Pathogenic Escherichia coli infection,0.60405754596743,1.8836417837566901,0.0,0.0,0.0,96/195,15.33%,EZR;CXCL8;BAK1;LPAR5;MYO1E;CLDN4;ARPC1B;MYO6;IL18;WIPF1;WIPF3;IL1B;MYO1C;IRAK4;LPAR2;FCGR2A;TLR5;MAPK13;PYCARD;TUBB3;NFKB1;CASP4;MAPK11;LPAR1;NCK2;BAIAP2L1;TUBA4A;NLRP3;NAIP;NCKAP1L;CYTH3;MYO1F;CYTH4;CASP7;CASP8;TUBB6;ACTR3;ACTR2;PAK3;CYCS;TUBA1A;MYO5C;PTPN6;ARHGEF2;PAK2;TNF;F2R;ARPC2;HCLS1;ACTG1;TRAF2;MAPK12;WASF2;NCKAP1;GNA13;IL6;CASP3;OCLN;CLDN18;MYH11;MYO1G;TUBA1C;CASP1;RAC1;ARPC5L;ABL1;TNFRSF10A;CYFIP1;PAK1;RAB1A;SRC;ROCK1;ACTB;ARF6;TUBAL3;WIPF2;CTTN;ITGB1;CDC42;CYTH2;IRAK1;CLDN7;IKBKB;MYO5A;NCK1;FOS;TNFRSF10B;MYO10;TUBA1B;MAPK9;SEC24D;CLDN10;CLDN11;ACTR3C;MYO1D;ARHGEF12
prerank,Th17 cell differentiation,0.6231787389394975,1.880684842783507,0.0,0.0,0.0,62/105,19.14%,HIF1A;RUNX1;IL27RA;IL4R;HLA-DMB;NFATC1;JAK2;IL2RG;IL1B;NFKBIE;JAK3;MAPK13;HLA-DOA;HLA-DPA1;NFKB1;HLA-DRA;STAT3;MAPK11;IL12RB1;HLA-DMA;SMAD2;HLA-DPB1;IL2RA;IL2RB;IL23A;HLA-DQA2;TGFB1;IFNGR2;TGFBR1;PPP3CA;MAPK12;HLA-DQB1;CD3G;IL6;IL1RAP;HLA-DRB1;IL21R;STAT1;GATA3;HLA-DQA1;CD3D;HLA-DRB5;STAT6;STAT5A;CD3E;JAK1;NFATC2;HLA-DOB;LCK;CD4;IKBKB;PRKCQ;FOS;HSP90AA1;MAPK9;IL17D;IL22;IRF4;CD247;PPP3R2;ZAP70;SMAD4
prerank,Platelet activation,0.6137055700142832,1.8728198323699408,0.0,0.0,0.0,75/123,21.37%,ITPR3;GUCY1B1;SYK;GUCY1A1;ITPR1;COL1A1;PRKG2;COL1A2;TBXAS1;PTGS1;ADCY3;ADCY5;VASP;FCGR2A;RAP1B;LYN;COL3A1;LCP2;MAPK13;PLA2G4D;PLCB3;RASGRP1;MAPK11;PPP1R12A;PPP1CB;PIK3R6;AKT3;PIK3CD;FERMT3;PIK3R5;PLA2G4E;PLCB2;PIK3CG;ADCY7;ITGA2;GP1BA;P2RY1;ADCY6;PRKCI;PRKG1;F2R;PLA2G4A;ACTG1;BTK;TLN1;MAPK12;PIK3CB;PTGIR;GNA13;FCER1G;GNAI3;SRC;ROCK1;APBB1IP;ITGA2B;ACTB;PPP1CC;ITGB1;GNAQ;PIK3R3;ARHGEF12;GUCY1A2;RAP1A;PIK3CA;PIK3R2;AKT1;RHOA;PLA2G4C;F2RL3;ARHGEF1;NOS3;MYLK4;P2RY12;SNAP23;VAMP8
prerank,Phosphatidylinositol signaling system,0.6152825469777812,1.8706460221689698,0.0,0.0,0.0,55/97,19.02%,ITPR3;ITPR1;DGKH;DGKE;INPP4A;PLCD3;PIP5K1C;PIP4K2A;DGKA;PIK3C2B;PLCB3;PIK3CD;PLCB2;PIP4K2C;ITPKA;MTMR2;DGKZ;DGKG;IPMK;INPPL1;PPIP5K1;PIP4P2;CALM2;INPP5D;PIK3CB;CDS1;PLCE1;SYNJ2;PIP5K1A;SYNJ1;PI4KB;PRKCB;PI4KA;OCRL;INPP5F;ITPKB;INPP4B;IPPK;MTMR1;INPP1;PIK3C2A;PIK3R3;DGKD;CALML4;ITPKC;MTMR8;PIK3CA;PRKCA;PIK3R2;PIK3C3;INPP5E;DGKI;IMPA2;PIKFYVE;DGKQ
prerank,Tuberculosis,0.601940833477411,1.8686640134765486,0.0,0.0,0.0,97/175,21.28%,CTSS;SYK;TLR1;CIITA;ITGAX;ITGAM;BCL10;PLA2R1;HLA-DMB;TLR6;TLR2;IL18;JAK2;CLEC7A;IL1B;IRAK4;FCGR2A;MRC2;MAPK13;HLA-DOA;HLA-DPA1;NFKB1;HLA-DRA;MAPK11;CASP10;AKT3;SPHK1;ITGB2;HLA-DMA;PLK3;FCGR1A;IL1A;CASP8;TGFB3;HLA-DPB1;CD74;IL23A;TCIRG1;CYCS;CARD9;CAMK2D;HLA-DQA2;TNF;TGFB1;IFNGR2;LSP1;CALM2;PPP3CA;FCGR3A;MAPK12;HLA-DQB1;CYP27B1;RFX5;BCL2;CORO1A;ATP6V0A2;CREB1;IL10RB;IL6;CASP3;HLA-DRB1;STAT1;TGFB2;HLA-DQA1;RIPK2;IL12A;FCGR3B;IL10RA;FCER1G;HLA-DRB5;SRC;JAK1;VDR;HLA-DOB;CLEC4E;APAF1;FCGR2C;IRAK1;ATP6V0B;KSR1;MAPK9;ATP6V1H;CR1L;ARHGEF12;CREBBP;CALML4;ATP6V0C;AKT1;PPP3R2;PIK3C3;IFNB1;RHOA;MALT1;NFYA;PPP3CC;LBP;TLR4
prerank,Leukocyte transendothelial migration,0.6126796378930223,1.8677652217380762,0.0,0.0,0.0,59/113,19.19%,EZR;ITGAM;CLDN4;CXCR4;VASP;CYBB;ICAM1;RAC2;RAP1B;ITGA4;MAPK13;MAPK11;BCAR1;VCL;VAV1;PIK3CD;ITGB2;RASSF5;NCF2;MMP9;ACTG1;MMP2;NCF1;MAPK12;PIK3CB;THY1;MSN;OCLN;VCAM1;NCF4;CLDN18;RAC1;GNAI3;ROCK1;PRKCB;ACTB;CYBA;ARHGAP5;ACTN4;ITGB1;PXN;CDC42;ACTN1;RHOH;CTNND1;MYL9;CLDN7;ITK;CLDN10;AFDN;CLDN11;PIK3R3;RAP1A;PIK3CA;CTNNA1;PRKCA;PIK3R2;JAM3;RHOA
prerank,T cell receptor signaling pathway,0.6180041648994574,1.86740818272098,0.0,0.0,0.0,73/104,26.25%,CARD11;BCL10;NFATC1;NFKBIE;LCP2;MAPK13;NFKB1;RASGRP1;MAPK11;NCK2;KRAS;VAV1;AKT3;PIK3CD;PAK3;PTPN6;PAK2;TNF;PTPRC;PPP3CA;MAPK12;PIK3CB;CTLA4;CD3G;PAK6;MAP3K14;ICOS;CD3D;CSF2;PAK1;CD3E;NFATC2;CBLB;PAK4;LCK;CDC42;NRAS;CD4;IKBKB;PRKCQ;NCK1;ITK;FOS;MAPK9;CD8A;PIK3R3;SOS2;MAP2K1;PIK3CA;CD247;PIK3R2;AKT1;CDK4;PPP3R2;ZAP70;RHOA;PDCD1;MALT1;GRB2;SOS1;VAV3;PPP3CC;MAP3K7;CD40LG;MAPK10;LAT;IL4;GSK3B;CD28;IL2;CD8B;GRAP2;MAPK3
prerank,Axon guidance,0.600929770420411,1.8649428175161487,0.0,0.0,0.0,105/182,21.92%,LIMK2;SEMA6A;WNT4;EFNB1;EPHB6;SEMA6D;SRGAP1;SEMA4D;EFNA5;UNC5B;SEMA4B;LIMK1;CXCR4;PLXNA1;RAC2;UNC5A;NEO1;SEMA3C;SEMA3E;PLXNA3;SLIT2;ENAH;ABLIM2;SSH2;NCK2;SEMA4A;KRAS;PIK3CD;PARD6B;UNC5C;PAK3;FZD3;CAMK2D;PAK2;EPHA3;TRPC3;NTNG2;PPP3CA;PIK3CB;EPHB3;TRPC1;PAK6;BMPR1B;SEMA5A;PLXNC1;RAC1;ABL1;RND1;PLXNB2;NRP1;PAK1;GNAI3;SSH1;EPHA2;SRC;ROCK1;NTN4;NFATC4;RGS3;NFATC2;LRRC4C;EPHA6;SEMA5B;TRPC6;PAK4;SEMA3A;ITGB1;CDC42;NRAS;EFNA3;MYL9;BMPR2;SSH3;PLXNB3;NCK1;CFL1;EFNB2;SEMA4F;ILK;RRAS;SEMA4C;EPHA5;DPYSL2;TRPC4;EPHB1;PIK3R3;ARHGEF12;LRRC4;PIK3CA;EPHA7;PLXNA2;EPHB4;PRKCA;PIK3R2;PPP3R2;LRIG2;PTCH1;RHOA;SLIT3;SEMA3B;EFNB3;PPP3CC;L1CAM;RASA1;EFNA2
prerank,Fat digestion and absorption,-0.4261650356796136,-1.8644446227280078,0.0,0.008235096583743004,0.037037037037037035,14/43,5.64%,MOGAT2;PLA2G12B;MTTP;CD36;APOA1;ACAT2;ACAT1;GOT2;PLA2G2C;FABP1;APOB;DGAT2;ABCG5;ABCG8
prerank,Cell adhesion molecules,0.6076611223663896,1.8636393242355538,0.0,0.0,0.0,84/145,20.30%,ITGAV;ITGB8;ITGAM;CLDN4;HLA-DMB;VCAN;CNTNAP1;MPZL1;VTCN1;CD58;NLGN3;ICAM1;NEO1;CDH3;ITGA4;NLGN1;HLA-DOA;HLA-DPA1;HLA-DRA;CD86;ITGB2;SDC3;SPN;HLA-DMA;CNTN1;HLA-DPB1;SELPLG;HLA-DQA2;NTNG2;PTPRC;CD274;NRCAM;ITGA8;HLA-DQB1;CTLA4;VSIR;CDH1;OCLN;VCAM1;NECTIN2;HLA-DRB1;CLDN18;HLA-DQA1;PTPRM;NECTIN1;ICOS;NCAM1;GLG1;CD80;CD6;CD22;HLA-DRB5;CD2;HLA-DOB;LRRC4C;NRXN1;TIGIT;HLA-B;ITGB1;PTPRF;CD4;SELL;CLDN7;ITGA9;CD226;NFASC;NLGN2;HLA-C;CD276;CD8A;CLDN10;CLDN11;SIGLEC1;IGSF11;HLA-A;LRRC4;CNTN2;PDCD1LG2;HLA-F;ICAM3;JAM3;PDCD1;F11R;NEGR1
prerank,Phospholipase D signaling pathway,0.6035603319006538,1.8605232848316104,0.0,0.0,0.0,83/147,20.02%,CXCL8;SYK;LPAR5;DGKH;DGKE;ADCY3;ADCY5;EGFR;PTGFR;PIP5K1C;PLD1;LPAR2;CXCR2;DGKA;PLA2G4D;GRM4;PLCB3;LPAR1;EGF;PIK3R6;RALB;KRAS;CXCR1;AKT3;PLPP2;SPHK1;PIK3CD;CYTH3;PIK3R5;PLA2G4E;PLCB2;CYTH4;PIK3CG;GRM8;ADCY7;DNM2;LPAR6;ADCY6;DGKZ;DGKG;PLD2;F2R;PLA2G4A;PIK3CB;GNA13;KITLG;PIP5K1A;RALA;DNM1;PDGFRA;FCER1G;FCER1A;ARF6;NRAS;CYTH2;RALGDS;SHC1;AGPAT2;AGPAT5;RRAS;KIT;LPAR3;PIK3R3;PDGFD;SOS2;DGKD;MAP2K1;PIK3CA;LPAR4;PDGFA;PRKCA;PIK3R2;GRM5;AKT1;DGKI;INSR;DGKQ;PDGFC;TSC1;RHOA;PDGFRB;PLA2G4C;GRB2
prerank,Amoebiasis,0.6102477754577701,1.859818242597871,0.0,0.0,0.0,55/101,18.63%,CXCL1;CXCL3;CXCL8;LAMC2;CD1A;ITGAM;COL1A1;COL1A2;TLR2;LAMB1;IL1B;GNA15;COL3A1;CXCL2;SERPINB4;COL4A2;RAB7B;NFKB1;PLCB3;SERPINB3;VCL;COL4A1;COL4A3;PIK3CD;ITGB2;PLCB2;TGFB3;SERPINB9;TNF;TGFB1;COL4A4;PIK3CB;IL6;CASP3;LAMA5;TGFB2;CD1E;IL12A;LAMA4;CSF2;PRKCB;ACTN4;ACTN1;GNAQ;LAMA2;COL4A5;PIK3R3;MUC2;LAMB3;PIK3CA;LAMA1;CD1C;PRKCA;PIK3R2;FN1
prerank,Fatty acid biosynthesis,-0.5317789816339187,-1.8575837700075153,0.0,0.008175744536292606,0.03803803803803804,7/18,7.92%,HSD17B8;ACSL6;ACSL5;FASN;ACSL1;MECR;OXSM
prerank,Type I diabetes mellitus,0.6652200326902845,1.856847590564549,0.0,0.0,0.0,34/41,28.91%,HLA-DMB;GAD1;IL1B;HLA-DOA;HLA-DPA1;HLA-DRA;CD86;HLA-DMA;IL1A;HLA-DPB1;HLA-DQA2;TNF;HLA-DQB1;HLA-DRB1;HLA-DQA1;IL12A;CD80;HLA-DRB5;HLA-DOB;HLA-B;HLA-C;GZMB;HLA-A;LTA;HLA-F;CPE;CD28;IL2;IL12B;PRF1;FASLG;HLA-E;HSPD1;ICA1
prerank,Asthma,0.6913494626939168,1.853728746054041,0.0,0.0,0.0,15/28,9.39%,HLA-DMB;HLA-DOA;HLA-DPA1;HLA-DRA;HLA-DMA;HLA-DPB1;HLA-DQA2;TNF;HLA-DQB1;HLA-DRB1;HLA-DQA1;FCER1G;HLA-DRB5;FCER1A;HLA-DOB
prerank,Human T-cell leukemia virus 1 infection,0.5929724884434836,1.8531847205530694,0.0,0.0,0.0,133/217,22.96%,CREB3L1;MMP7;IL15RA;RELB;SLC2A1;CCNE2;CREB3;HLA-DMB;ADCY3;ADCY5;E2F3;NFATC1;IL2RG;ICAM1;JAK3;IL15;HLA-DOA;NFKB2;HLA-DPA1;NFKB1;HLA-DRA;EGR2;SPI1;KRAS;AKT3;PIK3CD;TRRAP;ITGB2;HLA-DMA;MAP3K1;E2F2;ADCY7;SMAD2;TGFB3;HLA-DPB1;IL2RA;ADCY6;CDKN2B;IL2RB;ATR;ANAPC4;MAD2L1;HLA-DQA2;TNF;CCND2;TGFB1;VDAC1;TGFBR1;PPP3CA;ETS2;TLN1;PIK3CB;HLA-DQB1;CD3G;CREB1;IL6;CDC27;BUB1B;XPO1;HLA-DRB1;TGFB2;MAP3K14;CRTC3;HLA-DQA1;CCND3;CCNE1;RAN;CREB5;CD3D;NRP1;ETS1;CSF2;HLA-DRB5;NFATC4;STAT5A;CD3E;CDKN1A;JAK1;NFATC2;HLA-DOB;ZFP36;TSPO;B2M;HLA-B;CANX;LCK;CDK2;NRAS;CHEK1;CD4;CDC20;IKBKB;ATM;FOS;FOSL1;XIAP;MAPK9;ANAPC10;MSX2;CCNA2;CCNB2;HLA-C;PIK3R3;BUB3;ATF4;MAP2K1;HLA-A;CREBBP;SLC25A6;LTA;PIK3CA;ANAPC1;HLA-F;PIK3R2;AKT1;CDK4;PPP3R2;MAP3K3;SMAD4;EGR1;PTTG1;CDKN2A;ELK1;TCF3;SRF;ESPL1;PPP3CC;ATF2;SLC25A5;EP300;TBP;MAPK10;E2F1
prerank,Terpenoid backbone biosynthesis,-0.47987617774207303,-1.8521776662641862,0.0,0.0083284324648142,0.04004004004004004,11/22,6.92%,MVK;MVD;IDI1;ACAT2;PMVK;HMGCS1;ACAT1;HMGCR;PCYOX1;HMGCS2;FDPS
prerank,Hepatitis B,0.6001853673968599,1.8520009383514424,0.0,0.0,0.0,93/160,22.96%,CREB3L1;CXCL8;YWHAZ;CCNE2;CREB3;TLR2;E2F3;NFATC1;JAK2;IKBKE;IRAK4;JAK3;MAPK13;NFKB1;TRAF3;STAT3;MAPK11;EGR2;CASP10;KRAS;AKT3;PIK3CD;EGR3;STAT4;MAP3K1;E2F2;CASP8;TGFB3;TLR3;CYCS;MMP9;TNF;YWHAB;YWHAQ;TGFB1;TGFBR1;MAPK12;PIK3CB;BCL2;TBK1;CREB1;IL6;CASP3;STAT1;TGFB2;TICAM1;CCNE1;CREB5;SRC;STAT6;PRKCB;NFATC4;STAT5A;CDKN1A;DDX3X;JAK1;NFATC2;APAF1;CDK2;NRAS;DDX58;IRF7;IRAK1;HSPG2;IFIH1;IKBKB;FOS;MAPK9;CCNA2;PIK3R3;SOS2;ATF4;MAP2K1;CREBBP;PIK3CA;BIRC5;PRKCA;PIK3R2;AKT1;IFNB1;SMAD4;PCNA;ARAF;ELK1;GRB2;SOS1;ATF2;TLR4;EP300;MAP3K7;TYK2;MAPK10;E2F1
prerank,Rap1 signaling pathway,0.5894739788864353,1.8493244978992627,0.0,0.0,0.0,113/210,19.86%,RAP1GAP;SIPA1L2;LPAR5;EFNA5;ITGAM;ADCY3;ADCY5;EGFR;HGF;VASP;CSF1;RAC2;RASGRP3;LPAR2;RAP1B;RAPGEF5;LCP2;SIPA1L3;MAPK13;FPR1;ENAH;FYB1;GRIN2A;PLCB3;MAPK11;LPAR1;EGF;BCAR1;RALB;KRAS;VAV1;ARAP3;AKT3;PIK3CD;VEGFB;ITGB2;PARD6B;RASSF5;PLCB2;ADCY7;GRIN1;VEGFA;P2RY1;ADCY6;PRKCI;CSF1R;FGFR2;IGF1R;F2R;RAPGEF1;ACTG1;FGFR1;CALM2;TLN1;MAPK12;PIK3CB;EVL;CDH1;PLCE1;KITLG;RAC1;RALA;PRKD2;PDGFRA;GNAI3;EPHA2;SRC;PRKCB;APBB1IP;ITGA2B;ACTB;ITGB1;CDC42;NRAS;EFNA3;PGF;CTNND1;FGF5;RALGDS;FGF7;GNAQ;ADORA2B;PFN2;RRAS;KIT;CRK;LPAR3;AFDN;PIK3R3;ID1;PDGFD;PRKD3;MAP2K1;CALML4;RAP1A;THBS1;PIK3CA;FGF18;LPAR4;PDGFA;PRKCA;PIK3R2;AKT1;TIAM1;INSR;PDGFC;RHOA;KRIT1;PDGFRB;FARP2;NGF;FGF1;F2RL3
prerank,Viral myocarditis,0.6417716072803863,1.8430010293772654,0.0,0.0,0.0,37/57,18.68%,HLA-DMB;ICAM1;RAC2;HLA-DOA;HLA-DPA1;HLA-DRA;CD86;ITGB2;HLA-DMA;CASP8;HLA-DPB1;CYCS;HLA-DQA2;ACTG1;HLA-DQB1;CASP3;HLA-DRB1;HLA-DQA1;RAC1;ABL1;CD80;HLA-DRB5;ACTB;HLA-DOB;EIF4G2;EIF4G3;HLA-B;CAV1;LAMA2;HLA-C;SGCA;SGCB;HLA-A;ABL2;LAMA1;HLA-F;EIF4G1
prerank,Phagosome,0.5972819092829746,1.8366883777366534,0.0,0.0,0.0,86/149,21.46%,ITGAV;CTSS;ITGAM;PLA2R1;HLA-DMB;TLR6;TLR2;COMP;ITGA5;CLEC7A;CYBB;FCGR2A;MRC2;HLA-DOA;TUBB3;MSR1;TAP1;RAB7B;HLA-DPA1;HLA-DRA;STX7;TUBA4A;ITGB2;THBS2;HLA-DMA;FCGR1A;ATP6V1C2;NCF2;TUBB6;ITGA2;HLA-DPB1;TFRC;DYNC1H1;TCIRG1;TAP2;TUBA1A;HLA-DQA2;ACTG1;STX18;NCF1;FCGR3A;HLA-DQB1;CORO1A;ATP6V0A2;NCF4;HLA-DRB1;TUBA1C;HLA-DQA1;RAC1;STX12;DYNC2H1;FCGR3B;HLA-DRB5;ACTB;HLA-DOB;CYBA;TUBAL3;HLA-B;CANX;ITGB1;SEC61A1;FCGR2C;DYNC1I2;ATP6V0B;ATP6V1E2;TUBA1B;ATP6V1H;OLR1;HLA-C;SEC22B;HLA-A;DYNC1LI2;DYNC1LI1;THBS1;HLA-F;ATP6V0C;PIK3C3;PIKFYVE;ATP6V1A;TUBA8;ATP6V1B1;ITGB5;SFTPA2;ATP6V1C1;TLR4;FCAR
prerank,Bacterial invasion of epithelial cells,0.6221467008124588,1.8348621306678041,0.0,0.0,0.0,48/77,19.31%,ARPC1B;ITGA5;CAV2;CD2AP;BCAR1;VCL;PIK3CD;SEPTIN9;SEPTIN2;CBL;DNM2;ACTR3;ACTR2;SEPTIN8;ELMO3;ARPC2;HCLS1;SEPTIN3;ACTG1;PIK3CB;WASF2;CDH1;SEPTIN11;RAC1;ARPC5L;DNM1;SRC;ACTB;CLTC;CAV1;CTTN;ITGB1;PXN;CDC42;SHC1;ILK;CRK;PIK3R3;ACTR3C;DOCK1;PIK3CA;ARPC3;CTNNA1;CLTB;PIK3R2;FN1;RHOA;ARHGAP10
prerank,Cellular senescence,0.6008755088270058,1.833817730377664,0.0,0.0,0.0,88/156,19.56%,ITPR3;CXCL8;MCU;ITPR1;CCNE2;E2F3;NFATC1;CACNA1D;MAPK13;IGFBP3;NFKB1;MAPK11;PPP1CB;KRAS;FBXW11;RBL1;AKT3;PIK3CD;RASSF5;NBN;E2F2;IL1A;SMAD2;TGFB3;CDKN2B;ATR;HIPK1;CCND2;TGFB1;VDAC1;TGFBR1;CALM2;PPP3CA;MAPK12;PIK3CB;CAPN1;MAPKAPK2;IL6;HIPK3;CAPN2;TGFB2;MDM2;CCND3;CCNE1;GATA4;RBBP4;ETS1;KIR2DL4;NFATC4;CDKN1A;NFATC2;PPP1CC;HLA-B;CDK1;CDK2;NRAS;FOXM1;CHEK1;RAD9A;MYBL2;CCNB1;TRPV4;ATM;HUS1;MRE11;RRAS;CCNA2;CCNB2;HLA-C;PIK3R3;ZFP36L1;MAP2K1;HLA-A;RAD1;SLC25A6;CALML4;E2F5;PIK3CA;LIN9;HLA-F;PIK3R2;AKT1;CDK4;PPP3R2;CDC25A;SERPINE1;TSC1;CDKN2A
prerank,Kaposi sarcoma-associated herpesvirus infection,0.5895916902961349,1.8292046905075052,0.0,0.0,0.0,96/191,18.24%,ITPR3;CXCL1;CXCL3;HIF1A;CXCL8;BAK1;SYK;ITPR1;E2F3;NFATC1;JAK2;PTGS2;ICAM1;IKBKE;MICB;LYN;HCK;GNB4;CXCL2;MAPK13;NFKB1;TRAF3;STAT3;MAPK11;CD86;PIK3R6;KRAS;CLEC2B;AKT3;PIK3CD;PIK3R5;CCR5;CCR8;E2F2;PIK3CG;CASP8;VEGFA;TLR3;CYCS;PREX1;CALM2;PPP3CA;TRAF2;MAPK12;PIK3CB;MAPKAPK2;TBK1;CREB1;IL6;GNG3;CASP3;STAT1;GNG12;GNG2;TICAM1;RAC1;CCR1;CSF2;GNB2;SRC;GNB1;CCR4;NFATC4;CDKN1A;JAK1;NFATC2;ZFP36;HLA-B;CD200R1;NRAS;GNGT2;IRF7;IKBKB;FOS;MAPK9;EIF2AK2;HLA-C;ATG3;GNB3;PIK3R3;MAP2K1;HLA-A;CREBBP;TCF7L2;BECN2;GNB5;CALML4;PIK3CA;BECN1;HLA-F;PIK3R2;AKT1;CDK4;PPP3R2;PIK3C3;IRF9
prerank,B cell receptor signaling pathway,0.6123736180556297,1.829152997870463,0.0,0.0,0.0,50/79,21.08%,SYK;CARD11;BCL10;NFATC1;RAC2;RASGRP3;NFKBIE;LYN;NFKB1;KRAS;VAV1;AKT3;DAPP1;LILRB3;PIK3CD;LILRB4;BLNK;PTPN6;INPPL1;PPP3CA;BTK;INPP5D;PIK3CB;PIK3AP1;LILRA2;IFITM1;LILRB1;RAC1;CD22;LILRA6;PRKCB;NFATC2;NRAS;LILRB2;IKBKB;FOS;PIK3R3;SOS2;MAP2K1;PIK3CA;CR2;PIK3R2;AKT1;PPP3R2;MALT1;GRB2;LILRA5;SOS1;VAV3;PPP3CC
prerank,NOD-like receptor signaling pathway,0.5855981281718764,1.8256048367652644,0.0,1.965581105369571e-05,0.001,104/175,26.91%,ITPR3;BIRC3;CXCL1;CXCL3;CXCL8;GBP2;MCU;ITPR1;PYDC1;CARD6;IFI16;IL18;TRPM2;CYBB;DNM1L;ANTXR1;IL1B;IKBKE;IRAK4;CXCL2;MAPK13;PYCARD;NFKB1;PLCB3;TRAF3;CASP4;MAPK11;NLRP3;NAIP;TRAF5;GBP3;PLCB2;GBP4;STING1;CASP8;NLRP12;GBP5;RIPK3;CARD9;NAMPT;TNF;VDAC1;CCL2;OAS3;TRAF2;MAPK12;BCL2;NOD1;TBK1;IL6;STAT1;NLRC4;TP53BP1;TRPV2;TICAM1;CASP1;RIPK2;CASP5;MEFV;ANTXR2;JAK1;CYBA;PRKCD;IRF7;IKBKB;CASR;TANK;PSTPIP1;XIAP;HSP90AA1;MAPK9;PKN2;NEK7;CARD16;ERBIN;BRCC3;OAS2;CCL5;TNFAIP3;IRF9;IFNB1;RHOA;DHX33;RNF31;RBCK1;TLR4;NLRP1;AIM2;MFN1;CARD8;MAP3K7;TYK2;MAPK10;STAT2;GBP1;PLCB4;NOD2;YWHAE;RIPK1;RNASEL;BIRC2;MAPK3;TRAF6;PKN1
prerank,PD-L1 expression and PD-1 checkpoint pathway in cancer,0.6063789960398931,1.8244686124145026,0.0,1.920908807520263e-05,0.001,52/89,21.29%,HIF1A;TLR2;NFATC1;JAK2;EGFR;NFKBIE;MAPK13;NFKB1;RASGRP1;STAT3;MAPK11;EGF;KRAS;AKT3;PIK3CD;PTPN6;IFNGR2;PPP3CA;CD274;MAPK12;PIK3CB;CD3G;STAT1;BATF3;TICAM1;CD3D;BATF2;CD3E;JAK1;NFATC2;LCK;NRAS;CD4;IKBKB;PRKCQ;FOS;RPS6KB1;PIK3R3;MAP2K1;PIK3CA;CD247;PIK3R2;AKT1;PPP3R2;MAP3K3;ZAP70;PDCD1;BATF;PPP3CC;CSNK2A1;TLR4;CSNK2A3
prerank,Allograft rejection,0.6640810759751935,1.8220231476652835,0.0,3.7564438902618474e-05,0.002,30/35,27.91%,HLA-DMB;HLA-DOA;HLA-DPA1;HLA-DRA;CD86;HLA-DMA;HLA-DPB1;HLA-DQA2;TNF;HLA-DQB1;HLA-DRB1;HLA-DQA1;IL12A;CD80;HLA-DRB5;HLA-DOB;HLA-B;HLA-C;GZMB;HLA-A;HLA-F;CD40LG;IL4;CD28;IL2;IL12B;PRF1;IL10;FASLG;HLA-E
prerank,Mucin type O-glycan biosynthesis,0.6667338695260163,1.821036352861386,0.0,5.512173099840755e-05,0.003,16/36,9.31%,GCNT3;GALNT7;B3GNT3;ST6GALNAC4;GALNT18;GALNT10;ST6GALNAC1;GALNT5;B4GALT5;GALNT4;GCNT1;GALNT3;GALNT12;B3GNT6;GALNT14;GALNT6
prerank,Cell cycle,0.5971751453309846,1.8207422713656238,0.0,5.3948928211207385e-05,0.003,88/124,28.65%,YWHAZ;CCNE2;E2F3;CDC7;CDC25B;RBL1;CDC6;YWHAH;E2F2;SMAD2;TGFB3;ORC1;CDKN2B;MCM4;ATR;ANAPC4;MAD2L1;CCND2;YWHAB;YWHAQ;TGFB1;RAD21;PLK1;HDAC1;CDC27;BUB1B;PRKDC;BUB1;TGFB2;MDM2;TFDP1;CCND3;MCM3;CCNE1;ABL1;ORC6;MCM6;CDKN1A;DBF4;PKMYT1;ORC2;YWHAG;ORC4;CDK1;SFN;CDK2;CHEK1;CDC20;SMC1B;SMC1A;MCM2;CCNB1;ATM;ANAPC10;CDC45;CCNA2;CCNB2;BUB3;CDC14A;CREBBP;HDAC2;E2F5;ANAPC1;CDKN2D;TTK;CDK4;CDC25A;SMAD4;PCNA;PTTG1;CDKN2A;STAG2;STAG1;ESPL1;EP300;E2F1;GSK3B;ANAPC7;MCM7;YWHAE;CDC25C;CDKN1C;ORC5;PTTG2;ANAPC5;ZBTB17;TP53;CDKN2C
prerank,Human cytomegalovirus infection,0.5833491086575998,1.8176724365188903,0.0,5.282499220680723e-05,0.003,120/221,21.46%,CREB3L1;ITPR3;ITGAV;CXCL8;BAK1;CGAS;ITPR1;CREB3;ADCY3;ADCY5;E2F3;NFATC1;EGFR;CXCR4;PTGS2;IL1B;RAC2;CXCR2;GNB4;MAPK13;TAP1;NFKB1;PLCB3;STAT3;MAPK11;BCAR1;KRAS;AKT3;PIK3CD;TRAF5;PLCB2;CCR5;TAPBP;STING1;PTGER4;E2F2;CASP8;ADCY7;VEGFA;ADCY6;SP1;TAP2;CYCS;TNF;CCL2;CALM2;PPP3CA;TRAF2;MAPK12;PIK3CB;GNA13;TBK1;CREB1;IL10RB;IL6;GNG3;CASP3;GNG12;GNG2;MDM2;RAC1;CREB5;CCR1;IL10RA;PDGFRA;GNB2;GNAI3;SRC;ROCK1;GNB1;PRKCB;NFATC4;CDKN1A;JAK1;NFATC2;B2M;HLA-B;PXN;NRAS;GNGT2;IKBKB;GNAQ;PTGER2;CRK;RPS6KB1;HLA-C;GNB3;PIK3R3;SOS2;ATF4;ARHGEF12;AKAP13;MAP2K1;HLA-A;CCL4L2;GNB5;PDIA3;CALML4;PIK3CA;CCL5;CX3CL1;HLA-F;PRKCA;PIK3R2;AKT1;CDK4;CCL4;PPP3R2;IFNB1;TSC1;RHOA;CDKN2A;ELK1;ARHGEF1;GRB2;GNGT1;SOS1;PPP3CC;ATF2;GNG8
prerank,PI3K-Akt signaling pathway,0.574191546987364,1.8171282104349726,0.0,5.174693114136218e-05,0.003,183/350,21.92%,CREB3L1;ITGA3;ITGB6;OSMR;TGFA;ITGAV;ITGB8;COL9A2;SYK;LAMC2;MTCP1;OSM;YWHAZ;ITGB4;LPAR5;EFNA5;COL1A1;COL1A2;CCNE2;CREB3;IL4R;PPP2R5E;TLR2;JAK2;COMP;MCL1;EGFR;ITGA5;LAMB1;HGF;IL2RG;CSF1;TNC;LPAR2;JAK3;IL7;GNB4;ITGA4;COL6A3;ITGA11;CSF3R;SPP1;COL4A2;PPP2R2C;NFKB1;MYB;AREG;LPAR1;PHLPP2;EGF;PPP2R3A;COL4A1;PIK3R6;KRAS;BCL2L11;AKT3;PRKAA1;COL4A3;PIK3CD;VEGFB;YWHAH;PIK3R5;THBS2;PIK3CG;ITGA2;VEGFA;LPAR6;IL2RA;IL2RB;CSF1R;EREG;PPP2R2B;FGFR2;IGF1R;CCND2;YWHAB;YWHAQ;F2R;COL4A4;FGFR1;ITGA8;PIK3CB;COL6A2;PIK3AP1;BCL2;G6PC3;CREB1;IL6;GNG3;KITLG;GNG12;LAMA5;GNG2;MDM2;CCND3;RAC1;CCNE1;NTRK2;COL6A1;CREB5;LAMA4;PDGFRA;GNB2;EPHA2;GNB1;SGK1;PPP2R2A;IL7R;CDKN1A;JAK1;ITGA2B;EIF4E;YWHAG;TNXB;ITGB1;CDK2;NRAS;EFNA3;GNGT2;PGF;IKBKB;FGF5;DDIT4;ITGA9;FGF7;FLT3LG;KIT;HSP90AA1;LAMA2;COL4A5;PPP2CA;EPOR;NTF4;RPS6KB1;GYS1;LPAR3;GNB3;PKN2;PIK3R3;PDGFD;SOS2;ATF4;BRCA1;MAP2K1;COL9A1;GNB5;LAMB3;EPO;THBS1;PIK3CA;LAMA1;FGF18;ERBB3;LPAR4;PDGFA;PRKCA;PIK3R2;AKT1;FLT3;CDK4;PPP2R5B;CHRM1;FN1;IFNB1;INSR;PDGFC;TSC1;PDGFRB;NGF;FGF1;ITGB5;GRB2;NOS3;VEGFC;IBSP;HSP90B1;GNGT1;SOS1;ATF2;TLR4;GNG8;ITGA10;EFNA2
prerank,ECM-receptor interaction,0.6104700867743121,1.811657998596019,0.0,5.0711992518534946e-05,0.003,50/87,20.66%,ITGA3;ITGB6;ITGAV;AGRN;ITGB8;COL9A2;LAMC2;CD47;ITGB4;COL1A1;COL1A2;COMP;ITGA5;LAMB1;TNC;ITGA4;COL6A3;ITGA11;SPP1;COL4A2;COL4A1;COL4A3;THBS2;ITGA2;GP1BA;COL4A4;CD44;ITGA8;COL6A2;LAMA5;COL6A1;LAMA4;ITGA2B;FREM1;TNXB;ITGB1;HSPG2;ITGA9;HMMR;LAMA2;COL4A5;COL9A1;LAMB3;THBS1;LAMA1;FREM2;FN1;FRAS1;ITGB5;IBSP
prerank,Measles,0.592223822863832,1.8103386222185545,0.0,4.9717639724053867e-05,0.003,88/137,28.25%,BAK1;CCNE2;TLR2;IL2RG;IL1B;IKBKE;TLR7;IRAK4;JAK3;NFKB1;TRAF3;STAT3;AKT3;PIK3CD;IL1A;CASP8;BBC3;RCHY1;IL2RA;RAB9B;IL2RB;CYCS;CCND2;MX2;OAS3;PIK3CB;CD3G;BCL2;RAB9A;TBK1;IL6;EIF2AK3;MSN;CASP3;STAT1;CCND3;CCNE1;CD3D;IL12A;STAT5A;CD3E;JAK1;APAF1;CBLB;HSPA2;ADAR;CDK2;DDX58;SLAMF1;IRF7;IRAK1;IFIH1;IKBKB;FOS;HSPA6;MAPK9;EIF2AK2;PIK3R3;EIF2S1;OAS2;HSPA8;PIK3CA;TP73;TNFAIP3;PIK3R2;AKT1;CDK4;MX1;IRF9;IFNB1;CSNK2A1;TLR4;CSNK2A3;MAP3K7;TYK2;MAPK10;STAT2;CD209;GSK3B;FCGR2B;CD28;IL2;IL12B;TRAF6;CD46;BAX;FASLG;TP53
prerank,Synthesis and degradation of ketone bodies,-0.6292192854677096,-1.8095099717499221,0.005154639175257732,0.009681802740346508,0.04804804804804805,7/10,7.49%,BDH1;HMGCL;ACAT2;HMGCS1;ACAT1;HMGCS2;BDH2
prerank,Protein digestion and absorption,0.5959178477968302,1.8034111395147574,0.0,4.8761531267822055e-05,0.003,49/103,15.69%,SLC7A7;COL9A2;COL10A1;COL1A1;COL1A2;COL22A1;COL8A2;COL5A1;COL16A1;SLC36A4;KCNN4;SLC1A5;COL3A1;COL6A3;ATP1B1;COL4A2;SLC8A1;COL4A1;COL12A1;COL11A1;ATP1A1;KCNQ1;COL4A3;SLC6A19;KCNK5;PRSS3;ATP1B3;COL8A1;SLC7A8;COL4A4;COL6A2;SLC36A1;COL6A1;COL13A1;COL28A1;COL17A1;SLC9A3;SLC3A1;COL14A1;SLC15A1;ATP1A3;CPA2;COL4A5;COL15A1;KCNE3;FXYD2;ATP1A4;SLC8A2;COL9A1
prerank,Legionellosis,0.6142606040950034,1.802550422210606,0.0,4.784150237597636e-05,0.003,29/57,14.89%,CXCL1;CXCL3;CXCL8;ITGAM;TLR2;IL18;IL1B;TLR5;CXCL2;PYCARD;NFKB2;NFKB1;NAIP;ITGB2;CASP7;CASP8;CYCS;TNF;IL6;CASP3;NLRC4;CASP1;IL12A;RAB1A;APAF1;HSPA2;HSPA6;SEC22B;CR1L
prerank,Antigen processing and presentation,0.6162474344203348,1.8017779327407992,0.0,4.695554862827309e-05,0.003,43/70,19.67%,CTSS;CIITA;HLA-DMB;HLA-DOA;IFI30;TAP1;HLA-DPA1;HLA-DRA;TAPBP;HLA-DMA;HLA-DPB1;CD74;TAP2;HLA-DQA2;TNF;KLRC1;HLA-DQB1;RFX5;CREB1;HLA-DRB1;HLA-DQA1;HLA-DRB5;KIR2DL4;HLA-DOB;B2M;HLA-B;CANX;PSME3;HSPA2;CD4;HSP90AA1;HSPA6;KIR2DL3;HLA-C;HSPA5;CD8A;HLA-A;PDIA3;HSPA4;HSPA8;HLA-F;KLRC2;KIR2DL1
prerank,Salmonella infection,0.5714538257866217,1.8005529164631515,0.0,4.610181138048631e-05,0.003,153/249,27.63%,BIRC3;AHNAK2;CXCL8;BAK1;ARPC1B;MYO6;TLR6;TLR2;IL18;IL1B;IRAK4;KLC2;TLR5;FLNA;MAPK13;MLKL;PYCARD;TUBB3;FHOD1;PIK3C2B;RAB7B;NFKB1;CASP4;MAPK11;TUBA4A;NLRP3;AKT3;NAIP;NCKAP1L;PIK3CD;CYTH3;PODXL;GCC2;SNX18;DCTN5;CYTH4;CASP7;PIK3CG;CASP8;DNM2;TUBB6;ACTR3;RAB9B;ACTR2;PAK3;DYNC1H1;RIPK3;CYCS;TUBA1A;TNF;DCTN2;ARPC2;PTPRC;ACTG1;TRAF2;KIF5A;MAPK12;PIK3CB;BCL2;NCKAP1;RAB9A;NOD1;ACBD3;IL6;CASP3;NLRC4;TUBA1C;DYNLT1;CASP1;RAC1;ARPC5L;RIPK2;RALA;TNFRSF10A;CASP5;CYFIP1;DYNC2H1;PAK1;KIF5B;ACTB;ARF6;TUBAL3;LY96;CDC42;CYTH2;DYNC1I2;IRAK1;RHOH;MYL9;ANXA2;IKBKB;KPNA4;PFN2;PLEKHM1;FOS;TNFRSF10B;RRAS;PIK3C2A;TUBA1B;HSP90AA1;MAPK9;FLNC;DYNC2LI1;DCTN6;ACTR3C;VPS41;EXOC5;MAP2K1;DYNC1LI2;TCF7L2;DYNC1LI1;KIF5C;PIK3CA;KLC3;PLEKHM2;ARPC3;KLC1;AKT1;PIK3C3;ABI1;TNFSF10;GAPDH;RHOA;S100A10;TUBA8;ACTR10;HSP90B1;KPNA3;TLR4;MAP3K7;MAPK10;WASL;PFN1;RHOG;AHNAK;RHOJ;M6PR;VPS39;DYNLL1;RIPK1;MAP2K4;BIRC2;MAPK3;VPS18;ELMO2;ARPC5;FLNB;TRAF6;PKN1;MYL12A;BAX;DCTN1;EXOC2
prerank,Complement and coagulation cascades,-0.357035469210523,-1.7978272221801839,0.0,0.010170782676727642,0.05105105105105105,27/85,5.39%,PROC;F10;F12;MASP2;SERPINC1;F7;SERPIND1;PLG;F9;CPB2;KNG1;SERPINF2;CFHR2;F2;MASP1;MBL2;C2;SERPINA5;SERPING1;C4BPB;F13B;CFHR4;F5;CFHR1;PROS1;CFHR5;C8A
prerank,Hippo signaling pathway,0.583122272706366,1.7965633614724665,0.0,6.037141966492255e-05,0.004,98/162,25.15%,BIRC3;RASSF6;WNT4;FZD1;YWHAZ;BMP8A;WNT9A;DLG3;WNT7B;FZD7;TEAD2;PPP2R2C;AREG;PPP1CB;RASSF2;FBXW11;YWHAH;ITGB2;TEAD4;WWC1;PARD6B;MOB1A;FRMD6;WNT10B;SMAD2;BBC3;TGFB3;STK3;PRKCI;MOB1B;PPP2R2B;FZD3;FZD2;CCND2;YWHAB;YWHAQ;TGFB1;FZD8;TGFBR1;BMP8B;ACTG1;WNT10A;CDH1;BMP2;BMPR1B;TGFB2;GLI2;CCND3;AXIN1;FZD6;WNT7A;PAK1;PPP2R2A;ACTB;FZD10;PATJ;PPP1CC;YWHAG;DCHS2;WWTR1;WTIP;LIMD1;BMPR2;WNT2;LLGL1;WNT2B;NKD2;DCHS1;CCN2;PPP2CA;CSNK1E;APC;LATS1;ID1;LLGL2;TCF7L2;AMH;NF2;TP73;BIRC5;CTNNA1;SMAD1;SERPINE1;SMAD4;FGF1;DLG4;SMAD7;FZD5;CSNK1D;BMP6;TEAD3;CRB2;LATS2;GSK3B;BMPR1A;CRB1;DVL3;YWHAE
prerank,Relaxin signaling pathway,0.5895129760322511,1.796476907364653,0.0,5.931227195150286e-05,0.004,71/129,21.46%,CREB3L1;COL1A1;COL1A2;CREB3;ADCY3;ADCY5;EGFR;MMP1;GNA15;COL3A1;GNB4;MAPK13;COL4A2;INSL3;NFKB1;PLCB3;MAPK11;COL4A1;KRAS;AKT3;COL4A3;PIK3CD;ARRB2;VEGFB;PLCB2;ADCY7;SMAD2;VEGFA;ADCY6;MMP9;TGFB1;COL4A4;EDN1;TGFBR1;MMP2;MAPK12;PIK3CB;CREB1;GNG3;GNG12;GNG2;CREB5;ARRB1;GNB2;GNAI3;SRC;GNB1;NRAS;GNGT2;ACTA2;FOS;SHC1;MAPK9;COL4A5;GNB3;PIK3R3;SOS2;ATF4;MAP2K1;GNB5;PIK3CA;PRKCA;PIK3R2;AKT1;GRB2;NOS3;VEGFC;GNGT1;SOS1;ATF2;GNG8
prerank,Small cell lung cancer,0.5984791511492441,1.7964470248425117,0.0,5.828964657302867e-05,0.004,51/92,18.63%,BIRC3;ITGA3;ITGAV;BAK1;LAMC2;CCNE2;E2F3;LAMB1;PTGS2;COL4A2;NFKB1;TRAF3;COL4A1;AKT3;COL4A3;PIK3CD;TRAF5;E2F2;ITGA2;CDKN2B;MAX;CYCS;COL4A4;TRAF2;PIK3CB;BCL2;CASP3;LAMA5;CCNE1;LAMA4;TRAF1;CDKN1A;ITGA2B;APAF1;ITGB1;CDK2;IKBKB;XIAP;LAMA2;COL4A5;PIK3R3;LAMB3;POLK;PIK3CA;LAMA1;RARB;PIK3R2;AKT1;CDK4;CKS2;FN1
prerank,Carbohydrate digestion and absorption,0.6300418310588621,1.7949903173332202,0.0,7.162710807702676e-05,0.005,26/46,18.02%,MGAM2;HK2;MGAM;HKDC1;CACNA1D;ATP1B1;PLCB3;ATP1A1;AKT3;PIK3CD;PLCB2;ATP1B3;PIK3CB;G6PC3;SLC5A1;HK3;PRKCB;ATP1A3;SI;FXYD2;ATP1A4;PIK3R3;HK1;PIK3CA;PIK3R2;AKT1
prerank,Chagas disease,0.5923724092013922,1.7948731505873678,0.0,7.043332294240965e-05,0.005,67/101,27.78%,CXCL8;TLR6;TLR2;IL1B;GNA15;IRAK4;MAPK13;PPP2R2C;NFKB1;PLCB3;MAPK11;AKT3;PIK3CD;PLCB2;CASP8;SMAD2;TGFB3;PPP2R2B;TNF;TGFB1;IFNGR2;CCL2;TGFBR1;BDKRB2;MAPK12;PIK3CB;CD3G;IL6;ACE;TGFB2;CFLAR;TICAM1;CD3D;IL12A;GNAI3;PPP2R2A;CD3E;C1QC;C1QB;IRAK1;IKBKB;GNAQ;FOS;MAPK9;PPP2CA;C1QA;PIK3R3;PIK3CA;CCL5;CD247;PIK3R2;AKT1;SERPINE1;IFNB1;TLR4;GNA11;MAPK10;PLCB4;IL2;IL12B;MAP2K4;CCL3L3;MAPK3;TRAF6;PPP2CB;IL10;FASLG
prerank,MAPK signaling pathway,0.5673109864281645,1.7928418032074798,0.0,8.313441396481137e-05,0.006,160/294,22.99%,DUSP4;TGFA;MAP3K6;MECOM;CACNA1H;CACNB3;EFNA5;RELB;NFATC1;EGFR;HGF;CACNA1D;CACNB1;CSF1;IL1B;RAC2;RASGRP3;IRAK4;MAP3K5;RAP1B;FLNA;DUSP5;MAPK13;NFKB2;PLA2G4D;NFKB1;RASGRP1;AREG;MAPK11;EGF;CDC25B;KRAS;AKT3;ARRB2;VEGFB;PTPRR;MAP3K12;PLA2G4E;CACNA1G;MAP4K3;PTPN7;MAP3K1;IL1A;TGFB3;STK3;VEGFA;CSF1R;EREG;MAX;FGFR2;IGF1R;PAK2;TNF;TGFB1;PLA2G4A;TGFBR1;FGFR1;PPP3CA;TRAF2;MAPK12;RPS6KA5;MAPKAPK2;CASP3;IL1RAP;RPS6KA1;KITLG;GNG12;TGFB2;MAP3K14;CACNA2D1;MAPK7;RAC1;NTRK2;ARRB1;RPS6KA4;PAK1;PDGFRA;CACNA1C;EPHA2;MKNK1;PRKCB;TAOK1;MAP3K20;CACNA2D4;DUSP2;HSPA2;CDC42;RASGRP4;RASA2;NRAS;EFNA3;PGF;MAP4K1;IRAK1;PPP5C;IKBKB;FGF5;FGF7;LAMTOR3;MAPK8IP2;FOS;MAPK8IP3;RRAS;FLT3LG;KIT;HSPA6;MAPK9;CRK;FLNC;NTF4;MAPKAPK5;CACNA1A;STK4;MAP3K2;PDGFD;SOS2;ATF4;MAP2K1;PPM1B;RAP1A;NLK;HSPA8;NF1;FGF18;ERBB3;MEF2C;PDGFA;PRKCA;AKT1;FLT3;PPP3R2;MAP3K3;STMN1;RPS6KA2;DDIT3;INSR;PDGFC;ARAF;PDGFRB;DUSP6;NGF;PLA2G4C;FGF1;ELK1;GRB2;VEGFC;RPS6KA6;SRF;SOS1;PPP3CC;CACNA2D2;ATF2;RASA1;EFNA2;CACNA1F;EFNA1;MAP3K7;PLA2G4F;MAPK10;TAOK3
prerank,Chemokine signaling pathway,0.5797080157206558,1.7914527008110757,0.0,8.179353632021766e-05,0.006,105/189,21.02%,CXCL1;CXCL3;CXCL6;CXCL8;CXCL5;CCL28;ADCY3;ADCY5;JAK2;CXCR4;RAC2;JAK3;CXCR2;RAP1B;LYN;HCK;GNB4;CXCL2;NFKB1;PLCB3;STAT3;BCAR1;PIK3R6;KRAS;VAV1;CXCR1;AKT3;CXCL16;PIK3CD;CCL20;ARRB2;DOCK2;FGR;PIK3R5;PLCB2;CCR5;CCR8;PIK3CG;ADCY7;ADCY6;CCL22;PREX1;CCL2;NCF1;PF4V1;PIK3CB;GNG3;CCL26;STAT1;GNG12;GNG2;RAC1;CXCR6;ARRB1;CCR1;PAK1;GNB2;GNAI3;SRC;ROCK1;GNB1;PRKCB;CCR4;PXN;CDC42;PRKCD;NRAS;GNGT2;WAS;IKBKB;ITK;GNAQ;GRK2;SHC1;CX3CR1;CRK;GNB3;PIK3R3;PF4;CXCR3;SOS2;MAP2K1;CCL4L2;GNB5;CCL11;RAP1A;PIK3CA;CXCL11;CCL5;CX3CL1;PIK3R2;AKT1;CCL4;TIAM1;CCL7;GSK3A;RHOA;CXCL14;GRK7;CXCL9;GRB2;CCL21;GNGT1;SOS1;VAV3
prerank,Pancreatic cancer,0.6063644945894466,1.7869671516286656,0.0,0.00010732696829319565,0.008,45/76,19.56%,TGFA;BAK1;E2F3;EGFR;RAC2;PLD1;NFKB1;STAT3;EGF;RALB;KRAS;AKT3;PIK3CD;E2F2;SMAD2;TGFB3;VEGFA;PLD2;TGFB1;TGFBR1;PIK3CB;STAT1;ARHGEF6;TGFB2;RAC1;RALA;BRCA2;CDKN1A;JAK1;CDC42;IKBKB;RALGDS;MAPK9;RPS6KB1;RAD51;PIK3R3;MAP2K1;POLK;PIK3CA;PIK3R2;AKT1;CDK4;SMAD4;ARAF;CDKN2A
prerank,ErbB signaling pathway,0.5943127698940821,1.7865574337868493,0.0,0.00011885623246531627,0.009,48/85,21.42%,TGFA;BTC;EGFR;AREG;EGF;NCK2;KRAS;HBEGF;AKT3;PIK3CD;CBL;PAK3;EREG;CAMK2D;PAK2;PIK3CB;PAK6;ABL1;PAK1;SRC;PRKCB;STAT5A;CDKN1A;CBLB;NRG3;PAK4;NRG4;NRAS;NCK1;SHC1;MAPK9;CRK;RPS6KB1;PIK3R3;SOS2;MAP2K1;ABL2;PIK3CA;ERBB3;NRG2;PRKCA;PIK3R2;AKT1;ARAF;ELK1;GRB2;SOS1;GAB1
prerank,Human immunodeficiency virus 1 infection,0.5745247709645828,1.783295238458935,0.0,0.00011702767504277294,0.009,103/209,18.12%,ITPR3;LIMK2;BAK1;AP1S3;CGAS;ITPR1;APOBEC3C;AP1G2;TLR2;NFATC1;LIMK1;CXCR4;RAC2;IRAK4;APOBEC3G;GNB4;MAPK13;TAP1;NFKB1;MAPK11;KRAS;FBXW11;AKT3;PIK3CD;APOBEC3D;TRAF5;CCR5;TAPBP;STING1;CASP8;PAK3;ATR;TAP2;CYCS;PAK2;TNF;CALM2;PPP3CA;TRAF2;MAPK12;PIK3CB;CD3G;BCL2;TBK1;GNG3;CASP3;PAK6;TNFRSF1B;GNG12;GNG2;RAC1;CD3D;PAK1;APOBEC3A;GNB2;GNAI3;GNB1;PRKCB;NFATC4;CD3E;NFATC2;AP1B1;B2M;HLA-B;PAK4;CDK1;PXN;NRAS;GNGT2;CHEK1;IRAK1;CD4;IKBKB;APOBEC3H;CCNB1;GNAQ;ATM;CFL1;FOS;CUL4B;MAPK9;CRK;APOBEC3F;CCNB2;RPS6KB1;HLA-C;GNB3;PIK3R3;TRIM5;CUL5;MAP2K1;HLA-A;GNB5;PDIA3;CALML4;PIK3CA;AP1S2;HLA-F;CD247;PRKCA;PIK3R2;AKT1;PPP3R2
prerank,Hypertrophic cardiomyopathy,0.5956071833495201,1.778947000251884,0.0,0.0001664787633184228,0.013,43/90,15.47%,ITGA3;ITGB6;ITGAV;TPM4;ITGB8;CACNB3;ITGB4;ITGA5;CACNA1D;CACNB1;ITGA4;ITGA11;SLC8A1;TPM3;ATP2A3;PRKAA1;ATP2A2;TGFB3;ITGA2;TNF;TGFB1;EDN1;TPM2;ACTG1;TPM1;ITGA8;IL6;ACE;TGFB2;CACNA2D1;CACNA1C;ITGA2B;ACTB;CACNA2D4;ITGB1;TNNT2;ITGA9;ACTC1;LAMA2;SGCA;SGCB;TTN;SLC8A2
prerank,Renal cell carcinoma,0.5978018504993116,1.7734807490545552,0.0,0.0001639940056569538,0.013,43/69,22.18%,EGLN3;TGFA;HIF1A;ARNT2;SLC2A1;HGF;RAP1B;KRAS;AKT3;PIK3CD;TGFB3;VEGFA;PAK3;PAK2;TGFB1;RAPGEF1;PIK3CB;PAK6;TGFB2;RAC1;ETS1;PAK1;EGLN2;CDKN1A;PAK4;CDC42;NRAS;CRK;PIK3R3;SOS2;MAP2K1;CREBBP;TFE3;RAP1A;PIK3CA;PIK3R2;AKT1;ARAF;GRB2;SOS1;GAB1;EGLN1;EP300
prerank,Viral protein interaction with cytokine and cytokine receptor,0.5898048691259205,1.7734022318678861,0.0,0.00016158232910317506,0.013,66/97,28.04%,CXCL1;CXCL3;CXCL6;CXCL8;CXCL5;CCL28;IL18;CXCR4;IL2RG;CSF1;CXCR2;TNFRSF10C;CXCL2;CXCR1;CCL20;IL18R1;CCR5;CCR8;IL2RA;CCL22;IL2RB;CSF1R;IL20RA;TNF;CCL2;PF4V1;IL10RB;IL6;CCL26;TNFRSF1B;TNFSF14;TNFRSF10A;CCR1;IL10RA;CCR4;ACKR4;IL18RAP;TNFRSF14;IL34;TNFRSF10B;CX3CR1;PF4;CXCR3;CCL4L2;LTA;CCL11;CXCL11;CCL5;CX3CL1;CCL4;CCL7;TNFSF10;CXCL14;CXCL9;CCL21;CCR7;IL6ST;CCR2;IL2;CCL18;IL37;CCR6;CCL3L3;IL10;XCR1;ACKR3
prerank,IL-17 signaling pathway,0.5881060681448638,1.771104282228524,0.0,0.00017148982977282346,0.014,43/93,16.19%,CXCL1;CXCL3;CXCL6;CXCL8;CXCL5;PTGS2;IL1B;MMP1;IKBKE;MUC5B;CXCL2;MAPK13;NFKB1;TRAF3;LCN2;MAPK11;CCL20;TRAF5;CASP8;MMP9;TNF;CCL2;TRAF2;MAPK12;TBK1;IL6;CASP3;MUC5AC;MAPK7;CSF2;S100A9;IL17RA;MAPK15;IKBKB;IL17C;FOS;FOSL1;HSP90AA1;MAPK9;S100A8;SRSF1;IL17D;CCL11
prerank,Inositol phosphate metabolism,0.5972083174677744,1.7687491434328477,0.0,0.00016903997506178314,0.014,48/73,24.87%,INPP4A;PLCD3;PIP5K1C;PIP4K2A;PIK3C2B;PLCB3;PLCH1;PIK3CD;INPP5J;PLCB2;PIP4K2C;PIK3CG;PIP5KL1;ITPKA;MTMR2;IPMK;INPPL1;INPP5D;PIK3CB;PLCE1;SYNJ2;PIP5K1A;SYNJ1;PI4KB;PI4KA;OCRL;INPP5F;ITPKB;INPP4B;ISYNA1;IPPK;MTMR1;INPP1;PIK3C2A;ITPKC;MTMR8;PIK3CA;PIK3C3;INPP5E;IMPA2;PIKFYVE;INPP5K;MIOX;PLCH2;IMPA1;MTMR7;FIG4;PLCB4
prerank,Cholinergic synapse,0.5828576575672257,1.7646981862671547,0.0,0.0001666591303426031,0.014,67/113,25.22%,CREB3L1;ITPR3;ACHE;ITPR1;CREB3;ADCY3;ADCY5;JAK2;CACNA1D;GNB4;PLCB3;PIK3R6;KRAS;AKT3;KCNQ1;PIK3CD;CHRNA6;KCNQ3;PIK3R5;PLCB2;PIK3CG;ADCY7;ADCY6;CAMK2D;KCNJ2;KCNQ5;PIK3CB;BCL2;CREB1;GNG3;GNG12;GNG2;CREB5;GNB2;GNAI3;CACNA1C;GNB1;PRKCB;CAMK4;KCNJ3;NRAS;GNGT2;GNAQ;FOS;CHRNA7;GNB3;CACNA1A;PIK3R3;ATF4;MAP2K1;GNB5;PIK3CA;PRKCA;PIK3R2;AKT1;KCNQ4;CHRM1;GNGT1;GNG8;CACNA1F;GNA11;KCNJ18;PRKACB;KCNJ12;KCNQ2;PLCB4;CACNA1B
prerank,Glycosphingolipid biosynthesis,0.621902857874931,1.7634876580312224,0.0,0.00016434442019895581,0.014,24/45,14.24%,FUT4;B3GNT3;ST6GALNAC4;B3GALT5;B3GALT2;B3GNT5;A4GALT;GBGT1;FUT2;B3GALNT1;B4GALT4;B3GNT2;ST6GALNAC6;FUT3;B3GNT4;ST8SIA5;A3GALT2;FUT6;FUT1;ST3GAL5;B4GALT1;B3GALT4;B4GALNT1;ST3GAL4
prerank,Sphingolipid signaling pathway,0.576550542591425,1.7624528101149428,0.0,0.00016209312677157288,0.014,61/119,18.33%,SGPP2;ABCC1;DEGS2;PPP2R5E;CERS6;RAC2;PLD1;MAP3K5;MAPK13;PPP2R2C;NFKB1;ASAH1;PLCB3;MAPK11;PPP2R3A;KRAS;ADORA3;AKT3;SPHK1;PIK3CD;SGMS2;PLCB2;S1PR2;PPP2R2B;PLD2;TNF;BDKRB2;TRAF2;SGPP1;SPTLC2;MAPK12;PIK3CB;BCL2;GNA13;DEGS1;SPTLC1;S1PR3;NSMAF;RAC1;CERS5;FCER1G;GNAI3;ROCK1;PRKCB;PPP2R2A;FCER1A;ADORA1;NRAS;ACER2;GNAQ;MAPK9;S1PR5;PPP2CA;SMPD2;PIK3R3;MAP2K1;PIK3CA;PRKCA;PIK3R2;AKT1;PPP2R5B
prerank,Bile secretion,-0.33570250962956183,-1.761736399464416,0.0,0.011959873973369214,0.06006006006006006,30/90,5.64%,SLC27A5;AQP9;ABCB11;EPHX1;ABCB4;SLC10A1;SULT2A1;CYP3A4;UGT1A3;CYP7A1;UGT1A4;SLCO1B3;ABCG2;UGT2B10;SLCO1B7;ADCY8;HMGCR;SLCO1B1;SLC51B;SLC22A1;RXRA;SLC22A7;AQP8;UGT1A1;ABCC2;ABCG5;SLC51A;NR1H4;SLCO1A2;ABCG8
prerank,Human papillomavirus infection,0.5581157560832944,1.7599826098523528,0.0,0.0001827459189857115,0.016,160/328,20.02%,CREB3L1;ITGA3;ITGB6;WNT4;ITGAV;FZD1;PKM;BAK1;ITGB8;COL9A2;LAMC2;ITGB4;COL1A1;COL1A2;WNT9A;CCNE2;CREB3;PPP2R5E;COMP;EGFR;ITGA5;DLG3;LAMB1;WNT7B;PTGS2;IKBKE;TNC;FZD7;IRF1;NOTCH1;ITGA4;NOTCH2;COL6A3;ITGA11;SPP1;COL4A2;PPP2R2C;HES4;NFKB1;TRAF3;EGF;PPP2R3A;COL4A1;HEYL;KRAS;RBL1;AKT3;JAG1;COL4A3;PIK3CD;NOTCH3;PARD6B;THBS2;PTGER4;RBPJ;ATP6V1C2;WNT10B;CASP8;ITGA2;VEGFA;TLR3;PRKCI;ATR;TCIRG1;PPP2R2B;FZD3;FZD2;MAML2;LFNG;HES2;TNF;CCND2;COL4A4;MX2;FZD8;ITGA8;PIK3CB;COL6A2;WNT10A;HDAC1;ATP6V0A2;TBK1;CREB1;CASP3;STAT1;LAMA5;MDM2;TICAM1;MAML1;CCND3;CCNE1;AXIN1;COL6A1;CREB5;FZD6;WNT7A;LAMA4;PPP2R2A;CDKN1A;JAK1;ITGA2B;FZD10;PATJ;HLA-B;TNXB;ITGB1;PXN;CDC42;CDK2;NRAS;IKBKB;WNT2;ITGA9;ATP6V0B;LLGL1;ATM;ATP6V1E2;MFNG;WNT2B;LAMA2;ATP6V1H;COL4A5;PPP2CA;EIF2AK2;CCNA2;APC;RPS6KB1;HLA-C;PIK3R3;LLGL2;SOS2;HEY1;MAP2K1;HLA-A;CREBBP;COL9A1;TCF7L2;HDAC2;LAMB3;THBS1;PIK3CA;CSNK1A1;LAMA1;TUBG2;HLA-F;ATP6V0C;PIK3R2;AKT1;CDK4;MX1;IRF9;PPP2R5B;FN1;IFNB1;TSC1;ATP6V1A;PDGFRB;ATP6V1B1;ITGB5;GRB2
prerank,Phenylalanine metabolism,-0.510596095786159,-1.756665296684828,0.0,0.01217140915929275,0.06306306306306306,8/17,7.03%,GLYAT;HPD;PAH;TAT;GOT2;MAOB;DDC;ALDH3A1
prerank,Viral carcinogenesis,0.5625364088650993,1.7528821066303246,0.0,0.0002253866334157109,0.019,101/202,22.21%,CREB3L1;SCIN;PMAIP1;PKM;BAK1;SYK;HDAC9;YWHAZ;CCNE2;CREB3;HDAC7;JAK3;LYN;NFKB2;NFKB1;TRAF3;STAT3;EGR2;KRAS;RBL1;PIK3CD;EGR3;YWHAH;TRAF5;CCR5;CCR8;RBPJ;CASP8;CDKN2B;H4-16;CCND2;YWHAB;YWHAQ;TRAF2;PIK3CB;MAPKAPK2;HDAC1;CREB1;CASP3;REL;MDM2;CCND3;RAC1;CCNE1;CREB5;SRC;H2BC18;TRAF1;CCR4;STAT5A;CDKN1A;H2BC6;DDX3X;JAK1;YWHAG;HLA-B;ACTN4;CDK1;PXN;CDC42;ACTN1;RASA2;CDK2;NRAS;CHEK1;GTF2E2;IRF7;CDC20;GTF2H2C;GTF2H1;H4C8;H2BC8;GTF2H2;EIF2AK2;CCNA2;HLA-C;PIK3R3;ATF4;HLA-A;CREBBP;HNRNPK;HDAC2;PIK3CA;H2BU1;SP100;HLA-F;PIK3R2;GTF2E1;CDK4;IRF9;GTF2H3;H4C4;RHOA;CDKN2A;GRB2;SRF;GSN;ATF2;H2BC7;EP300;UBR4
prerank,"Parathyroid hormone synthesis, secretion and action",0.5796524684560888,1.752847305902458,0.0,0.00022242101981813576,0.019,57/106,20.00%,CREB3L1;ITPR3;ITPR1;TRPV5;PDE4A;CREB3;ADCY3;ADCY5;EGFR;SLC34A2;PLD1;MMP14;MMP25;PTHLH;PLCB3;HBEGF;PDE4B;ARRB2;PLCB2;MMP16;ADCY7;PDE4D;ADCY6;SP1;PLD2;FGFR1;CYP27B1;BCL2;GNA13;CREB1;RUNX2;GATA3;CREB5;ARRB1;GNAI3;PRKCB;CDKN1A;VDR;PDE4C;CASR;MEF2D;GNAQ;FOS;CYP24A1;ATF4;AKAP13;MAP2K1;NR4A2;MEF2C;PRKCA;MEF2A;MMP17;RHOA;EGR1;ARAF;MMP15;ARHGEF1
prerank,Ras signaling pathway,0.5558856380420634,1.7527799503106987,0.0,0.00021953243514517294,0.019,134/232,24.58%,TGFA;RASA3;EFNA5;EGFR;HGF;PLA2G2A;CSF1;RAC2;RASGRP3;PLD1;RASAL1;RAP1B;RAPGEF5;GNB4;GRIN2A;PLA2G4D;NFKB1;RASGRP1;EGF;RALB;KRAS;PLA2G10;AKT3;PIK3CD;VEGFB;RASSF5;PLA2G4E;GRIN1;VEGFA;PAK3;CSF1R;FGFR2;PLD2;RIN1;IGF1R;PAK2;PLA2G4A;FGFR1;CALM2;ETS2;RASAL3;PIK3CB;PLA2G1B;SYNGAP1;TBK1;PLCE1;GNG3;PAK6;REL;KITLG;GNG12;GNG2;RAC1;ABL1;RALA;NTRK2;ETS1;PAK1;PDGFRA;BRAP;GNB2;EPHA2;GNB1;PRKCB;ARF6;PAK4;CDC42;RASGRP4;RASA2;NRAS;EFNA3;GNGT2;PGF;IKBKB;FGF5;RALGDS;FGF7;SHC1;RGL1;RRAS;FLT3LG;KSR1;KIT;MAPK9;NTF4;GNB3;STK4;AFDN;PIK3R3;PDGFD;SOS2;MAP2K1;GNB5;ABL2;CALML4;RAP1A;PIK3CA;NF1;FGF18;PDGFA;PRKCA;PIK3R2;AKT1;FLT3;TIAM1;ZAP70;INSR;PDGFC;RHOA;PDGFRB;NGF;PLA2G4C;FGF1;ELK1;GRB2;SHOC2;VEGFC;GNGT1;SOS1;GAB1;GNG8;RASA1;EFNA2;RASA4B;EFNA1;PLA2G4F;MAPK10;LAT;PRKACB;FLT1;ANGPT2;PLA2G2D;RASAL2;RASA4
prerank,MicroRNAs in cancer,0.560495321362468,1.7511650373106231,0.0,0.00021671791674587586,0.019,111/238,22.37%,ABCC1;EZR;SLC7A1;SOCS1;BAK1;EFNA5;PLAU;CCNE2;E2F3;MCL1;EGFR;ITGA5;GLS;PTGS2;TNC;NOTCH1;NOTCH2;MARCKS;NFKB1;STAT3;DNMT1;CDC25B;KRAS;BCL2L11;KIF23;PIK3CD;MIR200A;SOX4;NOTCH3;ZEB2;MMP16;E2F2;VEGFA;FZD3;MMP9;EZH2;CCND2;UBE2I;CD44;TPM1;RPS6KA5;PIK3CB;BCL2;HDAC1;CASP3;VIM;TGFB2;MDM2;MAPK7;CCNE1;ABL1;MIR200B;PDGFRA;ROCK1;PRKCB;CDKN1A;FSCN1;MDM4;PAK4;TNXB;NRAS;EFNA3;MIR135B;ZFPM2;BMPR2;IKBKB;MIR199B;DDIT4;DNMT3A;ATM;SHC1;CRK;CYP24A1;CYP1B1;CDCA5;APC;RECK;PIK3R3;SOS2;BRCA1;MAP2K1;CREBBP;HNRNPK;HDAC2;ST14;THBS1;PIK3CA;MIR9-1;ERBB3;SERPINB5;MIR25;PDGFA;MIR31;PRKCA;PIK3R2;STMN1;CDC25A;PDCD4;RHOA;PDGFRB;MIR326;CDKN2A;GRB2;ZEB1;SOS1;MIR210;EFNA2;SPRY2;EP300;BCL2L2;EFNA1
prerank,Choline metabolism in cancer,0.5776725537555375,1.7507868121284231,0.0,0.0002139746519769407,0.019,60/98,22.95%,HIF1A;SLC44A4;DGKH;DGKE;EGFR;RAC2;PIP5K1C;PLD1;DGKA;PLA2G4D;EGF;KRAS;AKT3;PLPP2;PIK3CD;PLA2G4E;SLC44A2;SP1;SLC22A5;DGKZ;DGKG;PLD2;PLA2G4A;PIK3CB;WASF2;PIP5K1A;RAC1;PDGFRA;PRKCB;PCYT1A;NRAS;WAS;RALGDS;SLC44A3;FOS;MAPK9;RPS6KB1;PIK3R3;PDGFD;SOS2;DGKD;MAP2K1;PIK3CA;PDGFA;PRKCA;PIK3R2;AKT1;SLC44A1;DGKI;DGKQ;PDGFC;TSC1;PDGFRB;PLA2G4C;GRB2;CHKB;SOS1;WASF1;PLA2G4F;MAPK10
prerank,Dilated cardiomyopathy,0.5814255482694353,1.7435387244181095,0.0,0.00023242996570995185,0.021,43/95,15.47%,ITGA3;ITGB6;ITGAV;TPM4;ITGB8;CACNB3;ITGB4;ADCY3;ADCY5;ITGA5;CACNA1D;CACNB1;ITGA4;ITGA11;SLC8A1;TPM3;ATP2A3;ATP2A2;ADCY7;TGFB3;ITGA2;ADCY6;TNF;TGFB1;TPM2;ACTG1;TPM1;ITGA8;TGFB2;CACNA2D1;CACNA1C;ITGA2B;ACTB;CACNA2D4;ITGB1;TNNT2;ITGA9;ACTC1;LAMA2;SGCA;SGCB;TTN;SLC8A2
prerank,JAK-STAT signaling pathway,0.5628965593799403,1.742705949681844,0.0,0.00023999502632228472,0.022,87/160,24.07%,OSMR;LIF;SOCS1;OSM;IL15RA;IL27RA;IL4R;JAK2;MCL1;EGFR;IL2RG;JAK3;IL7;SOCS3;CSF2RB;IL15;CSF3R;CSF2RA;IL22RA2;SOCS4;PIAS2;STAT3;EGF;CRLF2;IL12RB1;AKT3;PIK3CD;PTPN2;STAT4;SOCS5;IL9R;IL2RA;IL2RB;IL23A;PTPN6;IL20RA;CCND2;IFNGR2;PIK3CB;BCL2;IL10RB;PIAS3;IL6;IL21R;STAT1;SOCS7;CCND3;IL12A;CSF2;IL10RA;PDGFRA;IFNE;STAT6;IL7R;STAT5A;CDKN1A;JAK1;CNTFR;GFAP;EPOR;PIK3R3;SOS2;CREBBP;IL17D;IFNL3;EPO;PIK3CA;IL22;PDGFA;PIK3R2;AKT1;IRF9;IFNB1;PDGFRB;IFNL2;LIFR;GRB2;IFNL1;SOS1;EP300;STAM;TYK2;STAM2;IL4;STAT2;IL6ST;IL11
prerank,Ascorbate and aldarate metabolism,-0.4100771374393087,-1.741801789252146,0.0,0.012550485033782508,0.06706706706706707,9/30,4.32%,RGN;ALDH2;ALDH7A1;UGT1A3;UGT1A4;UGT2B10;ALDH3A2;ALDH1B1;UGT1A1
prerank,Homologous recombination,0.6212409094171679,1.7414914104654227,0.0,0.00024737557326114605,0.023,27/41,21.27%,POLD3;RBBP8;BARD1;BLM;NBN;RAD54L;TOPBP1;RAD51D;XRCC2;BRCA2;ATM;MRE11;PALB2;RAD51;BABAM2;BRCA1;RPA1;UIMC1;BRCC3;MUS81;RAD52;XRCC3;RPA4;EME1;TOP3A;RAD54B;POLD1
prerank,Fc epsilon RI signaling pathway,0.5890599855212982,1.7394430502384415,0.0,0.0002443951446676383,0.023,44/67,26.25%,ALOX5;SYK;ALOX5AP;RAC2;LYN;LCP2;MAPK13;PLA2G4D;MAPK11;KRAS;VAV1;AKT3;PIK3CD;PLA2G4E;TNF;PLA2G4A;BTK;INPP5D;MAPK12;PIK3CB;RAC1;CSF2;FCER1G;FCER1A;NRAS;MAPK9;PIK3R3;SOS2;MAP2K1;PIK3CA;PRKCA;PIK3R2;AKT1;PLA2G4C;GRB2;SOS1;VAV3;PLA2G4F;MAPK10;LAT;IL4;JMJD7-PLA2G4B;MAP2K4;MAPK3
prerank,Bladder cancer,0.6199724854797409,1.7381921864513505,0.0,0.0002515475819371773,0.023,32/41,30.78%,CXCL8;E2F3;EGFR;MMP1;DAPK1;EGF;KRAS;HBEGF;E2F2;VEGFA;TYMP;MMP9;MMP2;RPS6KA5;CDH1;MDM2;SRC;CDKN1A;NRAS;MAP2K1;THBS1;CDK4;ARAF;CDKN2A;DAPK2;E2F1;FGFR3;MAPK3;BRAF;TP53;RASSF1;DAPK3
prerank,Signaling pathways regulating pluripotency of stem cells,0.5623877623868089,1.7373966709190223,0.0,0.0002585317265650801,0.024,72/142,20.33%,WNT4;LIF;FZD1;KLF4;WNT9A;ACVR1B;OTX1;JAK2;WNT7B;FZD7;JAK3;MAPK13;STAT3;MAPK11;KRAS;AKT3;PIK3CD;RIF1;ID4;WNT10B;SMAD2;FGFR2;FZD3;FZD2;IGF1R;FZD8;FGFR1;MAPK12;PIK3CB;ONECUT1;WNT10A;POU5F1;BMPR1B;AXIN1;FZD6;WNT7A;SMAD5;REST;JAK1;FZD10;LHX5;ACVR1;ESRRB;NRAS;BMPR2;PCGF3;WNT2;KAT6A;HOXA1;PCGF2;WNT2B;ID3;SKIL;APC;PIK3R3;ID1;SMAD9;MAP2K1;SMARCAD1;LEFTY1;ACVR2A;PIK3CA;SMAD1;PIK3R2;AKT1;SETDB1;MEIS1;ISL1;SMAD4;LIFR;GRB2;TCF3
prerank,Circadian entrainment,0.5771785788967155,1.735305949083663,0.0,0.00027518135475173997,0.026,42/97,16.36%,ITPR3;GUCY1B1;GUCY1A1;CACNA1H;ITPR1;PRKG2;MTNR1A;ADCY3;ADCY5;RYR1;CACNA1D;GNB4;GRIN2A;PLCB3;PLCB2;CACNA1G;ADCY7;GRIN1;ADCY6;GRIN2D;CAMK2D;PRKG1;CALM2;RPS6KA5;RASD1;CREB1;GNG3;GNG12;GNG2;GNB2;GNAI3;CACNA1C;GNB1;PRKCB;KCNJ3;GNGT2;GNAQ;FOS;GNB3;GUCY1A2;GNB5;CALML4
prerank,Cytokine-cytokine receptor interaction,0.5492754227731818,1.7351057497969538,0.0,0.0002720183506741338,0.026,137/288,20.78%,TNFRSF11A;CXCL1;CXCL3;RELT;OSMR;LIF;CXCL6;CXCL8;CLCF1;CXCL5;OSM;EDA;TNFSF13;IL15RA;BMP8A;ACVR1B;IL27RA;IL4R;CCL28;IL18;CXCR4;IL2RG;CSF1;IL1B;TNFSF13B;BMP3;TNFRSF21;IL7;CXCR2;CSF2RB;TNFRSF10C;CXCL2;IL15;CSF3R;CSF2RA;TNFSF18;TNFSF15;CRLF2;IL12RB1;CXCR1;CXCL16;CCL20;TNFSF9;IL18R1;CCR5;CCR8;TNFRSF18;LTB;IL1A;TGFB3;IL9R;IL2RA;CCL22;IL2RB;CSF1R;IL23A;IL20RA;TNF;TGFB1;IFNGR2;TNFRSF11B;CCL2;TGFBR1;BMP8B;ACVRL1;PF4V1;BMP2;IL10RB;IL6;CCL26;IL1RAP;IL21R;BMPR1B;TNFRSF1B;TGFB2;TNFSF14;TNFRSF10A;CXCR6;IL12A;CCR1;CSF2;IL10RA;IFNE;TNFRSF8;IL7R;CCR4;ACKR4;IL18RAP;ACVR1;IL17RA;CD4;TNFRSF14;BMPR2;CNTFR;IL17C;IL32;IL34;TNFRSF10B;TNFSF8;CX3CR1;EPOR;AMHR2;IL1RL2;TNFSF12;PF4;CXCR3;EBI3;IL17D;CCL4L2;LTA;IFNL3;AMH;CCL11;INHA;EPO;ACVR2A;CXCL11;IL22;IL33;CCL5;CX3CL1;IL16;CCL4;CCL7;TNFSF10;IFNB1;TNFRSF12A;CXCL14;NGF;IFNL2;CXCL9;LIFR;CD27;IFNL1;GDF15;CCL21;GDF3
prerank,Shigellosis,0.5534606112814932,1.7326222397092577,0.0,0.00027853177709043816,0.027,146/246,27.71%,ITPR3;HK2;CXCL8;CGAS;ITPR1;BCL10;ARPC1B;IL18;EGFR;ITGA5;HKDC1;IL1B;PLCD3;TLR5;FOXO6;MAPK13;PYCARD;NFKB1;PLCB3;CASP4;MAPK11;BCAR1;VCL;NLRP3;FBXW11;AKT3;NAIP;PIK3CD;CYTH3;TRAF5;PLCB2;SEPTIN9;STING1;TIFA;SEPTIN2;CYTH4;ACTR3;ACTR2;SEPTIN8;CYCS;ARHGEF2;TNF;VDAC1;ARPC2;HCLS1;SEPTIN3;ACTG1;TRAF2;CD44;TLN1;MAPK12;RPS6KA5;PIK3CB;CAPN1;BCL2;WASF2;NOD1;TBK1;CBX3;PLCE1;CAPN2;SEPTIN11;NLRC4;MDM2;UBE2D1;SEPTIN7;CASP1;RAC1;FNBP1L;ARPC5L;RIPK2;CSF2;HK3;SRC;ROCK1;ACTB;ARF6;ACTN4;CTTN;RRAGC;ITGB1;PXN;CDC42;ACTN1;PRKCD;CYTH2;MYL9;U2AF1L5;IKBKB;FNBP1;PRKCQ;ATM;PFN2;ILK;MAPK9;CRK;RPS6KB1;PIK3R3;U2AF1L4;ACTR3C;DOCK1;HK1;BECN2;H3C13;PIK3CA;BECN1;CCL5;ARPC3;CAST;PIK3R2;AKT1;PIK3C3;IFNB1;GSK3A;RHOA;UBE2N;MALT1;RNF31;RBCK1;RRAGD;H3C12;TLR4;UBE2D3;H3C6;U2AF1;WASF1;MAP3K7;MAPK10;GLMN;WASL;PFN1;GSK3B;PLCB4;H3C15;RIPK1;MAPK3;FOXO3;PRKCE;ELMO2;ARPC5;TRAF6;MYL12A;BAX;UBE2D2;CAPNS1;SQSTM1
prerank,Endocytosis,0.5550891835548254,1.7316240945162196,0.0,0.0002848988343737918,0.028,140/252,24.49%,ARAP2;IQSEC2;PML;RAB31;RAB11FIP5;ARPC1B;CHMP3;RAB10;ARF3;EGFR;WIPF1;CXCR4;WIPF3;CAV2;IL2RG;AGAP1;DAB2;PIP5K1C;PLD1;CXCR2;SMURF1;CAPZA1;DNAJC6;GIT2;GIT1;CHMP2B;ASAP1;RAB11FIP1;RAB35;ARAP3;CXCR1;SH3GLB1;CYTH3;ARRB2;CHMP4C;EPN3;PARD6B;CCR5;CAPZA2;CYTH4;CBL;SMAD2;DNM2;PIP5KL1;ACTR3;IL2RA;ACTR2;PRKCI;IL2RB;ARFGEF1;TFRC;FGFR2;PLD2;IGF1R;RNF41;ARPC2;TGFBR1;ARFGAP3;VPS4B;ZFYVE16;KIF5A;IZUMO1R;VPS37C;EHD2;PIP5K1A;MDM2;ARPC5L;ARRB1;DNM1;PDGFRA;VPS45;SRC;ARF4;KIF5B;RAB11A;ARF6;SMAP1;HLA-B;CLTC;CHMP4B;CAV1;CBLB;WIPF2;SMURF2;HSPA2;CDC42;VPS37A;STAMBP;AMPH;RAB11FIP4;CYTH2;ACAP2;CHMP5;EPS15L1;SNX32;EPS15;GRK2;WASHC4;HSPA6;ASAP2;HLA-C;CHMP4A;RAB22A;ACTR3C;ACAP1;HLA-A;KIF5C;SNX6;HSPA8;SH3GLB2;IGF2R;ARPC3;SPART;HLA-F;CLTB;RNF103-CHMP3;VPS37B;VPS29;RHOA;GRK7;EHD3;CHMP7;NEDD4L;VPS35;ACAP3;EHD4;PDCD6IP;WASHC5;FOLR1;CAPZA3;STAM;AGAP4;ZFYVE27;STAM2;WASL;RABEP1;IST1;RUFY1;EPN2;AGAP2
prerank,Epithelial cell signaling in Helicobacter pylori infection,0.586802276727075,1.7297309643463152,0.0,0.00029112440149529326,0.029,48/70,29.25%,CXCL1;CXCL3;CXCL8;EGFR;ADAM17;CXCR2;LYN;CXCL2;MAPK13;GIT1;NFKB1;ADAM10;MAPK11;HBEGF;CXCR1;ATP6V1C2;TCIRG1;MAPK12;NOD1;ATP6V0A2;CASP3;MAP3K14;RAC1;PAK1;SRC;CDC42;IKBKB;ATP6V0B;ATP6V1E2;MAPK9;ATP6V1H;CCL5;ATP6V0C;JAM3;ATP6V1A;ATP6V1B1;F11R;ATP6V1C1;PTPRZ1;MAPK10;ATP6V1B2;ATP6V0D2;MAP2K4;ATP6V0D1;ATP6V1D;TJP1;ATP6V1F;ATP6AP1
prerank,p53 signaling pathway,0.5855992106847987,1.7216485455292385,0.0,0.00034365269655417454,0.034,43/73,21.72%,PMAIP1;CCNE2;IGFBP3;GORAB;CASP8;BBC3;RCHY1;ATR;CYCS;CCND2;CCNG2;BCL2;CASP3;GTSE1;RRM2;MDM2;CCND3;CCNE1;TNFRSF10A;CDKN1A;APAF1;MDM4;CDK1;SFN;CDK2;CHEK1;CCNB1;ATM;ADGRB1;TNFRSF10B;CCNB2;RRM2B;PPM1D;PERP;THBS1;TP73;SERPINB5;CDK4;SERPINE1;CD82;CDKN2A;PIDD1;COP1
prerank,Pertussis,0.5794191361106517,1.7210981533121545,0.0,0.0003491042963232478,0.034,37/76,14.37%,CXCL6;CXCL8;CXCL5;ITGAM;ITGA5;IL1B;IRAK4;IRF1;MAPK13;PYCARD;NFKB1;MAPK11;NLRP3;ITGB2;CASP7;IL1A;IL23A;TNF;CALM2;MAPK12;NOD1;IL6;CASP3;TICAM1;CASP1;IL12A;GNAI3;C1QC;C1QB;LY96;ITGB1;IRAK1;IRF8;CFL1;FOS;MAPK9;C1QA
prerank,Pathways in cancer,0.5394148481584451,1.7197742295988916,0.0,0.0003544386573876098,0.035,255/528,20.15%,BIRC3;ITGA3;EGLN3;WNT4;TGFA;HIF1A;ITGAV;PMAIP1;CXCL8;FZD1;MITF;BAK1;LAMC2;MECOM;ARNT2;PML;LPAR5;IL15RA;RUNX1;WNT9A;SLC2A1;CCNE2;IL4R;ADCY3;ADCY5;E2F3;JAK2;EGFR;LAMB1;WNT7B;CXCR4;HGF;IL2RG;PTGS2;MMP1;RAC2;DAPK1;FZD7;RASGRP3;PLD1;LPAR2;JAG2;DLL1;CTBP2;JAK3;IL7;NOTCH1;EDNRA;CSF2RB;GNB4;NOTCH2;IL15;CSF3R;NFKB2;CSF2RA;COL4A2;NFKB1;PLCB3;TRAF3;RASGRP1;TPM3;STAT3;LPAR1;EGF;GLI3;COL4A1;SPI1;HEYL;RALB;IL12RB1;KRAS;BCL2L11;AKT3;JAG1;COL4A3;PIK3CD;VEGFB;STAT4;NOTCH3;TRAF5;RASSF5;PLCB2;PTGER4;WNT10B;CASP7;GLI1;CBL;E2F2;CASP8;ADCY7;SMAD2;NCOA1;BBC3;TGFB3;ITGA2;VEGFA;LPAR6;IL2RA;MSH6;ADCY6;CDKN2B;IL2RB;CSF1R;PLEKHG5;SP1;IL23A;MAX;FGFR2;CYCS;PLD2;FZD3;FZD2;MMP9;CAMK2D;IGF1R;CCND2;TGFB1;IFNGR2;F2R;COL4A4;EDN1;FZD8;TGFBR1;FGFR1;CALM2;BDKRB2;TRAF2;MMP2;CCDC6;RPS6KA5;PIK3CB;WNT10A;BCL2;GNA13;CDH1;HDAC1;BMP2;IL6;GNG3;CASP3;KITLG;STAT1;GNG12;LAMA5;GNG2;TGFB2;GLI2;MDM2;CCND3;RAC1;CCNE1;ABL1;RALA;AXIN1;FZD6;WNT7A;IL12A;LAMA4;ETS1;PDGFRA;EGLN2;GNB2;GNAI3;BRCA2;ROCK1;GNB1;STAT6;PRKCB;TRAF1;IL7R;STAT5A;CDKN1A;JAK1;ITGA2B;FZD10;APAF1;ITGB1;CDC42;RASGRP4;CDK2;NRAS;GNGT2;PGF;MSH2;IKBKB;FGF5;WNT2;RALGDS;FGF7;GNAQ;PTGER2;WNT2B;FOS;XIAP;APPL1;GSTP1;FLT3LG;KIT;HSP90AA1;MAPK9;CRK;LAMA2;COL4A5;EPOR;PPARD;CCNA2;APC;RPS6KB1;LPAR3;RAD51;GNB3;STK4;PIM2;PIK3R3;SOS2;ARHGEF12;HEY1;MAP2K1;CREBBP;TCF7L2;HDAC2;GNB5;LAMB3;EPO;CALML4;POLK;PIK3CA;LAMA1;FGF18;NQO1;BIRC5;CTNNA1;LPAR4;RARB;DLL4;PDGFA;PRKCA;PIK3R2;AKT1;FLT3;CDK4;CKS2;PTCH1;FN1;SMAD4;RHOA;ARAF;PDGFRB;CDKN2A;FGF1;F2RL3;ELK1;ARHGEF1;GRB2;RET
prerank,Tight junction,0.5551595550981012,1.7162101516366026,0.0,0.0003686510094432505,0.037,82/167,20.69%,EZR;MICALL2;CD1A;CLDN4;TJP3;RUNX1;ARPC1B;YBX3;DLG3;CACNA1D;VASP;MAP3K5;ARHGAP17;PPP2R2C;CFTR;TUBA4A;AMOTL1;PRKAA1;PARD6B;MAP3K1;ACTR3;ACTR2;PRKCI;RAB8B;PPP2R2B;SYNPO;TUBA1A;ARHGEF2;ARPC2;HCLS1;ACTG1;MSN;OCLN;CLDN18;MYH11;TUBA1C;RAC1;ARPC5L;CD1E;GATA4;ARHGEF18;TJP2;SRC;ROCK1;PPP2R2A;ACTB;TUBAL3;PATJ;BVES;ACTN4;CTTN;ITGB1;CDC42;ACTN1;WAS;MYL9;CLDN7;LLGL1;TUBA1B;MAPK9;PPP2CA;CLDN10;AFDN;CLDN11;ACTR3C;LLGL2;HSPA4;NF2;RAP1A;CD1C;ARPC3;CDK4;TIAM1;JAM3;PCNA;RHOA;TUBA8;WHAMM;MARVELD2;F11R;NEDD4L;CD1B
prerank,Lipid and atherosclerosis,0.5462873106657801,1.7138811216364225,0.0,0.0003825641540871935,0.039,111/212,21.28%,CXCL1;CXCL3;CXCL8;ITPR1;CASP6;TLR6;TLR2;IL18;NFATC1;JAK2;CYBB;IL1B;ICAM1;MMP1;IKBKE;IRAK4;ABCG1;SOD2;MAP3K5;RAP1B;ERO1A;LYN;CXCL2;MAPK13;PYCARD;NFKB1;PLCB3;TRAF3;STAT3;MAPK11;NLRP3;KRAS;VAV1;AKT3;PIK3CD;PLCB2;NCF2;CASP7;CASP8;CYCS;MMP9;CAMK2D;TNF;CCL2;CALM2;PPP3CA;TRAF2;NCF1;APOA4;MAPK12;PIK3CB;BCL2;TBK1;IL6;EIF2AK3;CASP3;VCAM1;NCF4;TICAM1;CASP1;RAC1;TNFRSF10A;IL12A;SRC;NFATC2;CYBA;APAF1;HSPA2;LY96;CDC42;NRAS;POU2F2;NOX1;IRF7;IRAK1;IKBKB;MIB1;TANK;FOS;TNFRSF10B;HSP90AA1;HSPA6;MAPK9;POU2F1;OLR1;HSPA5;VLDLR;PIK3R3;EIF2S1;ATF4;HSPA4;CALML4;RAP1A;HSPA8;PIK3CA;CCL5;PRKCA;PIK3R2;AKT1;PPP3R2;TNFSF10;IFNB1;DDIT3;RHOA;ARHGEF1;NOS3;HSP90B1;VAV3;PPP3CC;LBP;TLR4
prerank,GnRH signaling pathway,0.5716748781329796,1.71207228943163,0.0,0.00037857911081545185,0.039,57/93,26.25%,ITPR3;ITPR1;ADCY3;ADCY5;EGFR;CACNA1D;PLD1;MMP14;MAPK13;PLA2G4D;PLCB3;MAPK11;KRAS;HBEGF;PLA2G4E;PLCB2;MAP3K1;ADCY7;ADCY6;PLD2;CAMK2D;PLA2G4A;CALM2;MMP2;MAPK12;MAPK7;CACNA1C;SRC;PRKCB;CDC42;PRKCD;NRAS;GNAQ;MAPK9;MAP3K2;GNRH1;SOS2;ATF4;MAP2K1;CALML4;PRKCA;MAP3K3;EGR1;PLA2G4C;ELK1;GRB2;GNRHR;SOS1;CACNA1F;GNA11;PLA2G4F;MAPK10;PRKACB;PLCB4;JMJD7-PLA2G4B;MAP2K4;MAPK3
prerank,Toll-like receptor signaling pathway,0.5637752967551857,1.7113254150045665,0.0,0.00037467623338436473,0.039,59/100,26.63%,CXCL8;TLR1;TLR6;TLR2;IL1B;IKBKE;TLR7;IRAK4;TLR5;MAPK13;SPP1;NFKB1;TRAF3;MAPK11;CD86;AKT3;PIK3CD;CTSK;CASP8;TLR3;TNF;MAPK12;PIK3CB;TBK1;IL6;STAT1;TICAM1;RAC1;IL12A;TLR8;CD80;LY96;IRF7;IRAK1;IKBKB;FOS;MAPK9;PIK3R3;MAP2K1;CCL4L2;PIK3CA;CXCL11;CCL5;PIK3R2;AKT1;CCL4;IFNB1;CXCL9;LBP;TLR4;IRF5;MAP3K7;MAPK10;RIPK1;IL12B;MAP2K4;CCL3L3;MAPK3;TRAF6
prerank,HIF-1 signaling pathway,0.5647953452158408,1.7096586311831898,0.0,0.0003708530065130957,0.039,59/109,23.84%,HK2;EGLN3;HIF1A;PFKFB3;PFKP;ENO2;SLC2A1;LDHAL6B;EGFR;HKDC1;TIMP1;CYBB;NFKB1;STAT3;EGF;AKT3;PIK3CD;ALDOA;VEGFA;TFRC;PGK1;CAMK2D;IGF1R;IFNGR2;EDN1;PIK3CB;BCL2;IL6;HK3;EGLN2;MKNK1;PRKCB;CDKN1A;EIF4E;PFKM;LDHA;ENO1;RPS6KB1;PIK3R3;MAP2K1;CREBBP;HK1;EPO;PIK3CA;PDHA1;PRKCA;PIK3R2;AKT1;SERPINE1;GAPDH;INSR;ENO4;NOS3;TLR4;EGLN1;EP300;LDHB;FLT1;ANGPT2
prerank,VEGF signaling pathway,0.5853075619355151,1.7083349182614451,0.0,0.00038418176150405256,0.041,34/59,21.08%,PTGS2;RAC2;MAPK13;PLA2G4D;MAPK11;KRAS;AKT3;SPHK1;PIK3CD;PLA2G4E;VEGFA;SH2D2A;PLA2G4A;PPP3CA;MAPK12;PIK3CB;MAPKAPK2;RAC1;SRC;PRKCB;NFATC2;PXN;CDC42;NRAS;PIK3R3;MAP2K1;PIK3CA;PRKCA;PIK3R2;AKT1;PPP3R2;PLA2G4C;NOS3;PPP3CC
prerank,Gap junction,0.568060422175247,1.704388112679298,0.0,0.0004141479389013687,0.045,47/88,22.30%,ITPR3;GUCY1B1;GUCY1A1;ITPR1;PRKG2;ADCY3;ADCY5;EGFR;TUBB3;PLCB3;LPAR1;EGF;TUBA4A;KRAS;PLCB2;ADCY7;TUBB6;ADCY6;TUBA1A;PRKG1;TUBA1C;MAPK7;PDGFRA;GNAI3;SRC;PRKCB;TUBAL3;CDK1;NRAS;GNAQ;TUBA1B;MAP3K2;GJA1;PDGFD;SOS2;GUCY1A2;MAP2K1;PDGFA;PRKCA;GRM5;PDGFC;PDGFRB;TUBA8;GRB2;SOS1;GNA11;CSNK1D
prerank,Central carbon metabolism in cancer,0.5748584982540555,1.6985935999569077,0.0,0.0004686256734386067,0.052,39/69,20.15%,HK2;HIF1A;PKM;PFKP;SLC16A3;SLC2A1;LDHAL6B;EGFR;GLS;HKDC1;SLC1A5;KRAS;AKT3;PIK3CD;TIGAR;FGFR2;FGFR1;G6PD;PIK3CB;HK3;PDGFRA;PFKM;NRAS;LDHA;KIT;PIK3R3;SLC7A5;MAP2K1;HK1;PIK3CA;SCO2;PDHA1;SIRT6;PIK3R2;AKT1;FLT3;PGAM1;PDGFRB;RET
prerank,Cysteine and methionine metabolism,-0.3438521488572125,-1.6970238524604038,0.0,0.017619136518468415,0.0940940940940941,12/50,3.54%,CDO1;TST;MAT1A;BHMT2;ADI1;MPST;BHMT;CTH;TAT;AHCY;GOT2;PSAT1
prerank,Autoimmune thyroid disease,0.5975450176964535,1.6957918049085288,0.0,0.000505462670527881,0.057,29/48,27.91%,HLA-DMB;HLA-DOA;HLA-DPA1;HLA-DRA;CD86;HLA-DMA;HLA-DPB1;HLA-DQA2;HLA-DQB1;CTLA4;HLA-DRB1;HLA-DQA1;CD80;HLA-DRB5;HLA-DOB;HLA-B;HLA-C;GZMB;HLA-A;HLA-F;CD40LG;TSHB;IL4;CD28;IL2;PRF1;IL10;FASLG;HLA-E
prerank,Endocrine and other factor-regulated calcium reabsorption,0.5886945332994984,1.6928347631132228,0.0,0.0005251727380560252,0.058,25/53,17.95%,ATP2B4;TRPV5;ATP1B1;SLC8A1;PLCB3;ATP1A1;PLCB2;DNM2;ADCY6;ATP1B3;BDKRB2;ATP2B1;DNM1;PRKCB;KLK1;VDR;RAB11A;CLTC;GNAQ;ATP1A3;FXYD2;ATP1A4;SLC8A2;CLTB;PRKCA
prerank,Colorectal cancer,0.5710810914080249,1.691332512282204,0.0,0.0005363768439460427,0.06,49/86,20.02%,TGFA;PMAIP1;BAK1;EGFR;RAC2;AREG;EGF;RALB;KRAS;BCL2L11;AKT3;PIK3CD;SMAD2;BBC3;TGFB3;MSH6;EREG;CYCS;TGFB1;TGFBR1;PIK3CB;BCL2;CASP3;TGFB2;RAC1;RALA;AXIN1;CDKN1A;NRAS;MSH2;RALGDS;FOS;APPL1;MAPK9;APC;RPS6KB1;PIK3R3;SOS2;MAP2K1;TCF7L2;POLK;PIK3CA;BIRC5;PIK3R2;AKT1;SMAD4;RHOA;ARAF;GRB2
prerank,cGMP-PKG signaling pathway,0.5506122676596011,1.6910444052295104,0.0,0.0005312684930513184,0.06,88/167,22.17%,CREB3L1;ITPR3;RGS2;GUCY1B1;GUCY1A1;ATP2B4;ITPR1;PRKG2;CREB3;ADCY3;ADCY5;NFATC1;CACNA1D;VASP;EDNRA;KCNMB1;ATP1B1;PDE3A;SLC8A1;PLCB3;ADRA2A;PPP1R12A;PPP1CB;PDE5A;PIK3R6;ATP2A3;ATP1A1;ADORA3;AKT3;PIK3R5;KCNMB3;PLCB2;ATP2A2;PIK3CG;ADCY7;ADCY6;ATP1B3;KCNMB4;PRKG1;VDAC1;CALM2;PPP3CA;BDKRB2;IRAG1;GNA13;CREB1;CREB5;ATP2B1;GATA4;GNAI3;CACNA1C;ROCK1;NFATC4;NFATC2;PPP1CC;TRPC6;ADORA1;NPPC;MYL9;MEF2D;GNAQ;ATP1A3;FXYD2;ATP1A4;ATF4;GUCY1A2;SLC8A2;MAP2K1;SLC25A6;GTF2IRD1;CALML4;BORCS8-MEF2B;CNGB1;MEF2C;MEF2B;AKT1;PPP3R2;MEF2A;INSR;RHOA;NOS3;MYLK4;SRF;PPP3CC;ATF2;SLC25A5;CACNA1F;GNA11
prerank,Adrenergic signaling in cardiomyocytes,0.5499650865887532,1.6904815964830886,0.0,0.00052625652613574,0.06,59/150,15.47%,CREB3L1;TPM4;ATP2B4;CACNB3;CREB3;PPP2R5E;SLC9A1;ADCY3;ADCY5;CACNA1D;CACNB1;MAPK13;ATP1B1;PPP2R2C;SLC8A1;PLCB3;TPM3;MAPK11;PPP1CB;PPP2R3A;PIK3R6;ATP2A3;ATP1A1;AKT3;KCNQ1;PIK3R5;PLCB2;ATP2A2;PIK3CG;ADCY7;ADCY6;ATP1B3;PPP2R2B;CAMK2D;SCN1B;TPM2;CALM2;TPM1;MAPK12;RPS6KA5;BCL2;CREB1;CACNA2D1;CREB5;ATP2B1;GNAI3;CACNA1C;PPP2R2A;PPP1CC;CACNA2D4;TNNT2;GNAQ;ATP1A3;ACTC1;PPP2CA;FXYD2;ATP1A4;ATF4;SLC8A2
prerank,Apoptosis,0.54816157994858,1.6866692757489932,0.0,0.0005371363693551988,0.062,78/142,21.00%,ITPR3;BIRC3;PMAIP1;CTSS;BAK1;ITPR1;CASP6;MCL1;MAP3K5;CSF2RB;NFKB1;CASP10;TUBA4A;KRAS;BCL2L11;AKT3;CASP2;PIK3CD;BCL2A1;CTSK;CASP7;CASP8;BBC3;CYCS;PTPN13;TUBA1A;CTSC;TNF;ACTG1;TRAF2;PIK3CB;CAPN1;BCL2;EIF2AK3;CAPN2;CASP3;MAP3K14;CFLAR;TUBA1C;TNFRSF10A;LMNB2;TRAF1;ACTB;TUBAL3;APAF1;LMNB1;NRAS;PARP1;BIRC6;IKBKB;DFFB;ATM;FOS;TNFRSF10B;XIAP;TUBA1B;MAPK9;GZMB;PIK3R3;EIF2S1;ATF4;MAP2K1;PARP4;BECN2;DAB2IP;PIK3CA;BECN1;BIRC5;PIK3R2;AKT1;TNFSF10;DDIT3;TUBA8;NGF;LMNA;CTSW;DIABLO;PIDD1
prerank,Pantothenate and CoA biosynthesis,-0.4584144310441121,-1.6855396037578942,0.0,0.018514324538557354,0.1011011011011011,9/21,2.94%,PANK1;ALDH2;ENPP1;DPYS;UPB1;ALDH3A2;ENPP3;ALDH1B1;GADL1
prerank,DNA replication,0.6039009753236123,1.677749558496032,0.0010604453870625664,0.0006417258312530656,0.074,25/36,25.45%,POLD3;RFC2;MCM4;POLA1;MCM3;RFC5;MCM6;RFC4;FEN1;DNA2;MCM2;RNASEH2A;RNASEH1;RPA1;LIG1;POLE4;RPA4;PRIM2;PCNA;RFC1;POLD1;POLE;POLE3;MCM7;POLA2
prerank,Arrhythmogenic right ventricular cardiomyopathy,0.5685995536794186,1.6736407586369417,0.0,0.0006746090747878501,0.078,39/77,22.11%,ITGA3;ITGB6;ITGAV;ITGB8;CACNB3;ITGB4;DSG2;ITGA5;CACNA1D;CACNB1;ITGA4;ITGA11;SLC8A1;ATP2A3;ATP2A2;ITGA2;ACTG1;ITGA8;DSC2;CACNA2D1;CACNA1C;ITGA2B;ACTB;CACNA2D4;ITGB1;ITGA9;LAMA2;SGCA;SGCB;GJA1;SLC8A2;TCF7L2;LAMA1;CTNNA1;LMNA;ITGB5;CACNA2D2;ITGA10;CACNA1F
prerank,Neurotrophin signaling pathway,0.5484190388167929,1.673382153752102,0.0,0.0006684762650170515,0.078,75/119,28.25%,IRAK4;NFKBIE;MAP3K5;RAP1B;MAPK13;NFKB1;MAPK11;FRS2;KRAS;AKT3;PIK3CD;MAP3K1;PRDM4;ARHGDIB;CAMK2D;IRAK3;RAPGEF1;CALM2;MAPK12;RPS6KA5;PIK3CB;BCL2;MAPKAPK2;RPS6KA1;MAPK7;RAC1;ABL1;RIPK2;NTRK2;MATK;CDC42;CAMK4;PRKCD;NRAS;IRAK1;IKBKB;KIDINS220;SH2B3;SHC1;MAPK9;CRK;NTF4;PIK3R3;SOS2;ATF4;MAP2K1;PSEN2;CALML4;RAP1A;PIK3CA;TP73;PIK3R2;AKT1;MAP3K3;RPS6KA2;RHOA;NGF;GRB2;RPS6KA6;SOS1;GAB1;SH2B2;MAPK10;PSEN1;GSK3B;YWHAE;MAPK3;FOXO3;TRAF6;BDNF;BAX;BRAF;FASLG;SORT1;TP53
prerank,Staphylococcus aureus infection,0.556203398473819,1.6732549479888992,0.0,0.0006624539563232041,0.078,53/89,25.56%,PTAFR;ITGAM;KRT19;HLA-DMB;ICAM1;FCGR2A;C5AR1;FPR3;HLA-DOA;FPR1;HLA-DPA1;HLA-DRA;ITGB2;HLA-DMA;FCGR1A;KRT15;HLA-DPB1;SELPLG;C3AR1;HLA-DQA2;FCGR3A;HLA-DQB1;KRT20;FPR2;HLA-DRB1;HLA-DQA1;FCGR3B;HLA-DRB5;C1QC;KRT39;HLA-DOB;C1QB;KRT25;FCGR2C;KRT40;KRT16;C1QA;KRT17;KRT32;KRT18;KRT10;KRT31;KRT28;C5;FCAR;KRT23;CFH;SELP;KRT12;DEFB1;FCGR2B;CFD;KRT13
prerank,cAMP signaling pathway,0.5374513580015465,1.6715807011082888,0.0,0.0006716320437722635,0.08,96/216,18.50%,CREB3L1;GIPR;ATP2B4;GABBR1;PDE4A;CREB3;SLC9A1;ADCY3;ADCY5;NFATC1;CACNA1D;RAC2;PLD1;HCN4;RAP1B;EDNRA;ATP1B1;PDE3A;GRIN2A;NFKB1;CFTR;GLI3;PPP1R12A;PPP1CB;FFAR2;VAV1;ATP2A3;ARAP3;ATP1A1;AKT3;PDE4B;PIK3CD;PDE10A;ATP2A2;GLI1;ADCY7;PDE4D;GRIN1;HCAR2;ADCY6;GRIN2D;OXTR;ATP1B3;PLD2;SSTR5;CAMK2D;F2R;EDN1;CALM2;CNGB3;SOX9;HTR4;PIK3CB;CREB1;PLCE1;RAC1;CREB5;ATP2B1;HCAR3;PAK1;ABCC4;GNAI3;CACNA1C;ROCK1;PPP1R1B;PPP1CC;EDN2;ADORA1;CAMK4;PDE4C;MYL9;HTR6;PTGER2;ATP1A3;FOS;RRAS;MAPK9;FXYD2;AFDN;ATP1A4;PIK3R3;MAP2K1;CREBBP;AMH;CALML4;SSTR2;RAP1A;PIK3CA;CNGB1;PIK3R2;AKT1;TIAM1;GRIN3B;PTCH1;GHRL;CHRM1
prerank,Glycosaminoglycan biosynthesis,0.5841893803703304,1.6658302186879408,0.0,0.0007330052015953429,0.086,26/53,17.50%,B3GNT7;CHST11;CHST4;FUT8;HS3ST1;CSGALNACT1;XYLT1;EXT1;CHST2;DSE;B4GALT4;CHPF2;B3GNT2;CHSY1;CHST1;CHST3;CHST6;HS3ST2;CSGALNACT2;EXT2;CHST12;B4GALT1;HS6ST3;GLCE;HS2ST1;HS6ST2
prerank,Gastric acid secretion,0.5649379159010781,1.663272780829182,0.0010141987829614604,0.0007562314673816615,0.09,32/76,16.40%,ITPR3;EZR;ITPR1;SLC9A1;ADCY3;ADCY5;ATP1B1;PLCB3;CFTR;KCNJ16;ATP1A1;KCNQ1;PLCB2;ADCY7;ADCY6;ATP1B3;CAMK2D;ACTG1;CALM2;KCNJ2;HRH2;GNAI3;PRKCB;ACTB;GNAQ;ATP1A3;KCNK2;ATP1A4;SLC26A7;SLC4A2;CALML4;SSTR2
prerank,Vitamin B6 metabolism,-0.6914148848976296,-1.6625886408305706,0.041666666666666664,0.0195291063822374,0.11011011011011011,4/6,9.69%,PNPO;PSAT1;PDXP;AOX1
prerank,Notch signaling pathway,0.5761955618624108,1.6601291133475558,0.0,0.0007937529263770687,0.094,36/59,24.89%,TLE3;JAG2;DLL1;CTBP2;ADAM17;NOTCH1;NOTCH2;HEYL;JAG1;NOTCH3;RBPJ;MAML2;LFNG;NUMBL;DTX4;HDAC1;MAML1;NCOR2;DTX3;DTX2;MFNG;APH1B;DTX3L;NUMB;HEY1;CREBBP;PSEN2;HDAC2;DLL4;TLE4;CTBP1;EP300;MAML3;NCSTN;PSEN1;DVL3
prerank,Prostate cancer,0.5510450781477474,1.6598970828122113,0.0,0.0007869102287358872,0.094,52/97,20.99%,CREB3L1;TGFA;SPINT1;PLAU;CCNE2;CREB3;E2F3;EGFR;NFKB1;EGF;KRAS;AKT3;PIK3CD;E2F2;ETV5;FGFR2;MMP9;IGF1R;PLAT;FGFR1;PIK3CB;BCL2;CREB1;MDM2;CCNE1;CREB5;PDGFRA;CDKN1A;CDK2;NRAS;IKBKB;TMPRSS2;GSTP1;HSP90AA1;PIK3R3;PDGFD;SOS2;ATF4;MAP2K1;CREBBP;TCF7L2;PIK3CA;PDGFA;PIK3R2;AKT1;PDGFC;ARAF;PDGFRB;GRB2;ZEB1;HSP90B1;SOS1
prerank,Natural killer cell mediated cytotoxicity,0.5462043822029191,1.659059771032155,0.0,0.0007874084308433488,0.095,73/122,27.91%,SYK;RAET1L;NFATC1;ICAM1;RAC2;MICB;LCP2;KRAS;VAV1;PIK3CD;ITGB2;PTPN6;TNF;IFNGR2;RAET1E;PPP3CA;KLRC1;FCGR3A;TYROBP;ULBP1;PIK3CB;CASP3;ULBP2;RAC1;ULBP3;TNFRSF10A;FCGR3B;CSF2;PAK1;FCER1G;PRKCB;NFATC2;HLA-B;LCK;NRAS;SHC1;TNFRSF10B;CD48;KIR2DL3;HLA-C;GZMB;PIK3R3;SOS2;MAP2K1;HLA-A;PIK3CA;CD247;PRKCA;PIK3R2;PPP3R2;KLRC2;ZAP70;TNFSF10;IFNB1;ARAF;KIR2DL1;GRB2;SOS1;VAV3;PPP3CC;KLRD1;LAT;KIR3DL1;SH2D1A;NCR3;SH3BP2;KLRK1;MAPK3;PRF1;MICA;BRAF;FASLG;HLA-E
prerank,Dopaminergic synapse,0.5410819273015826,1.6563983155722355,0.0,0.0008022236104626996,0.097,69/132,25.22%,CREB3L1;ITPR3;ITPR1;CREB3;PPP2R5E;ADCY5;CACNA1D;GNB4;MAPK13;PPP2R2C;GRIN2A;PLCB3;MAPK11;PPP1CB;PPP2R3A;AKT3;ARRB2;PLCB2;PPP2R2B;CAMK2D;CALM2;PPP3CA;KIF5A;MAPK12;CREB1;GNG3;GNG12;GNG2;CLOCK;CREB5;ARRB1;GNB2;GNAI3;CACNA1C;GNB1;PPP1R1B;PRKCB;PPP2R2A;KIF5B;PPP1CC;KCNJ3;GNGT2;GNAQ;SLC18A2;FOS;MAPK9;PPP2CA;GNB3;CACNA1A;ATF4;SLC18A1;SLC6A3;KIF5C;GNB5;CALML4;PRKCA;AKT1;PPP2R5B;GSK3A;GNGT1;PPP3CC;ATF2;GNG8;DRD3;MAPK10;PRKACB;GSK3B;PLCB4;CACNA1B
prerank,Oxytocin signaling pathway,0.5380455112932797,1.6547041868107701,0.0,0.0008451998753089158,0.104,80/154,25.70%,ITPR3;RGS2;GUCY1B1;GUCY1A1;CACNB3;ITPR1;ADCY3;ADCY5;NFATC1;EGFR;RYR1;CACNA1D;CACNB1;TRPM2;PTGS2;PLA2G4D;PLCB3;PPP1R12A;PPP1CB;PIK3R6;KRAS;PRKAA1;PIK3R5;PLA2G4E;PLCB2;PIK3CG;ADCY7;ADCY6;OXTR;PPP1R12B;CAMK2D;PLA2G4A;ACTG1;CALM2;PPP3CA;KCNJ2;EEF2K;CACNA2D1;MAPK7;GNAI3;CACNA1C;SRC;ROCK1;PRKCB;NFATC4;CDKN1A;NFATC2;ACTB;PPP1CC;CACNA2D4;CAMK4;KCNJ3;NRAS;MYL9;GNAQ;FOS;GUCY1A2;MAP2K1;CALML4;CD38;MEF2C;PRKCA;PPP3R2;RHOA;PLA2G4C;ELK1;NOS3;MYLK4;PPP3CC;CACNA2D2;CAMKK2;CACNA1F;PLA2G4F;KCNJ18;PRKACB;KCNJ12;PLCB4;PRKAB1;MYLK2;JMJD7-PLA2G4B
prerank,TGF-beta signaling pathway,0.5480244652922484,1.6544860842725655,0.0,0.0008381565430146747,0.104,52/94,22.84%,FMOD;BMP8A;ACVR1B;NEO1;SMURF1;THSD4;RBL1;ID4;FBN1;NBL1;SMAD2;TGFB3;LTBP1;CDKN2B;SP1;TNF;TGFB1;TGFBR1;BMP8B;ZFYVE16;BMP2;GREM1;BMPR1B;TGFB2;TFDP1;SMAD5;ROCK1;ACVR1;SMURF2;DCN;BMPR2;PPP2CA;ID3;AMHR2;RPS6KB1;ID1;SMAD9;CREBBP;LEFTY1;AMH;THBS1;ACVR2A;E2F5;SMAD1;NOG;TGIF2;SMAD4;RHOA;SMAD7;PITX2;EP300;BMP6
prerank,Other types of O-glycan biosynthesis,0.5878607778132172,1.6500106425399195,0.0,0.0009150511046732889,0.114,27/47,20.90%,GALNT7;GALNT18;GALNT10;GALNT5;GALNT4;GALNT3;GALNT12;EOGT;LFNG;GALNT14;COLGALT1;GALNT6;GXYLT1;ST6GAL2;POMT2;B4GALT1;MFNG;XXYLT1;COLGALT2;POFUT2;OGT;C1GALT1C1;B3GLCT;GALNTL6;PLOD3;C1GALT1C1L;GALNT1
prerank,Salivary secretion,0.5465565778789876,1.6490360148444128,0.0,0.0009144785536129252,0.115,37/93,17.95%,ITPR3;TRPV6;GUCY1B1;GUCY1A1;ATP2B4;ITPR1;DMBT1;PRKG2;SLC9A1;ADCY3;ADCY5;SLC12A2;KCNN4;MUC5B;ATP1B1;PLCB3;ATP1A1;PLCB2;ADCY7;ADCY6;ATP1B3;PRKG1;CALM2;CST2;ATP2B1;PRKCB;BEST2;GNAQ;ATP1A3;LYZ;FXYD2;ATP1A4;GUCY1A2;SLC4A2;CALML4;CD38;PRKCA
prerank,Chronic myeloid leukemia,0.5442248355228311,1.6299538979377433,0.0,0.0012987217596210168,0.165,40/76,21.50%,BAK1;MECOM;RUNX1;E2F3;CTBP2;NFKB1;KRAS;AKT3;PIK3CD;CBL;E2F2;TGFB3;TGFB1;TGFBR1;PIK3CB;HDAC1;TGFB2;MDM2;ABL1;STAT5A;CDKN1A;NRAS;IKBKB;SHC1;CRK;PIK3R3;SOS2;MAP2K1;HDAC2;POLK;PIK3CA;PIK3R2;AKT1;CDK4;SMAD4;ARAF;CDKN2A;GRB2;SOS1;CTBP1
prerank,Primary immunodeficiency,0.5919099065820403,1.6260323173614482,0.002074688796680498,0.001363225605336961,0.174,17/37,11.50%,CIITA;IL2RG;JAK3;TAP1;BLNK;TAP2;PTPRC;BTK;RFX5;ADA;ICOS;CD3D;IL7R;CD3E;DCLRE1C;LCK;CD4
prerank,Melanoma,0.5460182019354936,1.6235954614588615,0.0,0.0014064125925140358,0.18,35/72,19.80%,MITF;BAK1;E2F3;EGFR;HGF;EGF;KRAS;AKT3;PIK3CD;E2F2;IGF1R;FGFR1;PIK3CB;CDH1;MDM2;PDGFRA;CDKN1A;NRAS;FGF5;FGF7;PIK3R3;PDGFD;MAP2K1;POLK;PIK3CA;FGF18;PDGFA;PIK3R2;AKT1;CDK4;PDGFC;ARAF;PDGFRB;CDKN2A;FGF1
prerank,Transcriptional misregulation in cancer,0.5228931476356395,1.6229170723893114,0.0,0.0014220823298848424,0.184,88/188,20.87%,BIRC3;NFKBIZ;CXCL8;SPINT1;MITF;ETV6;BAK1;MLLT3;ARNT2;PROM1;PML;ITGAM;RUNX1;FUT8;PLAU;ETV7;SS18;IGFBP3;NFKB1;NSD2;CD86;SPI1;AFF1;BCL2A1;CCNT2;FCGR1A;CCNT1;ETV5;IL2RB;CSF1R;SP1;BCL11B;SIX4;MAX;KMT2A;MMP9;IGF1R;PLAT;CCND2;KDM6A;BMP2K;NCOR1;FUS;HDAC1;IL6;REL;HOXA11;MDM2;RUNX2;CSF2;CEBPE;ETV4;TRAF1;CDKN1A;PBX3;LYL1;NR4A3;CDK9;DDX5;ATM;TMPRSS2;KLF3;HPGD;CCNA2;DOT1L;GZMB;EWSR1;ATF1;HOXA10;HDAC2;TFE3;H3C13;POLK;FLI1;ETV1;SMAD1;MEF2C;PDGFA;FLT3;MEIS1;SIN3A;DDIT3;WT1;DUSP6;ZEB1;TCF3;H3C12;SIX1
prerank,Amphetamine addiction,0.5516664489893229,1.622412865252258,0.0,0.0014175399483527485,0.185,33/69,21.90%,CREB3L1;CREB3;ADCY5;CACNA1D;GRIN2A;PPP1CB;GRIN1;GRIN2D;CAMK2D;CALM2;PPP3CA;STX1A;HDAC1;CREB1;CREB5;CACNA1C;PPP1R1B;PRKCB;PPP1CC;CAMK4;SLC18A2;FOS;ATF4;SLC18A1;SLC6A3;HDAC2;CALML4;PRKCA;PPP3R2;GRIN3B;PPP3CC;ATF2;ARC
prerank,Pancreatic secretion,0.5334103984951744,1.6213862556110445,0.0,0.0014328779136096462,0.189,41/102,17.95%,ITPR3;RAB27B;ATP2B4;ITPR1;SLC9A1;ADCY3;ADCY5;SLC12A2;PLA2G2A;RAP1B;ATP1B1;SCTR;PLCB3;CFTR;ATP2A3;ATP1A1;PLA2G10;KCNQ1;PLCB2;ATP2A2;ADCY7;PRSS3;ADCY6;ATP1B3;PLA2G1B;TRPC1;RAB3D;RAC1;ATP2B1;PRKCB;RAB11A;GNAQ;ATP1A3;CPA2;FXYD2;ATP1A4;SLC4A4;SLC4A2;RAP1A;CD38;PRKCA
prerank,Long-term depression,0.5529301751463389,1.6211918277175292,0.0,0.0014348742069197873,0.191,36/60,28.16%,ITPR3;GUCY1B1;GUCY1A1;ITPR1;GNAZ;PRKG2;RYR1;LYN;PLA2G4D;PLCB3;KRAS;PLA2G4E;PLCB2;IGF1R;PRKG1;PLA2G4A;GNA13;GNAI3;PRKCB;NRAS;GNAQ;PPP2CA;CACNA1A;GUCY1A2;MAP2K1;PRKCA;ARAF;PLA2G4C;GNA11;PLA2G4F;PLCB4;JMJD7-PLA2G4B;MAPK3;PPP2CB;BRAF;PLA2G4B
prerank,Neutrophil extracellular trap formation,0.5176502620118928,1.6138246930721616,0.0,0.0016123813005893162,0.211,79/187,22.82%,SYK;HDAC9;ITGAM;MACROH2A1;HDAC7;TLR2;CLEC7A;CYBB;RAC2;TLR7;FCGR2A;C5AR1;FPR3;MAPK13;FPR1;NFKB1;PLCB3;CASP4;MAPK11;AKT3;PIK3CD;ITGB2;PLCB2;FCGR1A;NCF2;SIGLEC9;GP1BA;SELPLG;H4-16;VDAC1;ACTG1;NCF1;FCGR3A;MAPK12;PIK3CB;FPR2;HDAC1;NCF4;H2AZ1;CASP1;RAC1;TLR8;FCGR3B;SRC;H2BC18;PRKCB;H2BC6;ITGA2B;ACTB;CYBA;ATG7;CLCN3;H4C8;H2AZ2;H2BC8;CR1L;PIK3R3;MAP2K1;SLC25A6;HDAC2;H3C13;H2AW;PIK3CA;H2BU1;H2AC13;PRKCA;PIK3R2;AKT1;H4C4;H2AX;C5;H3C12;HAT1;TLR4;H2BC7;SLC25A5;H3C6;MAP3K7;SELP
prerank,Adherens junction,0.5504902393240174,1.6133695039619167,0.0,0.0016065249538314507,0.212,44/71,23.60%,IQGAP1;EGFR;RAC2;VCL;PTPN6;IGF1R;TGFBR1;ACTG1;FGFR1;WASF2;CDH1;NECTIN2;SNAI1;PTPRM;NECTIN1;RAC1;SRC;YES1;ACTB;ACTN4;CDC42;ACTN1;PTPRF;WAS;CTNND1;NECTIN4;AFDN;SORBS1;CREBBP;TCF7L2;NLK;CTNNA1;INSR;SMAD4;RHOA;FARP2;CSNK2A1;CSNK2A3;WASF1;EP300;MAP3K7;FER;WASL;PTPRJ
prerank,Thyroid hormone synthesis,0.5432973246730961,1.6127896228309755,0.0,0.0016071603689586202,0.213,32/74,15.33%,DUOXA2;CREB3L1;ITPR3;GPX8;DUOX1;ITPR1;CREB3;ADCY3;ADCY5;ATP1B1;PLCB3;ATP1A1;TTF2;PLCB2;ADCY7;ADCY6;ATP1B3;CREB1;CREB5;TTF1;GSR;PRKCB;SLC5A5;CANX;GNAQ;ATP1A3;GPX7;GPX2;FXYD2;HSPA5;ATP1A4;ATF4
prerank,SNARE interactions in vesicular transport,0.5913160699298308,1.6124580305715956,0.0021164021164021165,0.0016077862289710953,0.214,18/33,21.37%,STX7;STX6;STX2;STX3;STX19;STX11;STX18;STX1A;YKT6;STX4;STX17;SEC22B;GOSR1;GOSR2;STX16;BNIP1;SNAP23;VAMP8
prerank,Ether lipid metabolism,0.5597231134494324,1.6107821326126444,0.0010362694300518134,0.001639940056569538,0.22,17/48,8.18%,LPCAT1;LPCAT4;PLA2G2A;PLD1;PLA2G4D;PLA2G10;PLPP2;GAL3ST1;PLD4;PLA2G4E;PLB1;PLD2;PAFAH1B2;PLA2G4A;PLA2G1B;PAFAH1B1;UGT8
prerank,Melanogenesis,0.5325029538751808,1.610358175657679,0.0,0.001627792352446801,0.22,39/101,16.36%,CREB3L1;WNT4;FZD1;MITF;WNT9A;CREB3;ADCY3;ADCY5;WNT7B;FZD7;PLCB3;KRAS;PLCB2;WNT10B;ADCY7;ADCY6;FZD3;FZD2;CAMK2D;EDN1;FZD8;CALM2;WNT10A;CREB1;KITLG;FZD6;WNT7A;GNAI3;PRKCB;FZD10;NRAS;WNT2;GNAQ;WNT2B;KIT;MAP2K1;CREBBP;TCF7L2;CALML4
prerank,Vasopressin-regulated water reabsorption,0.5645558794671388,1.610000041044227,0.0,0.0016220379959972575,0.221,20/44,16.02%,CREB3L1;CREB3;ADCY3;DCTN5;ADCY6;DYNC1H1;ARHGDIB;DCTN2;AQP3;CREB1;NSF;CREB5;DYNC2H1;RAB11A;DYNC1I2;STX4;DYNC2LI1;DCTN6;DYNC1LI2;DYNC1LI1
prerank,Fanconi anemia pathway,0.5562292850863069,1.6078372806278778,0.0,0.0016718917241512127,0.229,42/54,34.50%,USP1;BLM;ATR;EME2;FANCI;BRCA2;FANCL;FANCB;FANCD2;RMI2;SLX4;FANCE;PALB2;RAD51;UBE2T;FANCA;BRCA1;RPA1;POLK;MUS81;REV1;RPA4;EME1;FANCM;TOP3A;FANCF;POLI;FAAP24;FANCG;RMI1;TELO2;MLH1;BRIP1;FANCC;PMS2;POLH;RPA2;REV3L;HES1;TOP3B;CENPS-CORT;RAD51C
prerank,Herpes simplex virus 1 infection,0.5043140855248278,1.6035436294085947,0.0,0.0018435156700578523,0.253,289/494,34.06%,BIRC3;BAK1;CGAS;SYK;ZNF267;PML;HLA-DMB;ZNF860;TLR2;JAK2;ITGA5;IL1B;IKBKE;IRAK4;SOCS3;HLA-DOA;TAP1;HLA-DPA1;NFKB1;HLA-DRA;TRAF3;PPP1CB;AKT3;PIK3CD;HCFC1;TRAF5;ZNF713;TAPBP;STING1;HLA-DMA;ZNF486;CASP8;PILRA;HLA-DPB1;TLR3;ZNF484;CD74;TAP2;ZNF195;CYCS;ZNF169;ZNF101;CARD9;HLA-DQA2;TNF;ZNF107;IFNGR2;CCL2;ZNF26;OAS3;TRAF2;ZNF273;PIK3CB;HLA-DQB1;BCL2;TBK1;ZNF81;ZNF841;IL6;EIF2AK3;CASP3;NECTIN2;HLA-DRB1;STAT1;ZFP69;TICAM1;ZNF624;HLA-DQA1;ZNF641;NECTIN1;TNFSF14;IL12A;ZNF180;HLA-DRB5;SRC;ZNF700;JAK1;ZNF562;ZFP92;ZNF783;HLA-DOB;ZNF337;ZNF439;ZNF460;ZNF718;B2M;PPP1CC;APAF1;HLA-B;ZNF519;RBAK;ZNF432;ZNF765;ZNF721;DDX58;POU2F2;ZNF587;ZNF182;SRSF3;ZNF597;IRF7;IRAK1;ZNF430;ZNF84;TNFRSF14;IFIH1;ZNF124;ZNF41;IKBKB;ZNF93;ZNF567;ZNF714;ZSCAN32;ZNF878;ZNF785;ZNF154;ZNF136;ZNF605;ZNF708;ZNF792;SRSF7;ZNF480;ZNF737;POU2F1;EIF2AK2;ZNF436;HLA-C;ZNF431;ZNF707;SRSF9;ZNF211;PIK3R3;ZNF91;ZNF45;ZNF12;ZNF283;EIF2S1;SRSF1;HLA-A;ZNF100;ZNF223;ZNF778;LTA;HCFC2;ZNF250;ZNF317;OAS2;PDIA3;ZNF8;SRSF6;PIK3CA;SRSF2;ZNF354A;ZNF805;ZNF669;ZNF140;SP100;CCL5;ZNF311;ZNF630;NXF1;HLA-F;ZNF184;ZNF415;PIK3R2;AKT1;ZNF780A;IRF9;IFNB1;ZNF224;ZNF37A;TSC1;ZNF746;ZNF333;ZNF226;ZNF623;C5;SRPK1;ZNF221;ZNF766;SRSF4;SRSF8;ZNF23;ZNF248;ZNF888;ZNF354B;ZNF227;ZNF90;ZFP90;ZNF514;MAP3K7;ZNF208;ZNF510;ZNF490;TYK2;ZNF43;ZNF546;ZFP69B;ZNF286A;ZNF530;ZNF14;ZNF141;STAT2;ZNF853;ZNF33A;ZNF85;ZNF780B;ZNF25;ZNF658;ZNF845;ZNF225;NXF2B;ZNF675;ZNF611;ZNF316;ZNF347;IL12B;ZNF551;ZNF705E;ZNF550;RNASEL;ZNF736;BIRC2;ZNF234;ZNF461;ZNF189;TRAF6;ZNF578;ZNF155;ZNF529;ZNF782;ZNF814;ZNF112;BAX;ZNF543;ZNF222;ZNF324B;ZNF33B;ZNF559-ZNF177;ZNF251;FASLG;ZNF302;HLA-E;ZNF561;ZNF808;TP53;ZNF548;ZNF557;ZNF791;ZNF135;ZNF621;ZNF19;ZIK1;ZNF229;ZNF230;ZNF83;IFNAR1;ZNF620;MTOR;ZNF7;ZNF253;CHUK;ZNF440;ZNF177;ZNF443;ZNF585A;ZNF772;ZNF589;ZNF596;ZNF417;ZNF320;ZNF674;PTPN11;RHEB;ZNF552;IFNAR2;ZNF473;ZNF300;BST2;ZNF354C;EIF2B1;ZNF506;ZNF846;EIF2B2;ZNF764;IFNG;ZNF616;PPP1CA;ZNF132
prerank,Renin secretion,0.5461812725020561,1.6031077363247803,0.0,0.001842414116680586,0.253,37/69,24.87%,ITPR3;GUCY1B1;GUCY1A1;ITPR1;PRKG2;ADCY5;CACNA1D;EDNRA;PDE3A;PLCB3;PDE1A;PLCB2;PTGER4;ADCY6;EDN1;CALM2;PPP3CA;KCNJ2;CREB1;ACE;GNAI3;CACNA1C;EDN2;ADORA1;PDE1C;GNAQ;PTGER2;GUCY1A2;CALML4;PPP3R2;AQP1;PPP3CC;CLCA1;CACNA1F;PRKACB;PDE1B;PLCB4
prerank,Cardiac muscle contraction,0.5363603790499628,1.6028666507441682,0.0,0.0018352911578136456,0.254,27/83,16.13%,TPM4;CACNB3;SLC9A7;SLC9A1;CACNA1D;CACNB1;ATP1B1;SLC8A1;TPM3;ATP2A3;ATP1A1;ASPH;COX6B2;ATP2A2;ATP1B3;TPM2;TPM1;CACNA2D1;CACNA1C;CACNA2D4;TNNT2;ATP1A3;ACTC1;FXYD2;ATP1A4;SLC8A2;UQCRH
prerank,Estrogen signaling pathway,0.5214039000664404,1.6011938891573678,0.0,0.0018642351859650553,0.259,67/137,21.27%,CREB3L1;ITPR3;TGFA;TFF1;GABBR1;ITPR1;KRT19;CREB3;ADCY3;ADCY5;EGFR;PLCB3;KRAS;HBEGF;AKT3;PIK3CD;PLCB2;ADCY7;NCOA1;KRT15;ADCY6;SP1;MMP9;CALM2;MMP2;PIK3CB;KRT20;BCL2;CREB1;CREB5;GNAI3;SRC;KRT39;HSPA2;KCNJ3;PRKCD;OPRM1;NRAS;KRT25;KRT40;GNAQ;FOS;SHC1;KRT16;HSP90AA1;HSPA6;PIK3R3;SOS2;ATF4;MAP2K1;PGR;CALML4;KRT17;HSPA8;PIK3CA;KRT32;KRT18;PIK3R2;AKT1;KRT10;KRT31;GRB2;NOS3;KRT28;HSP90B1;SOS1;ATF2
prerank,Necroptosis,0.5190415772378564,1.599205934670282,0.0,0.0019165799989399358,0.265,75/156,22.95%,BIRC3;MACROH2A1;CHMP3;JAK2;CYBB;DNM1L;IL1B;JAK3;MLKL;PYCARD;CHMP2B;PLA2G4D;STAT3;NLRP3;CHMP4C;STAT4;TRAF5;PLA2G4E;IL1A;CASP8;TLR3;RIPK3;CAMK2D;TNF;IFNGR2;VDAC1;PLA2G4A;TRAF2;VPS4B;CAPN1;BCL2;CAPN2;STAT1;CFLAR;TICAM1;H2AZ1;PYGB;CASP1;TNFRSF10A;STAT6;STAT5A;JAK1;CHMP4B;PGAM5;PARP1;CHMP5;TNFRSF10B;XIAP;HSP90AA1;MAPK9;H2AZ2;EIF2AK2;ZBP1;CYLD;CHMP4A;SLC25A6;H2AW;IL33;H2AC13;TNFAIP3;RNF103-CHMP3;IRF9;TNFSF10;IFNB1;PLA2G4C;RNF31;H2AX;CHMP7;RBCK1;USP21;TLR4;SLC25A5;PLA2G4F;TYK2;MAPK10
prerank,"Growth hormone synthesis, secretion and action",0.5239299660191775,1.5986772074865565,0.0,0.0019209088075202631,0.266,59/119,22.18%,CREB3L1;ITPR3;SOCS1;ITPR1;CREB3;ADCY3;ADCY5;JAK2;CACNA1D;SOCS3;MAPK13;IGFBP3;PLCB3;STAT3;MAPK11;BCAR1;KRAS;AKT3;PIK3CD;PLCB2;JUNB;MAP3K1;ADCY7;ADCY6;SSTR5;MAPK12;PIK3CB;CREB1;STAT1;CREB5;GNAI3;CACNA1C;PRKCB;STAT5A;GHRHR;NRAS;GNAQ;FOS;SHC1;MAPK9;CRK;PIK3R3;SOS2;ATF4;MAP2K1;CREBBP;SSTR2;PIK3CA;PRKCA;PIK3R2;AKT1;GHRL;GRB2;SOS1;ATF2;POU1F1;CACNA1F;GNA11;EP300
prerank,GnRH secretion,0.5438593532232275,1.5982084726849473,0.0,0.0019310469373377312,0.269,31/64,18.02%,ITPR3;GABBR1;CACNA1H;ITPR1;CACNA1D;KCNN4;SPP1;PLCB3;KRAS;AKT3;PIK3CD;ARRB2;PLCB2;CACNA1G;KCNJ11;PIK3CB;TRPC1;ARRB1;CACNA1C;PRKCB;KCNJ3;NRAS;GNAQ;TRPC4;GNRH1;PIK3R3;MAP2K1;PIK3CA;PRKCA;PIK3R2;AKT1
prerank,Aldosterone synthesis and secretion,0.5287978437158849,1.596949721634543,0.0,0.001970190054168369,0.275,39/98,17.95%,CREB3L1;ITPR3;ATP2B4;CACNA1H;ITPR1;CREB3;ADCY3;ADCY5;CACNA1D;ATP1B1;PLCB3;CYP21A2;ATP1A1;DAGLA;PLCB2;CACNA1G;ADCY7;ADCY6;KCNK3;ATP1B3;CAMK2D;CALM2;CREB1;CREB5;ATP2B1;PRKD2;CACNA1C;PRKCB;CAMK4;GNAQ;ATP1A3;DAGLB;ATP1A4;PRKD3;ATF4;ATF1;CALML4;NR4A2;PRKCA
prerank,Breast cancer,0.5192020552244081,1.5942460108214371,0.0,0.002072476406579396,0.288,67/147,21.24%,WNT4;FZD1;BAK1;WNT9A;E2F3;EGFR;WNT7B;FZD7;JAG2;DLL1;NOTCH1;NOTCH2;NFKB2;EGF;HEYL;KRAS;AKT3;JAG1;PIK3CD;NOTCH3;WNT10B;E2F2;NCOA1;SP1;FZD3;FZD2;IGF1R;FZD8;FGFR1;PIK3CB;WNT10A;AXIN1;FZD6;WNT7A;BRCA2;CDKN1A;FZD10;NRAS;FGF5;WNT2;FGF7;WNT2B;FOS;SHC1;KIT;APC;RPS6KB1;PIK3R3;SOS2;BRCA1;HEY1;MAP2K1;PGR;TCF7L2;POLK;PIK3CA;CSNK1A1;FGF18;DLL4;PIK3R2;AKT1;CDK4;ARAF;FGF1;GRB2;SOS1;FZD5
prerank,Insulin secretion,0.5365349961410534,1.5908434205320314,0.0,0.0021906200849843324,0.3,33/86,15.33%,CREB3L1;ITPR3;SLC2A1;CREB3;ADCY3;ADCY5;CACNA1D;KCNN4;KCNMB1;ATP1B1;PLCB3;ATP1A1;KCNMB3;PLCB2;TRPM4;ADCY7;KCNJ11;ADCY6;ATP1B3;KCNMB4;PDX1;CAMK2D;STX1A;CREB1;CREB5;CACNA1C;PRKCB;PCLO;GNAQ;ATP1A3;FXYD2;ATP1A4;ATF4
prerank,Cushing syndrome,0.5164275138078527,1.587540268187361,0.0,0.0022614807474481795,0.311,58/155,16.43%,CREB3L1;ITPR3;NCEH1;WNT4;FZD1;CACNA1H;ITPR1;WNT9A;CCNE2;CREB3;ADCY3;ADCY5;E2F3;EGFR;WNT7B;CACNA1D;FZD7;RAP1B;PLCB3;CYP21A2;PLCB2;CACNA1G;WNT10B;E2F2;ADCY7;ADCY6;CDKN2B;KCNK3;SP1;FZD3;FZD2;KMT2A;CAMK2D;FZD8;WNT10A;RASD1;CREB1;CCNE1;AXIN1;CREB5;FZD6;WNT7A;GNAI3;CACNA1C;CDKN1A;FZD10;PDE8A;CDK2;WNT2;GNAQ;WNT2B;KCNK2;APC;KMT2D;ATF4;MAP2K1;TCF7L2;RAP1A
prerank,Morphine addiction,0.5310553328299452,1.5871565424461866,0.001006036217303823,0.0022689929538494383,0.314,48/91,25.91%,GABBR1;PDE4A;ADCY3;ADCY5;GNB4;PDE3A;GABRP;PDE4B;ARRB2;PDE1A;PDE10A;GABRR2;ADCY7;PDE4D;ADCY6;PDE7A;GNG3;GNG12;GNG2;ARRB1;GNB2;GNAI3;GNB1;PRKCB;PDE8A;ADORA1;KCNJ3;OPRM1;GNGT2;PDE4C;PDE1C;PDE7B;GRK2;GABRD;GNB3;CACNA1A;GABRB3;GNB5;PRKCA;GABRA5;GNGT1;GNG8;GABRR3;PRKACB;PDE1B;GABRE;CACNA1B;GABRG3
prerank,mRNA surveillance pathway,0.5253920256446569,1.5850052204768939,0.0,0.0023271169900172146,0.324,53/98,27.76%,PPP2R5E;CPSF6;PPP2R2C;PPP1CB;PPP2R3A;MSI2;PELO;PPP2R2B;FIP1L1;FUS;SMG1;PAPOLA;PAPOLG;NCBP2;NCBP1;PPP2R2A;BCL2L2-PABPN1;PPP1CC;UPF3B;RNPS1;ACIN1;CPSF2;GSPT1;SRRM1;PPP2CA;TARDBP;ETF1;DDX39B;WDR82;NXF1;SMG7;GSPT2;PPP2R5B;DAZAP1;RNMT;PABPC4L;UPF1;RBM8A;NXT2;SMG6;NUDT21;CPSF7;CPSF3;CSTF3;PABPC4;MSI1;NXF2B;PNN;RNGTT;SMG5;GLE1;PPP2CB;CSTF2
prerank,RIG-I-like receptor signaling pathway,0.5371574867180987,1.5821733830992584,0.0,0.0024292499727421816,0.333,26/68,14.27%,CXCL8;IKBKE;MAPK13;NFKB1;TRAF3;MAPK11;CASP10;STING1;MAP3K1;CASP8;TNF;TRAF2;MAPK12;TBK1;TRIM25;IL12A;TBKBP1;IFNE;DDX3X;DDX58;IRF7;IFIH1;IKBKB;TANK;MAPK9;CYLD
prerank,Non-small cell lung cancer,0.532076327161942,1.5801217081904373,0.0,0.0024799943709722136,0.343,37/72,20.99%,TGFA;BAK1;E2F3;EGFR;HGF;JAK3;STAT3;EGF;KRAS;AKT3;PIK3CD;RASSF5;E2F2;KIF5A;PIK3CB;PRKCB;STAT5A;KIF5B;CDKN1A;NRAS;STK4;PIK3R3;SOS2;MAP2K1;KIF5C;POLK;PIK3CA;RARB;PRKCA;PIK3R2;AKT1;CDK4;ARAF;CDKN2A;GRB2;RET;SOS1
prerank,Cortisol synthesis and secretion,0.5357954636597984,1.5637002328107192,0.0,0.003115638756040709,0.409,23/65,13.19%,CREB3L1;ITPR3;NCEH1;CACNA1H;ITPR1;CREB3;ADCY3;ADCY5;CACNA1D;PLCB3;CYP21A2;PLCB2;CACNA1G;ADCY7;ADCY6;KCNK3;SP1;CREB1;CREB5;CACNA1C;PDE8A;GNAQ;KCNK2
prerank,Nicotinate and nicotinamide metabolism,-0.37434445961825247,-1.5636100946186366,0.0,0.03453176310723587,0.1841841841841842,10/34,6.25%,ASPDH;NADK2;QPRT;ENPP1;SIRT5;SIRT3;ENPP3;NAPRT;SIRT4;NMRK1
prerank,Ubiquitin mediated proteolysis,0.5125744129827356,1.5608392352696945,0.0,0.0032381034183913008,0.423,86/140,31.91%,BIRC3;SOCS1;PML;UBA6;SOCS3;SMURF1;PIAS2;UBE2Z;FBXW11;FBXW7;MAP3K1;CBL;RCHY1;ANAPC4;UBR5;UBE2I;PIAS3;CDC27;KLHL9;MDM2;UBE2D1;TRIP12;UBE2Q2;FANCL;CBLB;TRIM32;HUWE1;SMURF2;CDC20;UBE2W;RHOBTB2;BIRC6;CUL4B;UBE3B;XIAP;ANAPC10;UBE2A;HERC3;CUL5;BRCA1;UBE2S;UBE2G1;ANAPC1;UBA2;UBE2C;SAE1;UBE2L6;CUL7;UBA7;UBE2J1;UBE2R2;UBE2L3;UBE2N;UBE2M;UBA1;UBA3;NEDD4L;TRIM37;CUL3;UBE2D3;COP1;UBE3C;UBE2K;UBE2E1;UBE2E2;UBE2U;HERC2;ANAPC7;BIRC7;BIRC2;TRAF6;UBE2D2;ANAPC5;UBE2J2;UBE3A;UBE2Q1;SIAH1;CUL1;VHL;PIAS1;MGRN1;CDC16;CUL2;UBE4A;CUL4A;DDB2
prerank,Aldosterone-regulated sodium reabsorption,0.567596241419673,1.5575833616316586,0.0031282586027111575,0.003429875623027793,0.447,21/37,20.94%,ATP1B1;KRAS;ATP1A1;PIK3CD;ATP1B3;FXYD4;PIK3CB;PRKCB;SGK1;SFN;ATP1A3;FXYD2;ATP1A4;PIK3R3;PIK3CA;PRKCA;PIK3R2;INSR;SCNN1A;NEDD4L;NR3C2
prerank,Hepatitis C,0.5028792904196769,1.5557364620399712,0.0,0.0034783225637713073,0.452,82/154,28.25%,BAK1;YWHAZ;CLDN4;E2F3;EGFR;IKBKE;SOCS3;PPP2R2C;NFKB1;TRAF3;STAT3;EGF;KRAS;AKT3;PIK3CD;YWHAH;E2F2;CASP8;TLR3;PPP2R2B;CYCS;TNF;YWHAB;YWHAQ;MX2;OAS3;TRAF2;PIK3CB;TBK1;EIF2AK3;CASP3;OCLN;STAT1;CLDN18;CFLAR;TICAM1;PPP2R2A;CDKN1A;JAK1;YWHAG;APAF1;PSME3;CDK2;NRAS;DDX58;IRF7;CLDN7;IKBKB;PPP2CA;EIF2AK2;CLDN10;CLDN11;PIK3R3;SOS2;EIF2S1;MAP2K1;OAS2;PIK3CA;PIK3R2;AKT1;CDK4;MX1;IRF9;IFNB1;ARAF;GRB2;SOS1;TYK2;E2F1;STAT2;GSK3B;RSAD2;YWHAE;RIPK1;RNASEL;MAPK3;TRAF6;PPP2CB;BAX;BRAF;FASLG;TP53
prerank,Hedgehog signaling pathway,0.5367529280486162,1.5542141925781656,0.0010224948875255625,0.003515385468641541,0.458,37/56,31.70%,GPR161;IQCE;SMURF1;GLI3;FBXW11;ARRB2;EFCAB7;EVC;GLI1;KIF3A;EVC2;CCND2;CSNK1G1;BCL2;GLI2;ARRB1;SPOPL;SMURF2;GAS1;GRK2;MEGF8;CSNK1E;CSNK1A1;PTCH1;CSNK1G2;CUL3;DHH;CSNK1D;PTCH2;PRKACB;GSK3B;CSNK1G3;HHIP;CUL1;MGRN1;SUFU;CDON
prerank,Apelin signaling pathway,0.506994901303021,1.545902889986833,0.0,0.003953181695273979,0.491,65/137,21.46%,ITPR3;ITPR1;SLC9A1;ADCY3;ADCY5;RYR1;GNB4;SPP1;SLC8A1;PLCB3;PIK3R6;KRAS;AKT3;JAG1;PRKAA1;SPHK1;NOTCH3;PIK3R5;PLCB2;PIK3CG;ADCY7;SMAD2;ADCY6;PLAT;TGFBR1;CALM2;GNA13;CDH1;GNG3;GNG12;GNG2;GNB2;GNAI3;GNB1;NRF1;CAMK4;NRAS;GNGT2;MEF2D;GNAQ;ACTA2;KLF2;RRAS;CCN2;RPS6KB1;GNB3;SLC8A2;MAP2K1;BECN2;GNB5;CALML4;BORCS8-MEF2B;BECN1;MEF2C;MEF2B;AKT1;PIK3C3;MEF2A;SERPINE1;SMAD4;EGR1;NOS3;MYLK4;GNGT1;GNG8
prerank,Acute myeloid leukemia,0.5227569946308009,1.5455516843055184,0.0,0.00394958180726116,0.492,35/67,20.99%,PML;ITGAM;RUNX1;NFKB1;STAT3;SPI1;KRAS;AKT3;PIK3CD;BCL2A1;FCGR1A;CSF1R;PIK3CB;CSF2;CEBPE;STAT5A;NRAS;IKBKB;KIT;PPARD;CCNA2;RPS6KB1;PIM2;PIK3R3;SOS2;MAP2K1;TCF7L2;PIK3CA;PIK3R2;AKT1;FLT3;ARAF;DUSP6;GRB2;SOS1
prerank,Thyroid hormone signaling pathway,0.5047139408409238,1.5448719091020686,0.0,0.003972439413951904,0.495,52/121,18.38%,WNT4;HIF1A;ITGAV;PFKP;RCAN2;SLC2A1;SLC9A1;PLCD3;NOTCH1;NOTCH2;ATP1B1;PLCB3;KRAS;ATP2A3;ATP1A1;AKT3;PIK3CD;NOTCH3;PLCB2;ATP2A2;NCOA1;ATP1B3;NCOR1;ACTG1;PIK3CB;HDAC1;PLCE1;MED14;STAT1;MDM2;MED1;GATA4;SRC;MED13L;PRKCB;ACTB;PFKM;NRAS;ATP1A3;FXYD2;MED12;ATP1A4;PIK3R3;MAP2K1;CREBBP;HDAC2;PIK3CA;PFKFB2;PRKCA;PIK3R2;AKT1;SIN3A
prerank,Calcium signaling pathway,0.49280823447101857,1.5441335425079639,0.0,0.003979264009218373,0.498,112/239,25.66%,ITPR3;MST1R;ATP2B4;CACNA1H;MCU;PTAFR;ITPR1;ADCY3;EGFR;PTGFR;ORAI2;CXCR4;HGF;RYR1;MCOLN3;CACNA1D;STIM2;PLCD3;GNA15;HRH1;EDNRA;GRIN2A;SLC8A1;PLCB3;EGF;NTSR1;ATP2A3;ASPH;SPHK1;VEGFB;PDE1A;PLCB2;CACNA1G;ATP2A2;MCOLN2;CYSLTR2;ADCY7;ITPKA;GRIN1;VEGFA;GRIN2D;OXTR;FGFR2;CAMK2D;F2R;VDAC1;FGFR1;CALM2;PPP3CA;BDKRB2;HTR4;HRH2;PLCE1;NTRK2;P2RX4;ATP2B1;PDGFRA;CACNA1C;PRKCB;TPCN1;ITPKB;PHKA2;CAMK4;PDE1C;FGF5;HTR6;P2RX5;FGF7;GNAQ;ADORA2B;CHRNA7;CACNA1A;PHKA1;PDGFD;SLC8A2;SLC25A6;CALML4;ITPKC;HTR5A;FGF18;ERBB3;CD38;PDGFA;PRKCA;GRM5;PPP3R2;CHRM1;PDGFC;PDGFRB;NGF;FGF1;CYSLTR1;RET;NOS3;VEGFC;MYLK4;PPP3CC;SLC25A5;AVPR1B;CACNA1F;GNA11;P2RX1;PRKACB;FLT1;PDE1B;ATP2A1;PLCB4;PLN;CACNA1B;MYLK2;FGFR3;HTR7
prerank,Glioma,0.5196051199782954,1.5435237223643994,0.0010121457489878543,0.003965135217498617,0.499,36/75,20.99%,TGFA;BAK1;E2F3;EGFR;EGF;KRAS;AKT3;PIK3CD;E2F2;CAMK2D;IGF1R;CALM2;PIK3CB;MDM2;PDGFRA;PRKCB;CDKN1A;CAMK4;NRAS;SHC1;PIK3R3;SOS2;MAP2K1;CALML4;POLK;PIK3CA;PDGFA;PRKCA;PIK3R2;AKT1;CDK4;ARAF;PDGFRB;CDKN2A;GRB2;SOS1
prerank,Gastric cancer,0.500227225986687,1.5414376226305866,0.0,0.004065255841976626,0.506,67/149,21.42%,CDH17;WNT4;FZD1;BAK1;WNT9A;CCNE2;E2F3;EGFR;WNT7B;HGF;FZD7;EGF;KRAS;AKT3;PIK3CD;WNT10B;E2F2;SMAD2;TGFB3;CDKN2B;FGFR2;FZD3;FZD2;TGFB1;FZD8;TGFBR1;PIK3CB;WNT10A;BCL2;CDH1;CDX2;TGFB2;CCNE1;AXIN1;FZD6;WNT7A;CDKN1A;FZD10;CDK2;NRAS;FGF5;WNT2;FGF7;WNT2B;SHC1;APC;RPS6KB1;PIK3R3;MUC2;SOS2;MAP2K1;TCF7L2;POLK;PIK3CA;CSNK1A1;FGF18;CTNNA1;RARB;PIK3R2;AKT1;SMAD4;ARAF;FGF1;GRB2;SOS1;FZD5;GAB1
prerank,Mismatch repair,0.5934893195849383,1.5388787520783596,0.017582417582417582,0.0042105384032157574,0.519,15/23,24.21%,POLD3;RFC2;MSH6;RFC5;EXO1;RFC4;MSH2;MLH3;RPA1;LIG1;RPA4;PCNA;RFC1;POLD1;MLH1
prerank,Fluid shear stress and atherosclerosis,0.5017682150981285,1.538243860054176,0.0,0.004231121800031299,0.524,63/137,20.79%,ITGAV;CAV2;IL1B;ICAM1;RAC2;MAP3K5;MAPK13;NFKB1;MAPK11;AKT3;PRKAA1;PIK3CD;NCF2;IL1A;VEGFA;MMP9;ARHGEF2;PLAT;TNF;EDN1;CCL2;ACTG1;CALM2;MMP2;NCF1;MAPK12;PIK3CB;BCL2;VCAM1;GPC1;BMPR1B;MAPK7;RAC1;SRC;ITGA2B;ACTB;CYBA;CAV1;ACVR1;NPPC;NOX1;BMPR2;IKBKB;TRPV4;FOS;KLF2;GSTP1;HSP90AA1;MAPK9;PIK3R3;CALML4;ACVR2A;PIK3CA;NQO1;MEF2C;PDGFA;PIK3R2;AKT1;MEF2A;RHOA;NOS3;THBD;HSP90B1
prerank,Long-term potentiation,0.5222541084993623,1.5364131097346885,0.003045685279187817,0.004302372859253216,0.531,33/67,22.18%,ITPR3;ITPR1;RAP1B;GRIN2A;PLCB3;PPP1CB;KRAS;PLCB2;GRIN1;GRIN2D;CAMK2D;CALM2;PPP3CA;RPS6KA1;CACNA1C;PRKCB;PPP1CC;CAMK4;NRAS;GNAQ;ATF4;MAP2K1;CREBBP;CALML4;RAP1A;PRKCA;GRM5;PPP3R2;RPS6KA2;ARAF;RPS6KA6;PPP3CC;EP300
prerank,Ubiquinone and other terpenoid-quinone biosynthesis,-0.5118944581069019,-1.532672650932587,0.06428571428571428,0.03935692170872564,0.2132132132132132,7/11,8.68%,HPD;VKORC1;TAT;COQ5;COQ3;COQ6;GGCX
prerank,Glutamatergic synapse,0.5043961178526309,1.5310588855540492,0.0,0.0045549693878923605,0.549,56/114,22.58%,ITPR3;ITPR1;SLC38A1;ADCY3;ADCY5;GLS;CACNA1D;PLD1;GNB4;GRIN2A;PLA2G4D;GRM4;PLCB3;PLA2G4E;PLCB2;GRM8;ADCY7;GRIN1;ADCY6;GRIN2D;HOMER3;PLD2;PLA2G4A;PPP3CA;GRIK5;TRPC1;GNG3;GNG12;GNG2;GRIK1;GNB2;HOMER1;GNAI3;CACNA1C;GNB1;PRKCB;KCNJ3;GNGT2;GNAQ;GRK2;SLC1A7;GNB3;CACNA1A;GNB5;PRKCA;GRM5;PPP3R2;GRIN3B;PLA2G4C;SLC1A1;DLG4;GNGT1;PPP3CC;GNG8;SHANK2;PLA2G4F
prerank,Spliceosome,0.5001424891905241,1.5282458380983321,0.0,0.004683815975670241,0.563,72/146,24.54%,RNVU1-1;DDX23;DHX15;SRSF10;PRPF38B;PRPF4;FUS;PRPF40A;TCERG1;TRA2A;TRA2B;SNRNP27;HNRNPM;NCBP2;NCBP1;HNRNPU;PRPF40B;HNRNPC;RBM25;PRPF38A;DHX8;RBM17;HSPA2;THOC2;ACIN1;SRSF3;PRPF3;U2AF2;RBMX;U2AF1L5;SNRNP40;LSM8;PLRG1;DDX5;SNRPD1;EFTUD2;HNRNPA3;HSPA6;SRSF7;SMNDC1;RBM22;SRSF9;U2AF1L4;SRSF1;DDX39B;HNRNPK;DDX46;SF3B1;U2SURP;DDX42;SF3B4;SRSF6;HSPA8;PPIH;SRSF2;SNRPA1;RNU5A-1;USP39;SRSF4;PPIE;BCAS2;SRSF8;RBM8A;SF3A3;U2AF1;SF3B3;SNRNP200;PRPF8;RNVU1-7;THOC1;RBMXL1;BUD31
prerank,Oocyte meiosis,0.4993499893439232,1.5211616862535722,0.0,0.005071199251853494,0.597,60/129,21.08%,ITPR3;YWHAZ;ITPR1;CCNE2;PPP2R5E;ADCY3;ADCY5;MAPK13;MAPK11;PPP1CB;FBXW11;YWHAH;ADCY7;ADCY6;ANAPC4;MAD2L1;CAMK2D;IGF1R;YWHAB;YWHAQ;SPDYA;FBXO5;CALM2;PPP3CA;MAPK12;PLK1;CDC27;RPS6KA1;BUB1;CCNE1;PKMYT1;PPP1CC;YWHAG;CDK1;CDK2;REC8;CDC20;SMC1B;SMC1A;CCNB1;SGO1;SLK;ANAPC10;PPP2CA;SPDYE1;SPDYE2;CCNB2;MAP2K1;PGR;CALML4;ANAPC1;AURKA;SPDYE5;PPP3R2;PPP2R5B;RPS6KA2;PTTG1;RPS6KA6;ESPL1;PPP3CC
prerank,Vascular smooth muscle contraction,0.4943428625195653,1.5196132172494066,0.0,0.005175606295274008,0.604,76/133,30.38%,ITPR3;GUCY1B1;GUCY1A1;ITPR1;ADCY3;ADCY5;CACNA1D;PLA2G2A;EDNRA;KCNMB1;PLA2G4D;PLCB3;PPP1R12A;PPP1CB;PLA2G10;KCNMB3;PLA2G4E;PLCB2;ADCY7;ADCY6;KCNMB4;PPP1R12B;PRKG1;EDN1;PLA2G4A;CALM2;IRAG1;PTGIR;PLA2G1B;GNA13;MYH11;CACNA1C;ROCK1;PRKCB;PPP1CC;EDN2;NPPC;PRKCD;MYL9;PRKCQ;CALCB;GNAQ;ADORA2B;ACTA2;PRKCH;ARHGEF12;GUCY1A2;MAP2K1;CALML4;PRKCA;RHOA;ARAF;PLA2G4C;ARHGEF1;ADM;MYLK4;MYH9;AVPR1B;CACNA1F;GNA11;PLA2G4F;PRKACB;PLA2G2D;PLCB4;MYLK2;JMJD7-PLA2G4B;MAPK3;PRKCE;BRAF;CALCA;PLA2G4B;ARHGEF11;PPP1R14A;PLA2G12A;ADCY9;CALM1
prerank,Sphingolipid metabolism,0.5301255714610849,1.513363348557326,0.0041025641025641026,0.005644551214051355,0.643,17/49,8.18%,SGPP2;DEGS2;UGCG;CERS6;ASAH1;SMPD3;PLPP2;SPHK1;GAL3ST1;SGMS2;ACER3;SGPP1;SPTLC2;DEGS1;SPTLC1;CERS5;UGT8
prerank,Serotonergic synapse,0.4976307891447457,1.5110239309383484,0.0,0.00580337821360366,0.659,62/113,28.87%,ITPR3;ALOX5;ITPR1;PTGS1;ADCY5;CACNA1D;PTGS2;KCND2;HTR3A;GNB4;PLA2G4D;PLCB3;KRAS;PLA2G4E;PLCB2;PLA2G4A;HTR4;TRPC1;GNG3;CASP3;GNG12;GNG2;GNB2;GNAI3;CACNA1C;GNB1;PRKCB;TPH1;KCNJ3;NRAS;GNGT2;HTR6;GNAQ;SLC18A2;GNB3;CACNA1A;GABRB3;ALOX12B;MAP2K1;SLC18A1;GNB5;HTR5A;PRKCA;ARAF;PLA2G4C;GNGT1;APP;GNG8;CACNA1F;PLA2G4F;HTR1E;PRKACB;PLCB4;CACNA1B;HTR7;JMJD7-PLA2G4B;MAPK3;BRAF;PLA2G4B;ALOX12;HTR1B;GNG13
prerank,Porphyrin and chlorophyll metabolism,-0.3407563072649059,-1.5053186118157666,0.0,0.04425966967015546,0.24424424424424424,12/43,6.11%,ALAS1;MMAB;UGT1A3;FXN;ALAD;UGT1A4;UGT2B10;BLVRB;UROS;UGT1A1;HMBS;HEPHL1
prerank,Progesterone-mediated oocyte maturation,0.4993005420918352,1.5015135103022035,0.0,0.006575948162808097,0.707,57/100,27.97%,ADCY3;ADCY5;MAPK13;MAPK11;CDC25B;KRAS;AKT3;PIK3CD;ADCY7;ADCY6;ANAPC4;MAD2L1;IGF1R;SPDYA;MAPK12;PIK3CB;PLK1;CDC27;RPS6KA1;BUB1;GNAI3;PKMYT1;CDK1;CDK2;STK10;CCNB1;HSP90AA1;MAPK9;ANAPC10;SPDYE1;CCNA2;SPDYE2;CCNB2;PIK3R3;MAP2K1;PGR;PIK3CA;ANAPC1;AURKA;PIK3R2;SPDYE5;AKT1;CDC25A;RPS6KA2;ARAF;RPS6KA6;MAPK10;CPEB1;PRKACB;KIF22;ANAPC7;CDC25C;SPDYE18;MAPK3;ANAPC5;BRAF;SPDYE16
prerank,Inflammatory mediator regulation of TRP channels,0.49438288795555835,1.498341825954741,0.0,0.00679074382575784,0.719,44/98,19.74%,ITPR3;F2RL1;ITPR1;ADCY3;ADCY5;IL1B;HRH1;MAPK13;PLA2G4D;PLCB3;MAPK11;PPP1CB;PIK3CD;PLA2G4E;PLCB2;PTGER4;ADCY7;ADCY6;CAMK2D;PLA2G4A;CALM2;BDKRB2;TRPA1;MAPK12;PIK3CB;IL1RAP;TRPV2;SRC;PRKCB;PPP1CC;PRKCD;PRKCQ;GNAQ;TRPV4;PTGER2;MAPK9;PRKCH;PIK3R3;CALML4;PIK3CA;PRKCA;PIK3R2;NGF;PLA2G4C
prerank,mTOR signaling pathway,0.4824376527460075,1.4952815926081107,0.0,0.007056211530436147,0.73,73/154,24.89%,WNT4;FZD1;WNT9A;WNT7B;FZD7;CAB39;KRAS;AKT3;PRKAA1;PIK3CD;ATP6V1C2;WNT10B;FZD3;FZD2;IGF1R;TNF;FZD8;PIK3CB;WNT10A;CASTOR2;RPS6KA1;CLIP1;FZD6;WNT7A;STRADA;RICTOR;PRKCB;SGK1;ULK1;FNIP2;GRB10;EIF4E;FZD10;LPIN2;RRAGC;NRAS;IKBKB;WNT2;DDIT4;LAMTOR3;ATP6V1E2;WNT2B;ATP6V1H;RPS6KB1;PIK3R3;ULK2;SOS2;SLC7A5;MAP2K1;CAB39L;PIK3CA;SEH1L;PRKCA;PIK3R2;AKT1;RPS6KA2;INSR;TSC1;RHOA;ATP6V1A;ATP6V1B1;GRB2;RRAGD;RPS6KA6;SOS1;ATP6V1C1;FZD5;NPRL3;TELO2;FLCN;ATP6V1B2;GSK3B;DVL3
prerank,Cytosolic DNA-sensing pathway,0.5106676344557175,1.4943505757452535,0.0030706243602865915,0.007102560315806173,0.733,27/59,22.35%,CGAS;IL18;IL1B;IKBKE;PYCARD;NFKB1;STING1;RIPK3;TBK1;IL6;CASP1;ADAR;POLR3K;DDX58;POLR3D;IRF7;IKBKB;ZBP1;CCL4L2;POLR3C;IL33;CCL5;CCL4;IFNB1;POLR3E;AIM2;POLR3B
prerank,Vibrio cholerae infection,0.5199974500166614,1.4941812697132144,0.012371134020618556,0.007062432856394838,0.733,35/50,34.63%,ADCY3;KDELR3;SLC12A2;ERO1A;CFTR;KCNQ1;ATP6V1C2;TCIRG1;ACTG1;ATP6V0A2;TJP2;ACTB;SEC61A1;ATP6V0B;ATP6V1E2;ATP6V1H;ATP6V0C;PRKCA;ATP6V1A;ATP6V1B1;ATP6V1C1;PRKACB;ATP6V1B2;ATP6V0D2;ATP6V0D1;SEC61G;ATP6V1D;TJP1;ATP6V1F;ATP6AP1;ADCY9;PDIA4;KDELR2;PRKACA;ARF1
prerank,Pentose and glucuronate interconversions,-0.37358729428419646,-1.4930062920998497,0.0,0.04683290627888542,0.25925925925925924,10/34,6.49%,DCXR;CRYL1;XYLB;UGT1A3;UGT1A4;SORD;UGT2B10;UGT1A1;UGP2;AKR1A1
prerank,Prolactin signaling pathway,0.50636673653762,1.491318487917433,0.003061224489795918,0.007264920276531691,0.743,31/70,18.02%,TNFRSF11A;SOCS1;JAK2;IRF1;SOCS3;MAPK13;SOCS4;NFKB1;STAT3;MAPK11;KRAS;AKT3;PIK3CD;SOCS5;CCND2;MAPK12;PIK3CB;STAT1;SOCS7;SRC;STAT5A;NRAS;FOS;SHC1;MAPK9;PIK3R3;SOS2;MAP2K1;PIK3CA;PIK3R2;AKT1
prerank,Amino sugar and nucleotide sugar metabolism,0.5180988377003143,1.4901633150510227,0.006172839506172839,0.007323491657006302,0.748,22/48,19.29%,HK2;GFPT1;GFPT2;UAP1L1;HKDC1;CYB5RL;RENBP;PMM2;HK3;GNPDA1;CYB5R2;GPI;NAGK;GNPDA2;NPL;CYB5R4;UGDH;GFUS;GMPPB;HK1;FPGT;CHIT1
prerank,Purine metabolism,0.48701394800204356,1.4817945557856427,0.0,0.008207829900222138,0.786,53/127,18.34%,GUCY1B1;PKM;GUCY1A1;AMPD3;NT5C3A;PDE4A;ENTPD1;ADCY3;ADCY5;NT5C1B;IMPDH1;PDE3A;PDE5A;PDE4B;DCK;PDE1A;PDE10A;ADCY7;PDE4D;ADCY6;CANT1;PDE7A;GDA;PNP;AK5;RRM2;ADA;ENTPD4;ENTPD2;RRM1;PDE6B;ENTPD3;AK7;PDE8A;AMPD1;PDE4C;PDE1C;GART;PDE7B;ENTPD6;ADA2;ENPP4;RRM2B;GMPS;NT5C1A;PPAT;GUCY1A2;GUCY2C;ADSS2;AK8;GMPR;GUCY2F;PDE9A
prerank,Taste transduction,0.49243096429058075,1.4752676793599229,0.002014098690835851,0.008923629622736674,0.816,40/85,28.87%,ITPR3;TAS2R38;GABBR1;HCN4;HTR3A;GRM4;PLCB3;PDE1A;PLCB2;P2RY1;KCNK5;ADCY6;TAS2R5;ENTPD2;CACNA1C;PDE1C;TAS2R4;GNB3;CACNA1A;TAS2R20;SCNN1A;GABRA5;TAS2R41;TAS2R19;HTR1E;ASIC2;TAS2R3;PRKACB;PDE1B;PLCB4;P2RY4;TAS2R50;TAS1R3;TAS2R30;SCNN1B;TAS2R31;TAS2R10;TAS2R14;HTR1B;GNG13
prerank,Fatty acid elongation,-0.385817578587681,-1.472979352600687,0.014705882352941176,0.0514895873009337,0.2862862862862863,9/27,5.49%,ECHS1;ACOT1;ACOT4;HADH;ACOT2;ELOVL2;TECR;ACAA2;MECR
prerank,Basal cell carcinoma,0.5028262100080726,1.465249905798213,0.004069175991861648,0.010072739173324385,0.848,25/63,16.42%,WNT4;FZD1;BAK1;WNT9A;WNT7B;FZD7;GLI3;WNT10B;GLI1;FZD3;FZD2;FZD8;WNT10A;BMP2;GLI2;AXIN1;FZD6;WNT7A;CDKN1A;FZD10;WNT2;WNT2B;APC;TCF7L2;POLK
prerank,Wnt signaling pathway,0.4691125129788276,1.4539594121172636,0.0,0.011652673690734397,0.891,80/166,24.89%,WNT4;GPC4;FZD1;MMP7;WNT9A;NFATC1;CTNND2;WNT7B;VANGL2;TLE3;RAC2;FZD7;CTBP2;PLCB3;FBXW11;PLCB2;WNT10B;FZD3;FZD2;VANGL1;CAMK2D;CCND2;FZD8;DKK2;PPP3CA;WNT10A;LGR4;ROR1;CCN4;CCND3;RAC1;AXIN1;FZD6;WNT7A;CHD8;PRKCB;NFATC4;NFATC2;SFRP4;FZD10;CXXC4;SFRP1;PRICKLE1;SFRP2;WNT2;WNT2B;NKD2;FOSL1;MAPK9;PPARD;CSNK1E;APC;TBL1XR1;CREBBP;TCF7L2;NLK;CSNK1A1;PORCN;ROR2;PRICKLE3;PRKCA;PPP3R2;SMAD4;RHOA;TLE4;PPP3CC;CSNK2A1;FZD5;CSNK2A3;CTBP1;SFRP5;EP300;MAP3K7;MAPK10;RYK;PRKACB;PSEN1;GSK3B;PLCB4;DVL3
prerank,Systemic lupus erythematosus,0.47336290503132145,1.4524967489052842,0.0,0.011800643911242416,0.894,47/131,22.65%,MACROH2A1;HLA-DMB;FCGR2A;HLA-DOA;GRIN2A;HLA-DPA1;HLA-DRA;CD86;HLA-DMA;FCGR1A;HLA-DPB1;H4-16;HLA-DQA2;TNF;FCGR3A;HLA-DQB1;HLA-DRB1;H2AZ1;HLA-DQA1;TRIM21;FCGR3B;CD80;HLA-DRB5;H2BC18;H2BC6;C1QC;HLA-DOB;C1QB;ACTN4;ACTN1;SNRPD1;H4C8;H2AZ2;H2BC8;C1QA;H3C13;H2AW;H2BU1;H2AC13;H4C4;H2AX;C5;H3C12;RO60;H2BC7;H3C6;CD40LG
prerank,Type II diabetes mellitus,0.5058881307335985,1.4418767590262993,0.015384615384615385,0.013463805581272295,0.924,24/46,18.96%,HK2;SOCS1;PKM;HKDC1;CACNA1D;SOCS3;SOCS4;PIK3CD;CACNA1G;KCNJ11;PDX1;TNF;PIK3CB;HK3;CACNA1C;PRKCD;IKBKB;MAPK9;CACNA1A;PIK3R3;HK1;PIK3CA;PIK3R2;INSR
prerank,Malaria,0.5004587703010007,1.4399749496595946,0.010298661174047374,0.013741314101796563,0.927,17/50,8.02%,CXCL8;TLR2;IL18;COMP;HGF;IL1B;ICAM1;ITGB2;THBS2;TGFB3;TNF;TGFB1;CCL2;IL6;VCAM1;TGFB2;IL12A
prerank,Pyrimidine metabolism,0.49539223663178295,1.4353100237762586,0.02044989775051125,0.014418115519975622,0.937,23/54,18.08%,NT5C3A;ENTPD1;NT5C1B;DCK;UPP1;TYMP;CMPK1;CANT1;PNP;RRM2;ENTPD4;DPYD;RRM1;TYMS;UCK2;ENTPD3;CMPK2;ENTPD6;RRM2B;NT5C1A;DCTD;DCTPP1;CAD
prerank,Hepatocellular carcinoma,0.4598735718465166,1.424229765807305,0.001001001001001001,0.016539842240752667,0.961,70/167,21.90%,WNT4;TGFA;FZD1;SMARCD3;BAK1;WNT9A;E2F3;EGFR;WNT7B;HGF;FZD7;KRAS;AKT3;PIK3CD;SMARCD1;WNT10B;E2F2;SMAD2;TGFB3;FZD3;FZD2;IGF1R;TGFB1;FZD8;TGFBR1;ACTG1;PIK3CB;WNT10A;TGFB2;AXIN1;FZD6;WNT7A;ARID2;SMARCA4;PRKCB;CDKN1A;ACTB;FZD10;NRAS;WNT2;WNT2B;SHC1;GSTP1;APC;RPS6KB1;PIK3R3;SOS2;MAP2K1;TCF7L2;SMARCC2;POLK;PIK3CA;CSNK1A1;NQO1;ARID1B;PRKCA;PIK3R2;AKT1;CDK4;SMAD4;ARAF;CDKN2A;ELK1;GRB2;SOS1;FZD5;GAB1;PHF10;DPF1;ACTL6A
prerank,Nucleotide excision repair,0.5068789890054481,1.4241192789052703,0.01040582726326743,0.01647468963300553,0.962,20/45,21.99%,POLD3;RFC2;RFC5;RFC4;GTF2H2C;GTF2H1;CUL4B;GTF2H2;RPA1;LIG1;GTF2H3;POLE4;RPA4;PCNA;RFC1;ERCC6;POLD1;ERCC3;POLE;POLE3
prerank,Lysosome,0.4643030802176844,1.4239981188384812,0.002,0.01641911968297478,0.962,58/128,26.23%,CTSS;AP1S3;LAMP3;CTSE;AP1G2;LAPTM5;ASAH1;PPT1;CTSK;MANBA;CD63;TCIRG1;ABCB9;CTSC;LITAF;IDS;CLN3;AP3M2;ATP6V0A2;ACP5;AP4M1;ENTPD4;SCARB2;GNS;GNPTAB;LAPTM4B;AP1B1;SGSH;SLC11A1;CLTC;GGA2;ABCA2;ATP6V0B;ATP6V1H;NPC1;MFSD8;AP4B1;AP3B2;AP4E1;IGF2R;CD68;AP1S2;CD164;ATP6V0C;CLTB;AP1G1;CTSW;MAN2B1;GLA;AGA;CTSV;IDUA;M6PR;FUCA2;ATP6V0D2;HYAL4;ATP6V0D1;CTSL
prerank,Glycerophospholipid metabolism,0.46627149785638694,1.4239439769467561,0.00202020202020202,0.016350856226525882,0.962,31/98,10.31%,ACHE;GPD1L;DGKH;DGKE;LPCAT1;GPD2;LPCAT4;PLA2G2A;PLD1;MBOAT2;DGKA;PLA2G4D;PHOSPHO1;MBOAT1;PLPP5;PLA2G10;PLPP2;PLD4;PLA2G4E;ETNK1;PLB1;DGKZ;DGKG;PLD2;PLA2G4A;CDS1;PLA2G1B;MBOAT7;LPGAT1;PCYT1A;LPIN2
prerank,Lysine degradation,-0.3213427362714717,-1.4188575331870457,0.1111111111111111,0.06827463858377684,0.36736736736736736,19/63,5.28%,ECHS1;GCDH;PIPOX;ALDH2;EHHADH;ALDH7A1;SMYD2;DHTKD1;AASS;HADH;AADAT;HYKK;ACAT2;ALDH3A2;ACAT1;ALDH1B1;SUV39H1;PRDM9;BBOX1
prerank,Alcoholism,0.4551004942781535,1.4133503824701263,0.001,0.018554778512641038,0.971,67/185,22.03%,CREB3L1;HDAC9;MACROH2A1;CREB3;HDAC7;ADCY5;GNB4;GRIN2A;PPP1CB;KRAS;GRIN1;GRIN2D;H4-16;CALM2;HDAC1;CREB1;GNG3;GNG12;GNG2;H2AZ1;NTRK2;CREB5;GNB2;GNAI3;H2BC18;GNB1;PPP1R1B;H2BC6;CAMKK1;PPP1CC;CAMK4;NRAS;GNGT2;SLC18A2;ADORA2B;SHC1;H4C8;H2AZ2;H2BC8;GNB3;SOS2;ATF4;MAP2K1;SLC18A1;SLC6A3;HDAC2;GNB5;CALML4;H3C13;H2AW;H2BU1;PKIA;H2AC13;GRIN3B;H4C4;ARAF;GRB2;H2AX;H3C12;GNGT1;SOS1;HAT1;ATF2;GNG8;H2BC7;CAMKK2;H3C6
prerank,Various types of N-glycan biosynthesis,0.4990704013164893,1.408020379496742,0.02598752598752599,0.019829352515019535,0.979,18/39,28.17%,FUT8;MGAT4A;B4GALNT3;B4GALNT4;MAN1A2;B4GALT1;MAN2A1;TUSC3;CHST9;RPN2;STT3A;ALG11;DDOST;ST3GAL3;B4GALT3;ALG13;CHST8;MAN2A2
prerank,FoxO signaling pathway,0.4628730465179579,1.4058985955333216,0.002002002002002002,0.020236873303143884,0.981,58/130,20.02%,EGFR;SOD2;FOXO6;MAPK13;STAT3;MAPK11;EGF;KRAS;BCL2L11;AKT3;PRKAA1;PIK3CD;PLK3;TGFB3;CDKN2B;PLK4;HOMER3;IGF1R;CCND2;TGFB1;TGFBR1;MAPK12;PIK3CB;CCNG2;PLK1;G6PC3;IL6;TGFB2;MDM2;HOMER1;SGK1;IL7R;CDKN1A;CDK2;NRAS;PLK2;IKBKB;CCNB1;ATM;KLF2;MAPK9;CSNK1E;CCNB2;STK4;PIK3R3;SOS2;MAP2K1;CREBBP;NLK;PIK3CA;CDKN2D;PIK3R2;AKT1;TNFSF10;INSR;SMAD4;ARAF;GRB2
prerank,Mannose type O-glycan biosynthesis,0.5473840244050302,1.40305912997254,0.05125408942202835,0.020774579499259656,0.981,12/23,24.97%,FUT4;CHST10;FKTN;POMK;RXYLT1;POMT2;B3GAT1;B4GALT1;POMGNT1;B3GALNT2;ST3GAL3;B4GALT3
prerank,Oxidative phosphorylation,-0.27945886257002567,-1.3976057125882544,0.0,0.07464810228788901,0.3963963963963964,32/120,8.77%,LHPP;ATP6V0E2;NDUFA2;NDUFB7;NDUFC2;NDUFB6;ATP5PF;UQCRC1;NDUFS7;NDUFB1;SDHB;NDUFB8;COX4I2;NDUFA4;NDUFA10;COX17;NDUFB11;ATP5PD;NDUFA11;SDHD;UQCRQ;ATP5F1D;NDUFV1;COX7B2;UQCR10;COX6A2;NDUFB10;COX5B;ATP6V1G3;NDUFA3;ATP6V0E1;ATP5F1E
prerank,Pathways of neurodegeneration,0.4366612433710067,1.3931736011015483,0.0,0.023273182280827642,0.986,200/462,27.78%,ITPR3;NDUFV2;WNT4;GPX8;FZD1;BAK1;MCU;ITPR1;WNT9A;WNT7B;RYR1;CACNA1D;CYBB;PTGS2;CSF1;IL1B;FZD7;NOX4;KLC2;MAP3K5;MAPK13;TUBB3;CHMP2B;DNAH5;DNAH10;GRIN2A;NFKB1;PLCB3;MAPK11;TUBA4A;KRAS;ATP2A3;PRNP;COX6B2;PLCB2;IFT57;ATP2A2;DNAH7;DCTN5;WNT10B;CASP7;IL1A;CASP8;TUBB6;GRIN1;GRIN2D;DNAH2;CYCS;TUBA1A;FZD3;FZD2;CAMK2D;TNF;DNAL1;DCTN2;HIP1;FZD8;VDAC1;TRPC3;DKK2;CALM2;PPP3CA;FUS;TRAF2;STX1A;KIF5A;MAPK12;CAPN1;WNT10A;BCL2;ALS2;ATG2B;TBK1;SNCAIP;IL6;EIF2AK3;CAPN2;CASP3;TNFRSF1B;PSMA2;TUBA1C;RAC1;UCHL1;AXIN1;FZD6;WNT7A;PSMD14;RAB1A;CACNA1C;PRKCB;KIF5B;ULK1;ATXN2L;TUBAL3;FZD10;APAF1;SMCR8;NRAS;NOX1;ATP5F1B;WNT2;NDUFA4L2;GNAQ;PSMD2;WNT2B;TANK;TUBA1B;MAPK9;ATG101;NEFH;GPX7;TARDBP;CSNK1E;GPX2;APC;CHRNA7;HSPA5;DCTN6;ULK2;EIF2S1;ATF4;MAP2K1;PSMD1;SLC6A3;SLC25A6;PSEN2;KIF5C;BECN2;UQCRH;CALML4;UBE2G1;CSNK1A1;BECN1;KLC3;UBE2L6;DNAI2;KLC1;UBA7;PRKCA;GRM5;PPP3R2;PIK3C3;ATP5F1A;SPG11;SEPTIN5;CHRM1;MAP3K10;UBE2J1;DDIT3;ATXN2;NDUFA13;ARAF;NEFL;UBE2L3;TUBA8;SNCA;RAB39B;VCP;UBA1;CDK5R1;DLG4;ACTR10;APP;PPP3CC;CSNK2A1;FZD5;CSNK2A3;DNAH3;SLC25A5;CACNA1F;MFN1;WDR41;DNAH14;MAPK10;ATP2A1;FIG4;PSEN1;GSK3B;PLCB4;DVL3;AGER;CACNA1B;DNAH17;OPTN;NEFM;PSMA5;PSMA3;MAPK3;HAP1;BDNF;DNAL4;HTT;BAX;TOMM40L;UBE2J2;DCTN1;BRAF;AMBRA1;SQSTM1;FASLG
prerank,Prion disease,0.44151308770257963,1.3861946850277949,0.0,0.025184382071387488,0.989,93/260,22.11%,CREB3L1;ITPR3;NDUFV2;MCU;ITPR1;CREB3;RYR1;CACNA1D;CAV2;CYBB;IL1B;RAC2;KLC2;NOTCH1;MAPK13;TUBB3;GRIN2A;MAPK11;TUBA4A;PIK3CD;PRNP;COX6B2;NCF2;IL1A;TUBB6;GRIN1;GRIN2D;CYCS;TUBA1A;TNF;VDAC1;PPP3CA;NCF1;KIF5A;MAPK12;PIK3CB;CREB1;IL6;EIF2AK3;CASP3;NCF4;PSMA2;TUBA1C;RAC1;NCAM1;CREB5;PSMD14;CACNA1C;KIF5B;C1QC;CYBA;STIP1;TUBAL3;APAF1;CAV1;C1QB;HSPA2;PRKCD;ATP5F1B;NDUFA4L2;PSMD2;TUBA1B;HSPA6;MAPK9;C1QA;HSPA5;PIK3R3;EIF2S1;ATF4;PSMD1;SLC25A6;KIF5C;UQCRH;HSPA8;PIK3CA;KLC3;CCL5;KLC1;PIK3R2;PPP3R2;GRIN3B;ATP5F1A;DDIT3;NDUFA13;EGR1;TUBA8;C5;PPP3CC;CSNK2A1;ATF2;CSNK2A3;SLC25A5;CACNA1F
prerank,Autophagy,0.4481216860209003,1.3799421776915073,0.003003003003003003,0.02694394754015089,0.991,59/137,22.95%,HIF1A;ITPR1;DAPK1;VMP1;RAB7B;KRAS;AKT3;ATG9B;PRKAA1;SH3GLB1;PIK3CD;ATG4D;IGF1R;PIK3CB;BCL2;ATG2B;TBK1;RUBCN;EIF2AK3;CFLAR;RAB33B;RAB1A;ULK1;SMCR8;ATG7;RRAGC;PRKCD;NRAS;DDIT4;PRKCQ;TANK;STX17;RRAS;MAPK9;ATG101;PPP2CA;UVRAG;RPS6KB1;ATG3;PIK3R3;ULK2;EIF2S1;MAP2K1;BECN2;PIK3CA;SUPT20H;BECN1;PIK3R2;AKT1;PIK3C3;TSC1;RAB39B;DAPK2;RRAGD;VAMP8;CAMKK2;WDR41;MAP3K7;MAPK10
prerank,Mineral absorption,0.47474614696030815,1.3788872777413734,0.033707865168539325,0.027220532667612266,0.991,21/60,16.07%,TRPV6;ATP2B4;SLC34A2;ATP1B1;SLC8A1;ATP7A;ATP1A1;SLC6A19;ATP1B3;SLC26A9;HEPH;SLC5A1;ATP2B1;VDR;SLC9A3;CYBRD1;ATP1A3;FXYD2;ATP1A4;SLC8A2;CLCN2
prerank,Neuroactive ligand-receptor interaction,0.43581629574168573,1.3783456899248647,0.0,0.02722388798370018,0.991,139/338,29.48%,F2RL1;GIPR;GABBR1;PTAFR;MTNR1A;PTGFR;CHRNA5;LPAR2;HRH1;C5AR1;EDNRA;FPR3;FPR1;SCTR;GRIN2A;INSL3;GRM4;ADRA2A;LPAR1;NTSR1;GABRP;ADORA3;NTS;CHRNA6;GABRR2;PTGER4;CYSLTR2;GPR35;GRM8;GRIN1;LPAR6;P2RY1;NPFFR1;PRSS3;GRIN2D;OXTR;S1PR2;C3AR1;SSTR5;TAAR1;F2R;EDN1;BDKRB2;HTR4;PTGIR;FPR2;GRIK5;HRH2;NPY4R2;P2RY6;S1PR3;GRIK1;NMUR1;GLP2R;P2RX4;CHRND;UTS2B;BRS3;GHRHR;GLRB;TSPO;P2RY13;TAAR6;EDN2;ADORA1;HRH4;OPRM1;GLRA3;GPR83;NPBWR1;NPY4R;HTR6;P2RX5;GRID1;CALCB;ADORA2B;PTGER2;S1PR5;P2RY10;GABRD;CHRNA7;LPAR3;GNRH1;GABRB3;GLRA2;CALCR;HTR5A;SSTR2;GRP;TAAR2;TAAR8;LPAR4;GRM5;GRIN3B;GHRL;CHRM1;MC1R;GZMA;NMU;F2RL3;CYSLTR1;GABRA5;ADM;C5;GPR156;GNRHR;THRA;VIPR2;AVPR1B;PRSS2;GAL;DRD3;P2RX1;HTR1E;GABRR3;TSHB;GABRE;S1PR4;IAPP;P2RY4;HTR7;TAAR9;PRSS1;GABRG3;SLURP1;TBXA2R;TAAR5;RXFP1;POMC;PTGER1;LTB4R2;CALCA;LHB;HTR1B;SLURP2;BDKRB1;GRIA2;KISS1R;CHRNA10
prerank,RNA degradation,0.4664757249331254,1.3780461365742522,0.011122345803842264,0.02717254524500604,0.991,50/79,37.43%,BTG1;PFKP;ENO2;CNOT2;CNOT6;BTG2;PAN3;CNOT9;EXOSC9;XRN1;PFKM;DDX6;LSM8;DCP1A;ENO1;PNPT1;CNOT6L;CNOT8;MTREX;CNOT3;EXOSC10;LSM1;BTG3;PARN;ENO4;PATL1;DCP2;PABPC4L;CNOT7;DIS3;PABPC4;TTC37;EXOSC3;HSPD1;PABPC1L;CNOT1;CNOT4;EDC4;CNOT10;ZCCHC7;EXOSC2;XRN2;LSM6;PNLDC1;LSM4;MPHOSPH6;TOB2;DCPS;PABPC5;HSPA9
prerank,Alzheimer disease,0.4330745099854711,1.3750321928589104,0.0,0.0280464097237409,0.992,127/356,21.29%,ITPR3;NDUFV2;BACE2;WNT4;FZD1;MCU;ITPR1;WNT9A;WNT7B;CACNA1D;CYBB;PTGS2;CSF1;IL1B;FZD7;NOX4;ADAM17;KLC2;MAP3K5;TUBB3;GRIN2A;NFKB1;PLCB3;ADAM10;TUBA4A;KRAS;ATP2A3;AKT3;PIK3CD;COX6B2;PLCB2;ATP2A2;WNT10B;CASP7;IL1A;CASP8;TUBB6;GRIN1;GRIN2D;CYCS;TUBA1A;FZD3;FZD2;TNF;FZD8;VDAC1;DKK2;CALM2;PPP3CA;TRAF2;KIF5A;PIK3CB;CAPN1;WNT10A;ATG2B;IL6;EIF2AK3;CAPN2;CASP3;PSMA2;TUBA1C;AXIN1;FZD6;WNT7A;PSMD14;CACNA1C;KIF5B;ULK1;TUBAL3;FZD10;APAF1;NRAS;GPR83;NOX1;ATP5F1B;IKBKB;WNT2;NDUFA4L2;GNAQ;PSMD2;WNT2B;TUBA1B;MAPK9;ATG101;APH1B;EIF2AK2;CSNK1E;APC;CHRNA7;PIK3R3;ULK2;EIF2S1;ATF4;MAP2K1;PSMD1;SLC25A6;PSEN2;RTN3;KIF5C;BECN2;UQCRH;CALML4;PIK3CA;CSNK1A1;BECN1;KLC3;KLC1;PIK3R2;GRM5;AKT1;PPP3R2;PIK3C3;ATP5F1A;CHRM1;DDIT3;GAPDH;INSR;NDUFA13;ARAF;TUBA8;SNCA;CDK5R1;APP;PPP3CC;CSNK2A1;FZD5;CSNK2A3
prerank,Spinocerebellar ataxia,0.4405270094464075,1.3609095674383946,0.00501002004008016,0.03289201485192332,0.997,61/143,26.24%,ITPR3;MCU;ITPR1;RYR1;MAP3K5;GRIN2A;PLCB3;ATP2A3;AKT3;PIK3CD;PLCB2;ATP2A2;RBPJ;GRIN1;GRIN2D;SP1;CYCS;VDAC1;TRPC3;TRAF2;PIK3CB;ATG2B;PSMA2;PSMD14;PRKCB;ULK1;ATXN2L;CIC;GNAQ;PSMD2;MAPK9;ATG101;CACNA1A;PUM2;VLDLR;PIK3R3;ULK2;PSMD1;SLC25A6;BECN2;PIK3CA;BECN1;PRKCA;PIK3R2;AKT1;GRIN3B;PIK3C3;ATXN2;AFG3L2;NFYA;SLC25A5;BEAN1;MYOD1;TBP;MAPK10;OMA1;ATP2A1;PLCB4;PUM1;PSMA5;PSMA3
prerank,Cocaine addiction,0.4781693224793196,1.3585716511062218,0.031762295081967214,0.033667128366471816,0.997,20/49,21.27%,CREB3L1;CREB3;ADCY5;GRIN2A;NFKB1;GRIN1;GRIN2D;CREB1;CREB5;GNAI3;PPP1R1B;SLC18A2;ATF4;SLC18A1;SLC6A3;GPSM1;GRIN3B;CDK5R1;DLG4;ATF2
prerank,Mitophagy,0.46138121370923973,1.352083600131709,0.020202020202020204,0.036133325401011405,0.998,37/68,28.25%,HIF1A;MITF;RAB7B;KRAS;ATG9B;SP1;FUNDC1;TBK1;EIF2AK3;BNIP3L;SRC;ULK1;TBC1D15;PGAM5;NRAS;RRAS;MAPK9;ATF4;USP15;BECN2;TFE3;RHOT2;BECN1;CSNK2A1;CSNK2A3;RHOT1;MFN1;MAPK10;E2F1;CITED2;OPTN;TAX1BP1;FOXO3;TFEB;AMBRA1;SQSTM1;TP53
prerank,Collecting duct acid secretion,0.5148015134516489,1.3481263074152574,0.061224489795918366,0.03743907214657211,0.998,17/27,28.85%,ATP6V1C2;TCIRG1;ATP6V0A2;ATP6V1E2;SLC12A7;CLCNKB;ATP6V0C;ATP6V1A;ATP6V1B1;ATP6V1C1;ATP4A;ATP6V1B2;ATP6V0D2;ATP6V0D1;ATP6V1D;CA2;ATP6V1F
prerank,"Neomycin, kanamycin and gentamicin biosynthesis",0.7216962956653126,1.3450591140638213,0.08743169398907104,0.03863829188429116,0.998,4/5,15.72%,HK2;HKDC1;HK3;HK1
prerank,Diabetic cardiomyopathy,0.4313578621663415,1.3416939885801005,0.002,0.03986255181144454,0.998,63/190,19.08%,NDUFV2;GFPT1;COL1A1;COL1A2;SLC2A1;GFPT2;CYBB;RAC2;COL3A1;MAPK13;NFKB1;PLCB3;MAPK11;PPP1CB;ATP2A3;AKT3;PIK3CD;COX6B2;PLCB2;ATP2A2;NCF2;SMAD2;TGFB3;SP1;PDK3;MMP9;CAMK2D;TGFB1;VDAC1;TGFBR1;MMP2;G6PD;NCF1;MAPK12;PIK3CB;NCF4;ACE;TGFB2;RAC1;GSR;PRKCB;CYBA;PPP1CC;PRKCD;PARP1;ATP5F1B;NDUFA4L2;MAPK9;GYS1;PIK3R3;SLC25A6;UQCRH;PIK3CA;PDHA1;CPT1B;PRKCA;PTPA;PIK3R2;AKT1;ATP5F1A;GAPDH;INSR;NDUFA13
prerank,Renin-angiotensin system,-0.35602308309510833,-1.3410985489793499,0.10416666666666667,0.09874065489800195,0.4994994994994995,8/23,7.71%,REN;MME;PRCP;THOP1;ACE2;KLK2;CTSG;AGT
prerank,Galactose metabolism,0.49913739023233467,1.3362825313243012,0.07782515991471216,0.04204970480125409,1.0,12/30,15.72%,MGAM2;HK2;PFKP;MGAM;HKDC1;AKR1B1;G6PC3;HK3;PFKM;B4GALT1;SI;HK1
prerank,Nicotine addiction,0.4784584047595254,1.3280126869974183,0.05543933054393305,0.0457575113447003,1.0,16/40,25.91%,GRIN2A;GABRP;CHRNA6;GABRR2;GRIN1;GRIN2D;GABRD;CHRNA7;CACNA1A;GABRB3;GRIN3B;GABRA5;GABRR3;GABRE;CACNA1B;GABRG3
prerank,African trypanosomiasis,0.4729727095885852,1.3206962236107667,0.07497360084477296,0.04910170650017388,1.0,12/36,8.87%,F2RL1;IL18;IL1B;ICAM1;PLCB3;PLCB2;TNF;IL6;VCAM1;IL12A;LAMA4;PRKCB
prerank,Fructose and mannose metabolism,0.4794338543519239,1.3101232052187168,0.0824524312896406,0.05466689004828232,1.0,16/33,17.59%,HK2;PFKFB3;PFKP;HKDC1;AKR1B1;ALDOA;TIGAR;PMM2;HK3;PFKM;GFUS;PFKFB4;GMPPB;HK1;FPGT;PFKFB2
prerank,Citrate cycle (TCA cycle),-0.3362222407474982,-1.3022074401081059,0.12121212121212122,0.11752632770920622,0.5575575575575575,7/30,5.52%,PCK2;PC;PDHB;SDHB;PCK1;FH;SDHD
prerank,Proximal tubule bicarbonate reclamation,-0.35443586136551153,-1.2942458468975393,0.06349206349206349,0.11934303786059776,0.5705705705705706,7/23,4.14%,GLUD1;PCK2;SLC38A3;CA4;SLC25A10;GLUD2;PCK1
prerank,Endometrial cancer,0.44925496804156834,1.289684619780825,0.06376518218623482,0.06722711872058051,1.0,33/58,28.25%,BAK1;EGFR;EGF;KRAS;AKT3;PIK3CD;PIK3CB;CDH1;AXIN1;CDKN1A;NRAS;ILK;APC;PIK3R3;SOS2;MAP2K1;TCF7L2;POLK;PIK3CA;CTNNA1;PIK3R2;AKT1;ARAF;ELK1;GRB2;SOS1;MLH1;GSK3B;MAPK3;FOXO3;BAX;BRAF;TP53
prerank,Base excision repair,0.4673523577663567,1.2850923098023026,0.11122770199370409,0.07013184199000196,1.0,20/33,29.40%,POLD3;TDG;FEN1;APEX2;PARP1;NEIL3;PARP4;MBD4;MUTYH;LIG1;POLE4;PCNA;POLD1;POLE;POLE3;PARP3;LIG3;XRCC1;UNG;SMUG1
prerank,GABAergic synapse,0.4272950579426368,1.2743706835527995,0.049494949494949494,0.07788025455695317,1.0,41/89,26.45%,GABBR1;SLC38A1;ADCY3;ADCY5;GAD1;GLS;CACNA1D;GNB4;GABRP;GABRR2;ADCY7;ADCY6;PLCL1;GNG3;NSF;GNG12;GNG2;GNB2;GNAI3;CACNA1C;SRC;GNB1;PRKCB;TRAK2;GNGT2;GABRD;GNB3;CACNA1A;GABRB3;GNB5;PRKCA;GABRA5;GNGT1;GNG8;CACNA1F;GABRR3;PRKACB;GABRE;CACNA1B;GABRG3;HAP1
prerank,Arachidonic acid metabolism,0.43080062401072006,1.265032427182437,0.07934893184130214,0.08492693561900327,1.0,23/61,16.31%,ALOX5;GPX8;TBXAS1;PTGS1;PLA2G2A;PTGS2;PTGES;PRXL2B;PLA2G4D;PTGIS;PLA2G10;PLA2G4E;PLB1;PTGES3;PLA2G4A;PLA2G1B;CBR3;GGT1;GPX7;GPX2;ALOX12B;GGT5;HPGDS
prerank,RNA transport,0.4068007871769577,1.2497951799419644,0.012,0.09817950809636793,1.0,92/182,34.47%,RPP25;RNVU1-1;NUP50;POP1;NUP58;KPNB1;NDC1;UBE2I;FUS;NUP62;NUP54;XPO1;NUP205;NCBP2;RAN;CYFIP1;NCBP1;NUP210;NUP188;EIF4G2;EIF4G3;TACC3;EIF4E;UPF3B;RNPS1;RANBP2;THOC2;ACIN1;NUP155;EIF4A1;NUP42;NUP107;SRRM1;NUP43;POM121L2;TARDBP;EIF2S3;EIF2S2;EIF2S1;DDX39B;XPOT;TRNT1;NXF1;SEH1L;EIF4G1;STRAP;RNU5A-1;TGS1;PABPC4L;UPF1;POM121C;RBM8A;EIF3CL;DDX20;NXT2;GEMIN7;NUP93;PHAX;RNVU1-7;THOC1;NUP98;TPR;PABPC4;NUP214;NXF2B;PNN;NUP160;PAIP1;GLE1;RNU4-1;POM121;EIF3C;POP7;GEMIN5;RAE1;RNU1-1;PABPC1L;NUP153;EIF4A3;EIF3A;RNU4-2;NUP37;GEMIN4;EIF3J;RNU6-1;POP4;NUP85;FXR2;EIF2B1;EIF2B2;NXT1;EEF1A2
prerank,Insulin signaling pathway,0.4059126708392493,1.246961224318462,0.036036036036036036,0.10050512095244507,1.0,53/136,20.02%,HK2;SOCS1;HKDC1;SOCS3;SOCS4;PPP1CB;KRAS;AKT3;PRKAA1;PIK3CD;CBL;PRKCI;INPPL1;RAPGEF1;CALM2;RHOQ;PIK3CB;G6PC3;PYGB;TRIP10;HK3;MKNK1;PRKAR2B;EIF4E;PPP1CC;CBLB;PHKA2;NRAS;PTPRF;IKBKB;SHC1;MAPK9;CRK;RPS6KB1;GYS1;SORBS1;PIK3R3;PHKA1;SOS2;MAP2K1;HK1;CALML4;PIK3CA;FLOT2;FLOT1;PIK3R2;AKT1;INSR;PPP1R3D;TSC1;ARAF;ELK1;GRB2
prerank,Starch and sucrose metabolism,0.4513805512229306,1.2437851036643628,0.13612565445026178,0.1032224468722021,1.0,13/35,15.72%,MGAM2;HK2;MGAM;PGM2L1;HKDC1;GYG1;G6PC3;PYGB;HK3;GPI;SI;GYS1;HK1
prerank,"Phenylalanine, tyrosine and tryptophan biosynthesis",-0.5205969070334856,-1.235234139777287,0.17167381974248927,0.15813611142565961,0.6726726726726727,3/6,3.03%,PAH;TAT;GOT2
prerank,Aminoacyl-tRNA biosynthesis,0.43442025728324785,1.23229298209719,0.14060860440713535,0.11468593944418977,1.0,18/44,22.60%,WARS1;YARS2;IARS1;MARS1;NARS1;YARS1;EPRS1;WARS2;TARS1;GARS1;HARS2;MARS2;SARS2;DARS2;LARS1;SARS1;VARS2;DARS1
prerank,Amyotrophic lateral sclerosis,0.38614302202940753,1.2255128518236642,0.01,0.12178527072098241,1.0,143/351,27.71%,ITPR3;NDUFV2;GPX8;MCU;KLC2;MAP3K5;MAPK13;TUBB3;CHMP2B;DNAH5;DNAH10;NUP50;GRIN2A;MAPK11;TUBA4A;NUP58;COX6B2;DNAH7;DCTN5;TUBB6;GRIN1;NDC1;GRIN2D;SETX;DNAH2;CYCS;TUBA1A;TNF;DNAL1;DCTN2;VDAC1;ACTG1;PPP3CA;FUS;TRAF2;KIF5A;MAPK12;BCL2;ALS2;ATG2B;NUP62;NUP54;TBK1;EIF2AK3;CASP3;TNFRSF1B;PSMA2;TUBA1C;NUP205;CASP1;RAC1;PSMD14;NCBP1;NUP210;RAB1A;NUP188;KIF5B;ULK1;ACTB;ATXN2L;TUBAL3;APAF1;NRG3;SMCR8;RANBP2;HNRNPA2B1;NRG4;SRSF3;ATP5F1B;NUP155;NDUFA4L2;NUP107;PSMD2;PFN2;NUP43;TANK;HNRNPA3;POM121L2;TUBA1B;SRSF7;ATG101;NEFH;GPX7;TARDBP;GPX2;HSPA5;DCTN6;ULK2;EIF2S1;ATF4;PSMD1;KIF5C;BECN2;UQCRH;BECN1;KLC3;NRG2;DNAI2;KLC1;NXF1;SEH1L;PPP3R2;PIK3C3;ATP5F1A;SPG11;DDIT3;ATXN2;NDUFA13;NEFL;TUBA8;RAB39B;VCP;UBQLN1;MATR3;ACTR10;PPP3CC;POM121C;DNAH3;WDR41;DNAH14;NXT2;NUP93;PFN1;NUP98;TPR;FIG4;NUP214;NXF2B;NUP160;DNAH17;OPTN;NEFM;PSMA5;PSMA3;HAP1;DNAL4;GLE1;BAX;TOMM40L;DCTN1;AMBRA1;POM121;SQSTM1
prerank,Basal transcription factors,0.43671515715457543,1.2249351499814813,0.13860369609856263,0.1219257928232794,1.0,23/44,35.54%,TAF4B;TAF2;GTF2E2;GTF2H2C;GTF2H1;TAF3;GTF2H2;TAF10;GTF2IRD1;TAF13;TAF4;GTF2E1;GTF2H3;ERCC3;TAF6;TBP;TAF1;TAF5L;TAF15;GTF2A2;GTF2F2;GTF2A1;GTF2I
prerank,Retrograde endocannabinoid signaling,0.3982694467513141,1.2205410734494395,0.057057057057057055,0.12654499299019767,1.0,53/141,26.25%,ITPR3;NDUFV2;ITPR1;ADCY3;ADCY5;CACNA1D;PTGS2;GNB4;MAPK13;PLCB3;MAPK11;GABRP;GABRR2;DAGLA;PLCB2;MGLL;ADCY7;ADCY6;MAPK12;GNG3;GNG12;GNG2;GNB2;GNAI3;CACNA1C;GNB1;PRKCB;KCNJ3;GNGT2;NDUFA4L2;GNAQ;MAPK9;DAGLB;GABRD;GNB3;CACNA1A;GABRB3;GNB5;PRKCA;GRM5;NDUFA13;GABRA5;GNGT1;GNG8;CACNA1F;MAPK10;GABRR3;PRKACB;GABRE;PLCB4;CACNA1B;GABRG3;MAPK3
prerank,Protein processing in endoplasmic reticulum,0.3933375261373718,1.2199854831727113,0.046,0.12659132060988448,1.0,94/170,37.10%,BAK1;MAP3K5;ERO1A;DNAJC10;PPP1R15A;HSPA4L;TRAF2;CAPN1;BCL2;DNAJC5;EIF2AK3;CAPN2;EDEM3;UBE2D1;CKAP4;MAN1A2;UBXN4;CANX;HSPA2;SEC61A1;DNAJC3;SVIP;SEC23B;DNAJC5B;UGGT2;HSP90AA1;HSPA6;MAPK9;EIF2AK2;HSPH1;HSPA5;SEC24D;EIF2S1;ATF4;PDIA3;UBE2G1;TRAM1;HSPA8;HYOU1;TUSC3;SSR1;SEC31A;RPN2;LMAN1;UBE2J1;DDIT3;VCP;UBQLN1;MARCHF6;PDIA6;LMAN1L;HSP90B1;STT3A;PLAA;UBE2D3;DDOST;MAPK10;ERLEC1;DNAJC1;CRYAB;SEC24B;SEC61G;DERL3;BAX;UBE2D2;UBE2J2;ERO1B;NGLY1;SEL1L;MBTPS2;SSR3;CUL1;NPLOC4;SEC24A;MAN1B1;FBXO6;XBP1;HSP90AB1;YOD1;PDIA4;SSR2;UBXN2A;ERN1;ATF6;DERL1;GANAB;MAPK8;SEC24C;UBQLN3;CALR;MBTPS1;DNAJB11;MAN1A1;SKP1
prerank,Chemical carcinogenesis,0.38561225416229455,1.2096827856816317,0.042,0.13849632979006407,1.0,87/228,21.27%,CREB3L1;KLF5;PAQR5;UGT1A10;KLF4;CREB3;ADCY3;ADCY5;JAK2;EGFR;CACNA1D;PTGS2;IKBKE;DLL1;NOTCH2;NFKB1;EPHX4;STAT3;EGF;KRAS;AKT3;JAG1;PIK3CD;ARRB2;CDC6;UGT2A3;KPNB1;ADCY7;VEGFA;ADCY6;PTGES3;PIK3CB;BCL2;CREB1;RPS6KA1;CCND3;CREB5;ARRB1;GNAI3;CACNA1C;SRC;PRKCB;STAT5A;VDR;KPNA2;EPHX3;KPNA7;NRAS;UGT1A7;FGF5;KPNA4;FGF7;UGT1A5;PAQR8;FOS;XIAP;GSTP1;HSP90AA1;UGT2B11;CYP1B1;RPS6KB1;CHRNA7;CACNA1A;KPNA6;PIK3R3;UGT1A8;SOS2;ATF4;MAP2K1;PGR;HPGDS;PIK3CA;FGF18;BIRC5;DLL4;PRKCA;PIK3R2;AKT1;CDC25A;RPS6KA2;GRB2;SULT1A3;HSP90B1;RPS6KA6;KPNA3;SOS1;ATF2
prerank,ABC transporters,0.42394300077885694,1.2091491054750585,0.1591375770020534,0.1385192839892342,1.0,14/45,12.42%,ABCC1;ABCA12;ABCG1;TAP1;CFTR;ABCA3;ABCB9;TAP2;ABCA7;ABCC5;ABCC3;ABCC4;ABCA2;ABCC10
prerank,Riboflavin metabolism,-0.46504002957846247,-1.2071234896244625,0.22564102564102564,0.17920827033111963,0.7127127127127127,3/8,2.69%,ENPP1;BLVRB;ENPP3
prerank,AMPK signaling pathway,0.39326091313242095,1.2070402270655751,0.0914572864321608,0.14054519688672087,1.0,42/119,19.08%,CREB3L1;PFKFB3;PFKP;CREB3;PPP2R5E;RAB10;CAB39;PPP2R2C;CFTR;PPP2R3A;AKT3;PRKAA1;PIK3CD;PPP2R2B;IGF1R;SCD5;PIK3CB;G6PC3;CREB1;EEF2K;CREB5;STRADA;PPP2R2A;RAB14;ULK1;PFKM;TBC1D1;PPP2CA;CCNA2;RPS6KB1;GYS1;PIK3R3;PFKFB4;CAB39L;PIK3CA;PFKFB2;CPT1B;PIK3R2;AKT1;PPP2R5B;INSR;TSC1
prerank,Synaptic vesicle cycle,0.40680517329129584,1.199770032452883,0.1414141414141414,0.1493594218248751,1.0,39/77,28.85%,UNC13B;UNC13A;ATP6V1C2;DNM2;STX2;STX3;TCIRG1;STX1A;ATP6V0A2;NSF;STXBP1;DNM1;CLTC;SYT1;ATP6V0B;SLC18A2;ATP6V1E2;ATP6V1H;SLC1A7;CACNA1A;SLC18A1;SLC6A3;ATP6V0C;CLTB;UNC13C;ATP6V1A;ATP6V1B1;SLC1A1;ATP6V1C1;SNAP25;ATP6V1B2;CACNA1B;ATP6V0D2;AP2A2;ATP6V0D1;DNM3;ATP6V1D;RAB3A;ATP6V1F
prerank,One carbon pool by folate,0.48671641684771927,1.199595812074167,0.23180291153415453,0.14895079199930966,1.0,7/19,12.12%,MTHFD2;ALDH1L2;MTHFD1L;MTHFR;MTHFD2L;TYMS;GART
prerank,Huntington disease,0.37747753332953693,1.1894006689789844,0.027,0.16259440731703603,1.0,84/293,18.52%,CREB3L1;NDUFV2;GPX8;ITPR1;CREB3;KLC2;SOD2;MAP3K5;TUBB3;DNAH5;DNAH10;PLCB3;TUBA4A;COX6B2;PLCB2;IFT57;DNAH7;DCTN5;CASP8;BBC3;TUBB6;GRIN1;TGM2;SP1;DNAH2;CYCS;TUBA1A;DNAL1;DCTN2;HIP1;VDAC1;POLR2A;TRAF2;STX1A;KIF5A;ATG2B;HDAC1;CREB1;CASP3;TAF4B;PSMA2;TUBA1C;CREB5;PSMD14;REST;KIF5B;ULK1;TUBAL3;APAF1;CLTC;POLR2B;NRF1;ATP5F1B;NDUFA4L2;GNAQ;PSMD2;RCOR1;TUBA1B;MAPK9;ATG101;GPX7;POLR2J2;GPX2;DCTN6;ULK2;POLR2J3;CREBBP;PSMD1;SLC25A6;KIF5C;BECN2;HDAC2;UQCRH;BECN1;KLC3;DNAI2;KLC1;TAF4;CLTB;GRM5;PIK3C3;ATP5F1A;SIN3A;MAP3K10
prerank,Thiamine metabolism,0.48947164964642953,1.1888623366254822,0.23406720741599074,0.16260767471202958,1.0,9/15,32.03%,ALPI;AK5;AK7;TPK1;AK8;ALPG;ACP1;AK1;AK2
prerank,Non-homologous end-joining,0.5189110029260555,1.1875602266006553,0.24532710280373832,0.1638011930760322,1.0,10/13,37.76%,PRKDC;DCLRE1C;XRCC5;FEN1;MRE11;LIG4;RAD50;POLM;NHEJ1;XRCC4
prerank,alpha-Linolenic acid metabolism,0.44569034696741877,1.1858876598518082,0.24565217391304348,0.1655068219349553,1.0,7/25,6.12%,PLA2G2A;PLA2G4D;PLA2G10;PLA2G4E;PLB1;PLA2G4A;PLA2G1B
prerank,Ferroptosis,-0.2752694972311509,-1.1660766335771489,0.1794871794871795,0.21833706436242958,0.7857857857857858,10/41,6.88%,TF;ACSL6;ACSL5;GPX4;MAP1LC3A;NCOA4;ACSL1;SAT2;FTL;GCLC
prerank,N-Glycan biosynthesis,0.4032090364906274,1.158155689119177,0.23959390862944163,0.20797696077045885,1.0,20/50,28.17%,FUT8;MGAT5;MGAT4A;MGAT3;SRD5A3;ALG6;MAN1A2;ST6GAL2;B4GALT1;MAN2A1;ALG10;TUSC3;RPN2;STT3A;ALG11;DDOST;B4GALT3;ALG13;ALG10B;MAN2A2
prerank,Insulin resistance,0.37856440548674697,1.1468251148494704,0.1871871871871872,0.22700989672233254,1.0,41/107,19.07%,CREB3L1;GFPT1;SLC2A1;GFPT2;CREB3;SOCS3;NFKB1;STAT3;PPP1CB;AKT3;PRKAA1;PIK3CD;TNF;PIK3CB;G6PC3;CREB1;IL6;RPS6KA1;PYGB;CREB5;PRKCB;PPP1CC;PRKCD;PTPRF;MLXIP;SLC27A3;IKBKB;PRKCQ;MAPK9;RPS6KB1;GYS1;PIK3R3;PIK3CA;CPT1B;OGT;PTPA;PIK3R2;AKT1;RPS6KA2;INSR;PPP1R3D
prerank,Longevity regulating pathway,0.3794075836095085,1.1451426825392739,0.1899497487437186,0.22892381876958134,1.0,46/102,28.25%,CREB3L1;CREB3;ADCY3;ADCY5;SOD2;NFKB1;KRAS;AKT3;PRKAA1;PIK3CD;ADCY7;ADCY6;IGF1R;PIK3CB;HDAC1;CREB1;CREB5;ULK1;EIF4E;HSPA2;CAMK4;NRAS;APPL1;HSPA6;ATG101;RPS6KB1;PIK3R3;ATF4;HDAC2;HSPA8;PIK3CA;PIK3R2;AKT1;INSR;TSC1;ATF2;CAMKK2;PRKACB;CRYAB;PRKAB1;EHMT2;FOXO3;BAX;EHMT1;CREB3L3;TP53
prerank,Coronavirus disease,0.36498785207015,1.1419382384081236,0.119,0.2338101022152031,1.0,63/226,18.24%,CXCL8;CGAS;SYK;TLR2;EGFR;CYBB;IL1B;MMP1;IKBKE;TLR7;IRAK4;ADAM17;FCGR2A;C5AR1;MAPK13;NFKB1;TRAF3;STAT3;MAPK11;NLRP3;HBEGF;PIK3CD;STING1;TLR3;C3AR1;TNF;MX2;CCL2;OAS3;MAPK12;PIK3CB;TBK1;IL6;ACE;STAT1;CASP1;IL12A;TLR8;NRP1;CSF2;PRKCB;JAK1;C1QC;C1QB;ADAR;DDX58;IRAK1;IFIH1;IKBKB;TMPRSS2;FOS;MAPK9;F13A1;EIF2AK2;C1QA;PIK3R3;OAS2;PIK3CA;RPL17;PRKCA;PIK3R2;MX1;IRF9
prerank,Phototransduction,0.4267344807894916,1.1385585901065647,0.2801724137931034,0.23920932101232462,1.0,13/28,35.08%,CALM2;GNB1;PDE6B;CALML4;CNGB1;GUCY2F;GRK7;GNGT1;RGS9;CALM1;RCVRN;SLC24A1;CALM3
prerank,Regulation of lipolysis in adipocytes,0.3966565074492868,1.1359155840305095,0.254841997961264,0.2428128394919894,1.0,19/55,18.96%,PRKG2;PTGS1;ADCY3;ADCY5;PTGS2;AKT3;PIK3CD;MGLL;ADCY7;ADCY6;PRKG1;PIK3CB;GNAI3;ADORA1;PIK3R3;PIK3CA;PIK3R2;AKT1;INSR
prerank,Vitamin digestion and absorption,-0.30381710766768705,-1.1265514895254838,0.25925925925925924,0.2617131331950269,0.8498498498498499,7/24,4.15%,BTD;SLC5A6;APOA1;FOLH1;MMACHC;APOB;SLC19A1
prerank,D-Glutamine and D-glutamate metabolism,-0.509302145581005,-1.1200592009951282,0.29296875,0.265233583713937,0.8588588588588588,2/5,2.59%,GLUD1;GLUD2
prerank,Glucagon signaling pathway,0.3713741475970862,1.1192584065402504,0.24048096192384769,0.2740349295720332,1.0,35/105,19.19%,CREB3L1;ITPR3;PKM;PFKP;ITPR1;SLC2A1;CREB3;LDHAL6B;PLCB3;AKT3;PRKAA1;PLCB2;CAMK2D;CALM2;PPP3CA;G6PC3;CREB1;PYGB;CREB5;PPP4R3B;PHKA2;PFKM;LDHA;GNAQ;GYS1;PHKA1;ATF4;CREBBP;CALML4;PDHA1;CPT1B;AKT1;PPP3R2;PGAM1;PPP4R3A
prerank,Non-alcoholic fatty liver disease,0.35661348042760144,1.1058210169508889,0.23523523523523523,0.30051940794697507,1.0,43/151,19.08%,NDUFV2;CXCL8;IL1B;MAP3K5;SOCS3;MAPK13;NFKB1;MAPK11;BCL2L11;AKT3;PRKAA1;PIK3CD;COX6B2;CASP7;IL1A;CASP8;CYCS;TNF;TGFB1;TRAF2;MAPK12;PIK3CB;IL6;EIF2AK3;CASP3;RAC1;CDC42;MLXIP;IKBKB;NDUFA4L2;FOS;MAPK9;PIK3R3;EIF2S1;ATF4;UQCRH;PIK3CA;PIK3R2;AKT1;DDIT3;INSR;GSK3A;NDUFA13
prerank,Selenocompound metabolism,-0.3166422400540423,-1.100470263849014,0.3283582089552239,0.28634665074479365,0.8788788788788788,6/17,8.90%,PSTK;TXNRD2;CTH;SEPHS2;TXNRD3;KYAT1
prerank,Glutathione metabolism,0.38354575432432786,1.100252226510158,0.3285859613428281,0.3112675557320516,1.0,18/56,18.28%,GPX8;GGT6;ODC1;G6PD;RRM2;GSR;RRM1;GGT1;GSTP1;PGD;GPX7;GPX2;RRM2B;GCLM;GGT5;HPGDS;SMS;ANPEP
prerank,Ribosome biogenesis in eukaryotes,0.3668878788025958,1.0942367023362183,0.3094758064516129,0.3230646091288807,1.0,42/86,34.78%,RPP25;POP1;XPO1;RAN;GNL3L;XRN1;DROSHA;LSG1;DKC1;BMS1;NOP58;GTPBP4;NOL6;NXF1;WDR36;RBM28;CSNK2A1;CSNK2A3;WDR3;NAT10;NXT2;RNA5S17;WDR43;GNL2;NXF2B;REXO5;REXO1;WDR75;HEATR1;RNA5-8SN1;POP7;UTP18;NVL;TCOF1;POP4;GNL3;FCF1;XRN2;UTP6;NOP56;NXT1;UTP15
prerank,Circadian rhythm,0.4045302889660381,1.094126385128015,0.3601694915254237,0.3219934410213753,1.0,18/31,32.32%,BHLHE41;FBXW11;PRKAA1;NPAS2;CREB1;CLOCK;RORB;FBXL3;CSNK1E;CRY1;BHLHE40;CSNK1D;PRKAB1;PER2;CUL1;PRKAG1;PRKAG2;PER1
prerank,Ovarian steroidogenesis,0.3710934941599258,1.060880522489566,0.3971631205673759,0.3958019269140511,1.0,10/51,5.29%,ALOX5;ADCY3;ADCY5;PTGS2;PLA2G4D;PLA2G4E;ADCY7;ADCY6;IGF1R;PLA2G4A
prerank,"Alanine, aspartate and glutamate metabolism",0.38201561522379823,1.049839748673834,0.4029535864978903,0.4210847622682333,1.0,8/37,3.87%,ASRGL1;GFPT1;GFPT2;GAD1;GLS;RIMKLA;IL4I1;RIMKLB
prerank,Linoleic acid metabolism,0.3708758717760018,1.0113359644040976,0.48068669527896996,0.5134435258718713,1.0,7/29,6.12%,PLA2G2A;PLA2G4D;PLA2G10;PLA2G4E;PLB1;PLA2G4A;PLA2G1B
prerank,Phosphonate and phosphinate metabolism,-0.42007964813239,-1.007057164078974,0.3706896551724138,0.43752527621851595,0.9569569569569569,2/6,4.90%,PCYT2;CHPT1
prerank,Ribosome,-0.6139953715830105,-1.0,1.0,0.44683501302230777,0.958958958958959,85/136,15.45%,RPL3L;RPL29;RPS25;RPL14;FAU;MRPL2;RPS28;RPL32;RPS29;RPL15;RPS14;MRPL24;RPL13;MRPL16;MRPL34;RPL31;MRPL12;RPS24;RPL24;RPS13;RPL11;RPL4;MRPL23;RPS21;MRPL14;RPS18;RPL34;RPL3;RPL30;RPL38;RPL27;RPL37;RPS5;MRPL36;RPS11;RPL37A;RPL10A;RPS12;RPL13A;RPL23;RPS20;RPL12;RPL36AL;RPL27A;RPL18;MRPS17;UBA52;RPL19;RPS15A;RPL10;RPS23;RPS27;MRPS21;RPL7A;MRPL22;RPS9;RPL28;RPLP2;RPL39;RPL5;RPL23A;MRPS11;RPL36;MRPL11;RPL35;RPS4Y1;MRPS15;RPS16;RPL26L1;MRPL20;MRPL1;RPS15;RPS7;RPS6;RPS4X;MRPS9;RPL10L;MRPS2;MRPS18C;RPL18A;RPL6;RPS8;MRPL28;RPS3;MRPS16
prerank,Thyroid cancer,0.36481582048287875,0.9977771999340866,0.5162303664921466,0.5443325761470351,1.0,26/37,40.42%,BAK1;TPM3;KRAS;CCDC6;CDH1;CDKN1A;NRAS;MAP2K1;TCF7L2;POLK;RET;PAX8;TPR;MAPK3;BAX;BRAF;TP53;DDB2;TFG;NTRK1;MAP2K2;HRAS;LEF1;MYC;TCF7L1;MAPK1
prerank,Parkinson disease,0.3186117447955453,0.9977515111466679,0.524,0.5422008115761834,1.0,58/236,20.05%,ITPR3;NDUFV2;MCU;ITPR1;ADCY5;KLC2;MAP3K5;TUBB3;TUBA4A;COX6B2;TUBB6;CYCS;TUBA1A;CAMK2D;VDAC1;CALM2;KIF5A;SNCAIP;EIF2AK3;CASP3;PSMA2;TUBA1C;UCHL1;PSMD14;GNAI3;KIF5B;TUBAL3;APAF1;ATP5F1B;NDUFA4L2;SLC18A2;PSMD2;TUBA1B;MAPK9;HSPA5;EIF2S1;ATF4;SLC18A1;PSMD1;SLC6A3;SLC25A6;KIF5C;UQCRH;CALML4;UBE2G1;KLC3;UBE2L6;KLC1;UBA7;ATP5F1A;SEPTIN5;UBE2J1;DDIT3;NDUFA13;UBE2L3;TUBA8;SNCA;UBA1
prerank,Thermogenesis,0.31034132539864306,0.9693040272703637,0.611,0.6076479983545918,1.0,56/219,21.90%,CREB3L1;NDUFV2;SMARCD3;BMP8A;PRKG2;CREB3;ADCY3;ADCY5;MAP3K5;MAPK13;MAPK11;FRS2;KRAS;COA1;PRDM16;PRKAA1;SLC25A29;COX6B2;MGLL;SMARCD1;ADCY7;ADCY6;PRKG1;BMP8B;ACTG1;FGFR1;KDM3B;MAPK12;CREB1;RPS6KA1;CREB5;SMARCA4;COX16;ACTB;NRAS;ATP5F1B;NDUFA4L2;NDUFAF6;RPS6KB1;SOS2;SMARCC2;UQCRH;ARID1B;CPT1B;SIRT6;ATP5F1A;KDM3A;RPS6KA2;TSC1;NDUFA13;GRB2;RPS6KA6;SOS1;ATF2;DPF1;ACTL6A
prerank,Glycerolipid metabolism,0.32688242801233713,0.9494203468743528,0.6059063136456212,0.6510766577324867,1.0,19/61,19.02%,DGKH;DGKE;MBOAT2;DGKA;MBOAT1;PLPP5;PLPP2;AKR1B1;MGLL;DGKZ;DGKG;LPIN2;AGPAT2;AGPAT5;GK;DGKD;PLPP4;DGKI;DGKQ
prerank,Taurine and hypotaurine metabolism,0.4244463829982506,0.9451054209705436,0.5839080459770115,0.6576225204422422,1.0,5/11,16.09%,GGT6;GAD1;ADO;GGT1;GGT5
prerank,Glycolysis / Gluconeogenesis,0.322511698251981,0.9387180399704228,0.6285425101214575,0.6692045400084244,1.0,24/65,19.41%,HK2;PKM;PFKP;ENO2;LDHAL6B;HKDC1;ALDH3B1;ALDOA;ACSS1;PGK1;G6PC3;HK3;PFKM;GPI;ADPGK;LDHA;ENO1;DLD;HK1;PDHA1;GAPDH;PGAM1;ENO4;BPGM
prerank,Glycosaminoglycan degradation,0.3729420678313675,0.9313209811901064,0.5938529088913282,0.6824589686091789,1.0,4/19,9.63%,HPSE;IDS;GNS;SGSH
prerank,Other glycan degradation,0.36964276845162536,0.9256815860947748,0.6041896361631753,0.6914431026983068,1.0,7/18,30.80%,MANBA;GBA2;MAN2B1;AGA;FUCA2;ENGASE;NEU1
prerank,Adipocytokine signaling pathway,0.2907039192574118,0.8572749030264318,0.7451971688574317,0.8125375223150442,1.0,12/68,6.98%,SLC2A1;JAK2;NFKBIE;SOCS3;NFKB1;STAT3;AKT3;PRKAA1;TNF;TRAF2;G6PC3;TNFRSF1B
prerank,Pentose phosphate pathway,0.31358953893520336,0.844323330175968,0.741014799154334,0.828516221739102,1.0,7/30,13.49%,PFKP;ALDOA;G6PD;PFKM;RPE;GPI;PGD
prerank,Protein export,0.3196110209801916,0.8331121899753207,0.7363238512035011,0.8408362852549953,1.0,9/23,33.17%,SRP72;SPCS3;SEC61A1;HSPA5;SEC61G;SRP54;SRP19;SRP9;SRP68
prerank,Maturity onset diabetes of the young,0.3143549099386417,0.8283128444527592,0.7470270270270271,0.8436139017977183,1.0,6/26,9.76%,HNF4G;MNX1;HNF1B;PDX1;ONECUT1;BHLHA15
prerank,Glycosylphosphatidylinositol (GPI)-anchor biosynthesis,0.30211182162286904,0.7947934634391458,0.8045602605863192,0.8793231948901375,1.0,20/25,48.44%,PIGS;PIGA;PIGX;MPPE1;PIGG;PIGK;PIGO;PGAP1;PIGN;PIGB;PIGF;PIGW;PIGT;PIGL;DPM2;PIGC;PIGU;PIGZ;PIGQ;GPAA1
prerank,RNA polymerase,0.28240572969080774,0.7571260107135711,0.8345784418356457,0.9112679513857452,1.0,12/31,28.65%,POLR2A;POLR2B;POLR3K;POLR3D;POLR2J2;POLR2J3;POLR3C;POLR3E;POLR3B;POLR2D;POLR1A;POLR2C
prerank,Olfactory transduction,0.21057171119452883,0.6683517146518633,1.0,0.9625471679205079,1.0,115/417,40.64%,RGS2;PRKG2;ADCY3;SLC8A1;NCALD;ARRB2;PDE1A;CAMK2D;PRKG1;CALM2;OR4C6;OR10Q1;ARRB1;GNB1;OR2K2;OR2A5;OR9A4;OR2A7;OR1L8;OR52E2;PDE1C;OR2H2;OR1I1;OR9I1;OR10AD1;GRK2;OR2M7;OR51L1;SLC8A2;CALML4;CNGB1;OR52N1;OR52A5;OR10A6;OR2H1;OR5W2;OR51E1;OR2A14;OR4A15;PRKACB;OR2AG1;OR10Z1;PDE1B;OR10K2;OR2T7;OR2A2;OR56A4;OR5AS1;CNGA3;OR52A1;OR1J2;OR10C1;OR52E1;OR5M11;OR56A1;OR5T1;OR2V2;OR12D2;GNG13;OR5M10;OR10S1;OR10P1;CALM1;OR2Y1;OR2B6;OR52E6;SLC24A4;OR5V1;OR52W1;OR10J3;OR10H1;OR4K1;OR10W1;OR13A1;OR2L5;OR10A2;OR8D2;OR12D1;OR51D1;PRKACA;OR13C2;CALM3;OR2AG2;OR1D2;OR6C76;GNAL;OR1Q1;OR2B2;OR10X1;OR10K1;OR5AU1;OR51G1;OR52E5;OR52E4;OR52K1;OR5K2;OR2J3;OR6C68;OR2AK2;OR52N2;OR10A5;OR3A2;OR6S1;OR8K3;OR4N2;OR11H2;OR1N1;OR14J1;OR2AE1;OR2B11;OR5H14;OR56A3;OR1S2;OR11A1;OR6T1
prerank,Proteasome,0.23270938653476467,0.6629493882435517,0.9415384615384615,0.9612557806208202,1.0,8/46,15.78%,PSMA2;PSMB9;PSMD14;PSMB8;PSMB10;PSME3;PSMD2;PSMD1
