cancer,sample_id,patient_id,DUOX2_expr,OS_months,OS_event,sample_type
LIHC,TCGA-2V-A95S-01,TCGA-2V-A95S,13334.4,,0.0,Primary
LIHC,TCGA-2Y-A9GS-01,TCGA-2Y-A9GS,4.4357,23.80247888,1.0,Primary
LIHC,TCGA-2Y-A9GT-01,TCGA-2Y-A9GT,4.4833,53.39119571,1.0,Primary
LIHC,TCGA-2Y-A9GU-01,TCGA-2Y-A9GU,296.954,63.74724661,0.0,Primary
LIHC,TCGA-2Y-A9GV-01,TCGA-2Y-A9GV,2.5381,83.24292337,1.0,Primary
LIHC,TCGA-2Y-A9GW-01,TCGA-2Y-A9GW,931.034,41.78584344,1.0,Primary
LIHC,TCGA-2Y-A9GX-01,TCGA-2Y-A9GX,83.0303,80.28405168,0.0,Primary
LIHC,TCGA-2Y-A9GY-01,TCGA-2Y-A9GY,8.5699,24.88739849,1.0,Primary
LIHC,TCGA-2Y-A9GZ-01,TCGA-2Y-A9GZ,4.0956,27.87914653,1.0,Primary
LIHC,TCGA-2Y-A9H0-01,TCGA-2Y-A9H0,481.076,120.8205938,0.0,Primary
LIHC,TCGA-2Y-A9H1-01,TCGA-2Y-A9H1,41.6305,40.40503666,1.0,Primary
LIHC,TCGA-2Y-A9H2-01,TCGA-2Y-A9H2,1402.83,56.90896538,0.0,Primary
LIHC,TCGA-2Y-A9H3-01,TCGA-2Y-A9H3,311.414,49.84054969,0.0,Primary
LIHC,TCGA-2Y-A9H4-01,TCGA-2Y-A9H4,24.958,47.73646316,0.0,Primary
LIHC,TCGA-2Y-A9H5-01,TCGA-2Y-A9H5,27.4657,18.24637538,1.0,Primary
LIHC,TCGA-2Y-A9H6-01,TCGA-2Y-A9H6,763.381,11.73685768,0.0,Primary
LIHC,TCGA-2Y-A9H7-01,TCGA-2Y-A9H7,1.1435,38.39957918,0.0,Primary
LIHC,TCGA-2Y-A9H8-01,TCGA-2Y-A9H8,22.1712,20.81073084,1.0,Primary
LIHC,TCGA-2Y-A9H9-01,TCGA-2Y-A9H9,7.9738,22.91481737,0.0,Primary
LIHC,TCGA-2Y-A9HA-01,TCGA-2Y-A9HA,3.9405,1.183548673,1.0,Primary
LIHC,TCGA-2Y-A9HB-01,TCGA-2Y-A9HB,7.1652,8.54785153,0.0,Primary
LIHC,TCGA-3K-AAZ8-01,TCGA-3K-AAZ8,5.074,13.01903541,0.0,Primary
LIHC,TCGA-4R-AA8I-01,TCGA-4R-AA8I,73.489,8.613604235,1.0,Primary
LIHC,TCGA-5C-A9VG-01,TCGA-5C-A9VG,7.1586,10.78344347,0.0,Primary
LIHC,TCGA-5C-A9VH-01,TCGA-5C-A9VH,44.1684,10.58618536,0.0,Primary
LIHC,TCGA-5C-AAPD-01,TCGA-5C-AAPD,250.0,0.657527041,0.0,Primary
LIHC,TCGA-5R-AA1C-01,TCGA-5R-AA1C,0.0,17.09570306,0.0,Primary
LIHC,TCGA-5R-AA1D-01,TCGA-5R-AA1D,17.2771,14.76148207,0.0,Primary
LIHC,TCGA-5R-AAAM-01,TCGA-5R-AAAM,2.2831,1.512312194,1.0,Primary
LIHC,TCGA-BC-4072-01,TCGA-BC-4072,4830.94,48.98576454,1.0,Primary
LIHC,TCGA-BC-4073-01,TCGA-BC-4073,338.06,27.91202288,0.0,Primary
LIHC,TCGA-BC-A10Q-01,TCGA-BC-A10Q,15.6689,37.31465957,1.0,Primary
LIHC,TCGA-BC-A10R-01,TCGA-BC-A10R,428.903,10.12591643,1.0,Primary
LIHC,TCGA-BC-A10S-01,TCGA-BC-A10S,124.075,46.78304895,1.0,Primary
LIHC,TCGA-BC-A10T-01,TCGA-BC-A10T,1.8824,27.51750666,1.0,Primary
LIHC,TCGA-BC-A10U-01,TCGA-BC-A10U,39.9628,27.51750666,1.0,Primary
LIHC,TCGA-BC-A10W-01,TCGA-BC-A10W,10631.5,2.991748036,1.0,Primary
LIHC,TCGA-BC-A10X-01,TCGA-BC-A10X,49.788,25.31479107,1.0,Primary
LIHC,TCGA-BC-A10Y-01,TCGA-BC-A10Y,4.3031,23.3750863,1.0,Primary
LIHC,TCGA-BC-A10Z-01,TCGA-BC-A10Z,2.1568,1.117795969,1.0,Primary
LIHC,TCGA-BC-A110-01,TCGA-BC-A110,25.3333,69.56636092,1.0,Primary
LIHC,TCGA-BC-A112-01,TCGA-BC-A112,312.099,5.030081862,1.0,Primary
LIHC,TCGA-BC-A216-01,TCGA-BC-A216,637.799,44.41595161,0.0,Primary
LIHC,TCGA-BC-A217-01,TCGA-BC-A217,15.978,45.9282638,1.0,Primary
LIHC,TCGA-BC-A3KF-01,TCGA-BC-A3KF,18.0215,0.263010816,0.0,Primary
LIHC,TCGA-BC-A3KG-01,TCGA-BC-A3KG,0.788,22.35591939,0.0,Primary
LIHC,TCGA-BC-A5W4-01,TCGA-BC-A5W4,0.0,17.98336457,1.0,Primary
LIHC,TCGA-BC-A69H-01,TCGA-BC-A69H,41.6058,14.59710031,0.0,Primary
LIHC,TCGA-BC-A69I-01,TCGA-BC-A69I,4.5498,12.72314824,0.0,Primary
LIHC,TCGA-BC-A8YO-01,TCGA-BC-A8YO,21261.3,18.47650985,0.0,Primary
LIHC,TCGA-BD-A2L6-01,TCGA-BD-A2L6,1.0204,44.81046783,0.0,Primary
LIHC,TCGA-BD-A3EP-01,TCGA-BD-A3EP,36.472,13.44642798,0.0,Primary
LIHC,TCGA-BW-A5NO-01,TCGA-BW-A5NO,3.4256,0.657527041,0.0,Primary
LIHC,TCGA-BW-A5NP-01,TCGA-BW-A5NP,5.3685,0.0,0.0,Primary
LIHC,TCGA-BW-A5NQ-01,TCGA-BW-A5NQ,0.9671,0.0,0.0,Primary
LIHC,TCGA-CC-5258-01,TCGA-CC-5258,442.646,4.241049413,1.0,Primary
LIHC,TCGA-CC-5259-01,TCGA-CC-5259,433.172,8.21908801,0.0,Primary
LIHC,TCGA-CC-5260-01,TCGA-CC-5260,41337.9,2.860242628,1.0,Primary
LIHC,TCGA-CC-5261-01,TCGA-CC-5261,21.2474,3.189006148,1.0,Primary
LIHC,TCGA-CC-5262-01,TCGA-CC-5262,51.5645,3.38626426,1.0,Primary
LIHC,TCGA-CC-5263-01,TCGA-CC-5263,1978.5,4.241049413,1.0,Primary
LIHC,TCGA-CC-5264-01,TCGA-CC-5264,1737.84,3.353387908,1.0,Primary
LIHC,TCGA-CC-A123-01,TCGA-CC-A123,0.8921,7.199921097,0.0,Primary
LIHC,TCGA-CC-A1HT-01,TCGA-CC-A1HT,375.22,3.320511556,1.0,Primary
LIHC,TCGA-CC-A3M9-01,TCGA-CC-A3M9,0.4318,9.862905612,1.0,Primary
LIHC,TCGA-CC-A3MA-01,TCGA-CC-A3MA,1.2469,9.961534668,1.0,Primary
LIHC,TCGA-CC-A3MB-01,TCGA-CC-A3MB,1.155,10.35605089,1.0,Primary
LIHC,TCGA-CC-A3MC-01,TCGA-CC-A3MC,3209.7,11.93411579,0.0,Primary
LIHC,TCGA-CC-A5UC-01,TCGA-CC-A5UC,19.3521,11.40809416,1.0,Primary
LIHC,TCGA-CC-A5UD-01,TCGA-CC-A5UD,2.5667,9.99441102,1.0,Primary
LIHC,TCGA-CC-A5UE-01,TCGA-CC-A5UE,28.2065,8.942367755,1.0,Primary
LIHC,TCGA-CC-A7IE-01,TCGA-CC-A7IE,11.9617,7.134168393,1.0,Primary
LIHC,TCGA-CC-A7IF-01,TCGA-CC-A7IF,169.767,21.33675247,1.0,Primary
LIHC,TCGA-CC-A7IG-01,TCGA-CC-A7IG,73.7581,9.83002926,1.0,Primary
LIHC,TCGA-CC-A7IH-01,TCGA-CC-A7IH,1.5068,11.9998685,0.0,Primary
LIHC,TCGA-CC-A7II-01,TCGA-CC-A7II,27.5272,13.11766446,0.0,Primary
LIHC,TCGA-CC-A7IJ-01,TCGA-CC-A7IJ,0.4032,12.55876648,0.0,Primary
LIHC,TCGA-CC-A7IK-01,TCGA-CC-A7IK,2.49,8.613604235,1.0,Primary
LIHC,TCGA-CC-A7IL-01,TCGA-CC-A7IL,0.0,9.139625867,1.0,Primary
LIHC,TCGA-CC-A8HT-01,TCGA-CC-A8HT,75.1834,4.602689286,1.0,Primary
LIHC,TCGA-CC-A8HU-01,TCGA-CC-A8HU,3.7716,11.3094651,1.0,Primary
LIHC,TCGA-CC-A8HV-01,TCGA-CC-A8HV,64.7572,9.172502219,1.0,Primary
LIHC,TCGA-CC-A9FS-01,TCGA-CC-A9FS,100.971,6.93691028,0.0,Primary
LIHC,TCGA-CC-A9FU-01,TCGA-CC-A9FU,1.9059,0.0,0.0,Primary
LIHC,TCGA-CC-A9FV-01,TCGA-CC-A9FV,7.1244,0.0,0.0,Primary
LIHC,TCGA-CC-A9FW-01,TCGA-CC-A9FW,0.4651,8.153335306,0.0,Primary
LIHC,TCGA-DD-A113-01,TCGA-DD-A113,5637.62,79.7251537,0.0,Primary
LIHC,TCGA-DD-A114-01,TCGA-DD-A114,2443.27,37.77492849,1.0,Primary
LIHC,TCGA-DD-A115-01,TCGA-DD-A115,28.9969,83.57168689,1.0,Primary
LIHC,TCGA-DD-A116-01,TCGA-DD-A116,5.867,53.32544301,1.0,Primary
LIHC,TCGA-DD-A118-01,TCGA-DD-A118,728.699,112.996022,0.0,Primary
LIHC,TCGA-DD-A119-01,TCGA-DD-A119,292.683,7.331426505,1.0,Primary
LIHC,TCGA-DD-A11A-01,TCGA-DD-A11A,7.832,2.597231811,0.0,Primary
LIHC,TCGA-DD-A11B-01,TCGA-DD-A11B,2.2283,0.460268929,1.0,Primary
LIHC,TCGA-DD-A11C-01,TCGA-DD-A11C,1.4206,21.76414505,0.0,Primary
LIHC,TCGA-DD-A11D-01,TCGA-DD-A11D,0.0,51.28710918,1.0,Primary
LIHC,TCGA-DD-A1EA-01,TCGA-DD-A1EA,1.1377,79.39639018,0.0,Primary
LIHC,TCGA-DD-A1EB-01,TCGA-DD-A1EB,0.0,66.31160207,0.0,Primary
LIHC,TCGA-DD-A1EC-01,TCGA-DD-A1EC,112.224,19.79156393,0.0,Primary
LIHC,TCGA-DD-A1ED-01,TCGA-DD-A1ED,19.573,75.64848604,0.0,Primary
LIHC,TCGA-DD-A1EE-01,TCGA-DD-A1EE,97.9867,11.47384686,1.0,Primary
LIHC,TCGA-DD-A1EF-01,TCGA-DD-A1EF,16.6389,12.9532827,1.0,Primary
LIHC,TCGA-DD-A1EG-01,TCGA-DD-A1EG,5.4597,45.106355,1.0,Primary
LIHC,TCGA-DD-A1EH-01,TCGA-DD-A1EH,82.4242,49.1501463,0.0,Primary
LIHC,TCGA-DD-A1EI-01,TCGA-DD-A1EI,10.1667,6.016372423,0.0,Primary
LIHC,TCGA-DD-A1EJ-01,TCGA-DD-A1EJ,2.9271,33.0407338,1.0,Primary
LIHC,TCGA-DD-A1EK-01,TCGA-DD-A1EK,110.46,18.34500444,1.0,Primary
LIHC,TCGA-DD-A1EL-01,TCGA-DD-A1EL,7.1672,13.6436861,1.0,Primary
LIHC,TCGA-DD-A39V-01,TCGA-DD-A39V,2.8255,21.13949436,1.0,Primary
LIHC,TCGA-DD-A39W-01,TCGA-DD-A39W,0.0,27.18874314,1.0,Primary
LIHC,TCGA-DD-A39X-01,TCGA-DD-A39X,7.7197,55.69254036,1.0,Primary
LIHC,TCGA-DD-A39Y-01,TCGA-DD-A39Y,48.1498,5.621856199,1.0,Primary
LIHC,TCGA-DD-A39Z-01,TCGA-DD-A39Z,0.0,19.75868758,1.0,Primary
LIHC,TCGA-DD-A3A1-01,TCGA-DD-A3A1,150.985,7.660190025,1.0,Primary
LIHC,TCGA-DD-A3A2-01,TCGA-DD-A3A2,0.7759,70.0595062,1.0,Primary
LIHC,TCGA-DD-A3A3-01,TCGA-DD-A3A3,143.46,17.58884834,1.0,Primary
LIHC,TCGA-DD-A3A4-01,TCGA-DD-A3A4,0.0,20.12032745,1.0,Primary
LIHC,TCGA-DD-A3A5-01,TCGA-DD-A3A5,0.0,102.7386001,1.0,Primary
LIHC,TCGA-DD-A3A6-01,TCGA-DD-A3A6,9.6831,107.111155,1.0,Primary
LIHC,TCGA-DD-A3A7-01,TCGA-DD-A3A7,8.6862,13.77519151,1.0,Primary
LIHC,TCGA-DD-A3A8-01,TCGA-DD-A3A8,0.0,0.361639872,1.0,Primary
LIHC,TCGA-DD-A3A9-01,TCGA-DD-A3A9,122.505,30.60788375,1.0,Primary
LIHC,TCGA-DD-A4NA-01,TCGA-DD-A4NA,140024.0,33.13936286,0.0,Primary
LIHC,TCGA-DD-A4NB-01,TCGA-DD-A4NB,45.108,32.51471217,0.0,Primary
LIHC,TCGA-DD-A4ND-01,TCGA-DD-A4ND,1222.98,90.2784627,0.0,Primary
LIHC,TCGA-DD-A4NE-01,TCGA-DD-A4NE,1249.13,21.69839235,1.0,Primary
LIHC,TCGA-DD-A4NF-01,TCGA-DD-A4NF,1.7483,30.96952362,0.0,Primary
LIHC,TCGA-DD-A4NG-01,TCGA-DD-A4NG,13.5659,26.36683434,1.0,Primary
LIHC,TCGA-DD-A4NH-01,TCGA-DD-A4NH,2889.07,30.14761482,0.0,Primary
LIHC,TCGA-DD-A4NI-01,TCGA-DD-A4NI,0.5981,26.82710327,0.0,Primary
LIHC,TCGA-DD-A4NJ-01,TCGA-DD-A4NJ,117.422,30.50925469,0.0,Primary
LIHC,TCGA-DD-A4NK-01,TCGA-DD-A4NK,0.7165,39.78038597,1.0,Primary
LIHC,TCGA-DD-A4NL-01,TCGA-DD-A4NL,140.816,56.25143834,0.0,Primary
LIHC,TCGA-DD-A4NN-01,TCGA-DD-A4NN,4.8972,29.55584048,1.0,Primary
LIHC,TCGA-DD-A4NO-01,TCGA-DD-A4NO,57.1776,73.80741033,0.0,Primary
LIHC,TCGA-DD-A4NP-01,TCGA-DD-A4NP,4.2407,108.7549726,0.0,Primary
LIHC,TCGA-DD-A4NQ-01,TCGA-DD-A4NQ,2461.44,12.26287931,1.0,Primary
LIHC,TCGA-DD-A4NR-01,TCGA-DD-A4NR,239.848,0.295887168,1.0,Primary
LIHC,TCGA-DD-A4NS-01,TCGA-DD-A4NS,4971.61,80.74432061,1.0,Primary
LIHC,TCGA-DD-A4NV-01,TCGA-DD-A4NV,5.7999,78.83749219,0.0,Primary
LIHC,TCGA-DD-A73A-01,TCGA-DD-A73A,35.2041,23.93398429,0.0,Primary
LIHC,TCGA-DD-A73B-01,TCGA-DD-A73B,36.3442,9.304007627,1.0,Primary
LIHC,TCGA-DD-A73C-01,TCGA-DD-A73C,4.2042,23.04632278,0.0,Primary
LIHC,TCGA-DD-A73D-01,TCGA-DD-A73D,3.0491,22.78331196,0.0,Primary
LIHC,TCGA-DD-A73E-01,TCGA-DD-A73E,1.1142,1.44655949,0.0,Primary
LIHC,TCGA-DD-A73F-01,TCGA-DD-A73F,14.3732,35.67084196,0.0,Primary
LIHC,TCGA-DD-A73G-01,TCGA-DD-A73G,52.4126,114.3439524,0.0,Primary
LIHC,TCGA-DD-AA3A-01,TCGA-DD-AA3A,137.484,13.47930434,1.0,Primary
LIHC,TCGA-DD-AAC8-01,TCGA-DD-AAC8,1.1403,0.526021633,1.0,Primary
LIHC,TCGA-DD-AAC9-01,TCGA-DD-AAC9,164.087,11.40809416,0.0,Primary
LIHC,TCGA-DD-AACA-01,TCGA-DD-AACA,0.4356,75.64848604,0.0,Primary
LIHC,TCGA-DD-AACB-01,TCGA-DD-AACB,0.0,76.40464214,0.0,Primary
LIHC,TCGA-DD-AACC-01,TCGA-DD-AACC,3.7348,55.39665319,1.0,Primary
LIHC,TCGA-DD-AACD-01,TCGA-DD-AACD,262.354,12.52589013,1.0,Primary
LIHC,TCGA-DD-AACE-01,TCGA-DD-AACE,0.0,71.80195286,0.0,Primary
LIHC,TCGA-DD-AACF-01,TCGA-DD-AACF,39.9227,11.9998685,1.0,Primary
LIHC,TCGA-DD-AACG-01,TCGA-DD-AACG,72.1951,15.41900911,1.0,Primary
LIHC,TCGA-DD-AACH-01,TCGA-DD-AACH,12140.7,6.410888648,1.0,Primary
LIHC,TCGA-DD-AACI-01,TCGA-DD-AACI,3318.61,53.1939376,0.0,Primary
LIHC,TCGA-DD-AACJ-01,TCGA-DD-AACJ,0.4702,69.10609199,0.0,Primary
LIHC,TCGA-DD-AACK-01,TCGA-DD-AACK,4.476,0.295887168,0.0,Primary
LIHC,TCGA-DD-AACL-01,TCGA-DD-AACL,14.3646,3.517769668,1.0,Primary
LIHC,TCGA-DD-AACN-01,TCGA-DD-AACN,1.7804,42.80501036,0.0,Primary
LIHC,TCGA-DD-AACO-01,TCGA-DD-AACO,150.485,61.67603643,0.0,Primary
LIHC,TCGA-DD-AACP-01,TCGA-DD-AACP,17.1468,13.6436861,0.0,Primary
LIHC,TCGA-DD-AACQ-01,TCGA-DD-AACQ,5.665,14.20258408,1.0,Primary
LIHC,TCGA-DD-AACS-01,TCGA-DD-AACS,254.029,59.30893908,0.0,Primary
LIHC,TCGA-DD-AACT-01,TCGA-DD-AACT,29.3424,51.35286189,0.0,Primary
LIHC,TCGA-DD-AACU-01,TCGA-DD-AACU,42.0749,51.51724365,0.0,Primary
LIHC,TCGA-DD-AACV-01,TCGA-DD-AACV,0.7975,50.33369497,0.0,Primary
LIHC,TCGA-DD-AACW-01,TCGA-DD-AACW,7.6295,46.81592531,0.0,Primary
LIHC,TCGA-DD-AACX-01,TCGA-DD-AACX,0.0,5.588979847,0.0,Primary
LIHC,TCGA-DD-AACY-01,TCGA-DD-AACY,1139.02,47.67071046,0.0,Primary
LIHC,TCGA-DD-AACZ-01,TCGA-DD-AACZ,10.2814,5.621856199,1.0,Primary
LIHC,TCGA-DD-AAD0-01,TCGA-DD-AAD0,1.7454,4.50406023,0.0,Primary
LIHC,TCGA-DD-AAD1-01,TCGA-DD-AAD1,22.8137,18.54226255,0.0,Primary
LIHC,TCGA-DD-AAD2-01,TCGA-DD-AAD2,1116.67,21.63263964,0.0,Primary
LIHC,TCGA-DD-AAD3-01,TCGA-DD-AAD3,6.9455,42.57487589,0.0,Primary
LIHC,TCGA-DD-AAD5-01,TCGA-DD-AAD5,30.5655,44.21869349,0.0,Primary
LIHC,TCGA-DD-AAD6-01,TCGA-DD-AAD6,24.5918,22.09290857,0.0,Primary
LIHC,TCGA-DD-AAD8-01,TCGA-DD-AAD8,637.886,40.07627314,0.0,Primary
LIHC,TCGA-DD-AADA-01,TCGA-DD-AADA,21.639,40.53654207,0.0,Primary
LIHC,TCGA-DD-AADB-01,TCGA-DD-AADB,3.669,40.83242923,0.0,Primary
LIHC,TCGA-DD-AADC-01,TCGA-DD-AADC,4.9505,13.97244962,1.0,Primary
LIHC,TCGA-DD-AADD-01,TCGA-DD-AADD,2.3188,40.47078936,0.0,Primary
LIHC,TCGA-DD-AADF-01,TCGA-DD-AADF,0.852,3.780780485,1.0,Primary
LIHC,TCGA-DD-AADG-01,TCGA-DD-AADG,0.0,37.64342309,0.0,Primary
LIHC,TCGA-DD-AADI-01,TCGA-DD-AADI,0.7257,35.67084196,0.0,Primary
LIHC,TCGA-DD-AADJ-01,TCGA-DD-AADJ,7.5562,35.04619128,0.0,Primary
LIHC,TCGA-DD-AADK-01,TCGA-DD-AADK,115.745,34.48729329,0.0,Primary
LIHC,TCGA-DD-AADL-01,TCGA-DD-AADL,14.9323,20.9093599,0.0,Primary
LIHC,TCGA-DD-AADM-01,TCGA-DD-AADM,69.243,0.394516225,1.0,Primary
LIHC,TCGA-DD-AADN-01,TCGA-DD-AADN,0.0,29.52296413,0.0,Primary
LIHC,TCGA-DD-AADO-01,TCGA-DD-AADO,1.7668,14.89298747,0.0,Primary
LIHC,TCGA-DD-AADP-01,TCGA-DD-AADP,85.1351,15.05736923,0.0,Primary
LIHC,TCGA-DD-AADQ-01,TCGA-DD-AADQ,119.3,14.33408949,0.0,Primary
LIHC,TCGA-DD-AADR-01,TCGA-DD-AADR,58.8235,66.67324194,0.0,Primary
LIHC,TCGA-DD-AADS-01,TCGA-DD-AADS,0.0,15.58339087,0.0,Primary
LIHC,TCGA-DD-AADU-01,TCGA-DD-AADU,0.0,18.21349903,0.0,Primary
LIHC,TCGA-DD-AADV-01,TCGA-DD-AADV,2.176,18.87102607,0.0,Primary
LIHC,TCGA-DD-AADW-01,TCGA-DD-AADW,13.6986,19.29841865,0.0,Primary
LIHC,TCGA-DD-AADY-01,TCGA-DD-AADY,3.6945,18.24637538,0.0,Primary
LIHC,TCGA-DD-AAE0-01,TCGA-DD-AAE0,18.2055,18.24637538,0.0,Primary
LIHC,TCGA-DD-AAE1-01,TCGA-DD-AAE1,23.2784,18.14774633,0.0,Primary
LIHC,TCGA-DD-AAE2-01,TCGA-DD-AAE2,4.3455,20.9751126,0.0,Primary
LIHC,TCGA-DD-AAE3-01,TCGA-DD-AAE3,1.1249,18.60801526,0.0,Primary
LIHC,TCGA-DD-AAE4-01,TCGA-DD-AAE4,0.0,19.98882204,0.0,Primary
LIHC,TCGA-DD-AAE6-01,TCGA-DD-AAE6,1.8556,4.635565638,0.0,Primary
LIHC,TCGA-DD-AAE7-01,TCGA-DD-AAE7,60.0768,21.17237071,0.0,Primary
LIHC,TCGA-DD-AAE9-01,TCGA-DD-AAE9,1.1328,23.73672617,0.0,Primary
LIHC,TCGA-DD-AAEA-01,TCGA-DD-AAEA,1.2923,18.90390242,0.0,Primary
LIHC,TCGA-DD-AAEB-01,TCGA-DD-AAEB,0.0,15.71489628,0.0,Primary
LIHC,TCGA-DD-AAED-01,TCGA-DD-AAED,4.7304,25.08465661,0.0,Primary
LIHC,TCGA-DD-AAEE-01,TCGA-DD-AAEE,2.1508,26.62984515,0.0,Primary
LIHC,TCGA-DD-AAEG-01,TCGA-DD-AAEG,51.4668,23.63809712,0.0,Primary
LIHC,TCGA-DD-AAEH-01,TCGA-DD-AAEH,3.2258,25.77506,0.0,Primary
LIHC,TCGA-DD-AAEI-01,TCGA-DD-AAEI,3.0098,50.33369497,0.0,Primary
LIHC,TCGA-DD-AAEK-01,TCGA-DD-AAEK,1.093,35.07906763,0.0,Primary
LIHC,TCGA-DD-AAVP-01,TCGA-DD-AAVP,0.0,90.47572081,0.0,Primary
LIHC,TCGA-DD-AAVQ-01,TCGA-DD-AAVQ,7.4885,89.68668837,0.0,Primary
LIHC,TCGA-DD-AAVR-01,TCGA-DD-AAVR,1888.39,82.61827268,0.0,Primary
LIHC,TCGA-DD-AAVS-01,TCGA-DD-AAVS,105.019,59.93358977,0.0,Primary
LIHC,TCGA-DD-AAVU-01,TCGA-DD-AAVU,10.3264,72.39372719,0.0,Primary
LIHC,TCGA-DD-AAVV-01,TCGA-DD-AAVV,84.0054,80.71144426,0.0,Primary
LIHC,TCGA-DD-AAVW-01,TCGA-DD-AAVW,308.992,76.17450768,0.0,Primary
LIHC,TCGA-DD-AAVX-01,TCGA-DD-AAVX,1047.02,56.48157281,0.0,Primary
LIHC,TCGA-DD-AAVY-01,TCGA-DD-AAVY,2.0406,64.76641352,0.0,Primary
LIHC,TCGA-DD-AAVZ-01,TCGA-DD-AAVZ,17.0882,62.46506888,0.0,Primary
LIHC,TCGA-DD-AAW0-01,TCGA-DD-AAW0,7.9557,66.24584936,0.0,Primary
LIHC,TCGA-DD-AAW1-01,TCGA-DD-AAW1,2.3981,65.39106421,0.0,Primary
LIHC,TCGA-DD-AAW2-01,TCGA-DD-AAW2,5.0251,60.98563303,0.0,Primary
LIHC,TCGA-DD-AAW3-01,TCGA-DD-AAW3,2.511,53.68708288,0.0,Primary
LIHC,TCGA-ED-A459-01,TCGA-ED-A459,528.7,29.91748036,0.0,Primary
LIHC,TCGA-ED-A4XI-01,TCGA-ED-A4XI,103.947,26.92573232,0.0,Primary
LIHC,TCGA-ED-A5KG-01,TCGA-ED-A5KG,14.12,28.07640464,0.0,Primary
LIHC,TCGA-ED-A627-01,TCGA-ED-A627,12.6801,13.90669691,0.0,Primary
LIHC,TCGA-ED-A66X-01,TCGA-ED-A66X,3.9448,13.34779893,0.0,Primary
LIHC,TCGA-ED-A66Y-01,TCGA-ED-A66Y,0.5741,9.731400204,1.0,Primary
LIHC,TCGA-ED-A7PX-01,TCGA-ED-A7PX,299.877,0.197258112,0.0,Primary
LIHC,TCGA-ED-A7PY-01,TCGA-ED-A7PY,11.7561,12.8217773,0.0,Primary
LIHC,TCGA-ED-A7PZ-01,TCGA-ED-A7PZ,2.7522,0.197258112,0.0,Primary
LIHC,TCGA-ED-A7XO-01,TCGA-ED-A7XO,5.8786,14.03820232,0.0,Primary
LIHC,TCGA-ED-A7XP-01,TCGA-ED-A7XP,12.6801,13.15054082,0.0,Primary
LIHC,TCGA-ED-A82E-01,TCGA-ED-A82E,19.6078,13.41355163,0.0,Primary
LIHC,TCGA-ED-A8O5-01,TCGA-ED-A8O5,13.5135,13.34779893,0.0,Primary
LIHC,TCGA-ED-A8O6-01,TCGA-ED-A8O6,86.5118,1.841075714,1.0,Primary
LIHC,TCGA-ED-A97K-01,TCGA-ED-A97K,34694.8,0.197258112,0.0,Primary
LIHC,TCGA-EP-A12J-01,TCGA-EP-A12J,2.2692,18.73952066,0.0,Primary
LIHC,TCGA-EP-A26S-01,TCGA-EP-A26S,0.4404,19.98882204,0.0,Primary
LIHC,TCGA-EP-A2KA-01,TCGA-EP-A2KA,3382.56,20.61347273,1.0,Primary
LIHC,TCGA-EP-A2KB-01,TCGA-EP-A2KB,3.8499,19.59430582,1.0,Primary
LIHC,TCGA-EP-A2KC-01,TCGA-EP-A2KC,2.6767,0.624650689,1.0,Primary
LIHC,TCGA-EP-A3JL-01,TCGA-EP-A3JL,202.112,9.961534668,0.0,Primary
LIHC,TCGA-EP-A3RK-01,TCGA-EP-A3RK,1.7084,11.93411579,0.0,Primary
LIHC,TCGA-ES-A2HS-01,TCGA-ES-A2HS,1.7197,22.6189302,1.0,Primary
LIHC,TCGA-ES-A2HT-01,TCGA-ES-A2HT,24.8597,14.39984219,1.0,Primary
LIHC,TCGA-FV-A23B-01,TCGA-FV-A23B,24.6688,60.88700398,1.0,Primary
LIHC,TCGA-FV-A2QQ-01,TCGA-FV-A2QQ,539.762,23.96686064,0.0,Primary
LIHC,TCGA-FV-A2QR-01,TCGA-FV-A2QR,4.7662,19.10116054,1.0,Primary
LIHC,TCGA-FV-A3I0-01,TCGA-FV-A3I0,34.6447,27.87914653,0.0,Primary
LIHC,TCGA-FV-A3I1-01,TCGA-FV-A3I1,0.5422,8.120458954,1.0,Primary
LIHC,TCGA-FV-A3R2-01,TCGA-FV-A3R2,6.083,6.378012296,1.0,Primary
LIHC,TCGA-FV-A3R3-01,TCGA-FV-A3R3,8961.07,12.03274485,1.0,Primary
LIHC,TCGA-FV-A495-01,TCGA-FV-A495,3.937,0.032876352,0.0,Primary
LIHC,TCGA-FV-A496-01,TCGA-FV-A496,19.9485,0.32876352,0.0,Primary
LIHC,TCGA-FV-A4ZP-01,TCGA-FV-A4ZP,183.137,81.73061117,1.0,Primary
LIHC,TCGA-FV-A4ZQ-01,TCGA-FV-A4ZQ,2.611,0.394516225,0.0,Primary
LIHC,TCGA-G3-A25S-01,TCGA-G3-A25S,2.9433,13.67656245,1.0,Primary
LIHC,TCGA-G3-A25T-01,TCGA-G3-A25T,40.7632,51.05697472,0.0,Primary
LIHC,TCGA-G3-A25U-01,TCGA-G3-A25U,5.1791,53.78571194,0.0,Primary
LIHC,TCGA-G3-A25V-01,TCGA-G3-A25V,22.942,28.27366275,0.0,Primary
LIHC,TCGA-G3-A25X-01,TCGA-G3-A25X,1916.01,58.48703028,0.0,Primary
LIHC,TCGA-G3-A25Y-01,TCGA-G3-A25Y,8.4933,14.86011112,1.0,Primary
LIHC,TCGA-G3-A25Z-01,TCGA-G3-A25Z,1.6196,21.53401059,0.0,Primary
LIHC,TCGA-G3-A3CH-01,TCGA-G3-A3CH,210.446,25.64355459,0.0,Primary
LIHC,TCGA-G3-A3CI-01,TCGA-G3-A3CI,3.6496,5.917743367,0.0,Primary
LIHC,TCGA-G3-A3CJ-01,TCGA-G3-A3CJ,0.0,19.52855311,0.0,Primary
LIHC,TCGA-G3-A3CK-01,TCGA-G3-A3CK,2.1975,19.23266594,0.0,Primary
LIHC,TCGA-G3-A5SI-01,TCGA-G3-A5SI,83.5574,25.24903837,1.0,Primary
LIHC,TCGA-G3-A5SJ-01,TCGA-G3-A5SJ,1701.7,22.94769372,0.0,Primary
LIHC,TCGA-G3-A5SK-01,TCGA-G3-A5SK,0.0,24.46000592,0.0,Primary
LIHC,TCGA-G3-A5SL-01,TCGA-G3-A5SL,1.6844,20.41621462,0.0,Primary
LIHC,TCGA-G3-A5SM-01,TCGA-G3-A5SM,46.5839,17.09570306,0.0,Primary
LIHC,TCGA-G3-A6UC-01,TCGA-G3-A6UC,1.8306,22.06003222,0.0,Primary
LIHC,TCGA-G3-A7M5-01,TCGA-G3-A7M5,3.0618,14.69572936,0.0,Primary
LIHC,TCGA-G3-A7M6-01,TCGA-G3-A7M6,16.2909,20.77785449,0.0,Primary
LIHC,TCGA-G3-A7M7-01,TCGA-G3-A7M7,49.2264,11.86836309,0.0,Primary
LIHC,TCGA-G3-A7M8-01,TCGA-G3-A7M8,0.7622,14.13683138,0.0,Primary
LIHC,TCGA-G3-A7M9-01,TCGA-G3-A7M9,271.791,1.841075714,1.0,Primary
LIHC,TCGA-G3-AAUZ-01,TCGA-G3-AAUZ,682.77,15.78064898,0.0,Primary
LIHC,TCGA-G3-AAV0-01,TCGA-G3-AAV0,4.013,15.64914357,0.0,Primary
LIHC,TCGA-G3-AAV1-01,TCGA-G3-AAV1,6.9855,11.80261038,1.0,Primary
LIHC,TCGA-G3-AAV2-01,TCGA-G3-AAV2,0.6372,12.23000296,0.0,Primary
LIHC,TCGA-G3-AAV3-01,TCGA-G3-AAV3,5.799,13.54505704,0.0,Primary
LIHC,TCGA-G3-AAV4-01,TCGA-G3-AAV4,3.5864,0.887661505,1.0,Primary
LIHC,TCGA-G3-AAV5-01,TCGA-G3-AAV5,0.0,11.63822862,0.0,Primary
LIHC,TCGA-G3-AAV6-01,TCGA-G3-AAV6,4.706,2.136962883,1.0,Primary
LIHC,TCGA-G3-AAV7-01,TCGA-G3-AAV7,1214.44,11.86836309,0.0,Primary
LIHC,TCGA-GJ-A3OU-01,TCGA-GJ-A3OU,50.3883,28.89831344,0.0,Primary
LIHC,TCGA-GJ-A6C0-01,TCGA-GJ-A6C0,106.544,1.019166913,1.0,Primary
LIHC,TCGA-GJ-A9DB-01,TCGA-GJ-A9DB,12.07,2.202715587,1.0,Primary
LIHC,TCGA-HP-A5MZ-01,TCGA-HP-A5MZ,133.717,2.991748036,1.0,Primary
LIHC,TCGA-HP-A5N0-01,TCGA-HP-A5N0,37.9333,37.70917579,1.0,Primary
LIHC,TCGA-K7-A5RF-01,TCGA-K7-A5RF,127.227,20.74497814,0.0,Primary
LIHC,TCGA-K7-A5RG-01,TCGA-K7-A5RG,639.552,17.06282671,0.0,Primary
LIHC,TCGA-K7-A6G5-01,TCGA-K7-A6G5,7.7862,16.83269224,0.0,Primary
LIHC,TCGA-K7-AAU7-01,TCGA-K7-AAU7,12147.4,11.80261038,0.0,Primary
LIHC,TCGA-KR-A7K0-01,TCGA-KR-A7K0,22.9525,2.136962883,1.0,Primary
LIHC,TCGA-KR-A7K2-01,TCGA-KR-A7K2,98.7708,27.25449584,0.0,Primary
LIHC,TCGA-KR-A7K7-01,TCGA-KR-A7K7,18.0055,31.26541079,0.0,Primary
LIHC,TCGA-KR-A7K8-01,TCGA-KR-A7K8,0.0,29.78597495,0.0,Primary
LIHC,TCGA-LG-A6GG-01,TCGA-LG-A6GG,11.8244,12.72314824,0.0,Primary
LIHC,TCGA-LG-A9QC-01,TCGA-LG-A9QC,35.1828,13.97244962,0.0,Primary
LIHC,TCGA-LG-A9QD-01,TCGA-LG-A9QD,1774.83,12.03274485,0.0,Primary
LIHC,TCGA-MI-A75C-01,TCGA-MI-A75C,2.7137,9.567018444,0.0,Primary
LIHC,TCGA-MI-A75E-01,TCGA-MI-A75E,121.642,16.66831048,0.0,Primary
LIHC,TCGA-MI-A75G-01,TCGA-MI-A75G,1.1885,22.94769372,0.0,Primary
LIHC,TCGA-MI-A75H-01,TCGA-MI-A75H,0.7806,24.55863497,0.0,Primary
LIHC,TCGA-MI-A75I-01,TCGA-MI-A75I,51.1714,20.71210179,0.0,Primary
LIHC,TCGA-MR-A520-01,TCGA-MR-A520,0.8259,7.528684617,0.0,Primary
LIHC,TCGA-MR-A8JO-01,TCGA-MR-A8JO,16.692,10.84919617,0.0,Primary
LIHC,TCGA-NI-A4U2-01,TCGA-NI-A4U2,253.303,58.8815465,1.0,Primary
LIHC,TCGA-NI-A8LF-01,TCGA-NI-A8LF,5.7796,26.26820528,0.0,Primary
LIHC,TCGA-O8-A75V-01,TCGA-O8-A75V,76.9055,17.6874774,0.0,Primary
LIHC,TCGA-PD-A5DF-01,TCGA-PD-A5DF,7.6561,21.00798895,1.0,Primary
LIHC,TCGA-QA-A7B7-01,TCGA-QA-A7B7,5.8431,3.090377092,0.0,Primary
LIHC,TCGA-RC-A6M3-01,TCGA-RC-A6M3,4412.69,0.0,0.0,Primary
LIHC,TCGA-RC-A6M4-01,TCGA-RC-A6M4,9.2454,0.723279745,0.0,Primary
LIHC,TCGA-RC-A6M5-01,TCGA-RC-A6M5,59.7857,0.493145281,0.0,Primary
LIHC,TCGA-RC-A6M6-01,TCGA-RC-A6M6,26.776,0.295887168,0.0,Primary
LIHC,TCGA-RC-A7S9-01,TCGA-RC-A7S9,494.22,21.04086531,0.0,Primary
LIHC,TCGA-RC-A7SB-01,TCGA-RC-A7SB,124.047,19.331295,0.0,Primary
LIHC,TCGA-RC-A7SF-01,TCGA-RC-A7SF,9.7276,19.03540783,0.0,Primary
LIHC,TCGA-RC-A7SH-01,TCGA-RC-A7SH,0.6374,15.38613276,0.0,Primary
LIHC,TCGA-RC-A7SK-01,TCGA-RC-A7SK,3.1387,15.51763816,0.0,Primary
LIHC,TCGA-RG-A7D4-01,TCGA-RG-A7D4,2.9499,36.09823454,0.0,Primary
LIHC,TCGA-UB-A7MA-01,TCGA-UB-A7MA,5356.84,27.87914653,0.0,Primary
LIHC,TCGA-UB-A7MB-01,TCGA-UB-A7MB,136.236,19.75868758,0.0,Primary
LIHC,TCGA-UB-A7MC-01,TCGA-UB-A7MC,5.6726,16.43817602,0.0,Primary
LIHC,TCGA-UB-A7MD-01,TCGA-UB-A7MD,6.3328,1.709570306,1.0,Primary
LIHC,TCGA-UB-A7ME-01,TCGA-UB-A7ME,8.9087,15.97790709,0.0,Primary
LIHC,TCGA-UB-A7MF-01,TCGA-UB-A7MF,6319.3,7.035539337,1.0,Primary
LIHC,TCGA-UB-AA0U-01,TCGA-UB-AA0U,65.7459,10.75056712,0.0,Primary
LIHC,TCGA-UB-AA0V-01,TCGA-UB-AA0V,23.7859,10.32317454,0.0,Primary
LIHC,TCGA-WJ-A86L-01,TCGA-WJ-A86L,5.992,11.34234145,0.0,Primary
LIHC,TCGA-WQ-A9G7-01,TCGA-WQ-A9G7,58.007,0.986290561,0.0,Primary
LIHC,TCGA-WQ-AB4B-01,TCGA-WQ-AB4B,66.5901,12.98615906,0.0,Primary
LIHC,TCGA-WX-AA44-01,TCGA-WX-AA44,1172.14,20.21895651,0.0,Primary
LIHC,TCGA-WX-AA46-01,TCGA-WX-AA46,3.003,24.85452214,0.0,Primary
LIHC,TCGA-WX-AA47-01,TCGA-WX-AA47,9.1533,18.27925173,1.0,Primary
LIHC,TCGA-XR-A8TD-01,TCGA-XR-A8TD,88.2461,33.8626426,0.0,Primary
LIHC,TCGA-XR-A8TE-01,TCGA-XR-A8TE,0.0,30.41062564,0.0,Primary
LIHC,TCGA-XR-A8TF-01,TCGA-XR-A8TF,0.6739,22.78331196,1.0,Primary
LIHC,TCGA-XR-A8TG-01,TCGA-XR-A8TG,267.924,29.52296413,0.0,Primary
LIHC,TCGA-YA-A8S7-01,TCGA-YA-A8S7,20.7411,13.54505704,1.0,Primary
LIHC,TCGA-ZP-A9CV-01,TCGA-ZP-A9CV,149.749,35.76947102,1.0,Primary
LIHC,TCGA-ZP-A9CY-01,TCGA-ZP-A9CY,8.5121,25.7093073,0.0,Primary
LIHC,TCGA-ZP-A9CZ-01,TCGA-ZP-A9CZ,127.27,23.21070454,0.0,Primary
LIHC,TCGA-ZP-A9D0-01,TCGA-ZP-A9D0,63.7066,35.86810008,0.0,Primary
LIHC,TCGA-ZP-A9D1-01,TCGA-ZP-A9D1,73.955,0.690403393,0.0,Primary
LIHC,TCGA-ZP-A9D2-01,TCGA-ZP-A9D2,67.6856,25.15040931,1.0,Primary
LIHC,TCGA-ZP-A9D4-01,TCGA-ZP-A9D4,7.354,12.98615906,0.0,Primary
LIHC,TCGA-ZS-A9CD-01,TCGA-ZS-A9CD,249.436,45.56662393,1.0,Primary
LIHC,TCGA-ZS-A9CE-01,TCGA-ZS-A9CE,1.6411,40.79955288,0.0,Primary
LIHC,TCGA-ZS-A9CF-01,TCGA-ZS-A9CF,33.7698,79.29776112,0.0,Primary
LIHC,TCGA-ZS-A9CG-01,TCGA-ZS-A9CG,0.6855,11.21083605,0.0,Primary
CHOL,TCGA-3X-AAV9-01,TCGA-3X-AAV9,599.347,11.14508334,1.0,Primary
CHOL,TCGA-3X-AAVA-01,TCGA-3X-AAVA,58.319,14.62997666,1.0,Primary
CHOL,TCGA-3X-AAVB-01,TCGA-3X-AAVB,3919.29,13.21629352,0.0,Primary
CHOL,TCGA-3X-AAVC-01,TCGA-3X-AAVC,1339.69,23.3093336,0.0,Primary
CHOL,TCGA-3X-AAVE-01,TCGA-3X-AAVE,518.662,21.36962883,0.0,Primary
CHOL,TCGA-4G-AAZO-01,TCGA-4G-AAZO,151.203,38.69546635,0.0,Primary
CHOL,TCGA-4G-AAZT-01,TCGA-4G-AAZT,318.396,13.80806786,0.0,Primary
CHOL,TCGA-W5-AA2G-01,TCGA-W5-AA2G,30.9386,64.96367163,0.0,Primary
CHOL,TCGA-W5-AA2H-01,TCGA-W5-AA2H,0.6242,35.40783115,0.0,Primary
CHOL,TCGA-W5-AA2I-01,TCGA-W5-AA2I,67.3077,63.74724661,1.0,Primary
CHOL,TCGA-W5-AA2O-01,TCGA-W5-AA2O,350.915,21.04086531,1.0,Primary
CHOL,TCGA-W5-AA2Q-01,TCGA-W5-AA2Q,126.008,1.643817602,0.0,Primary
CHOL,TCGA-W5-AA2R-01,TCGA-W5-AA2R,877.067,50.69533485,0.0,Primary
CHOL,TCGA-W5-AA2T-01,TCGA-W5-AA2T,50.3632,40.10914949,1.0,Primary
CHOL,TCGA-W5-AA2U-01,TCGA-W5-AA2U,237.2,20.61347273,1.0,Primary
CHOL,TCGA-W5-AA2W-01,TCGA-W5-AA2W,296.333,30.37774929,1.0,Primary
CHOL,TCGA-W5-AA2X-01,TCGA-W5-AA2X,42.3523,8.909491403,1.0,Primary
CHOL,TCGA-W5-AA2Z-01,TCGA-W5-AA2Z,35.1893,53.06243219,0.0,Primary
CHOL,TCGA-W5-AA30-01,TCGA-W5-AA30,217.498,37.9064339,0.0,Primary
CHOL,TCGA-W5-AA31-01,TCGA-W5-AA31,50.7267,0.32876352,0.0,Primary
CHOL,TCGA-W5-AA33-01,TCGA-W5-AA33,110.109,47.63783411,0.0,Primary
CHOL,TCGA-W5-AA34-01,TCGA-W5-AA34,14.3737,18.24637538,1.0,Primary
CHOL,TCGA-W5-AA36-01,TCGA-W5-AA36,44.9309,46.09264556,1.0,Primary
CHOL,TCGA-W5-AA38-01,TCGA-W5-AA38,73.278,48.36111385,0.0,Primary
CHOL,TCGA-W5-AA39-01,TCGA-W5-AA39,67.5204,5.588979847,1.0,Primary
CHOL,TCGA-W6-AA0S-01,TCGA-W6-AA0S,35.0752,26.56409245,0.0,Primary
CHOL,TCGA-WD-A7RX-01,TCGA-WD-A7RX,14.1158,0.690403393,1.0,Primary
CHOL,TCGA-YR-A95A-01,TCGA-YR-A95A,0.5767,0.854785153,1.0,Primary
CHOL,TCGA-ZD-A8I3-01,TCGA-ZD-A8I3,13597.1,5.556103495,1.0,Primary
CHOL,TCGA-ZH-A8Y1-01,TCGA-ZH-A8Y1,25.8613,12.65739554,1.0,Primary
CHOL,TCGA-ZH-A8Y2-01,TCGA-ZH-A8Y2,2900.8,23.04632278,1.0,Primary
CHOL,TCGA-ZH-A8Y4-01,TCGA-ZH-A8Y4,37.3062,24.36137686,1.0,Primary
CHOL,TCGA-ZH-A8Y5-01,TCGA-ZH-A8Y5,76.2277,40.40503666,0.0,Primary
CHOL,TCGA-ZH-A8Y6-01,TCGA-ZH-A8Y6,44789.9,17.06282671,0.0,Primary
CHOL,TCGA-ZH-A8Y8-01,TCGA-ZH-A8Y8,313.992,19.79156393,0.0,Primary
CHOL,TCGA-ZU-A8S4-01,TCGA-ZU-A8S4,2940.55,3.2218825,1.0,Primary
PAAD,TCGA-2J-AAB1-01,TCGA-2J-AAB1,1404.39,2.169839235,1.0,Primary
PAAD,TCGA-2J-AAB4-01,TCGA-2J-AAB4,16393.5,23.96686064,0.0,Primary
PAAD,TCGA-2J-AAB6-01,TCGA-2J-AAB6,326.316,9.632771148,1.0,Primary
PAAD,TCGA-2J-AAB8-01,TCGA-2J-AAB8,1192.95,2.630108163,0.0,Primary
PAAD,TCGA-2J-AAB9-01,TCGA-2J-AAB9,3382.64,20.61347273,1.0,Primary
PAAD,TCGA-2J-AABA-01,TCGA-2J-AABA,1575.7,19.95594569,1.0,Primary
PAAD,TCGA-2J-AABE-01,TCGA-2J-AABE,3363.03,22.22441398,0.0,Primary
PAAD,TCGA-2J-AABF-01,TCGA-2J-AABF,13011.4,22.71755926,1.0,Primary
PAAD,TCGA-2J-AABH-01,TCGA-2J-AABH,11801.8,42.31186508,0.0,Primary
PAAD,TCGA-2J-AABI-01,TCGA-2J-AABI,220.247,31.85718513,0.0,Primary
PAAD,TCGA-2J-AABK-01,TCGA-2J-AABK,2434.22,15.91215439,0.0,Primary
PAAD,TCGA-2J-AABO-01,TCGA-2J-AABO,2923.08,14.4655949,0.0,Primary
PAAD,TCGA-2J-AABP-01,TCGA-2J-AABP,0.0,15.221751,0.0,Primary
PAAD,TCGA-2J-AABR-01,TCGA-2J-AABR,10321.6,14.39984219,0.0,Primary
PAAD,TCGA-2J-AABT-01,TCGA-2J-AABT,3392.99,10.4875563,0.0,Primary
PAAD,TCGA-2J-AABU-01,TCGA-2J-AABU,823.144,9.106749515,1.0,Primary
PAAD,TCGA-2J-AABV-01,TCGA-2J-AABV,984.252,21.43538153,1.0,Primary
PAAD,TCGA-2L-AAQA-01,TCGA-2L-AAQA,10750.1,4.701318342,1.0,Primary
PAAD,TCGA-2L-AAQE-01,TCGA-2L-AAQE,297.498,22.4874248,1.0,Primary
PAAD,TCGA-2L-AAQI-01,TCGA-2L-AAQI,6309.76,3.38626426,1.0,Primary
PAAD,TCGA-2L-AAQJ-01,TCGA-2L-AAQJ,24510.4,12.9532827,1.0,Primary
PAAD,TCGA-2L-AAQL-01,TCGA-2L-AAQL,8191.63,9.599894796,1.0,Primary
PAAD,TCGA-2L-AAQM-01,TCGA-2L-AAQM,6.5282,45.46799487,0.0,Primary
PAAD,TCGA-3A-A9I5-01,TCGA-3A-A9I5,18019.8,58.98017556,0.0,Primary
PAAD,TCGA-3A-A9I7-01,TCGA-3A-A9I7,514.793,43.49541375,0.0,Primary
PAAD,TCGA-3A-A9I9-01,TCGA-3A-A9I9,10666.9,20.84360719,1.0,Primary
PAAD,TCGA-3A-A9IB-01,TCGA-3A-A9IB,3912.12,7.364302857,1.0,Primary
PAAD,TCGA-3A-A9IC-01,TCGA-3A-A9IC,7518.52,24.26274781,1.0,Primary
PAAD,TCGA-3A-A9IH-01,TCGA-3A-A9IH,763.914,33.56675543,0.0,Primary
PAAD,TCGA-3A-A9IJ-01,TCGA-3A-A9IJ,6.9158,60.95275668,0.0,Primary
PAAD,TCGA-3A-A9IL-01,TCGA-3A-A9IL,41.2869,90.11408094,0.0,Primary
PAAD,TCGA-3A-A9IN-01,TCGA-3A-A9IN,33.4873,68.51431765,0.0,Primary
PAAD,TCGA-3A-A9IO-01,TCGA-3A-A9IO,1448.34,63.84587566,0.0,Primary
PAAD,TCGA-3A-A9IR-01,TCGA-3A-A9IR,0.6885,50.69533485,0.0,Primary
PAAD,TCGA-3A-A9IS-01,TCGA-3A-A9IS,142.208,32.81059934,0.0,Primary
PAAD,TCGA-3A-A9IU-01,TCGA-3A-A9IU,2477.59,15.05736923,1.0,Primary
PAAD,TCGA-3A-A9IV-01,TCGA-3A-A9IV,7.2962,36.2626163,0.0,Primary
PAAD,TCGA-3A-A9IX-01,TCGA-3A-A9IX,615.824,34.09277707,0.0,Primary
PAAD,TCGA-3A-A9IZ-01,TCGA-3A-A9IZ,10380.7,10.12591643,1.0,Primary
PAAD,TCGA-3A-A9J0-01,TCGA-3A-A9J0,444.151,24.42712957,0.0,Primary
PAAD,TCGA-3E-AAAY-01,TCGA-3E-AAAY,5013.65,75.12246441,0.0,Primary
PAAD,TCGA-3E-AAAZ-01,TCGA-3E-AAAZ,2544.13,71.73620015,1.0,Primary
PAAD,TCGA-F2-6879-01,TCGA-F2-6879,3305.95,10.98070158,1.0,Primary
PAAD,TCGA-F2-6880-01,TCGA-F2-6880,236.882,9.698523852,0.0,Primary
PAAD,TCGA-F2-7273-01,TCGA-F2-7273,7428.88,19.46280041,1.0,Primary
PAAD,TCGA-F2-7276-01,TCGA-F2-7276,2876.42,7.101292041,1.0,Primary
PAAD,TCGA-F2-A44G-01,TCGA-F2-A44G,40306.8,7.660190025,1.0,Primary
PAAD,TCGA-F2-A44H-01,TCGA-F2-A44H,2050.34,19.2655423,0.0,Primary
PAAD,TCGA-F2-A7TX-01,TCGA-F2-A7TX,1250.22,3.123253444,1.0,Primary
PAAD,TCGA-F2-A8YN-01,TCGA-F2-A8YN,20185.5,16.99707401,0.0,Primary
PAAD,TCGA-FB-A4P5-01,TCGA-FB-A4P5,754.676,5.884867015,1.0,Primary
PAAD,TCGA-FB-A4P6-01,TCGA-FB-A4P6,12094.7,25.21616202,0.0,Primary
PAAD,TCGA-FB-A545-01,TCGA-FB-A545,5256.62,24.06548969,1.0,Primary
PAAD,TCGA-FB-A5VM-01,TCGA-FB-A5VM,1117.37,16.37242332,1.0,Primary
PAAD,TCGA-FB-A78T-01,TCGA-FB-A78T,12668.3,12.32863202,1.0,Primary
PAAD,TCGA-FB-A7DR-01,TCGA-FB-A7DR,9722.49,11.60535227,1.0,Primary
PAAD,TCGA-FB-AAPP-01,TCGA-FB-AAPP,1.3911,15.94503074,1.0,Primary
PAAD,TCGA-FB-AAPQ-01,TCGA-FB-AAPQ,30120.8,37.15027781,1.0,Primary
PAAD,TCGA-FB-AAPS-01,TCGA-FB-AAPS,755.862,7.495808265,0.0,Primary
PAAD,TCGA-FB-AAPU-01,TCGA-FB-AAPU,24478.1,12.52589013,1.0,Primary
PAAD,TCGA-FB-AAPY-01,TCGA-FB-AAPY,4187.43,34.81605681,1.0,Primary
PAAD,TCGA-FB-AAPZ-01,TCGA-FB-AAPZ,5204.92,23.53946806,0.0,Primary
PAAD,TCGA-FB-AAQ0-01,TCGA-FB-AAQ0,32737.9,15.55051452,1.0,Primary
PAAD,TCGA-FB-AAQ1-01,TCGA-FB-AAQ1,5893.58,4.043791301,1.0,Primary
PAAD,TCGA-FB-AAQ2-01,TCGA-FB-AAQ2,53.5133,5.030081862,1.0,Primary
PAAD,TCGA-FB-AAQ3-01,TCGA-FB-AAQ3,3026.96,1.019166913,1.0,Primary
PAAD,TCGA-FB-AAQ6-01,TCGA-FB-AAQ6,14206.6,8.021829898,1.0,Primary
PAAD,TCGA-H6-8124-01,TCGA-H6-8124,2428.24,12.88753,0.0,Primary
PAAD,TCGA-H6-A45N-01,TCGA-H6-A45N,5849.57,13.84094421,1.0,Primary
PAAD,TCGA-H8-A6C1-01,TCGA-H8-A6C1,14232.2,22.06003222,0.0,Primary
PAAD,TCGA-HV-A5A3-01,TCGA-HV-A5A3,12275.6,4.208173061,1.0,Primary
PAAD,TCGA-HV-A5A4-01,TCGA-HV-A5A4,20744.8,7.627313673,0.0,Primary
PAAD,TCGA-HV-A5A5-01,TCGA-HV-A5A5,40666.7,9.50126574,0.0,Primary
PAAD,TCGA-HV-A5A6-01,TCGA-HV-A5A6,968.951,66.93625275,1.0,Primary
PAAD,TCGA-HV-A7OL-01,TCGA-HV-A7OL,1051.14,8.284840714,0.0,Primary
PAAD,TCGA-HV-A7OP-01,TCGA-HV-A7OP,211.44,32.1530723,0.0,Primary
PAAD,TCGA-HV-AA8V-01,TCGA-HV-AA8V,11623.7,30.24624388,0.0,Primary
PAAD,TCGA-HV-AA8X-01,TCGA-HV-AA8X,25814.1,17.49021929,1.0,Primary
PAAD,TCGA-HZ-7289-01,TCGA-HZ-7289,851.542,21.7312687,1.0,Primary
PAAD,TCGA-HZ-7918-01,TCGA-HZ-7918,3341.92,31.85718513,0.0,Primary
PAAD,TCGA-HZ-7919-01,TCGA-HZ-7919,17825.8,19.49567676,1.0,Primary
PAAD,TCGA-HZ-7920-01,TCGA-HZ-7920,4116.59,7.758819081,1.0,Primary
PAAD,TCGA-HZ-7922-01,TCGA-HZ-7922,14886.9,0.131505408,0.0,Primary
PAAD,TCGA-HZ-7923-01,TCGA-HZ-7923,50052.0,10.32317454,0.0,Primary
PAAD,TCGA-HZ-7924-01,TCGA-HZ-7924,7845.14,27.61613571,0.0,Primary
PAAD,TCGA-HZ-7925-01,TCGA-HZ-7925,7126.77,20.18608015,1.0,Primary
PAAD,TCGA-HZ-7926-01,TCGA-HZ-7926,11367.6,17.02995036,1.0,Primary
PAAD,TCGA-HZ-8001-01,TCGA-HZ-8001,830.675,23.21070454,0.0,Primary
PAAD,TCGA-HZ-8002-01,TCGA-HZ-8002,5387.52,12.03274485,1.0,Primary
PAAD,TCGA-HZ-8003-01,TCGA-HZ-8003,1432.62,19.59430582,1.0,Primary
PAAD,TCGA-HZ-8005-01,TCGA-HZ-8005,9.0556,3.945162245,1.0,Primary
PAAD,TCGA-HZ-8315-01,TCGA-HZ-8315,4669.82,9.83002926,1.0,Primary
PAAD,TCGA-HZ-8317-01,TCGA-HZ-8317,5390.09,12.42726107,1.0,Primary
PAAD,TCGA-HZ-8519-01,TCGA-HZ-8519,5873.54,14.92586383,0.0,Primary
PAAD,TCGA-HZ-8636-01,TCGA-HZ-8636,18168.0,17.91761186,1.0,Primary
PAAD,TCGA-HZ-8637-01,TCGA-HZ-8637,963.497,16.99707401,1.0,Primary
PAAD,TCGA-HZ-8638-01,TCGA-HZ-8638,24473.2,4.964329158,1.0,Primary
PAAD,TCGA-HZ-A49G-01,TCGA-HZ-A49G,1859.96,21.69839235,0.0,Primary
PAAD,TCGA-HZ-A49H-01,TCGA-HZ-A49H,7132.17,16.14228885,0.0,Primary
PAAD,TCGA-HZ-A49I-01,TCGA-HZ-A49I,1017.74,10.12591643,1.0,Primary
PAAD,TCGA-HZ-A4BH-01,TCGA-HZ-A4BH,846.652,6.378012296,0.0,Primary
PAAD,TCGA-HZ-A4BK-01,TCGA-HZ-A4BK,11847.2,21.59976329,0.0,Primary
PAAD,TCGA-HZ-A77O-01,TCGA-HZ-A77O,2396.39,5.260216326,1.0,Primary
PAAD,TCGA-HZ-A77P-01,TCGA-HZ-A77P,2039.11,10.84919617,0.0,Primary
PAAD,TCGA-HZ-A77Q-01,TCGA-HZ-A77Q,5888.95,1.084919617,0.0,Primary
PAAD,TCGA-HZ-A8P0-01,TCGA-HZ-A8P0,8775.47,0.0,0.0,Primary
PAAD,TCGA-HZ-A8P1-01,TCGA-HZ-A8P1,7620.36,0.230134464,0.0,Primary
PAAD,TCGA-HZ-A9TJ-01,TCGA-HZ-A9TJ,9177.86,19.82444028,0.0,Primary
PAAD,TCGA-IB-7644-01,TCGA-IB-7644,3242.02,12.9532827,1.0,Primary
PAAD,TCGA-IB-7645-01,TCGA-IB-7645,439.085,49.38028076,1.0,Primary
PAAD,TCGA-IB-7646-01,TCGA-IB-7646,202.538,4.767071046,1.0,Primary
PAAD,TCGA-IB-7647-01,TCGA-IB-7647,5814.95,21.89565046,1.0,Primary
PAAD,TCGA-IB-7649-01,TCGA-IB-7649,11977.5,15.3532564,1.0,Primary
PAAD,TCGA-IB-7651-01,TCGA-IB-7651,15800.4,19.82444028,1.0,Primary
PAAD,TCGA-IB-7652-01,TCGA-IB-7652,1795.12,36.69000888,0.0,Primary
PAAD,TCGA-IB-7885-01,TCGA-IB-7885,16891.8,41.32557451,0.0,Primary
PAAD,TCGA-IB-7886-01,TCGA-IB-7886,5820.95,4.043791301,1.0,Primary
PAAD,TCGA-IB-7887-01,TCGA-IB-7887,1419.64,3.616398724,1.0,Primary
PAAD,TCGA-IB-7888-01,TCGA-IB-7888,1260.87,43.79130092,1.0,Primary
PAAD,TCGA-IB-7889-01,TCGA-IB-7889,3232.8,15.81352533,1.0,Primary
PAAD,TCGA-IB-7890-01,TCGA-IB-7890,475.546,19.66005852,1.0,Primary
PAAD,TCGA-IB-7891-01,TCGA-IB-7891,5263.43,30.01610941,1.0,Primary
PAAD,TCGA-IB-7893-01,TCGA-IB-7893,314.843,3.846533189,1.0,Primary
PAAD,TCGA-IB-7897-01,TCGA-IB-7897,1588.0,15.97790709,1.0,Primary
PAAD,TCGA-IB-8126-01,TCGA-IB-8126,1170.59,15.18887464,0.0,Primary
PAAD,TCGA-IB-8127-01,TCGA-IB-8127,1793.69,17.16145577,0.0,Primary
PAAD,TCGA-IB-A5SO-01,TCGA-IB-A5SO,404.107,11.9998685,1.0,Primary
PAAD,TCGA-IB-A5SP-01,TCGA-IB-A5SP,9252.39,15.84640168,0.0,Primary
PAAD,TCGA-IB-A5SQ-01,TCGA-IB-A5SQ,58.8179,7.199921097,1.0,Primary
PAAD,TCGA-IB-A5SS-01,TCGA-IB-A5SS,283.139,15.12312194,1.0,Primary
PAAD,TCGA-IB-A5ST-01,TCGA-IB-A5ST,694.19,20.87648355,0.0,Primary
PAAD,TCGA-IB-A6UF-01,TCGA-IB-A6UF,4941.72,21.89565046,0.0,Primary
PAAD,TCGA-IB-A6UG-01,TCGA-IB-A6UG,6510.74,1.347930434,1.0,Primary
PAAD,TCGA-IB-A7LX-01,TCGA-IB-A7LX,4918.58,8.21908801,1.0,Primary
PAAD,TCGA-IB-A7M4-01,TCGA-IB-A7M4,2819.68,15.87927804,0.0,Primary
PAAD,TCGA-IB-AAUM-01,TCGA-IB-AAUM,1502.51,0.263010816,0.0,Primary
PAAD,TCGA-IB-AAUN-01,TCGA-IB-AAUN,1458.68,4.734194694,1.0,Primary
PAAD,TCGA-IB-AAUO-01,TCGA-IB-AAUO,5984.17,7.857448138,1.0,Primary
PAAD,TCGA-IB-AAUP-01,TCGA-IB-AAUP,1201.19,14.16970773,0.0,Primary
PAAD,TCGA-IB-AAUQ-01,TCGA-IB-AAUQ,9137.76,6.016372423,1.0,Primary
PAAD,TCGA-IB-AAUR-01,TCGA-IB-AAUR,931.47,11.11220699,0.0,Primary
PAAD,TCGA-IB-AAUS-01,TCGA-IB-AAUS,3368.94,7.397179209,0.0,Primary
PAAD,TCGA-IB-AAUT-01,TCGA-IB-AAUT,11983.3,9.435513036,0.0,Primary
PAAD,TCGA-IB-AAUU-01,TCGA-IB-AAUU,13876.4,8.05470625,0.0,Primary
PAAD,TCGA-IB-AAUV-01,TCGA-IB-AAUV,821.118,13.28204622,0.0,Primary
PAAD,TCGA-IB-AAUW-01,TCGA-IB-AAUW,9612.66,7.561560969,1.0,Primary
PAAD,TCGA-L1-A7W4-01,TCGA-L1-A7W4,17.943,9.139625867,1.0,Primary
PAAD,TCGA-LB-A7SX-01,TCGA-LB-A7SX,6167.69,12.92040635,1.0,Primary
PAAD,TCGA-LB-A8F3-01,TCGA-LB-A8F3,4502.54,12.46013742,0.0,Primary
PAAD,TCGA-LB-A9Q5-01,TCGA-LB-A9Q5,6972.37,10.29029819,1.0,Primary
PAAD,TCGA-M8-A5N4-01,TCGA-M8-A5N4,15293.5,19.19978959,0.0,Primary
PAAD,TCGA-OE-A75W-01,TCGA-OE-A75W,2826.71,8.777985995,1.0,Primary
PAAD,TCGA-PZ-A5RE-01,TCGA-PZ-A5RE,12817.9,15.45188546,1.0,Primary
PAAD,TCGA-Q3-A5QY-01,TCGA-Q3-A5QY,1569.46,13.67656245,0.0,Primary
PAAD,TCGA-Q3-AA2A-01,TCGA-Q3-AA2A,12539.3,3.123253444,0.0,Primary
PAAD,TCGA-RB-A7B8-01,TCGA-RB-A7B8,17707.9,15.32038005,1.0,Primary
PAAD,TCGA-RB-AA9M-01,TCGA-RB-AA9M,5918.88,9.402636683,0.0,Primary
PAAD,TCGA-RL-AAAS-01,TCGA-RL-AAAS,7033.76,0.295887168,0.0,Primary
PAAD,TCGA-S4-A8RM-01,TCGA-S4-A8RM,41091.5,24.22987145,0.0,Primary
PAAD,TCGA-S4-A8RO-01,TCGA-S4-A8RO,1891.59,17.26008482,0.0,Primary
PAAD,TCGA-S4-A8RP-01,TCGA-S4-A8RP,5248.28,23.07919913,1.0,Primary
PAAD,TCGA-US-A774-01,TCGA-US-A774,4156.63,22.84906467,1.0,Primary
PAAD,TCGA-US-A776-01,TCGA-US-A776,67.6139,39.97764408,0.0,Primary
PAAD,TCGA-US-A779-01,TCGA-US-A779,529.49,16.79981589,1.0,Primary
PAAD,TCGA-US-A77E-01,TCGA-US-A77E,11249.3,14.13683138,1.0,Primary
PAAD,TCGA-US-A77G-01,TCGA-US-A77G,5608.85,0.394516225,1.0,Primary
PAAD,TCGA-US-A77J-01,TCGA-US-A77J,7188.79,18.67376796,1.0,Primary
PAAD,TCGA-XD-AAUG-01,TCGA-XD-AAUG,1820.95,13.80806786,0.0,Primary
PAAD,TCGA-XD-AAUH-01,TCGA-XD-AAUH,2176.47,12.98615906,0.0,Primary
PAAD,TCGA-XD-AAUI-01,TCGA-XD-AAUI,6299.16,12.03274485,1.0,Primary
PAAD,TCGA-XD-AAUL-01,TCGA-XD-AAUL,12892.7,16.37242332,0.0,Primary
PAAD,TCGA-XN-A8T3-01,TCGA-XN-A8T3,802.215,31.26541079,0.0,Primary
PAAD,TCGA-XN-A8T5-01,TCGA-XN-A8T5,438.617,23.67097347,0.0,Primary
PAAD,TCGA-YB-A89D-01,TCGA-YB-A89D,2035.97,11.50672321,0.0,Primary
PAAD,TCGA-YH-A8SY-01,TCGA-YH-A8SY,5509.35,12.75602459,0.0,Primary
PAAD,TCGA-YY-A8LH-01,TCGA-YY-A8LH,5058.76,66.27872571,0.0,Primary
PAAD,TCGA-Z5-AAPL-01,TCGA-Z5-AAPL,1358.4,15.3532564,0.0,Primary
STAD,TCGA-3M-AB46-01,TCGA-3M-AB46,6266.895,58.02676135,0.0,Primary
STAD,TCGA-3M-AB47-01,TCGA-3M-AB47,2810.0758,,1.0,Primary
STAD,TCGA-B7-5816-01,TCGA-B7-5816,19098.9848,26.69559786,0.0,Primary
STAD,TCGA-B7-5818-01,TCGA-B7-5818,3.2082,11.70398133,0.0,Primary
STAD,TCGA-B7-A5TI-01,TCGA-B7-A5TI,444.2518,19.56142946,0.0,Primary
STAD,TCGA-B7-A5TJ-01,TCGA-B7-A5TJ,1793.0915,11.01357793,0.0,Primary
STAD,TCGA-B7-A5TK-01,TCGA-B7-A5TK,24.9631,9.468389388,0.0,Primary
STAD,TCGA-B7-A5TN-01,TCGA-B7-A5TN,18140.7563,9.435513036,0.0,Primary
STAD,TCGA-BR-4187-01,TCGA-BR-4187,964.757,4.635565638,1.0,Primary
STAD,TCGA-BR-4191-01,TCGA-BR-4191,1403.9298,18.34500444,1.0,Primary
STAD,TCGA-BR-4201-01,TCGA-BR-4201,334.673,30.90377092,1.0,Primary
STAD,TCGA-BR-4253-01,TCGA-BR-4253,115.9792,4.076667653,1.0,Primary
STAD,TCGA-BR-4255-01,TCGA-BR-4255,116.258,4.076667653,1.0,Primary
STAD,TCGA-BR-4256-01,TCGA-BR-4256,17.7923,9.336883979,1.0,Primary
STAD,TCGA-BR-4257-01,TCGA-BR-4257,6919.9238,9.6656475,1.0,Primary
STAD,TCGA-BR-4267-01,TCGA-BR-4267,4843.3908,6.180754184,1.0,Primary
STAD,TCGA-BR-4279-01,TCGA-BR-4279,4972.9415,9.567018444,1.0,Primary
STAD,TCGA-BR-4280-01,TCGA-BR-4280,6348.7772,6.60814676,1.0,Primary
STAD,TCGA-BR-4292-01,TCGA-BR-4292,1594.5444,0.0,0.0,Primary
STAD,TCGA-BR-4294-01,TCGA-BR-4294,114.5999,0.0,0.0,Primary
STAD,TCGA-BR-4357-01,TCGA-BR-4357,1774.6447,0.0,0.0,Primary
STAD,TCGA-BR-4361-01,TCGA-BR-4361,672.6532,0.0,0.0,Primary
STAD,TCGA-BR-4362-01,TCGA-BR-4362,2177.3136,0.0,0.0,Primary
STAD,TCGA-BR-4363-01,TCGA-BR-4363,2039.293,0.0,0.0,Primary
STAD,TCGA-BR-4366-01,TCGA-BR-4366,259.1702,0.0,0.0,Primary
STAD,TCGA-BR-4367-01,TCGA-BR-4367,18.6534,0.0,0.0,Primary
STAD,TCGA-BR-4368-01,TCGA-BR-4368,30.975,0.0,0.0,Primary
STAD,TCGA-BR-4369-01,TCGA-BR-4369,1976.4254,0.0,0.0,Primary
STAD,TCGA-BR-4370-01,TCGA-BR-4370,97.4082,0.0,0.0,Primary
STAD,TCGA-BR-4371-01,TCGA-BR-4371,1455.2071,0.0,0.0,Primary
STAD,TCGA-BR-6452-01,TCGA-BR-6452,43.1808,34.6845514,0.0,Primary
STAD,TCGA-BR-6453-01,TCGA-BR-6453,140.3823,15.94503074,0.0,Primary
STAD,TCGA-BR-6454-01,TCGA-BR-6454,5240.2723,0.0,0.0,Primary
STAD,TCGA-BR-6455-01,TCGA-BR-6455,13.3983,13.87382056,1.0,Primary
STAD,TCGA-BR-6456-01,TCGA-BR-6456,2223.0686,17.29296117,1.0,Primary
STAD,TCGA-BR-6457-01,TCGA-BR-6457,267.5363,13.67656245,0.0,Primary
STAD,TCGA-BR-6458-01,TCGA-BR-6458,11.6199,19.331295,1.0,Primary
STAD,TCGA-BR-6563-01,TCGA-BR-6563,3432.6536,39.12285893,0.0,Primary
STAD,TCGA-BR-6564-01,TCGA-BR-6564,377.741,26.10382352,1.0,Primary
STAD,TCGA-BR-6565-01,TCGA-BR-6565,53.4788,9.172502219,1.0,Primary
STAD,TCGA-BR-6566-01,TCGA-BR-6566,2158.1891,32.77772298,0.0,Primary
STAD,TCGA-BR-6705-01,TCGA-BR-6705,10.6471,25.61067824,1.0,Primary
STAD,TCGA-BR-6706-01,TCGA-BR-6706,47.4751,18.04911727,1.0,Primary
STAD,TCGA-BR-6707-01,TCGA-BR-6707,15.8516,16.14228885,0.0,Primary
STAD,TCGA-BR-6709-01,TCGA-BR-6709,5.1519,12.16425026,1.0,Primary
STAD,TCGA-BR-6801-01,TCGA-BR-6801,5.8447,40.20777855,0.0,Primary
STAD,TCGA-BR-6802-01,TCGA-BR-6802,48285.5226,30.90377092,0.0,Primary
STAD,TCGA-BR-6803-01,TCGA-BR-6803,617.8208,31.19965809,0.0,Primary
STAD,TCGA-BR-6852-01,TCGA-BR-6852,362.6129,44.94197324,0.0,Primary
STAD,TCGA-BR-7196-01,TCGA-BR-7196,8.2749,21.89565046,0.0,Primary
STAD,TCGA-BR-7197-01,TCGA-BR-7197,44.6766,9.205378571,0.0,Primary
STAD,TCGA-BR-7703-01,TCGA-BR-7703,2965.8064,36.16398724,0.0,Primary
STAD,TCGA-BR-7704-01,TCGA-BR-7704,11.7806,35.24344939,0.0,Primary
STAD,TCGA-BR-7707-01,TCGA-BR-7707,1558.4914,35.83522372,0.0,Primary
STAD,TCGA-BR-7715-01,TCGA-BR-7715,3.0098,33.63250814,0.0,Primary
STAD,TCGA-BR-7716-01,TCGA-BR-7716,1030.2795,39.78038597,0.0,Primary
STAD,TCGA-BR-7717-01,TCGA-BR-7717,198.6055,18.14774633,1.0,Primary
STAD,TCGA-BR-7722-01,TCGA-BR-7722,810.4894,15.32038005,1.0,Primary
STAD,TCGA-BR-7723-01,TCGA-BR-7723,35.5551,28.73393168,1.0,Primary
STAD,TCGA-BR-7851-01,TCGA-BR-7851,382.1171,,1.0,Primary
STAD,TCGA-BR-7901-01,TCGA-BR-7901,4589.0157,3.452016964,1.0,Primary
STAD,TCGA-BR-7957-01,TCGA-BR-7957,66.4685,9.073873163,1.0,Primary
STAD,TCGA-BR-7958-01,TCGA-BR-7958,0.7376,29.55584048,0.0,Primary
STAD,TCGA-BR-7959-01,TCGA-BR-7959,78.2863,33.20511556,0.0,Primary
STAD,TCGA-BR-8058-01,TCGA-BR-8058,617.1169,37.24890686,0.0,Primary
STAD,TCGA-BR-8059-01,TCGA-BR-8059,124.5965,14.43271855,1.0,Primary
STAD,TCGA-BR-8060-01,TCGA-BR-8060,271.1967,11.44097051,1.0,Primary
STAD,TCGA-BR-8077-01,TCGA-BR-8077,2473.8738,0.690403393,0.0,Primary
STAD,TCGA-BR-8078-01,TCGA-BR-8078,64.6671,29.58871684,0.0,Primary
STAD,TCGA-BR-8080-01,TCGA-BR-8080,1648.673,9.599894796,1.0,Primary
STAD,TCGA-BR-8081-01,TCGA-BR-8081,38.0702,32.25170135,0.0,Primary
STAD,TCGA-BR-8284-01,TCGA-BR-8284,486.3162,8.05470625,1.0,Primary
STAD,TCGA-BR-8286-01,TCGA-BR-8286,7178.3197,29.42433508,0.0,Primary
STAD,TCGA-BR-8289-01,TCGA-BR-8289,3.4446,2.662984515,1.0,Primary
STAD,TCGA-BR-8291-01,TCGA-BR-8291,162.1843,19.95594569,1.0,Primary
STAD,TCGA-BR-8295-01,TCGA-BR-8295,748.0397,2.202715587,1.0,Primary
STAD,TCGA-BR-8296-01,TCGA-BR-8296,623.8618,15.58339087,1.0,Primary
STAD,TCGA-BR-8297-01,TCGA-BR-8297,161.7748,7.397179209,0.0,Primary
STAD,TCGA-BR-8361-01,TCGA-BR-8361,353.6213,31.10102903,0.0,Primary
STAD,TCGA-BR-8362-01,TCGA-BR-8362,1778.3632,13.08478811,1.0,Primary
STAD,TCGA-BR-8363-01,TCGA-BR-8363,34.4709,0.263010816,1.0,Primary
STAD,TCGA-BR-8364-01,TCGA-BR-8364,1032.3962,22.19153763,0.0,Primary
STAD,TCGA-BR-8365-01,TCGA-BR-8365,157.7629,17.52309564,1.0,Primary
STAD,TCGA-BR-8366-01,TCGA-BR-8366,20.6905,0.953414209,0.0,Primary
STAD,TCGA-BR-8367-01,TCGA-BR-8367,405.1676,26.33395798,1.0,Primary
STAD,TCGA-BR-8368-01,TCGA-BR-8368,20664.5605,4.306802117,0.0,Primary
STAD,TCGA-BR-8369-01,TCGA-BR-8369,937.9704,14.03820232,0.0,Primary
STAD,TCGA-BR-8371-01,TCGA-BR-8371,205.4311,11.80261038,1.0,Primary
STAD,TCGA-BR-8372-01,TCGA-BR-8372,0.6675,31.26541079,0.0,Primary
STAD,TCGA-BR-8373-01,TCGA-BR-8373,832.8783,14.79435842,0.0,Primary
STAD,TCGA-BR-8380-01,TCGA-BR-8380,141.2043,0.690403393,0.0,Primary
STAD,TCGA-BR-8381-01,TCGA-BR-8381,4.2307,7.364302857,0.0,Primary
STAD,TCGA-BR-8382-01,TCGA-BR-8382,1975.4926,25.05178025,1.0,Primary
STAD,TCGA-BR-8384-01,TCGA-BR-8384,27.0018,3.715027781,0.0,Primary
STAD,TCGA-BR-8483-01,TCGA-BR-8483,234.9331,5.391721735,0.0,Primary
STAD,TCGA-BR-8484-01,TCGA-BR-8484,180.1281,25.18328566,1.0,Primary
STAD,TCGA-BR-8485-01,TCGA-BR-8485,1311.8015,9.205378571,0.0,Primary
STAD,TCGA-BR-8486-01,TCGA-BR-8486,6351.1203,20.21895651,0.0,Primary
STAD,TCGA-BR-8487-01,TCGA-BR-8487,6358.8291,1.117795969,0.0,Primary
STAD,TCGA-BR-8588-01,TCGA-BR-8588,4314.1785,12.78890094,0.0,Primary
STAD,TCGA-BR-8589-01,TCGA-BR-8589,6.4849,27.12299043,0.0,Primary
STAD,TCGA-BR-8590-01,TCGA-BR-8590,4654.0527,9.336883979,1.0,Primary
STAD,TCGA-BR-8591-01,TCGA-BR-8591,3712.374,28.14215735,0.0,Primary
STAD,TCGA-BR-8592-01,TCGA-BR-8592,1602.519,6.27938324,1.0,Primary
STAD,TCGA-BR-8676-01,TCGA-BR-8676,-0.0155,7.528684617,0.0,Primary
STAD,TCGA-BR-8677-01,TCGA-BR-8677,1162.1651,26.72847421,0.0,Primary
STAD,TCGA-BR-8678-01,TCGA-BR-8678,14.8023,24.78876944,0.0,Primary
STAD,TCGA-BR-8679-01,TCGA-BR-8679,1918.755,0.0,0.0,Primary
STAD,TCGA-BR-8680-01,TCGA-BR-8680,707.2414,31.95581418,0.0,Primary
STAD,TCGA-BR-8682-01,TCGA-BR-8682,807.6649,32.58046487,0.0,Primary
STAD,TCGA-BR-8683-01,TCGA-BR-8683,47747.7805,9.862905612,1.0,Primary
STAD,TCGA-BR-8686-01,TCGA-BR-8686,24.1404,20.87648355,1.0,Primary
STAD,TCGA-BR-8687-01,TCGA-BR-8687,1319.9041,8.21908801,1.0,Primary
STAD,TCGA-BR-8690-01,TCGA-BR-8690,852.0045,10.68481441,0.0,Primary
STAD,TCGA-BR-A44T-01,TCGA-BR-A44T,67.4607,34.12565342,0.0,Primary
STAD,TCGA-BR-A44U-01,TCGA-BR-A44U,557.0625,13.87382056,1.0,Primary
STAD,TCGA-BR-A452-01,TCGA-BR-A452,472.4001,7.528684617,1.0,Primary
STAD,TCGA-BR-A453-01,TCGA-BR-A453,4.5919,6.082125127,1.0,Primary
STAD,TCGA-BR-A4CR-01,TCGA-BR-A4CR,131.4882,0.0,0.0,Primary
STAD,TCGA-BR-A4CS-01,TCGA-BR-A4CS,32.169,1.479435842,1.0,Primary
STAD,TCGA-BR-A4IU-01,TCGA-BR-A4IU,19.7579,27.55038301,0.0,Primary
STAD,TCGA-BR-A4IV-01,TCGA-BR-A4IV,13.8732,28.56954992,1.0,Primary
STAD,TCGA-BR-A4IY-01,TCGA-BR-A4IY,21.2973,12.88753,0.0,Primary
STAD,TCGA-BR-A4IZ-01,TCGA-BR-A4IZ,1437.465,8.975244107,1.0,Primary
STAD,TCGA-BR-A4J1-01,TCGA-BR-A4J1,128.0965,0.723279745,1.0,Primary
STAD,TCGA-BR-A4J2-01,TCGA-BR-A4J2,6.8311,14.16970773,0.0,Primary
STAD,TCGA-BR-A4J4-01,TCGA-BR-A4J4,92.5832,0.526021633,0.0,Primary
STAD,TCGA-BR-A4J5-01,TCGA-BR-A4J5,204.9025,28.33941546,0.0,Primary
STAD,TCGA-BR-A4J6-01,TCGA-BR-A4J6,246.0709,0.657527041,0.0,Primary
STAD,TCGA-BR-A4J7-01,TCGA-BR-A4J7,40.2417,32.51471217,0.0,Primary
STAD,TCGA-BR-A4J8-01,TCGA-BR-A4J8,13.1458,13.51218069,0.0,Primary
STAD,TCGA-BR-A4J9-01,TCGA-BR-A4J9,44.9956,0.460268929,0.0,Primary
STAD,TCGA-BR-A4PD-01,TCGA-BR-A4PD,1512.5934,20.64634908,0.0,Primary
STAD,TCGA-BR-A4PE-01,TCGA-BR-A4PE,2239.0473,20.41621462,0.0,Primary
STAD,TCGA-BR-A4PF-01,TCGA-BR-A4PF,61043.754,1.150672321,0.0,Primary
STAD,TCGA-BR-A4QI-01,TCGA-BR-A4QI,11122.7396,21.43538153,1.0,Primary
STAD,TCGA-BR-A4QL-01,TCGA-BR-A4QL,297.6497,16.14228885,1.0,Primary
STAD,TCGA-BR-A4QM-01,TCGA-BR-A4QM,1715.3247,5.128710918,0.0,Primary
STAD,TCGA-CD-5798-01,TCGA-CD-5798,853.495,13.41355163,0.0,Primary
STAD,TCGA-CD-5799-01,TCGA-CD-5799,8856.7011,13.01903541,0.0,Primary
STAD,TCGA-CD-5800-01,TCGA-CD-5800,757.3571,13.15054082,0.0,Primary
STAD,TCGA-CD-5801-01,TCGA-CD-5801,3.2489,13.18341717,1.0,Primary
STAD,TCGA-CD-5803-01,TCGA-CD-5803,85.9079,11.21083605,1.0,Primary
STAD,TCGA-CD-5804-01,TCGA-CD-5804,6660.5041,12.09849755,0.0,Primary
STAD,TCGA-CD-5813-01,TCGA-CD-5813,76.9334,12.39438472,1.0,Primary
STAD,TCGA-CD-8524-01,TCGA-CD-8524,268.4509,12.75602459,0.0,Primary
STAD,TCGA-CD-8525-01,TCGA-CD-8525,1088.1394,12.59164283,0.0,Primary
STAD,TCGA-CD-8526-01,TCGA-CD-8526,142.8898,12.52589013,0.0,Primary
STAD,TCGA-CD-8527-01,TCGA-CD-8527,766.1223,7.167044745,1.0,Primary
STAD,TCGA-CD-8528-01,TCGA-CD-8528,2184.2886,12.32863202,0.0,Primary
STAD,TCGA-CD-8529-01,TCGA-CD-8529,516.6403,12.29575566,0.0,Primary
STAD,TCGA-CD-8530-01,TCGA-CD-8530,591.3837,12.39438472,0.0,Primary
STAD,TCGA-CD-8531-01,TCGA-CD-8531,32.257,12.59164283,0.0,Primary
STAD,TCGA-CD-8532-01,TCGA-CD-8532,1388.3771,11.63822862,1.0,Primary
STAD,TCGA-CD-8533-01,TCGA-CD-8533,489.7433,15.38613276,0.0,Primary
STAD,TCGA-CD-8534-01,TCGA-CD-8534,158.3428,12.0656212,0.0,Primary
STAD,TCGA-CD-8535-01,TCGA-CD-8535,168.9302,12.8217773,0.0,Primary
STAD,TCGA-CD-8536-01,TCGA-CD-8536,1060.2875,12.42726107,0.0,Primary
STAD,TCGA-CD-A486-01,TCGA-CD-A486,4082.6008,6.312259592,1.0,Primary
STAD,TCGA-CD-A487-01,TCGA-CD-A487,5727.8534,12.29575566,0.0,Primary
STAD,TCGA-CD-A489-01,TCGA-CD-A489,6214.8831,11.3094651,1.0,Primary
STAD,TCGA-CD-A48A-01,TCGA-CD-A48A,145.3787,12.42726107,0.0,Primary
STAD,TCGA-CD-A48C-01,TCGA-CD-A48C,646.1247,11.60535227,1.0,Primary
STAD,TCGA-CD-A4MG-01,TCGA-CD-A4MG,226.6701,6.575270408,1.0,Primary
STAD,TCGA-CD-A4MH-01,TCGA-CD-A4MH,7918.5863,12.19712661,0.0,Primary
STAD,TCGA-CD-A4MI-01,TCGA-CD-A4MI,305.9117,11.76973403,1.0,Primary
STAD,TCGA-CD-A4MJ-01,TCGA-CD-A4MJ,56.903,12.62451918,0.0,Primary
STAD,TCGA-CG-4301-01,TCGA-CG-4301,2685.0768,3.024624388,0.0,Primary
STAD,TCGA-CG-4304-01,TCGA-CG-4304,2306.2294,,0.0,Primary
STAD,TCGA-CG-4305-01,TCGA-CG-4305,119.6783,15.94503074,0.0,Primary
STAD,TCGA-CG-4306-01,TCGA-CG-4306,3680.8606,1.019166913,1.0,Primary
STAD,TCGA-CG-4436-01,TCGA-CG-4436,2512.245,7.988953546,0.0,Primary
STAD,TCGA-CG-4437-01,TCGA-CG-4437,5429.9392,8.05470625,0.0,Primary
STAD,TCGA-CG-4438-01,TCGA-CG-4438,3396.1281,54.08159911,0.0,Primary
STAD,TCGA-CG-4440-01,TCGA-CG-4440,2139.8657,4.010914949,1.0,Primary
STAD,TCGA-CG-4441-01,TCGA-CG-4441,2502.8875,14.00532597,1.0,Primary
STAD,TCGA-CG-4442-01,TCGA-CG-4442,27.219,0.0,0.0,Primary
STAD,TCGA-CG-4443-01,TCGA-CG-4443,9.6821,29.98323306,0.0,Primary
STAD,TCGA-CG-4444-01,TCGA-CG-4444,516.0902,47.04605977,0.0,Primary
STAD,TCGA-CG-4449-01,TCGA-CG-4449,646.8997,19.06828418,0.0,Primary
STAD,TCGA-CG-4462-01,TCGA-CG-4462,2264.6075,0.0,1.0,Primary
STAD,TCGA-CG-4465-01,TCGA-CG-4465,10533.1805,9.008120459,1.0,Primary
STAD,TCGA-CG-4466-01,TCGA-CG-4466,1838.8792,18.96965513,0.0,Primary
STAD,TCGA-CG-4469-01,TCGA-CG-4469,694.6084,7.068415689,1.0,Primary
STAD,TCGA-CG-4472-01,TCGA-CG-4472,10815.6302,11.9998685,0.0,Primary
STAD,TCGA-CG-4474-01,TCGA-CG-4474,871.2164,0.0,0.0,Primary
STAD,TCGA-CG-4475-01,TCGA-CG-4475,41.784,22.98057008,0.0,Primary
STAD,TCGA-CG-4476-01,TCGA-CG-4476,3789.2594,0.0,0.0,Primary
STAD,TCGA-CG-4477-01,TCGA-CG-4477,6230.7109,30.96952362,0.0,Primary
STAD,TCGA-CG-5717-01,TCGA-CG-5717,2140.2709,6.969786633,1.0,Primary
STAD,TCGA-CG-5718-01,TCGA-CG-5718,8754.7743,35.99960548,1.0,Primary
STAD,TCGA-CG-5719-01,TCGA-CG-5719,1197.4403,1.019166913,0.0,Primary
STAD,TCGA-CG-5720-01,TCGA-CG-5720,1889.6035,0.986290561,1.0,Primary
STAD,TCGA-CG-5721-01,TCGA-CG-5721,4.6203,6.016372423,0.0,Primary
STAD,TCGA-CG-5722-01,TCGA-CG-5722,960.8613,0.986290561,0.0,Primary
STAD,TCGA-CG-5723-01,TCGA-CG-5723,182.7548,105.0728211,0.0,Primary
STAD,TCGA-CG-5724-01,TCGA-CG-5724,55.9585,12.03274485,1.0,Primary
STAD,TCGA-CG-5725-01,TCGA-CG-5725,318.2359,15.02449288,1.0,Primary
STAD,TCGA-CG-5726-01,TCGA-CG-5726,548.1723,28.96406615,1.0,Primary
STAD,TCGA-CG-5732-01,TCGA-CG-5732,19794.2493,69.04033928,1.0,Primary
STAD,TCGA-CG-5734-01,TCGA-CG-5734,17561.0739,7.988953546,1.0,Primary
STAD,TCGA-D7-5577-01,TCGA-D7-5577,3.7284,25.7093073,1.0,Primary
STAD,TCGA-D7-5578-01,TCGA-D7-5578,1107.5048,12.65739554,0.0,Primary
STAD,TCGA-D7-6518-01,TCGA-D7-6518,154.7729,19.13403689,0.0,Primary
STAD,TCGA-D7-6519-01,TCGA-D7-6519,5288.612,20.54772003,0.0,Primary
STAD,TCGA-D7-6520-01,TCGA-D7-6520,43.6348,18.83814972,0.0,Primary
STAD,TCGA-D7-6521-01,TCGA-D7-6521,273.8421,18.54226255,0.0,Primary
STAD,TCGA-D7-6522-01,TCGA-D7-6522,414.8227,18.60801526,0.0,Primary
STAD,TCGA-D7-6524-01,TCGA-D7-6524,5220.8085,17.85185916,0.0,Primary
STAD,TCGA-D7-6525-01,TCGA-D7-6525,395.9712,13.34779893,1.0,Primary
STAD,TCGA-D7-6526-01,TCGA-D7-6526,7667.4562,17.19433212,0.0,Primary
STAD,TCGA-D7-6527-01,TCGA-D7-6527,2364.3957,10.25742184,1.0,Primary
STAD,TCGA-D7-6528-01,TCGA-D7-6528,1275.7486,15.221751,0.0,Primary
STAD,TCGA-D7-6815-01,TCGA-D7-6815,7396.2814,15.97790709,0.0,Primary
STAD,TCGA-D7-6817-01,TCGA-D7-6817,4733.1093,12.78890094,0.0,Primary
STAD,TCGA-D7-6818-01,TCGA-D7-6818,3393.1548,12.36150837,1.0,Primary
STAD,TCGA-D7-6820-01,TCGA-D7-6820,42045.0759,11.3094651,0.0,Primary
STAD,TCGA-D7-6822-01,TCGA-D7-6822,86.6971,12.32863202,0.0,Primary
STAD,TCGA-D7-8570-01,TCGA-D7-8570,3.2085,24.72301673,0.0,Primary
STAD,TCGA-D7-8572-01,TCGA-D7-8572,3404.4965,16.79981589,0.0,Primary
STAD,TCGA-D7-8573-01,TCGA-D7-8573,42.9036,19.49567676,0.0,Primary
STAD,TCGA-D7-8574-01,TCGA-D7-8574,180.1882,17.19433212,0.0,Primary
STAD,TCGA-D7-8575-01,TCGA-D7-8575,18900.0143,18.21349903,1.0,Primary
STAD,TCGA-D7-8576-01,TCGA-D7-8576,2144.1105,14.66285301,1.0,Primary
STAD,TCGA-D7-8578-01,TCGA-D7-8578,1067.0117,21.13949436,0.0,Primary
STAD,TCGA-D7-8579-01,TCGA-D7-8579,18729.2994,20.9093599,0.0,Primary
STAD,TCGA-D7-A4YT-01,TCGA-D7-A4YT,628.9193,14.26833679,0.0,Primary
STAD,TCGA-D7-A4YU-01,TCGA-D7-A4YU,132.7779,16.43817602,0.0,Primary
STAD,TCGA-D7-A4YV-01,TCGA-D7-A4YV,81.1158,5.917743367,1.0,Primary
STAD,TCGA-D7-A4YX-01,TCGA-D7-A4YX,0.8632,36.42699806,0.0,Primary
STAD,TCGA-D7-A4YY-01,TCGA-D7-A4YY,1780.8737,13.77519151,0.0,Primary
STAD,TCGA-D7-A4Z0-01,TCGA-D7-A4Z0,4363.542,14.76148207,0.0,Primary
STAD,TCGA-D7-A6EV-01,TCGA-D7-A6EV,25549.9209,11.2437124,0.0,Primary
STAD,TCGA-D7-A6EX-01,TCGA-D7-A6EX,1.4232,11.3094651,0.0,Primary
STAD,TCGA-D7-A6EY-01,TCGA-D7-A6EY,34882.1385,11.44097051,1.0,Primary
STAD,TCGA-D7-A6EZ-01,TCGA-D7-A6EZ,1.5591,20.31758556,1.0,Primary
STAD,TCGA-D7-A6F0-01,TCGA-D7-A6F0,817.956,22.29016668,0.0,Primary
STAD,TCGA-D7-A6F2-01,TCGA-D7-A6F2,1060.3564,15.64914357,0.0,Primary
STAD,TCGA-D7-A747-01,TCGA-D7-A747,371.5769,8.38346977,1.0,Primary
STAD,TCGA-D7-A748-01,TCGA-D7-A748,34273.0191,4.339678469,1.0,Primary
STAD,TCGA-D7-A74A-01,TCGA-D7-A74A,500.3564,19.95594569,0.0,Primary
STAD,TCGA-EQ-8122-01,TCGA-EQ-8122,564.3351,7.988953546,1.0,Primary
STAD,TCGA-EQ-A4SO-01,TCGA-EQ-A4SO,6832.0559,16.24091791,0.0,Primary
STAD,TCGA-F1-6177-01,TCGA-F1-6177,785.7082,6.575270408,0.0,Primary
STAD,TCGA-F1-6874-01,TCGA-F1-6874,7113.3121,14.4655949,0.0,Primary
STAD,TCGA-F1-6875-01,TCGA-F1-6875,17.8386,72.22934543,1.0,Primary
STAD,TCGA-F1-A448-01,TCGA-F1-A448,12163.8642,21.27099977,0.0,Primary
STAD,TCGA-F1-A72C-01,TCGA-F1-A72C,14685.1087,11.37521781,0.0,Primary
STAD,TCGA-FP-7735-01,TCGA-FP-7735,123.5283,3.484893316,1.0,Primary
STAD,TCGA-FP-7829-01,TCGA-FP-7829,471.8281,19.52855311,0.0,Primary
STAD,TCGA-FP-7916-01,TCGA-FP-7916,59.9357,14.07107867,1.0,Primary
STAD,TCGA-FP-7998-01,TCGA-FP-7998,2.6459,22.29016668,0.0,Primary
STAD,TCGA-FP-8099-01,TCGA-FP-8099,728.0265,17.06282671,0.0,Primary
STAD,TCGA-FP-8209-01,TCGA-FP-8209,1.7301,59.53907354,1.0,Primary
STAD,TCGA-FP-8210-01,TCGA-FP-8210,2600.2363,5.030081862,1.0,Primary
STAD,TCGA-FP-8211-01,TCGA-FP-8211,4714.9647,13.57793339,0.0,Primary
STAD,TCGA-FP-8631-01,TCGA-FP-8631,1372.4969,0.558897985,0.0,Primary
STAD,TCGA-FP-A4BE-01,TCGA-FP-A4BE,9.1585,11.07933064,0.0,Primary
STAD,TCGA-FP-A4BF-01,TCGA-FP-A4BF,363.6338,5.523227143,1.0,Primary
STAD,TCGA-FP-A8CX-01,TCGA-FP-A8CX,8084.103,0.230134464,0.0,Primary
STAD,TCGA-FP-A9TM-01,TCGA-FP-A9TM,7984.8048,6.213630536,0.0,Primary
STAD,TCGA-HF-7132-01,TCGA-HF-7132,866.275,77.29230365,0.0,Primary
STAD,TCGA-HF-7133-01,TCGA-HF-7133,5464.407,63.05684321,0.0,Primary
STAD,TCGA-HF-7134-01,TCGA-HF-7134,8391.1141,52.20764704,0.0,Primary
STAD,TCGA-HF-7136-01,TCGA-HF-7136,7723.1109,,0.0,Primary
STAD,TCGA-HF-A5NB-01,TCGA-HF-A5NB,180.9364,30.50925469,0.0,Primary
STAD,TCGA-HJ-7597-01,TCGA-HJ-7597,13035.0615,26.46546339,1.0,Primary
STAD,TCGA-HU-8238-01,TCGA-HU-8238,15372.4971,1.512312194,0.0,Primary
STAD,TCGA-HU-8243-01,TCGA-HU-8243,293.6506,5.917743367,1.0,Primary
STAD,TCGA-HU-8244-01,TCGA-HU-8244,20223.4978,24.39425321,0.0,Primary
STAD,TCGA-HU-8249-01,TCGA-HU-8249,1291.3531,28.96406615,0.0,Primary
STAD,TCGA-HU-8602-01,TCGA-HU-8602,0.7708,22.32304304,0.0,Primary
STAD,TCGA-HU-8604-01,TCGA-HU-8604,1.0581,22.81618832,0.0,Primary
STAD,TCGA-HU-8608-01,TCGA-HU-8608,108.7035,21.07374166,0.0,Primary
STAD,TCGA-HU-8610-01,TCGA-HU-8610,11295.3251,0.756156097,0.0,Primary
STAD,TCGA-HU-A4G2-01,TCGA-HU-A4G2,760.288,24.29562416,0.0,Primary
STAD,TCGA-HU-A4G3-01,TCGA-HU-A4G3,7067.6602,5.588979847,0.0,Primary
STAD,TCGA-HU-A4G6-01,TCGA-HU-A4G6,2.7103,24.26274781,0.0,Primary
STAD,TCGA-HU-A4G8-01,TCGA-HU-A4G8,2545.0739,22.68468291,0.0,Primary
STAD,TCGA-HU-A4G9-01,TCGA-HU-A4G9,2819.3992,24.1969951,0.0,Primary
STAD,TCGA-HU-A4GC-01,TCGA-HU-A4GC,169.1311,3.254758852,0.0,Primary
STAD,TCGA-HU-A4GD-01,TCGA-HU-A4GD,8685.238,22.75043561,0.0,Primary
STAD,TCGA-HU-A4GF-01,TCGA-HU-A4GF,5571.9358,25.80793635,0.0,Primary
STAD,TCGA-HU-A4GH-01,TCGA-HU-A4GH,17740.1572,11.76973403,0.0,Primary
STAD,TCGA-HU-A4GJ-01,TCGA-HU-A4GJ,1249.7279,21.36962883,0.0,Primary
STAD,TCGA-HU-A4GN-01,TCGA-HU-A4GN,172.7433,29.98323306,0.0,Primary
STAD,TCGA-HU-A4GP-01,TCGA-HU-A4GP,3812.4499,8.975244107,0.0,Primary
STAD,TCGA-HU-A4GQ-01,TCGA-HU-A4GQ,19.017,0.098629056,1.0,Primary
STAD,TCGA-HU-A4GT-01,TCGA-HU-A4GT,1528.6213,6.509517704,0.0,Primary
STAD,TCGA-HU-A4GU-01,TCGA-HU-A4GU,224.2334,6.575270408,0.0,Primary
STAD,TCGA-HU-A4GX-01,TCGA-HU-A4GX,440.6672,20.25183286,0.0,Primary
STAD,TCGA-HU-A4GY-01,TCGA-HU-A4GY,26.2708,0.263010816,0.0,Primary
STAD,TCGA-HU-A4H0-01,TCGA-HU-A4H0,24.0479,2.104086531,0.0,Primary
STAD,TCGA-HU-A4H2-01,TCGA-HU-A4H2,97.9078,12.9532827,0.0,Primary
STAD,TCGA-HU-A4H3-01,TCGA-HU-A4H3,38.0977,28.9969425,0.0,Primary
STAD,TCGA-HU-A4H4-01,TCGA-HU-A4H4,1066.3619,23.83535523,0.0,Primary
STAD,TCGA-HU-A4H5-01,TCGA-HU-A4H5,152.4199,23.80247888,0.0,Primary
STAD,TCGA-HU-A4H6-01,TCGA-HU-A4H6,1686.2224,21.17237071,0.0,Primary
STAD,TCGA-HU-A4H8-01,TCGA-HU-A4H8,215.0804,14.07107867,0.0,Primary
STAD,TCGA-HU-A4HB-01,TCGA-HU-A4HB,3661.8881,15.68201992,1.0,Primary
STAD,TCGA-HU-A4HD-01,TCGA-HU-A4HD,1279.8835,33.40237367,0.0,Primary
STAD,TCGA-IN-7806-01,TCGA-IN-7806,552.3575,36.36124536,0.0,Primary
STAD,TCGA-IN-7808-01,TCGA-IN-7808,11.6091,3.452016964,1.0,Primary
STAD,TCGA-IN-8462-01,TCGA-IN-8462,2896.3095,18.80527337,0.0,Primary
STAD,TCGA-IN-8663-01,TCGA-IN-8663,42.3965,3.38626426,1.0,Primary
STAD,TCGA-IN-A6RI-01,TCGA-IN-A6RI,17408.5725,18.37788079,0.0,Primary
STAD,TCGA-IN-A6RJ-01,TCGA-IN-A6RJ,5642.5255,12.46013742,0.0,Primary
STAD,TCGA-IN-A6RL-01,TCGA-IN-A6RL,3099.1294,13.34779893,1.0,Primary
STAD,TCGA-IN-A6RN-01,TCGA-IN-A6RN,28795.0792,19.52855311,0.0,Primary
STAD,TCGA-IN-A6RO-01,TCGA-IN-A6RO,53.27,,1.0,Primary
STAD,TCGA-IN-A6RR-01,TCGA-IN-A6RR,2229.8913,6.739652168,1.0,Primary
STAD,TCGA-IN-A6RS-01,TCGA-IN-A6RS,21869.2131,12.59164283,0.0,Primary
STAD,TCGA-IN-A7NR-01,TCGA-IN-A7NR,3783.1311,6.509517704,0.0,Primary
STAD,TCGA-IN-A7NT-01,TCGA-IN-A7NT,199.4384,10.61906171,0.0,Primary
STAD,TCGA-IN-A7NU-01,TCGA-IN-A7NU,7414.7411,11.70398133,0.0,Primary
STAD,TCGA-IN-AB1V-01,TCGA-IN-AB1V,15166.8319,15.74777263,0.0,Primary
STAD,TCGA-IN-AB1X-01,TCGA-IN-AB1X,11533.4793,13.51218069,0.0,Primary
STAD,TCGA-IP-7968-01,TCGA-IP-7968,2265.3338,2.531479107,0.0,Primary
STAD,TCGA-KB-A6F7-01,TCGA-KB-A6F7,4758.9233,63.6157412,0.0,Primary
STAD,TCGA-KB-A93G-01,TCGA-KB-A93G,635.6209,20.1532038,0.0,Primary
STAD,TCGA-KB-A93H-01,TCGA-KB-A93H,3954.8403,37.64342309,0.0,Primary
STAD,TCGA-KB-A93J-01,TCGA-KB-A93J,98.4048,36.95301969,0.0,Primary
STAD,TCGA-MX-A5UG-01,TCGA-MX-A5UG,7956.0373,3.715027781,1.0,Primary
STAD,TCGA-MX-A5UJ-01,TCGA-MX-A5UJ,35.5975,19.72581122,0.0,Primary
STAD,TCGA-MX-A663-01,TCGA-MX-A663,284.1008,9.862905612,1.0,Primary
STAD,TCGA-MX-A666-01,TCGA-MX-A666,999.0703,14.03820232,0.0,Primary
STAD,TCGA-R5-A7O7-01,TCGA-R5-A7O7,169.9226,45.66525298,0.0,Primary
STAD,TCGA-R5-A7ZE-01,TCGA-R5-A7ZE,3344.9038,18.21349903,1.0,Primary
STAD,TCGA-R5-A7ZF-01,TCGA-R5-A7ZF,27.8542,8.514975178,1.0,Primary
STAD,TCGA-R5-A7ZI-01,TCGA-R5-A7ZI,3333.7295,74.53069008,0.0,Primary
STAD,TCGA-R5-A7ZR-01,TCGA-R5-A7ZR,9861.0836,6.082125127,1.0,Primary
STAD,TCGA-R5-A805-01,TCGA-R5-A805,28416.0409,9.238254923,1.0,Primary
STAD,TCGA-RD-A7BS-01,TCGA-RD-A7BS,23764.4045,11.04645429,1.0,Primary
STAD,TCGA-RD-A7BT-01,TCGA-RD-A7BT,1630.2134,8.613604235,1.0,Primary
STAD,TCGA-RD-A7BW-01,TCGA-RD-A7BW,85.2969,5.128710918,1.0,Primary
STAD,TCGA-RD-A7C1-01,TCGA-RD-A7C1,34.3031,16.66831048,1.0,Primary
STAD,TCGA-RD-A8MV-01,TCGA-RD-A8MV,12392.5671,122.3000296,0.0,Primary
STAD,TCGA-RD-A8MW-01,TCGA-RD-A8MW,4.8882,37.9064339,1.0,Primary
STAD,TCGA-RD-A8N0-01,TCGA-RD-A8N0,7920.8507,40.63517112,0.0,Primary
STAD,TCGA-RD-A8N1-01,TCGA-RD-A8N1,443.3224,115.6918828,0.0,Primary
STAD,TCGA-RD-A8N2-01,TCGA-RD-A8N2,296.3265,116.3822862,0.0,Primary
STAD,TCGA-RD-A8N4-01,TCGA-RD-A8N4,7.133,71.37456028,0.0,Primary
STAD,TCGA-RD-A8N5-01,TCGA-RD-A8N5,8409.5344,57.43498701,1.0,Primary
STAD,TCGA-RD-A8N6-01,TCGA-RD-A8N6,1374.9779,8.942367755,1.0,Primary
STAD,TCGA-RD-A8N9-01,TCGA-RD-A8N9,5117.8282,35.60508926,0.0,Primary
STAD,TCGA-RD-A8NB-01,TCGA-RD-A8NB,87.8885,16.8655686,1.0,Primary
STAD,TCGA-SW-A7EA-01,TCGA-SW-A7EA,530.7523,19.03540783,0.0,Primary
STAD,TCGA-SW-A7EB-01,TCGA-SW-A7EB,853.8534,5.786237959,0.0,Primary
STAD,TCGA-VQ-A8DT-01,TCGA-VQ-A8DT,2595.9734,48.78850643,0.0,Primary
STAD,TCGA-VQ-A8DU-01,TCGA-VQ-A8DU,3447.5985,5.457474439,1.0,Primary
STAD,TCGA-VQ-A8DV-01,TCGA-VQ-A8DV,1609.7256,13.24916987,1.0,Primary
STAD,TCGA-VQ-A8DZ-01,TCGA-VQ-A8DZ,18609.287,13.01903541,1.0,Primary
STAD,TCGA-VQ-A8E0-01,TCGA-VQ-A8E0,29232.7946,18.47650985,1.0,Primary
STAD,TCGA-VQ-A8E2-01,TCGA-VQ-A8E2,36.7038,43.36390834,0.0,Primary
STAD,TCGA-VQ-A8E3-01,TCGA-VQ-A8E3,5481.4588,21.7312687,1.0,Primary
STAD,TCGA-VQ-A8E7-01,TCGA-VQ-A8E7,5166.7389,37.41328862,0.0,Primary
STAD,TCGA-VQ-A8P2-01,TCGA-VQ-A8P2,110.2965,38.13656837,0.0,Primary
STAD,TCGA-VQ-A8P3-01,TCGA-VQ-A8P3,6.6728,37.21603051,0.0,Primary
STAD,TCGA-VQ-A8P5-01,TCGA-VQ-A8P5,518.1663,7.725942729,1.0,Primary
STAD,TCGA-VQ-A8P8-01,TCGA-VQ-A8P8,4562.8079,30.96952362,0.0,Primary
STAD,TCGA-VQ-A8PB-01,TCGA-VQ-A8PB,7.3647,34.29003518,1.0,Primary
STAD,TCGA-VQ-A8PC-01,TCGA-VQ-A8PC,2565.5026,46.25702732,1.0,Primary
STAD,TCGA-VQ-A8PD-01,TCGA-VQ-A8PD,14525.2235,16.30667061,1.0,Primary
STAD,TCGA-VQ-A8PE-01,TCGA-VQ-A8PE,1724.9237,22.19153763,1.0,Primary
STAD,TCGA-VQ-A8PF-01,TCGA-VQ-A8PF,30.4969,2.498602755,1.0,Primary
STAD,TCGA-VQ-A8PH-01,TCGA-VQ-A8PH,1279.4011,12.78890094,1.0,Primary
STAD,TCGA-VQ-A8PJ-01,TCGA-VQ-A8PJ,11921.6735,2.695860867,1.0,Primary
STAD,TCGA-VQ-A8PK-01,TCGA-VQ-A8PK,2701.4543,17.85185916,1.0,Primary
STAD,TCGA-VQ-A8PM-01,TCGA-VQ-A8PM,19520.2587,1.873952066,1.0,Primary
STAD,TCGA-VQ-A8PO-01,TCGA-VQ-A8PO,1769.9751,9.271131275,1.0,Primary
STAD,TCGA-VQ-A8PP-01,TCGA-VQ-A8PP,24.4925,23.40796265,1.0,Primary
STAD,TCGA-VQ-A8PQ-01,TCGA-VQ-A8PQ,309.4392,15.64914357,1.0,Primary
STAD,TCGA-VQ-A8PU-01,TCGA-VQ-A8PU,33339.6989,27.3531249,1.0,Primary
STAD,TCGA-VQ-A8PX-01,TCGA-VQ-A8PX,20536.672,64.56915541,0.0,Primary
STAD,TCGA-VQ-A91A-01,TCGA-VQ-A91A,8024.1165,39.45162245,0.0,Primary
STAD,TCGA-VQ-A91D-01,TCGA-VQ-A91D,6766.4183,11.70398133,1.0,Primary
STAD,TCGA-VQ-A91E-01,TCGA-VQ-A91E,1857.0948,21.82989776,0.0,Primary
STAD,TCGA-VQ-A91K-01,TCGA-VQ-A91K,7015.8845,61.2157675,0.0,Primary
STAD,TCGA-VQ-A91N-01,TCGA-VQ-A91N,10613.2531,18.73952066,1.0,Primary
STAD,TCGA-VQ-A91Q-01,TCGA-VQ-A91Q,4034.6254,20.81073084,1.0,Primary
STAD,TCGA-VQ-A91S-01,TCGA-VQ-A91S,487.1944,32.87635204,0.0,Primary
STAD,TCGA-VQ-A91U-01,TCGA-VQ-A91U,2500.9381,1.709570306,1.0,Primary
STAD,TCGA-VQ-A91V-01,TCGA-VQ-A91V,10788.2999,42.6406286,0.0,Primary
STAD,TCGA-VQ-A91W-01,TCGA-VQ-A91W,391.1993,60.85412763,0.0,Primary
STAD,TCGA-VQ-A91X-01,TCGA-VQ-A91X,5520.7016,9.50126574,1.0,Primary
STAD,TCGA-VQ-A91Y-01,TCGA-VQ-A91Y,148.9446,9.731400204,1.0,Primary
STAD,TCGA-VQ-A91Z-01,TCGA-VQ-A91Z,420.0692,55.56103495,0.0,Primary
STAD,TCGA-VQ-A922-01,TCGA-VQ-A922,546.5813,9.040996811,1.0,Primary
STAD,TCGA-VQ-A923-01,TCGA-VQ-A923,21.5751,2.005457474,1.0,Primary
STAD,TCGA-VQ-A924-01,TCGA-VQ-A924,524.8167,55.42952954,1.0,Primary
STAD,TCGA-VQ-A925-01,TCGA-VQ-A925,13106.3404,4.536936582,1.0,Primary
STAD,TCGA-VQ-A927-01,TCGA-VQ-A927,15368.6575,6.575270408,1.0,Primary
STAD,TCGA-VQ-A928-01,TCGA-VQ-A928,87.8223,5.720485255,1.0,Primary
STAD,TCGA-VQ-A92D-01,TCGA-VQ-A92D,894.8673,66.80474735,0.0,Primary
STAD,TCGA-VQ-A94O-01,TCGA-VQ-A94O,3736.6127,21.04086531,1.0,Primary
STAD,TCGA-VQ-A94P-01,TCGA-VQ-A94P,363.0599,2.662984515,1.0,Primary
STAD,TCGA-VQ-A94R-01,TCGA-VQ-A94R,7.8569,42.54199954,1.0,Primary
STAD,TCGA-VQ-A94T-01,TCGA-VQ-A94T,25.5199,11.2437124,1.0,Primary
STAD,TCGA-VQ-A94U-01,TCGA-VQ-A94U,59.9375,26.92573232,0.0,Primary
STAD,TCGA-VQ-AA64-01,TCGA-VQ-AA64,561.416,18.41075714,1.0,Primary
STAD,TCGA-VQ-AA68-01,TCGA-VQ-AA68,875.3001,43.65979551,0.0,Primary
STAD,TCGA-VQ-AA69-01,TCGA-VQ-AA69,2.9082,28.40516816,0.0,Primary
STAD,TCGA-VQ-AA6A-01,TCGA-VQ-AA6A,1332.9489,38.92560082,0.0,Primary
STAD,TCGA-VQ-AA6B-01,TCGA-VQ-AA6B,1549.9754,32.94210474,0.0,Primary
STAD,TCGA-VQ-AA6D-01,TCGA-VQ-AA6D,1702.2799,17.12857941,0.0,Primary
STAD,TCGA-VQ-AA6F-01,TCGA-VQ-AA6F,53469.2895,54.11447546,0.0,Primary
STAD,TCGA-VQ-AA6G-01,TCGA-VQ-AA6G,21134.0757,26.03807082,1.0,Primary
STAD,TCGA-VQ-AA6I-01,TCGA-VQ-AA6I,7358.2398,16.14228885,1.0,Primary
STAD,TCGA-VQ-AA6J-01,TCGA-VQ-AA6J,758.51,27.55038301,0.0,Primary
STAD,TCGA-VQ-AA6K-01,TCGA-VQ-AA6K,2976.4884,12.42726107,1.0,Primary
STAD,TCGA-ZA-A8F6-01,TCGA-ZA-A8F6,6368.9203,17.26008482,0.0,Primary
STAD,TCGA-ZQ-A9CR-01,TCGA-ZQ-A9CR,636.121,0.789032449,1.0,Primary
COADREAD,TCGA-3L-AA1B-01,TCGA-3L-AA1B,477.756,15.61626722,0.0,Primary
COADREAD,TCGA-4N-A93T-01,TCGA-4N-A93T,11634.7,4.799947398,0.0,Primary
COADREAD,TCGA-4T-AA8H-01,TCGA-4T-AA8H,6842.62,12.65739554,0.0,Primary
COADREAD,TCGA-5M-AAT4-01,TCGA-5M-AAT4,1676.85,1.61094125,1.0,Primary
COADREAD,TCGA-5M-AAT5-01,TCGA-5M-AAT5,4277.41,,,Primary
COADREAD,TCGA-5M-AAT6-01,TCGA-5M-AAT6,125.997,9.534142092,1.0,Primary
COADREAD,TCGA-5M-AATA-01,TCGA-5M-AATA,1253.28,,,Primary
COADREAD,TCGA-5M-AATE-01,TCGA-5M-AATE,524.471,39.45162245,0.0,Primary
COADREAD,TCGA-A6-2671-01,TCGA-A6-2671,40.3923,43.75842457,1.0,Primary
COADREAD,TCGA-A6-2672-01,TCGA-A6-2672,99.1069,46.65154355,0.0,Primary
COADREAD,TCGA-A6-2674-01,TCGA-A6-2674,45.2661,43.75842457,0.0,Primary
COADREAD,TCGA-A6-2675-01,TCGA-A6-2675,818.341,43.42966105,0.0,Primary
COADREAD,TCGA-A6-2676-01,TCGA-A6-2676,15.1313,42.90363941,1.0,Primary
COADREAD,TCGA-A6-2677-01,TCGA-A6-2677,736.3473,24.32850051,1.0,Primary
COADREAD,TCGA-A6-2678-01,TCGA-A6-2678,185.6517,42.27898872,0.0,Primary
COADREAD,TCGA-A6-2679-01,TCGA-A6-2679,2992.3214,44.90909689,0.0,Primary
COADREAD,TCGA-A6-2680-01,TCGA-A6-2680,3028.3914,35.11194398,0.0,Primary
COADREAD,TCGA-A6-2681-01,TCGA-A6-2681,2146.8343,45.59950028,0.0,Primary
COADREAD,TCGA-A6-2682-01,TCGA-A6-2682,4380.9,13.93957327,1.0,Primary
COADREAD,TCGA-A6-2683-01,TCGA-A6-2683,4326.1618,16.56968143,1.0,Primary
COADREAD,TCGA-A6-2684-01,TCGA-A6-2684,254.107,37.05164875,0.0,Primary
COADREAD,TCGA-A6-2685-01,TCGA-A6-2685,350.601,37.24890686,0.0,Primary
COADREAD,TCGA-A6-2686-01,TCGA-A6-2686,17.5524,37.0187724,1.0,Primary
COADREAD,TCGA-A6-3807-01,TCGA-A6-3807,3485.7357,34.65167505,0.0,Primary
COADREAD,TCGA-A6-3808-01,TCGA-A6-3808,984.624,33.33662097,0.0,Primary
COADREAD,TCGA-A6-3809-01,TCGA-A6-3809,323.6704,32.74484663,0.0,Primary
COADREAD,TCGA-A6-3810-01,TCGA-A6-3810,185.3827,36.52562712,0.0,Primary
COADREAD,TCGA-A6-4105-01,TCGA-A6-4105,2526.72,14.5313476,1.0,Primary
COADREAD,TCGA-A6-4107-01,TCGA-A6-4107,3238.7095,32.44895946,0.0,Primary
COADREAD,TCGA-A6-5656-01,TCGA-A6-5656,103.429,32.90922839,0.0,Primary
COADREAD,TCGA-A6-5657-01,TCGA-A6-5657,233.026,31.62705066,0.0,Primary
COADREAD,TCGA-A6-5659-01,TCGA-A6-5659,26.4078,30.44350199,0.0,Primary
COADREAD,TCGA-A6-5660-01,TCGA-A6-5660,631.873,29.19420061,0.0,Primary
COADREAD,TCGA-A6-5661-01,TCGA-A6-5661,6868.96,33.53387908,0.0,Primary
COADREAD,TCGA-A6-5662-01,TCGA-A6-5662,135.931,23.60522077,0.0,Primary
COADREAD,TCGA-A6-5664-01,TCGA-A6-5664,13790.5,22.09290857,0.0,Primary
COADREAD,TCGA-A6-5665-01,TCGA-A6-5665,865.009,22.06003222,0.0,Primary
COADREAD,TCGA-A6-5666-01,TCGA-A6-5666,121.752,32.71197028,0.0,Primary
COADREAD,TCGA-A6-5667-01,TCGA-A6-5667,373.927,29.16132426,0.0,Primary
COADREAD,TCGA-A6-6137-01,TCGA-A6-6137,12559.8,27.09011408,0.0,Primary
COADREAD,TCGA-A6-6138-01,TCGA-A6-6138,2033.06,22.52030115,0.0,Primary
COADREAD,TCGA-A6-6140-01,TCGA-A6-6140,11749.7,24.1312424,0.0,Primary
COADREAD,TCGA-A6-6141-01,TCGA-A6-6141,5990.47,8.38346977,0.0,Primary
COADREAD,TCGA-A6-6142-01,TCGA-A6-6142,3.5052,25.08465661,0.0,Primary
COADREAD,TCGA-A6-6648-01,TCGA-A6-6648,6351.72,25.18328566,0.0,Primary
COADREAD,TCGA-A6-6649-01,TCGA-A6-6649,4983.18,24.16411875,0.0,Primary
COADREAD,TCGA-A6-6650-01,TCGA-A6-6650,342.746,20.61347273,0.0,Primary
COADREAD,TCGA-A6-6651-01,TCGA-A6-6651,20.1026,21.76414505,0.0,Primary
COADREAD,TCGA-A6-6652-01,TCGA-A6-6652,389.645,24.69014038,0.0,Primary
COADREAD,TCGA-A6-6653-01,TCGA-A6-6653,70.6446,24.39425321,0.0,Primary
COADREAD,TCGA-A6-6654-01,TCGA-A6-6654,325.304,23.86823158,0.0,Primary
COADREAD,TCGA-A6-6780-01,TCGA-A6-6780,59.3178,20.12032745,0.0,Primary
COADREAD,TCGA-A6-6781-01,TCGA-A6-6781,43.5198,19.66005852,0.0,Primary
COADREAD,TCGA-A6-6782-01,TCGA-A6-6782,129.63,20.28470921,0.0,Primary
COADREAD,TCGA-A6-A565-01,TCGA-A6-A565,20088.7,16.24091791,1.0,Primary
COADREAD,TCGA-A6-A566-01,TCGA-A6-A566,69.2134,24.92027485,1.0,Primary
COADREAD,TCGA-A6-A567-01,TCGA-A6-A567,70.3388,61.84041819,1.0,Primary
COADREAD,TCGA-A6-A56B-01,TCGA-A6-A56B,5.9453,56.25143834,1.0,Primary
COADREAD,TCGA-A6-A5ZU-01,TCGA-A6-A5ZU,6.6867,9.632771148,0.0,Primary
COADREAD,TCGA-AA-3488-01,TCGA-AA-3488,3382.0959,5.030081862,1.0,Primary
COADREAD,TCGA-AA-3489-01,TCGA-AA-3489,449.924,7.035539337,1.0,Primary
COADREAD,TCGA-AA-3492-01,TCGA-AA-3492,139.264,3.024624388,1.0,Primary
COADREAD,TCGA-AA-3494-01,TCGA-AA-3494,1555.3754,1.019166913,0.0,Primary
COADREAD,TCGA-AA-3495-01,TCGA-AA-3495,9925.53,37.05164875,0.0,Primary
COADREAD,TCGA-AA-3496-01,TCGA-AA-3496,4073.48,1.019166913,0.0,Primary
COADREAD,TCGA-AA-3502-01,TCGA-AA-3502,373.913,35.01331492,0.0,Primary
COADREAD,TCGA-AA-3506-01,TCGA-AA-3506,6527.92,58.02676135,0.0,Primary
COADREAD,TCGA-AA-3510-01,TCGA-AA-3510,2191.7875,63.97738107,0.0,Primary
COADREAD,TCGA-AA-3511-01,TCGA-AA-3511,1231.46,6.969786633,0.0,Primary
COADREAD,TCGA-AA-3514-01,TCGA-AA-3514,395.0186,1.019166913,0.0,Primary
COADREAD,TCGA-AA-3517-01,TCGA-AA-3517,4701.1371,38.99135352,0.0,Primary
COADREAD,TCGA-AA-3518-01,TCGA-AA-3518,509.3233,1.019166913,0.0,Primary
COADREAD,TCGA-AA-3519-01,TCGA-AA-3519,4454.009,9.073873163,0.0,Primary
COADREAD,TCGA-AA-3520-01,TCGA-AA-3520,1591.8938,24.03261334,0.0,Primary
COADREAD,TCGA-AA-3521-01,TCGA-AA-3521,4726.8124,,0.0,Primary
COADREAD,TCGA-AA-3522-01,TCGA-AA-3522,6606.7827,37.05164875,0.0,Primary
COADREAD,TCGA-AA-3524-01,TCGA-AA-3524,1998.6234,36.03248184,0.0,Primary
COADREAD,TCGA-AA-3525-01,TCGA-AA-3525,6968.8094,8.05470625,0.0,Primary
COADREAD,TCGA-AA-3526-01,TCGA-AA-3526,1729.27,19.06828418,0.0,Primary
COADREAD,TCGA-AA-3527-01,TCGA-AA-3527,2991.8642,0.0,0.0,Primary
COADREAD,TCGA-AA-3529-01,TCGA-AA-3529,2853.7403,0.0,1.0,Primary
COADREAD,TCGA-AA-3530-01,TCGA-AA-3530,3524.1363,19.06828418,0.0,Primary
COADREAD,TCGA-AA-3531-01,TCGA-AA-3531,1675.6565,34.02702436,0.0,Primary
COADREAD,TCGA-AA-3532-01,TCGA-AA-3532,2390.7626,28.9969425,0.0,Primary
COADREAD,TCGA-AA-3534-01,TCGA-AA-3534,1371.8676,28.9969425,0.0,Primary
COADREAD,TCGA-AA-3538-01,TCGA-AA-3538,1821.0303,26.00519446,0.0,Primary
COADREAD,TCGA-AA-3542-01,TCGA-AA-3542,155.5608,12.98615906,0.0,Primary
COADREAD,TCGA-AA-3543-01,TCGA-AA-3543,2368.3813,0.986290561,0.0,Primary
COADREAD,TCGA-AA-3544-01,TCGA-AA-3544,1944.7123,14.00532597,0.0,Primary
COADREAD,TCGA-AA-3548-01,TCGA-AA-3548,735.3776,33.99414801,0.0,Primary
COADREAD,TCGA-AA-3549-01,TCGA-AA-3549,6588.5017,21.00798895,0.0,Primary
COADREAD,TCGA-AA-3552-01,TCGA-AA-3552,4454.9621,13.01903541,1.0,Primary
COADREAD,TCGA-AA-3553-01,TCGA-AA-3553,1938.0077,23.99973699,0.0,Primary
COADREAD,TCGA-AA-3555-01,TCGA-AA-3555,31.905,29.95035671,0.0,Primary
COADREAD,TCGA-AA-3560-01,TCGA-AA-3560,3788.9481,19.98882204,0.0,Primary
COADREAD,TCGA-AA-3561-01,TCGA-AA-3561,1708.1151,13.93957327,0.0,Primary
COADREAD,TCGA-AA-3655-01,TCGA-AA-3655,5360.22,61.01850939,0.0,Primary
COADREAD,TCGA-AA-3660-01,TCGA-AA-3660,2682.61,78.0813361,0.0,Primary
COADREAD,TCGA-AA-3663-01,TCGA-AA-3663,76.3736,6.969786633,0.0,Primary
COADREAD,TCGA-AA-3664-01,TCGA-AA-3664,5077.781,54.0158464,0.0,Primary
COADREAD,TCGA-AA-3666-01,TCGA-AA-3666,2448.1819,2.005457474,1.0,Primary
COADREAD,TCGA-AA-3667-01,TCGA-AA-3667,5743.8926,14.00532597,0.0,Primary
COADREAD,TCGA-AA-3673-01,TCGA-AA-3673,1281.5954,50.03780781,0.0,Primary
COADREAD,TCGA-AA-3675-01,TCGA-AA-3675,5030.17,47.04605977,0.0,Primary
COADREAD,TCGA-AA-3678-01,TCGA-AA-3678,12483.8846,47.01318342,0.0,Primary
COADREAD,TCGA-AA-3679-01,TCGA-AA-3679,4578.2925,15.02449288,0.0,Primary
COADREAD,TCGA-AA-3680-01,TCGA-AA-3680,1175.099,11.01357793,1.0,Primary
COADREAD,TCGA-AA-3681-01,TCGA-AA-3681,13174.1911,5.983496071,0.0,Primary
COADREAD,TCGA-AA-3684-01,TCGA-AA-3684,4728.6793,0.0,0.0,Primary
COADREAD,TCGA-AA-3685-01,TCGA-AA-3685,1566.73,37.05164875,0.0,Primary
COADREAD,TCGA-AA-3688-01,TCGA-AA-3688,2433.1784,19.00253148,0.0,Primary
COADREAD,TCGA-AA-3692-01,TCGA-AA-3692,2905.6637,35.99960548,1.0,Primary
COADREAD,TCGA-AA-3693-01,TCGA-AA-3693,51.6127,0.0,0.0,Primary
COADREAD,TCGA-AA-3695-01,TCGA-AA-3695,9.1185,0.0,0.0,Primary
COADREAD,TCGA-AA-3696-01,TCGA-AA-3696,852.0343,5.030081862,1.0,Primary
COADREAD,TCGA-AA-3710-01,TCGA-AA-3710,5309.7718,26.99148503,0.0,Primary
COADREAD,TCGA-AA-3712-01,TCGA-AA-3712,864.762,0.0,0.0,Primary
COADREAD,TCGA-AA-3713-01,TCGA-AA-3713,2433.38,19.03540783,0.0,Primary
COADREAD,TCGA-AA-3715-01,TCGA-AA-3715,96.2898,19.03540783,1.0,Primary
COADREAD,TCGA-AA-3811-01,TCGA-AA-3811,1483.2499,10.06016372,1.0,Primary
COADREAD,TCGA-AA-3812-01,TCGA-AA-3812,2396.3502,35.04619128,0.0,Primary
COADREAD,TCGA-AA-3814-01,TCGA-AA-3814,2048.7981,0.0,0.0,Primary
COADREAD,TCGA-AA-3818-01,TCGA-AA-3818,399.4349,0.986290561,1.0,Primary
COADREAD,TCGA-AA-3819-01,TCGA-AA-3819,5415.0707,25.0189039,0.0,Primary
COADREAD,TCGA-AA-3821-01,TCGA-AA-3821,58.6005,1.019166913,0.0,Primary
COADREAD,TCGA-AA-3831-01,TCGA-AA-3831,16014.1186,17.98336457,0.0,Primary
COADREAD,TCGA-AA-3833-01,TCGA-AA-3833,1770.8236,15.94503074,0.0,Primary
COADREAD,TCGA-AA-3837-01,TCGA-AA-3837,2510.2371,38.99135352,0.0,Primary
COADREAD,TCGA-AA-3841-01,TCGA-AA-3841,12234.8246,36.95301969,0.0,Primary
COADREAD,TCGA-AA-3842-01,TCGA-AA-3842,419.281,37.0187724,0.0,Primary
COADREAD,TCGA-AA-3844-01,TCGA-AA-3844,3255.2905,14.92586383,0.0,Primary
COADREAD,TCGA-AA-3845-01,TCGA-AA-3845,4153.1837,0.0,1.0,Primary
COADREAD,TCGA-AA-3846-01,TCGA-AA-3846,5558.9299,17.02995036,0.0,Primary
COADREAD,TCGA-AA-3848-01,TCGA-AA-3848,2625.3908,10.06016372,1.0,Primary
COADREAD,TCGA-AA-3850-01,TCGA-AA-3850,17279.3619,0.0,1.0,Primary
COADREAD,TCGA-AA-3851-01,TCGA-AA-3851,3134.2914,33.07361015,0.0,Primary
COADREAD,TCGA-AA-3852-01,TCGA-AA-3852,12384.8166,0.0,1.0,Primary
COADREAD,TCGA-AA-3854-01,TCGA-AA-3854,10790.9097,36.03248184,0.0,Primary
COADREAD,TCGA-AA-3855-01,TCGA-AA-3855,6775.5566,32.05444324,0.0,Primary
COADREAD,TCGA-AA-3856-01,TCGA-AA-3856,1096.7309,0.986290561,0.0,Primary
COADREAD,TCGA-AA-3858-01,TCGA-AA-3858,2525.493,31.06815268,0.0,Primary
COADREAD,TCGA-AA-3864-01,TCGA-AA-3864,379.3751,52.99667949,0.0,Primary
COADREAD,TCGA-AA-3866-01,TCGA-AA-3866,4151.6917,17.02995036,0.0,Primary
COADREAD,TCGA-AA-3867-01,TCGA-AA-3867,839.8798,24.03261334,0.0,Primary
COADREAD,TCGA-AA-3869-01,TCGA-AA-3869,4974.2674,27.02436138,1.0,Primary
COADREAD,TCGA-AA-3870-01,TCGA-AA-3870,755.13,29.98323306,0.0,Primary
COADREAD,TCGA-AA-3872-01,TCGA-AA-3872,58.1235,0.0,0.0,Primary
COADREAD,TCGA-AA-3875-01,TCGA-AA-3875,1000.0003,18.04911727,0.0,Primary
COADREAD,TCGA-AA-3877-01,TCGA-AA-3877,55.4483,31.00239997,0.0,Primary
COADREAD,TCGA-AA-3930-01,TCGA-AA-3930,730.7516,2.005457474,1.0,Primary
COADREAD,TCGA-AA-3939-01,TCGA-AA-3939,2680.4444,12.98615906,0.0,Primary
COADREAD,TCGA-AA-3941-01,TCGA-AA-3941,414.7613,23.99973699,0.0,Primary
COADREAD,TCGA-AA-3947-01,TCGA-AA-3947,9.2143,33.00785745,0.0,Primary
COADREAD,TCGA-AA-3949-01,TCGA-AA-3949,1009.4242,26.00519446,0.0,Primary
COADREAD,TCGA-AA-3950-01,TCGA-AA-3950,34.9483,23.99973699,0.0,Primary
COADREAD,TCGA-AA-3952-01,TCGA-AA-3952,1312.9253,2.005457474,1.0,Primary
COADREAD,TCGA-AA-3955-01,TCGA-AA-3955,1400.451,20.9751126,0.0,Primary
COADREAD,TCGA-AA-3956-01,TCGA-AA-3956,5938.9855,34.02702436,0.0,Primary
COADREAD,TCGA-AA-3966-01,TCGA-AA-3966,1428.1028,2.005457474,0.0,Primary
COADREAD,TCGA-AA-3968-01,TCGA-AA-3968,3685.0469,21.99427952,0.0,Primary
COADREAD,TCGA-AA-3971-01,TCGA-AA-3971,5863.2703,16.07653615,0.0,Primary
COADREAD,TCGA-AA-3973-01,TCGA-AA-3973,468.0683,13.05191176,0.0,Primary
COADREAD,TCGA-AA-3975-01,TCGA-AA-3975,2799.9187,34.05990071,0.0,Primary
COADREAD,TCGA-AA-3976-01,TCGA-AA-3976,1427.0413,26.00519446,0.0,Primary
COADREAD,TCGA-AA-3977-01,TCGA-AA-3977,2582.9405,25.0189039,0.0,Primary
COADREAD,TCGA-AA-3979-01,TCGA-AA-3979,623.7936,23.99973699,0.0,Primary
COADREAD,TCGA-AA-3980-01,TCGA-AA-3980,6463.1765,27.02436138,0.0,Primary
COADREAD,TCGA-AA-3982-01,TCGA-AA-3982,2760.2369,27.02436138,0.0,Primary
COADREAD,TCGA-AA-3984-01,TCGA-AA-3984,10012.0122,0.0,0.0,Primary
COADREAD,TCGA-AA-3986-01,TCGA-AA-3986,9585.534,19.06828418,0.0,Primary
COADREAD,TCGA-AA-3989-01,TCGA-AA-3989,7472.0596,7.956077194,1.0,Primary
COADREAD,TCGA-AA-3994-01,TCGA-AA-3994,205.9527,27.02436138,0.0,Primary
COADREAD,TCGA-AA-A004-01,TCGA-AA-A004,12186.9929,13.93957327,0.0,Primary
COADREAD,TCGA-AA-A00A-01,TCGA-AA-A00A,2748.7489,38.03793931,0.0,Primary
COADREAD,TCGA-AA-A00D-01,TCGA-AA-A00D,313.4069,19.00253148,0.0,Primary
COADREAD,TCGA-AA-A00E-01,TCGA-AA-A00E,246.6245,30.01610941,0.0,Primary
COADREAD,TCGA-AA-A00F-01,TCGA-AA-A00F,4661.8975,34.02702436,0.0,Primary
COADREAD,TCGA-AA-A00J-01,TCGA-AA-A00J,67.6483,18.04911727,0.0,Primary
COADREAD,TCGA-AA-A00K-01,TCGA-AA-A00K,17012.5843,18.04911727,0.0,Primary
COADREAD,TCGA-AA-A00L-01,TCGA-AA-A00L,1994.652,38.03793931,0.0,Primary
COADREAD,TCGA-AA-A00N-01,TCGA-AA-A00N,5245.0443,4.010914949,1.0,Primary
COADREAD,TCGA-AA-A00O-01,TCGA-AA-A00O,135.4035,27.02436138,0.0,Primary
COADREAD,TCGA-AA-A00Q-01,TCGA-AA-A00Q,749.8437,42.01597791,0.0,Primary
COADREAD,TCGA-AA-A00R-01,TCGA-AA-A00R,15792.2322,0.986290561,0.0,Primary
COADREAD,TCGA-AA-A00U-01,TCGA-AA-A00U,2670.1745,17.02995036,0.0,Primary
COADREAD,TCGA-AA-A00W-01,TCGA-AA-A00W,11705.7358,14.99161653,0.0,Primary
COADREAD,TCGA-AA-A00Z-01,TCGA-AA-A00Z,4123.5732,21.99427952,0.0,Primary
COADREAD,TCGA-AA-A010-01,TCGA-AA-A010,2341.9531,34.98043857,0.0,Primary
COADREAD,TCGA-AA-A017-01,TCGA-AA-A017,3276.778,15.02449288,0.0,Primary
COADREAD,TCGA-AA-A01C-01,TCGA-AA-A01C,1546.1034,15.02449288,0.0,Primary
COADREAD,TCGA-AA-A01D-01,TCGA-AA-A01D,4602.2899,10.98070158,1.0,Primary
COADREAD,TCGA-AA-A01F-01,TCGA-AA-A01F,4045.6007,32.02156689,0.0,Primary
COADREAD,TCGA-AA-A01G-01,TCGA-AA-A01G,791.4342,11.9998685,0.0,Primary
COADREAD,TCGA-AA-A01I-01,TCGA-AA-A01I,1464.3925,31.00239997,0.0,Primary
COADREAD,TCGA-AA-A01K-01,TCGA-AA-A01K,1395.9187,31.00239997,0.0,Primary
COADREAD,TCGA-AA-A01P-01,TCGA-AA-A01P,12.7563,38.07081566,1.0,Primary
COADREAD,TCGA-AA-A01Q-01,TCGA-AA-A01Q,168.4441,1.019166913,0.0,Primary
COADREAD,TCGA-AA-A01R-01,TCGA-AA-A01R,101.5494,35.01331492,0.0,Primary
COADREAD,TCGA-AA-A01S-01,TCGA-AA-A01S,1205.5628,1.019166913,0.0,Primary
COADREAD,TCGA-AA-A01T-01,TCGA-AA-A01T,2126.4885,33.0407338,0.0,Primary
COADREAD,TCGA-AA-A01V-01,TCGA-AA-A01V,38536.3084,1.019166913,0.0,Primary
COADREAD,TCGA-AA-A01X-01,TCGA-AA-A01X,619.159,26.00519446,0.0,Primary
COADREAD,TCGA-AA-A01Z-01,TCGA-AA-A01Z,831.76,37.0187724,0.0,Primary
COADREAD,TCGA-AA-A022-01,TCGA-AA-A022,490.6388,0.0,0.0,Primary
COADREAD,TCGA-AA-A024-01,TCGA-AA-A024,10581.6936,39.05710622,1.0,Primary
COADREAD,TCGA-AA-A029-01,TCGA-AA-A029,3166.1603,51.97751258,0.0,Primary
COADREAD,TCGA-AA-A02E-01,TCGA-AA-A02E,3309.6136,2.958871684,1.0,Primary
COADREAD,TCGA-AA-A02F-01,TCGA-AA-A02F,312.5273,39.97764408,0.0,Primary
COADREAD,TCGA-AA-A02H-01,TCGA-AA-A02H,2020.4822,2.005457474,1.0,Primary
COADREAD,TCGA-AA-A02J-01,TCGA-AA-A02J,3405.0086,5.030081862,1.0,Primary
COADREAD,TCGA-AA-A02O-01,TCGA-AA-A02O,1689.2195,0.920537857,0.0,Primary
COADREAD,TCGA-AA-A02R-01,TCGA-AA-A02R,12.8771,22.02715587,1.0,Primary
COADREAD,TCGA-AA-A02W-01,TCGA-AA-A02W,193.595,40.99681099,0.0,Primary
COADREAD,TCGA-AA-A02Y-01,TCGA-AA-A02Y,7731.87,39.97764408,0.0,Primary
COADREAD,TCGA-AA-A03F-01,TCGA-AA-A03F,42519.4467,18.04911727,1.0,Primary
COADREAD,TCGA-AA-A03J-01,TCGA-AA-A03J,7834.3072,40.96393464,0.0,Primary
COADREAD,TCGA-AD-5900-01,TCGA-AD-5900,498.444,12.16425026,0.0,Primary
COADREAD,TCGA-AD-6548-01,TCGA-AD-6548,1046.27,21.36962883,0.0,Primary
COADREAD,TCGA-AD-6888-01,TCGA-AD-6888,6342.0,15.51763816,1.0,Primary
COADREAD,TCGA-AD-6889-01,TCGA-AD-6889,45.0589,83.24292337,1.0,Primary
COADREAD,TCGA-AD-6890-01,TCGA-AD-6890,3682.03,24.52575862,0.0,Primary
COADREAD,TCGA-AD-6895-01,TCGA-AD-6895,1462.18,25.08465661,0.0,Primary
COADREAD,TCGA-AD-6899-01,TCGA-AD-6899,4874.07,5.786237959,1.0,Primary
COADREAD,TCGA-AD-6901-01,TCGA-AD-6901,159.649,22.42167209,1.0,Primary
COADREAD,TCGA-AD-6963-01,TCGA-AD-6963,994.033,27.4188776,0.0,Primary
COADREAD,TCGA-AD-6964-01,TCGA-AD-6964,10452.2,10.88207253,1.0,Primary
COADREAD,TCGA-AD-6965-01,TCGA-AD-6965,63.5331,26.46546339,0.0,Primary
COADREAD,TCGA-AD-A5EJ-01,TCGA-AD-A5EJ,360.137,0.0,0.0,Primary
COADREAD,TCGA-AD-A5EK-01,TCGA-AD-A5EK,17.6245,16.43817602,0.0,Primary
COADREAD,TCGA-AF-2687-01,TCGA-AF-2687,14.9,46.91455436,0.0,Primary
COADREAD,TCGA-AF-2690-01,TCGA-AF-2690,399.861,17.22720847,1.0,Primary
COADREAD,TCGA-AF-2691-01,TCGA-AF-2691,2683.5776,43.03514482,0.0,Primary
COADREAD,TCGA-AF-2692-01,TCGA-AF-2692,2602.8292,13.54505704,0.0,Primary
COADREAD,TCGA-AF-2693-01,TCGA-AF-2693,14597.0,37.97218661,0.0,Primary
COADREAD,TCGA-AF-3400-01,TCGA-AF-3400,961.6065,34.48729329,0.0,Primary
COADREAD,TCGA-AF-3911-01,TCGA-AF-3911,306.546,37.74205214,0.0,Primary
COADREAD,TCGA-AF-4110-01,TCGA-AF-4110,7072.54,29.98323306,0.0,Primary
COADREAD,TCGA-AF-5654-01,TCGA-AF-5654,3674.1,16.83269224,1.0,Primary
COADREAD,TCGA-AF-6136-01,TCGA-AF-6136,7121.86,24.36137686,0.0,Primary
COADREAD,TCGA-AF-6655-01,TCGA-AF-6655,2038.48,20.02169839,0.0,Primary
COADREAD,TCGA-AF-6672-01,TCGA-AF-6672,4012.89,24.59151133,0.0,Primary
COADREAD,TCGA-AF-A56K-01,TCGA-AF-A56K,646.528,86.62918763,0.0,Primary
COADREAD,TCGA-AF-A56L-01,TCGA-AF-A56L,326.038,65.98283854,0.0,Primary
COADREAD,TCGA-AF-A56N-01,TCGA-AF-A56N,1584.31,11.83548673,0.0,Primary
COADREAD,TCGA-AG-3574-01,TCGA-AG-3574,2023.8975,36.03248184,1.0,Primary
COADREAD,TCGA-AG-3575-01,TCGA-AG-3575,165.1672,11.9998685,0.0,Primary
COADREAD,TCGA-AG-3578-01,TCGA-AG-3578,16676.6032,32.02156689,0.0,Primary
COADREAD,TCGA-AG-3580-01,TCGA-AG-3580,4252.8999,8.021829898,0.0,Primary
COADREAD,TCGA-AG-3581-01,TCGA-AG-3581,9891.8259,7.068415689,0.0,Primary
COADREAD,TCGA-AG-3582-01,TCGA-AG-3582,6095.3099,36.03248184,1.0,Primary
COADREAD,TCGA-AG-3583-01,TCGA-AG-3583,7592.2482,20.05457474,1.0,Primary
COADREAD,TCGA-AG-3584-01,TCGA-AG-3584,1735.1241,23.99973699,1.0,Primary
COADREAD,TCGA-AG-3586-01,TCGA-AG-3586,922.1503,1.019166913,0.0,Primary
COADREAD,TCGA-AG-3587-01,TCGA-AG-3587,364.469,46.02689286,0.0,Primary
COADREAD,TCGA-AG-3591-01,TCGA-AG-3591,3262.36,34.02702436,0.0,Primary
COADREAD,TCGA-AG-3592-01,TCGA-AG-3592,4300.87,34.02702436,0.0,Primary
COADREAD,TCGA-AG-3593-01,TCGA-AG-3593,4182.8545,34.02702436,0.0,Primary
COADREAD,TCGA-AG-3594-01,TCGA-AG-3594,4572.6234,2.005457474,1.0,Primary
COADREAD,TCGA-AG-3598-01,TCGA-AG-3598,1246.9608,50.03780781,0.0,Primary
COADREAD,TCGA-AG-3599-01,TCGA-AG-3599,4849.3169,12.03274485,0.0,Primary
COADREAD,TCGA-AG-3600-01,TCGA-AG-3600,517.1081,6.049248775,0.0,Primary
COADREAD,TCGA-AG-3601-01,TCGA-AG-3601,302.1053,0.0,0.0,Primary
COADREAD,TCGA-AG-3602-01,TCGA-AG-3602,669.4649,0.0,0.0,Primary
COADREAD,TCGA-AG-3605-01,TCGA-AG-3605,1986.3886,0.986290561,0.0,Primary
COADREAD,TCGA-AG-3608-01,TCGA-AG-3608,2395.8534,15.94503074,0.0,Primary
COADREAD,TCGA-AG-3609-01,TCGA-AG-3609,2846.0621,19.98882204,0.0,Primary
COADREAD,TCGA-AG-3725-01,TCGA-AG-3725,12129.2,20.9751126,0.0,Primary
COADREAD,TCGA-AG-3726-01,TCGA-AG-3726,1554.4104,7.988953546,0.0,Primary
COADREAD,TCGA-AG-3727-01,TCGA-AG-3727,7918.9534,0.986290561,0.0,Primary
COADREAD,TCGA-AG-3728-01,TCGA-AG-3728,2882.0578,29.98323306,0.0,Primary
COADREAD,TCGA-AG-3731-01,TCGA-AG-3731,2289.59,37.0187724,0.0,Primary
COADREAD,TCGA-AG-3732-01,TCGA-AG-3732,1814.06,32.9749811,0.0,Primary
COADREAD,TCGA-AG-3742-01,TCGA-AG-3742,168.457,0.986290561,0.0,Primary
COADREAD,TCGA-AG-3878-01,TCGA-AG-3878,3686.4404,0.986290561,0.0,Primary
COADREAD,TCGA-AG-3881-01,TCGA-AG-3881,2312.3663,19.03540783,0.0,Primary
COADREAD,TCGA-AG-3882-01,TCGA-AG-3882,1915.6963,19.98882204,0.0,Primary
COADREAD,TCGA-AG-3883-01,TCGA-AG-3883,1374.2958,1.019166913,0.0,Primary
COADREAD,TCGA-AG-3885-01,TCGA-AG-3885,11097.1765,17.95048821,0.0,Primary
COADREAD,TCGA-AG-3887-01,TCGA-AG-3887,1992.6003,36.95301969,0.0,Primary
COADREAD,TCGA-AG-3890-01,TCGA-AG-3890,8562.0055,17.02995036,0.0,Primary
COADREAD,TCGA-AG-3892-01,TCGA-AG-3892,5438.7993,13.01903541,0.0,Primary
COADREAD,TCGA-AG-3893-01,TCGA-AG-3893,1557.0593,35.01331492,0.0,Primary
COADREAD,TCGA-AG-3894-01,TCGA-AG-3894,545.4455,14.00532597,0.0,Primary
COADREAD,TCGA-AG-3896-01,TCGA-AG-3896,3070.6263,1.019166913,0.0,Primary
COADREAD,TCGA-AG-3898-01,TCGA-AG-3898,808.5822,48.03235033,0.0,Primary
COADREAD,TCGA-AG-3901-01,TCGA-AG-3901,818.258,25.0189039,0.0,Primary
COADREAD,TCGA-AG-3902-01,TCGA-AG-3902,4337.65,32.02156689,0.0,Primary
COADREAD,TCGA-AG-3909-01,TCGA-AG-3909,1945.4938,19.98882204,0.0,Primary
COADREAD,TCGA-AG-3999-01,TCGA-AG-3999,616.1265,28.04352829,0.0,Primary
COADREAD,TCGA-AG-4001-01,TCGA-AG-4001,112.8865,36.03248184,0.0,Primary
COADREAD,TCGA-AG-4005-01,TCGA-AG-4005,1276.5321,14.03820232,0.0,Primary
COADREAD,TCGA-AG-4007-01,TCGA-AG-4007,1927.8462,1.019166913,0.0,Primary
COADREAD,TCGA-AG-4008-01,TCGA-AG-4008,1382.1397,17.02995036,0.0,Primary
COADREAD,TCGA-AG-4015-01,TCGA-AG-4015,2944.5469,0.0,0.0,Primary
COADREAD,TCGA-AG-4021-01,TCGA-AG-4021,150.614,3.978038597,1.0,Primary
COADREAD,TCGA-AG-4022-01,TCGA-AG-4022,958.868,46.02689286,0.0,Primary
COADREAD,TCGA-AG-A002-01,TCGA-AG-A002,128.5825,20.9751126,0.0,Primary
COADREAD,TCGA-AG-A008-01,TCGA-AG-A008,13901.3205,13.93957327,0.0,Primary
COADREAD,TCGA-AG-A00C-01,TCGA-AG-A00C,6290.9807,6.016372423,0.0,Primary
COADREAD,TCGA-AG-A00Y-01,TCGA-AG-A00Y,8759.4385,23.01344643,0.0,Primary
COADREAD,TCGA-AG-A011-01,TCGA-AG-A011,4299.5957,37.0187724,0.0,Primary
COADREAD,TCGA-AG-A015-01,TCGA-AG-A015,5921.758,36.03248184,0.0,Primary
COADREAD,TCGA-AG-A016-01,TCGA-AG-A016,985.8371,9.073873163,0.0,Primary
COADREAD,TCGA-AG-A01J-01,TCGA-AG-A01J,6486.3948,1.019166913,0.0,Primary
COADREAD,TCGA-AG-A01L-01,TCGA-AG-A01L,1901.1613,0.0,0.0,Primary
COADREAD,TCGA-AG-A01N-01,TCGA-AG-A01N,2050.4724,31.00239997,0.0,Primary
COADREAD,TCGA-AG-A01W-01,TCGA-AG-A01W,1463.502,0.0,0.0,Primary
COADREAD,TCGA-AG-A01Y-01,TCGA-AG-A01Y,151.1379,0.0,0.0,Primary
COADREAD,TCGA-AG-A020-01,TCGA-AG-A020,1007.2092,1.019166913,0.0,Primary
COADREAD,TCGA-AG-A025-01,TCGA-AG-A025,1737.8519,49.9720551,0.0,Primary
COADREAD,TCGA-AG-A026-01,TCGA-AG-A026,3647.2308,1.93970477,1.0,Primary
COADREAD,TCGA-AG-A02G-01,TCGA-AG-A02G,1431.8274,38.95847717,1.0,Primary
COADREAD,TCGA-AG-A02N-01,TCGA-AG-A02N,3610.7542,61.9719236,0.0,Primary
COADREAD,TCGA-AG-A02X-01,TCGA-AG-A02X,721.5333,40.99681099,0.0,Primary
COADREAD,TCGA-AG-A032-01,TCGA-AG-A032,11708.5466,38.03793931,0.0,Primary
COADREAD,TCGA-AH-6544-01,TCGA-AH-6544,1217.39,38.56396094,0.0,Primary
COADREAD,TCGA-AH-6547-01,TCGA-AH-6547,10069.4,2.498602755,1.0,Primary
COADREAD,TCGA-AH-6643-01,TCGA-AH-6643,55.7242,43.19952658,1.0,Primary
COADREAD,TCGA-AH-6644-01,TCGA-AH-6644,258.311,27.55038301,0.0,Primary
COADREAD,TCGA-AH-6897-01,TCGA-AH-6897,12067.4,26.43258704,0.0,Primary
COADREAD,TCGA-AH-6903-01,TCGA-AH-6903,6219.7,19.46280041,0.0,Primary
COADREAD,TCGA-AM-5820-01,TCGA-AM-5820,249.687,0.460268929,0.0,Primary
COADREAD,TCGA-AM-5821-01,TCGA-AM-5821,778.817,0.920537857,0.0,Primary
COADREAD,TCGA-AU-3779-01,TCGA-AU-3779,3328.12,14.49847125,0.0,Primary
COADREAD,TCGA-AU-6004-01,TCGA-AU-6004,3332.68,27.09011408,0.0,Primary
COADREAD,TCGA-AY-4070-01,TCGA-AY-4070,1433.467,16.30667061,1.0,Primary
COADREAD,TCGA-AY-4071-01,TCGA-AY-4071,12706.9535,0.953414209,1.0,Primary
COADREAD,TCGA-AY-5543-01,TCGA-AY-5543,7302.44,33.00785745,0.0,Primary
COADREAD,TCGA-AY-6196-01,TCGA-AY-6196,75.03,0.197258112,0.0,Primary
COADREAD,TCGA-AY-6197-01,TCGA-AY-6197,25558.9,21.43538153,0.0,Primary
COADREAD,TCGA-AY-6386-01,TCGA-AY-6386,12404.3,17.81898281,0.0,Primary
COADREAD,TCGA-AY-A54L-01,TCGA-AY-A54L,3610.26,17.26008482,0.0,Primary
COADREAD,TCGA-AY-A69D-01,TCGA-AY-A69D,2077.24,17.85185916,0.0,Primary
COADREAD,TCGA-AY-A71X-01,TCGA-AY-A71X,8933.9,19.331295,0.0,Primary
COADREAD,TCGA-AY-A8YK-01,TCGA-AY-A8YK,12492.0,18.83814972,0.0,Primary
COADREAD,TCGA-AZ-4308-01,TCGA-AZ-4308,710.3476,109.2809942,0.0,Primary
COADREAD,TCGA-AZ-4313-01,TCGA-AZ-4313,1666.19,75.94437321,0.0,Primary
COADREAD,TCGA-AZ-4315-01,TCGA-AZ-4315,2160.2,58.38840122,0.0,Primary
COADREAD,TCGA-AZ-4323-01,TCGA-AZ-4323,2186.93,1.413683138,1.0,Primary
COADREAD,TCGA-AZ-4614-01,TCGA-AZ-4614,680.964,5.654732551,1.0,Primary
COADREAD,TCGA-AZ-4615-01,TCGA-AZ-4615,6.1241,32.94210474,0.0,Primary
COADREAD,TCGA-AZ-4616-01,TCGA-AZ-4616,1673.64,5.128710918,1.0,Primary
COADREAD,TCGA-AZ-4681-01,TCGA-AZ-4681,865.8528,106.7495151,0.0,Primary
COADREAD,TCGA-AZ-4682-01,TCGA-AZ-4682,2008.4,22.35591939,1.0,Primary
COADREAD,TCGA-AZ-4684-01,TCGA-AZ-4684,2351.18,64.99654798,0.0,Primary
COADREAD,TCGA-AZ-5403-01,TCGA-AZ-5403,1107.82,62.7938324,1.0,Primary
COADREAD,TCGA-AZ-5407-01,TCGA-AZ-5407,8583.75,88.20725252,0.0,Primary
COADREAD,TCGA-AZ-6598-01,TCGA-AZ-6598,0.54,49.41315712,1.0,Primary
COADREAD,TCGA-AZ-6599-01,TCGA-AZ-6599,1365.43,6.77252852,1.0,Primary
COADREAD,TCGA-AZ-6600-01,TCGA-AZ-6600,2897.75,12.09849755,1.0,Primary
COADREAD,TCGA-AZ-6603-01,TCGA-AZ-6603,860.408,29.55584048,1.0,Primary
COADREAD,TCGA-AZ-6605-01,TCGA-AZ-6605,3517.22,5.227339974,1.0,Primary
COADREAD,TCGA-AZ-6606-01,TCGA-AZ-6606,15134.2,11.73685768,1.0,Primary
COADREAD,TCGA-AZ-6607-01,TCGA-AZ-6607,1108.01,3.189006148,1.0,Primary
COADREAD,TCGA-CA-5254-01,TCGA-CA-5254,19570.4,12.69027189,0.0,Primary
COADREAD,TCGA-CA-5255-01,TCGA-CA-5255,13168.1,12.36150837,0.0,Primary
COADREAD,TCGA-CA-5256-01,TCGA-CA-5256,1802.67,12.46013742,0.0,Primary
COADREAD,TCGA-CA-5796-01,TCGA-CA-5796,45982.7,12.39438472,0.0,Primary
COADREAD,TCGA-CA-5797-01,TCGA-CA-5797,454.782,12.59164283,0.0,Primary
COADREAD,TCGA-CA-6715-01,TCGA-CA-6715,1838.88,12.59164283,0.0,Primary
COADREAD,TCGA-CA-6716-01,TCGA-CA-6716,859.234,12.19712661,0.0,Primary
COADREAD,TCGA-CA-6717-01,TCGA-CA-6717,3337.69,12.75602459,0.0,Primary
COADREAD,TCGA-CA-6718-01,TCGA-CA-6718,235.893,10.06016372,1.0,Primary
COADREAD,TCGA-CA-6719-01,TCGA-CA-6719,484.469,14.30121314,0.0,Primary
COADREAD,TCGA-CI-6619-01,TCGA-CI-6619,15199.4,6.049248775,0.0,Primary
COADREAD,TCGA-CI-6620-01,TCGA-CI-6620,1577.51,33.17223921,0.0,Primary
COADREAD,TCGA-CI-6621-01,TCGA-CI-6621,11730.7,13.77519151,0.0,Primary
COADREAD,TCGA-CI-6622-01,TCGA-CI-6622,7299.7,44.77759148,0.0,Primary
COADREAD,TCGA-CI-6623-01,TCGA-CI-6623,1961.86,47.44057599,0.0,Primary
COADREAD,TCGA-CI-6624-01,TCGA-CI-6624,8031.34,48.19673209,0.0,Primary
COADREAD,TCGA-CK-4947-01,TCGA-CK-4947,3958.58,17.55597199,0.0,Primary
COADREAD,TCGA-CK-4948-01,TCGA-CK-4948,1111.84,148.0093369,0.0,Primary
COADREAD,TCGA-CK-4950-01,TCGA-CK-4950,3966.97,85.44563895,0.0,Primary
COADREAD,TCGA-CK-4951-01,TCGA-CK-4951,45.1636,70.15813525,1.0,Primary
COADREAD,TCGA-CK-4952-01,TCGA-CK-4952,137.126,15.61626722,0.0,Primary
COADREAD,TCGA-CK-5912-01,TCGA-CK-5912,1421.66,49.0843936,1.0,Primary
COADREAD,TCGA-CK-5913-01,TCGA-CK-5913,36842.7,51.31998553,0.0,Primary
COADREAD,TCGA-CK-5914-01,TCGA-CK-5914,353.179,21.99427952,0.0,Primary
COADREAD,TCGA-CK-5915-01,TCGA-CK-5915,1543.52,0.0,0.0,Primary
COADREAD,TCGA-CK-5916-01,TCGA-CK-5916,1245.37,21.13949436,1.0,Primary
COADREAD,TCGA-CK-6746-01,TCGA-CK-6746,10.9489,0.0,0.0,Primary
COADREAD,TCGA-CK-6747-01,TCGA-CK-6747,12762.2,82.9470362,0.0,Primary
COADREAD,TCGA-CK-6748-01,TCGA-CK-6748,73.1559,2.005457474,0.0,Primary
COADREAD,TCGA-CK-6751-01,TCGA-CK-6751,3316.63,124.2726107,0.0,Primary
COADREAD,TCGA-CL-4957-01,TCGA-CL-4957,3311.01,13.97244962,0.0,Primary
COADREAD,TCGA-CL-5917-01,TCGA-CL-5917,27.3496,78.11421245,0.0,Primary
COADREAD,TCGA-CL-5918-01,TCGA-CL-5918,490.188,7.167044745,0.0,Primary
COADREAD,TCGA-CM-4743-01,TCGA-CM-4743,3769.61,23.04632278,0.0,Primary
COADREAD,TCGA-CM-4744-01,TCGA-CM-4744,583.603,20.02169839,0.0,Primary
COADREAD,TCGA-CM-4746-01,TCGA-CM-4746,1451.0537,37.0187724,0.0,Primary
COADREAD,TCGA-CM-4747-01,TCGA-CM-4747,5102.45,25.0189039,0.0,Primary
COADREAD,TCGA-CM-4748-01,TCGA-CM-4748,1653.796,26.03807082,0.0,Primary
COADREAD,TCGA-CM-4750-01,TCGA-CM-4750,2994.4583,8.021829898,0.0,Primary
COADREAD,TCGA-CM-4751-01,TCGA-CM-4751,1084.55,27.02436138,0.0,Primary
COADREAD,TCGA-CM-4752-01,TCGA-CM-4752,1461.8916,13.01903541,0.0,Primary
COADREAD,TCGA-CM-5341-01,TCGA-CM-5341,76.7753,29.0626952,0.0,Primary
COADREAD,TCGA-CM-5344-01,TCGA-CM-5344,664.776,22.02715587,0.0,Primary
COADREAD,TCGA-CM-5348-01,TCGA-CM-5348,774.979,22.98057008,0.0,Primary
COADREAD,TCGA-CM-5349-01,TCGA-CM-5349,775.014,30.08186212,0.0,Primary
COADREAD,TCGA-CM-5860-01,TCGA-CM-5860,1902.3,32.02156689,0.0,Primary
COADREAD,TCGA-CM-5861-01,TCGA-CM-5861,585.159,15.02449288,0.0,Primary
COADREAD,TCGA-CM-5862-01,TCGA-CM-5862,30.719,5.030081862,1.0,Primary
COADREAD,TCGA-CM-5863-01,TCGA-CM-5863,4494.83,15.02449288,0.0,Primary
COADREAD,TCGA-CM-5864-01,TCGA-CM-5864,809.946,15.02449288,0.0,Primary
COADREAD,TCGA-CM-5868-01,TCGA-CM-5868,535.842,17.02995036,0.0,Primary
COADREAD,TCGA-CM-6161-01,TCGA-CM-6161,1715.63,15.02449288,0.0,Primary
COADREAD,TCGA-CM-6162-01,TCGA-CM-6162,10586.2,11.9998685,0.0,Primary
COADREAD,TCGA-CM-6163-01,TCGA-CM-6163,654.407,14.03820232,0.0,Primary
COADREAD,TCGA-CM-6164-01,TCGA-CM-6164,638.116,29.02981885,0.0,Primary
COADREAD,TCGA-CM-6165-01,TCGA-CM-6165,437.715,16.0436598,0.0,Primary
COADREAD,TCGA-CM-6166-01,TCGA-CM-6166,26.9461,21.99427952,0.0,Primary
COADREAD,TCGA-CM-6167-01,TCGA-CM-6167,151.033,14.99161653,0.0,Primary
COADREAD,TCGA-CM-6168-01,TCGA-CM-6168,297.872,12.98615906,0.0,Primary
COADREAD,TCGA-CM-6169-01,TCGA-CM-6169,23.9833,13.01903541,0.0,Primary
COADREAD,TCGA-CM-6170-01,TCGA-CM-6170,1522.66,15.02449288,0.0,Primary
COADREAD,TCGA-CM-6171-01,TCGA-CM-6171,47.2388,14.03820232,0.0,Primary
COADREAD,TCGA-CM-6172-01,TCGA-CM-6172,8409.47,11.01357793,0.0,Primary
COADREAD,TCGA-CM-6674-01,TCGA-CM-6674,1098.19,12.9532827,0.0,Primary
COADREAD,TCGA-CM-6675-01,TCGA-CM-6675,1883.72,13.05191176,0.0,Primary
COADREAD,TCGA-CM-6676-01,TCGA-CM-6676,21.4592,11.07933064,0.0,Primary
COADREAD,TCGA-CM-6677-01,TCGA-CM-6677,1811.78,11.07933064,0.0,Primary
COADREAD,TCGA-CM-6678-01,TCGA-CM-6678,757.18,11.01357793,0.0,Primary
COADREAD,TCGA-CM-6679-01,TCGA-CM-6679,1550.91,10.06016372,0.0,Primary
COADREAD,TCGA-CM-6680-01,TCGA-CM-6680,15700.2,12.03274485,0.0,Primary
COADREAD,TCGA-D5-5537-01,TCGA-D5-5537,1430.66,45.40224217,1.0,Primary
COADREAD,TCGA-D5-5538-01,TCGA-D5-5538,1240.77,54.60762074,1.0,Primary
COADREAD,TCGA-D5-5539-01,TCGA-D5-5539,1024.54,19.59430582,0.0,Primary
COADREAD,TCGA-D5-5540-01,TCGA-D5-5540,1.2315,56.08705658,0.0,Primary
COADREAD,TCGA-D5-5541-01,TCGA-D5-5541,41.0678,55.92267482,0.0,Primary
COADREAD,TCGA-D5-6529-01,TCGA-D5-6529,9352.51,20.18608015,0.0,Primary
COADREAD,TCGA-D5-6530-01,TCGA-D5-6530,3947.3,20.41621462,0.0,Primary
COADREAD,TCGA-D5-6531-01,TCGA-D5-6531,8.679,17.7532301,0.0,Primary
COADREAD,TCGA-D5-6532-01,TCGA-D5-6532,481.547,18.24637538,0.0,Primary
COADREAD,TCGA-D5-6533-01,TCGA-D5-6533,2730.05,25.47917283,0.0,Primary
COADREAD,TCGA-D5-6534-01,TCGA-D5-6534,65.8703,43.26527929,0.0,Primary
COADREAD,TCGA-D5-6535-01,TCGA-D5-6535,25308.0,15.12312194,0.0,Primary
COADREAD,TCGA-D5-6536-01,TCGA-D5-6536,933.982,17.85185916,0.0,Primary
COADREAD,TCGA-D5-6537-01,TCGA-D5-6537,2255.93,4.799947398,1.0,Primary
COADREAD,TCGA-D5-6538-01,TCGA-D5-6538,188.103,17.12857941,0.0,Primary
COADREAD,TCGA-D5-6539-01,TCGA-D5-6539,7976.42,12.49301378,0.0,Primary
COADREAD,TCGA-D5-6540-01,TCGA-D5-6540,148.235,16.14228885,0.0,Primary
COADREAD,TCGA-D5-6541-01,TCGA-D5-6541,1724.09,15.58339087,0.0,Primary
COADREAD,TCGA-D5-6898-01,TCGA-D5-6898,763.868,7.528684617,0.0,Primary
COADREAD,TCGA-D5-6920-01,TCGA-D5-6920,27069.7,12.39438472,0.0,Primary
COADREAD,TCGA-D5-6922-01,TCGA-D5-6922,403.564,10.12591643,0.0,Primary
COADREAD,TCGA-D5-6923-01,TCGA-D5-6923,788.811,12.42726107,0.0,Primary
COADREAD,TCGA-D5-6924-01,TCGA-D5-6924,307.591,14.30121314,0.0,Primary
COADREAD,TCGA-D5-6926-01,TCGA-D5-6926,200.256,9.040996811,0.0,Primary
COADREAD,TCGA-D5-6927-01,TCGA-D5-6927,1649.98,9.435513036,0.0,Primary
COADREAD,TCGA-D5-6928-01,TCGA-D5-6928,31.0903,11.63822862,0.0,Primary
COADREAD,TCGA-D5-6929-01,TCGA-D5-6929,380.653,13.41355163,0.0,Primary
COADREAD,TCGA-D5-6930-01,TCGA-D5-6930,159.927,13.34779893,0.0,Primary
COADREAD,TCGA-D5-6931-01,TCGA-D5-6931,1828.81,11.9998685,0.0,Primary
COADREAD,TCGA-D5-6932-01,TCGA-D5-6932,368.558,11.37521781,0.0,Primary
COADREAD,TCGA-D5-7000-01,TCGA-D5-7000,8281.09,10.25742184,0.0,Primary
COADREAD,TCGA-DC-4745-01,TCGA-DC-4745,997.263,21.00798895,0.0,Primary
COADREAD,TCGA-DC-4749-01,TCGA-DC-4749,8442.09,25.05178025,0.0,Primary
COADREAD,TCGA-DC-5337-01,TCGA-DC-5337,14979.7,26.03807082,0.0,Primary
COADREAD,TCGA-DC-5869-01,TCGA-DC-5869,257.598,31.00239997,0.0,Primary
COADREAD,TCGA-DC-6154-01,TCGA-DC-6154,261.841,11.9998685,0.0,Primary
COADREAD,TCGA-DC-6155-01,TCGA-DC-6155,588.923,13.97244962,0.0,Primary
COADREAD,TCGA-DC-6156-01,TCGA-DC-6156,1753.52,31.00239997,0.0,Primary
COADREAD,TCGA-DC-6157-01,TCGA-DC-6157,394.803,51.97751258,0.0,Primary
COADREAD,TCGA-DC-6158-01,TCGA-DC-6158,900.692,10.98070158,1.0,Primary
COADREAD,TCGA-DC-6160-01,TCGA-DC-6160,13287.2,44.02143538,0.0,Primary
COADREAD,TCGA-DC-6681-01,TCGA-DC-6681,3579.8,25.97231811,0.0,Primary
COADREAD,TCGA-DC-6682-01,TCGA-DC-6682,906.147,25.05178025,0.0,Primary
COADREAD,TCGA-DC-6683-01,TCGA-DC-6683,789.494,25.05178025,0.0,Primary
COADREAD,TCGA-DM-A0X9-01,TCGA-DM-A0X9,313.203,119.7027978,0.0,Primary
COADREAD,TCGA-DM-A0XD-01,TCGA-DM-A0XD,4813.82,24.42712957,1.0,Primary
COADREAD,TCGA-DM-A0XF-01,TCGA-DM-A0XF,33.9734,38.20232107,1.0,Primary
COADREAD,TCGA-DM-A1D0-01,TCGA-DM-A1D0,129.913,130.650623,0.0,Primary
COADREAD,TCGA-DM-A1D4-01,TCGA-DM-A1D4,13760.7,92.74418911,1.0,Primary
COADREAD,TCGA-DM-A1D6-01,TCGA-DM-A1D6,4016.38,49.9063024,1.0,Primary
COADREAD,TCGA-DM-A1D7-01,TCGA-DM-A1D7,1807.04,13.31492258,1.0,Primary
COADREAD,TCGA-DM-A1D8-01,TCGA-DM-A1D8,3.9643,12.59164283,1.0,Primary
COADREAD,TCGA-DM-A1D9-01,TCGA-DM-A1D9,83.1126,140.3820232,0.0,Primary
COADREAD,TCGA-DM-A1DA-01,TCGA-DM-A1DA,132.358,7.495808265,1.0,Primary
COADREAD,TCGA-DM-A1DB-01,TCGA-DM-A1DB,16.9176,44.31732255,1.0,Primary
COADREAD,TCGA-DM-A1HA-01,TCGA-DM-A1HA,3.9928,131.5054082,0.0,Primary
COADREAD,TCGA-DM-A1HB-01,TCGA-DM-A1HB,3904.09,135.6478285,0.0,Primary
COADREAD,TCGA-DM-A280-01,TCGA-DM-A280,20970.1,7.758819081,1.0,Primary
COADREAD,TCGA-DM-A282-01,TCGA-DM-A282,33.7175,139.1655982,0.0,Primary
COADREAD,TCGA-DM-A285-01,TCGA-DM-A285,1504.88,5.884867015,1.0,Primary
COADREAD,TCGA-DM-A288-01,TCGA-DM-A288,2838.02,14.03820232,1.0,Primary
COADREAD,TCGA-DM-A28A-01,TCGA-DM-A28A,100.042,26.46546339,1.0,Primary
COADREAD,TCGA-DM-A28C-01,TCGA-DM-A28C,666.117,81.3689713,1.0,Primary
COADREAD,TCGA-DM-A28E-01,TCGA-DM-A28E,968.568,119.9329322,0.0,Primary
COADREAD,TCGA-DM-A28F-01,TCGA-DM-A28F,3863.75,35.96672913,1.0,Primary
COADREAD,TCGA-DM-A28G-01,TCGA-DM-A28G,2764.68,60.78837492,1.0,Primary
COADREAD,TCGA-DM-A28H-01,TCGA-DM-A28H,19.7628,117.0726896,0.0,Primary
COADREAD,TCGA-DM-A28K-01,TCGA-DM-A28K,369.813,98.2345399,0.0,Primary
COADREAD,TCGA-DM-A28M-01,TCGA-DM-A28M,4741.09,95.17703916,0.0,Primary
COADREAD,TCGA-DT-5265-01,TCGA-DT-5265,339.214,12.62451918,0.0,Primary
COADREAD,TCGA-DY-A0XA-01,TCGA-DY-A0XA,850.351,126.44245,0.0,Primary
COADREAD,TCGA-DY-A1DC-01,TCGA-DY-A1DC,3096.15,41.35845087,1.0,Primary
COADREAD,TCGA-DY-A1DD-01,TCGA-DY-A1DD,1.5025,57.2377289,1.0,Primary
COADREAD,TCGA-DY-A1DE-01,TCGA-DY-A1DE,602.035,129.2698162,0.0,Primary
COADREAD,TCGA-DY-A1DF-01,TCGA-DY-A1DF,12.3153,24.1312424,1.0,Primary
COADREAD,TCGA-DY-A1DG-01,TCGA-DY-A1DG,189.799,51.4843673,1.0,Primary
COADREAD,TCGA-DY-A1H8-01,TCGA-DY-A1H8,504.756,32.61334122,1.0,Primary
COADREAD,TCGA-EF-5830-01,TCGA-EF-5830,95.4545,3.484893316,0.0,Primary
COADREAD,TCGA-EF-5831-01,TCGA-EF-5831,2529.46,4.175296709,0.0,Primary
COADREAD,TCGA-EI-6506-01,TCGA-EI-6506,5976.59,20.54772003,0.0,Primary
COADREAD,TCGA-EI-6507-01,TCGA-EI-6507,1678.85,19.95594569,0.0,Primary
COADREAD,TCGA-EI-6508-01,TCGA-EI-6508,3750.13,20.9093599,0.0,Primary
COADREAD,TCGA-EI-6509-01,TCGA-EI-6509,45.8505,16.99707401,0.0,Primary
COADREAD,TCGA-EI-6510-01,TCGA-EI-6510,17759.4,18.27925173,0.0,Primary
COADREAD,TCGA-EI-6511-01,TCGA-EI-6511,2633.81,15.84640168,0.0,Primary
COADREAD,TCGA-EI-6512-01,TCGA-EI-6512,10173.7,17.6874774,0.0,Primary
COADREAD,TCGA-EI-6513-01,TCGA-EI-6513,279.875,16.33954696,0.0,Primary
COADREAD,TCGA-EI-6514-01,TCGA-EI-6514,83.6831,16.30667061,0.0,Primary
COADREAD,TCGA-EI-6881-01,TCGA-EI-6881,4733.93,16.40529967,0.0,Primary
COADREAD,TCGA-EI-6882-01,TCGA-EI-6882,9036.02,8.613604235,0.0,Primary
COADREAD,TCGA-EI-6883-01,TCGA-EI-6883,170.995,11.50672321,0.0,Primary
COADREAD,TCGA-EI-6884-01,TCGA-EI-6884,13778.1,10.78344347,0.0,Primary
COADREAD,TCGA-EI-6885-01,TCGA-EI-6885,18.4548,13.6436861,0.0,Primary
COADREAD,TCGA-EI-6917-01,TCGA-EI-6917,89.5466,17.45734293,0.0,Primary
COADREAD,TCGA-EI-7002-01,TCGA-EI-7002,1623.47,11.96699214,0.0,Primary
COADREAD,TCGA-EI-7004-01,TCGA-EI-7004,5043.72,8.449222474,0.0,Primary
COADREAD,TCGA-F4-6459-01,TCGA-F4-6459,684.323,8.613604235,1.0,Primary
COADREAD,TCGA-F4-6460-01,TCGA-F4-6460,1508.86,31.95581418,1.0,Primary
COADREAD,TCGA-F4-6461-01,TCGA-F4-6461,43.454,11.11220699,1.0,Primary
COADREAD,TCGA-F4-6463-01,TCGA-F4-6463,2500.0,35.73659467,0.0,Primary
COADREAD,TCGA-F4-6569-01,TCGA-F4-6569,27.1298,35.73659467,0.0,Primary
COADREAD,TCGA-F4-6570-01,TCGA-F4-6570,15.8131,6.180754184,1.0,Primary
COADREAD,TCGA-F4-6703-01,TCGA-F4-6703,2377.05,47.86796857,0.0,Primary
COADREAD,TCGA-F4-6704-01,TCGA-F4-6704,24.9549,1.545188546,0.0,Primary
COADREAD,TCGA-F4-6805-01,TCGA-F4-6805,3138.0,34.42154059,0.0,Primary
COADREAD,TCGA-F4-6806-01,TCGA-F4-6806,17260.5,41.42420357,0.0,Primary
COADREAD,TCGA-F4-6807-01,TCGA-F4-6807,703.723,43.03514482,0.0,Primary
COADREAD,TCGA-F4-6808-01,TCGA-F4-6808,779.751,33.66538449,0.0,Primary
COADREAD,TCGA-F4-6809-01,TCGA-F4-6809,68.6441,13.24916987,1.0,Primary
COADREAD,TCGA-F4-6854-01,TCGA-F4-6854,1967.51,0.526021633,0.0,Primary
COADREAD,TCGA-F4-6855-01,TCGA-F4-6855,190.476,47.40769964,0.0,Primary
COADREAD,TCGA-F4-6856-01,TCGA-F4-6856,54.513,35.30920209,0.0,Primary
COADREAD,TCGA-F5-6464-01,TCGA-F5-6464,2180.17,9.961534668,1.0,Primary
COADREAD,TCGA-F5-6465-01,TCGA-F5-6465,1668.81,49.51178617,0.0,Primary
COADREAD,TCGA-F5-6571-01,TCGA-F5-6571,65.4332,42.34474143,0.0,Primary
COADREAD,TCGA-F5-6702-01,TCGA-F5-6702,639.818,14.86011112,0.0,Primary
COADREAD,TCGA-F5-6810-01,TCGA-F5-6810,1199.78,,,Primary
COADREAD,TCGA-F5-6811-01,TCGA-F5-6811,3115.6,32.18594865,0.0,Primary
COADREAD,TCGA-F5-6812-01,TCGA-F5-6812,309.628,36.49275076,0.0,Primary
COADREAD,TCGA-F5-6813-01,TCGA-F5-6813,923.984,19.66005852,1.0,Primary
COADREAD,TCGA-F5-6814-01,TCGA-F5-6814,38.7074,37.18315416,0.0,Primary
COADREAD,TCGA-F5-6861-01,TCGA-F5-6861,1039.75,38.13656837,0.0,Primary
COADREAD,TCGA-F5-6863-01,TCGA-F5-6863,235.316,11.86836309,1.0,Primary
COADREAD,TCGA-F5-6864-01,TCGA-F5-6864,4099.17,12.46013742,0.0,Primary
COADREAD,TCGA-G4-6293-01,TCGA-G4-6293,21082.2,133.1821021,0.0,Primary
COADREAD,TCGA-G4-6294-01,TCGA-G4-6294,280.848,28.20791005,1.0,Primary
COADREAD,TCGA-G4-6295-01,TCGA-G4-6295,2056.62,8.350593418,0.0,Primary
COADREAD,TCGA-G4-6297-01,TCGA-G4-6297,1678.81,82.38813821,0.0,Primary
COADREAD,TCGA-G4-6298-01,TCGA-G4-6298,19.4878,23.50659171,1.0,Primary
COADREAD,TCGA-G4-6299-01,TCGA-G4-6299,12.7389,74.56356643,0.0,Primary
COADREAD,TCGA-G4-6302-01,TCGA-G4-6302,643.774,67.29789263,1.0,Primary
COADREAD,TCGA-G4-6303-01,TCGA-G4-6303,2563.88,65.85133314,1.0,Primary
COADREAD,TCGA-G4-6304-01,TCGA-G4-6304,148.472,53.62133018,0.0,Primary
COADREAD,TCGA-G4-6306-01,TCGA-G4-6306,2679.8,44.67896242,0.0,Primary
COADREAD,TCGA-G4-6307-01,TCGA-G4-6307,1158.21,55.03501332,0.0,Primary
COADREAD,TCGA-G4-6309-01,TCGA-G4-6309,2513.59,85.4785153,0.0,Primary
COADREAD,TCGA-G4-6311-01,TCGA-G4-6311,1009.44,39.4187461,0.0,Primary
COADREAD,TCGA-G4-6315-01,TCGA-G4-6315,7659.13,61.90617089,0.0,Primary
COADREAD,TCGA-G4-6317-01,TCGA-G4-6317,28.9459,35.99960548,0.0,Primary
COADREAD,TCGA-G4-6320-01,TCGA-G4-6320,138.516,26.43258704,0.0,Primary
COADREAD,TCGA-G4-6321-01,TCGA-G4-6321,26828.7,22.09290857,0.0,Primary
COADREAD,TCGA-G4-6322-01,TCGA-G4-6322,1711.34,26.03807082,0.0,Primary
COADREAD,TCGA-G4-6323-01,TCGA-G4-6323,12631.5,13.77519151,0.0,Primary
COADREAD,TCGA-G4-6586-01,TCGA-G4-6586,1309.23,35.80234737,0.0,Primary
COADREAD,TCGA-G4-6588-01,TCGA-G4-6588,1301.95,26.16957622,0.0,Primary
COADREAD,TCGA-G4-6626-01,TCGA-G4-6626,984.649,46.7501726,1.0,Primary
COADREAD,TCGA-G4-6627-01,TCGA-G4-6627,6955.72,74.79370089,0.0,Primary
COADREAD,TCGA-G4-6628-01,TCGA-G4-6628,1084.58,79.69227735,0.0,Primary
COADREAD,TCGA-G5-6641-01,TCGA-G5-6641,10452.5,26.43258704,0.0,Primary
COADREAD,TCGA-NH-A50T-01,TCGA-NH-A50T,1405.88,18.18062268,0.0,Primary
COADREAD,TCGA-NH-A50U-01,TCGA-NH-A50U,4571.57,10.98070158,1.0,Primary
COADREAD,TCGA-NH-A50V-01,TCGA-NH-A50V,31076.2,19.331295,0.0,Primary
COADREAD,TCGA-NH-A5IV-01,TCGA-NH-A5IV,273.612,19.331295,0.0,Primary
COADREAD,TCGA-NH-A6GA-01,TCGA-NH-A6GA,1049.93,9.928658316,1.0,Primary
COADREAD,TCGA-NH-A6GB-01,TCGA-NH-A6GB,6652.25,15.64914357,0.0,Primary
COADREAD,TCGA-NH-A6GC-01,TCGA-NH-A6GC,467.818,12.78890094,0.0,Primary
COADREAD,TCGA-NH-A8F7-01,TCGA-NH-A8F7,22.8571,17.85185916,0.0,Primary
COADREAD,TCGA-NH-A8F8-01,TCGA-NH-A8F8,51.6564,16.79981589,1.0,Primary
COADREAD,TCGA-QG-A5YV-01,TCGA-QG-A5YV,6169.44,42.772134,0.0,Primary
COADREAD,TCGA-QG-A5YW-01,TCGA-QG-A5YW,21290.1,29.45721143,0.0,Primary
COADREAD,TCGA-QG-A5YX-01,TCGA-QG-A5YX,10418.6,32.9749811,0.0,Primary
COADREAD,TCGA-QG-A5Z1-01,TCGA-QG-A5Z1,618.827,8.416346122,1.0,Primary
COADREAD,TCGA-QG-A5Z2-01,TCGA-QG-A5Z2,1053.14,31.29828714,0.0,Primary
COADREAD,TCGA-QL-A97D-01,TCGA-QL-A97D,1033.07,21.89565046,0.0,Primary
COADREAD,TCGA-RU-A8FL-01,TCGA-RU-A8FL,132.607,38.69546635,0.0,Primary
COADREAD,TCGA-SS-A7HO-01,TCGA-SS-A7HO,200.612,60.13084788,0.0,Primary
COADREAD,TCGA-T9-A92H-01,TCGA-T9-A92H,2190.16,11.90123944,0.0,Primary
COADREAD,TCGA-WS-AB45-01,TCGA-WS-AB45,4.8275,70.02662985,0.0,Primary
ESCA,TCGA-2H-A9GF-01,TCGA-2H-A9GF,25.9858,25.77506,1.0,Primary
ESCA,TCGA-2H-A9GH-01,TCGA-2H-A9GH,7136.2809,31.26541079,1.0,Primary
ESCA,TCGA-2H-A9GI-01,TCGA-2H-A9GI,5705.0126,14.30121314,1.0,Primary
ESCA,TCGA-2H-A9GJ-01,TCGA-2H-A9GJ,29201.6839,58.55278298,1.0,Primary
ESCA,TCGA-2H-A9GK-01,TCGA-2H-A9GK,14533.0011,7.627313673,1.0,Primary
ESCA,TCGA-2H-A9GL-01,TCGA-2H-A9GL,66.6607,5.917743367,1.0,Primary
ESCA,TCGA-2H-A9GM-01,TCGA-2H-A9GM,6007.4261,13.93957327,1.0,Primary
ESCA,TCGA-2H-A9GN-01,TCGA-2H-A9GN,3711.2418,8.942367755,1.0,Primary
ESCA,TCGA-2H-A9GO-01,TCGA-2H-A9GO,673.9992,16.24091791,1.0,Primary
ESCA,TCGA-2H-A9GQ-01,TCGA-2H-A9GQ,91.8777,4.208173061,1.0,Primary
ESCA,TCGA-2H-A9GR-01,TCGA-2H-A9GR,1031.3132,32.44895946,1.0,Primary
ESCA,TCGA-IC-A6RE-01,TCGA-IC-A6RE,2302.8931,7.693066377,0.0,Primary
ESCA,TCGA-IG-A3I8-01,TCGA-IG-A3I8,129.2326,33.27086826,0.0,Primary
ESCA,TCGA-IG-A3QL-01,TCGA-IG-A3QL,104.3352,35.21057304,0.0,Primary
ESCA,TCGA-IG-A3Y9-01,TCGA-IG-A3Y9,519.7661,0.854785153,1.0,Primary
ESCA,TCGA-IG-A3YA-01,TCGA-IG-A3YA,420.3517,20.77785449,0.0,Primary
ESCA,TCGA-IG-A3YB-01,TCGA-IG-A3YB,3026.8759,2.630108163,0.0,Primary
ESCA,TCGA-IG-A3YC-01,TCGA-IG-A3YC,825.4875,20.12032745,0.0,Primary
ESCA,TCGA-IG-A4P3-01,TCGA-IG-A4P3,8098.8412,18.64089161,1.0,Primary
ESCA,TCGA-IG-A4QS-01,TCGA-IG-A4QS,3071.7796,3.879409541,1.0,Primary
ESCA,TCGA-IG-A4QT-01,TCGA-IG-A4QT,2.9324,9.304007627,1.0,Primary
ESCA,TCGA-IG-A50L-01,TCGA-IG-A50L,190.8229,0.526021633,0.0,Primary
ESCA,TCGA-IG-A51D-01,TCGA-IG-A51D,408.7473,17.02995036,0.0,Primary
ESCA,TCGA-IG-A5B8-01,TCGA-IG-A5B8,1327.1796,0.789032449,1.0,Primary
ESCA,TCGA-IG-A5S3-01,TCGA-IG-A5S3,1280.3266,23.40796265,0.0,Primary
ESCA,TCGA-IG-A625-01,TCGA-IG-A625,1255.5562,12.8217773,1.0,Primary
ESCA,TCGA-IG-A6QS-01,TCGA-IG-A6QS,1179.4433,9.961534668,1.0,Primary
ESCA,TCGA-IG-A7DP-01,TCGA-IG-A7DP,51.9774,14.86011112,0.0,Primary
ESCA,TCGA-IG-A8O2-01,TCGA-IG-A8O2,367.8958,4.66844199,1.0,Primary
ESCA,TCGA-IG-A97H-01,TCGA-IG-A97H,102.6035,14.49847125,0.0,Primary
ESCA,TCGA-IG-A97I-01,TCGA-IG-A97I,422.0185,12.16425026,0.0,Primary
ESCA,TCGA-JY-A6F8-01,TCGA-JY-A6F8,1852.2215,122.1027715,0.0,Primary
ESCA,TCGA-JY-A6FA-01,TCGA-JY-A6FA,1878.5376,44.74471513,1.0,Primary
ESCA,TCGA-JY-A6FB-01,TCGA-JY-A6FB,1597.4093,60.3938587,0.0,Primary
ESCA,TCGA-JY-A6FD-01,TCGA-JY-A6FD,3108.8072,68.02117237,0.0,Primary
ESCA,TCGA-JY-A6FE-01,TCGA-JY-A6FE,56.5625,3.682151429,1.0,Primary
ESCA,TCGA-JY-A6FG-01,TCGA-JY-A6FG,1446.7096,41.52283263,1.0,Primary
ESCA,TCGA-JY-A6FH-01,TCGA-JY-A6FH,1431.8631,47.37482329,0.0,Primary
ESCA,TCGA-JY-A938-01,TCGA-JY-A938,9275.3169,34.84893316,0.0,Primary
ESCA,TCGA-JY-A939-01,TCGA-JY-A939,2296.543,21.69839235,0.0,Primary
ESCA,TCGA-JY-A93C-01,TCGA-JY-A93C,718.2867,23.17782819,0.0,Primary
ESCA,TCGA-JY-A93D-01,TCGA-JY-A93D,235.0129,31.56129796,1.0,Primary
ESCA,TCGA-JY-A93E-01,TCGA-JY-A93E,115.2269,25.21616202,0.0,Primary
ESCA,TCGA-JY-A93F-01,TCGA-JY-A93F,720.2892,24.03261334,0.0,Primary
ESCA,TCGA-KH-A6WC-01,TCGA-KH-A6WC,4139.4172,6.27938324,0.0,Primary
ESCA,TCGA-L5-A43C-01,TCGA-L5-A43C,5628.4371,3.156129796,0.0,Primary
ESCA,TCGA-L5-A43E-01,TCGA-L5-A43E,22777.9204,30.24624388,0.0,Primary
ESCA,TCGA-L5-A43H-01,TCGA-L5-A43H,824.4253,0.295887168,1.0,Primary
ESCA,TCGA-L5-A43I-01,TCGA-L5-A43I,56413.3831,18.27925173,1.0,Primary
ESCA,TCGA-L5-A43J-01,TCGA-L5-A43J,934.8189,4.306802117,1.0,Primary
ESCA,TCGA-L5-A43M-01,TCGA-L5-A43M,9662.3987,8.942367755,0.0,Primary
ESCA,TCGA-L5-A4OE-01,TCGA-L5-A4OE,1855.8937,23.99973699,1.0,Primary
ESCA,TCGA-L5-A4OF-01,TCGA-L5-A4OF,4373.1312,26.33395798,1.0,Primary
ESCA,TCGA-L5-A4OG-01,TCGA-L5-A4OG,8448.7378,4.701318342,0.0,Primary
ESCA,TCGA-L5-A4OH-01,TCGA-L5-A4OH,2583.8244,32.61334122,0.0,Primary
ESCA,TCGA-L5-A4OI-01,TCGA-L5-A4OI,2264.7924,19.98882204,0.0,Primary
ESCA,TCGA-L5-A4OJ-01,TCGA-L5-A4OJ,14856.0205,21.00798895,0.0,Primary
ESCA,TCGA-L5-A4OM-01,TCGA-L5-A4OM,2397.4262,47.93372127,1.0,Primary
ESCA,TCGA-L5-A4ON-01,TCGA-L5-A4ON,62652.9438,18.34500444,1.0,Primary
ESCA,TCGA-L5-A4OO-01,TCGA-L5-A4OO,1741.7688,3.320511556,0.0,Primary
ESCA,TCGA-L5-A4OP-01,TCGA-L5-A4OP,11494.0002,7.167044745,0.0,Primary
ESCA,TCGA-L5-A4OQ-01,TCGA-L5-A4OQ,6038.9208,1.380806786,1.0,Primary
ESCA,TCGA-L5-A4OR-01,TCGA-L5-A4OR,11459.3453,3.156129796,1.0,Primary
ESCA,TCGA-L5-A4OS-01,TCGA-L5-A4OS,1069.6404,58.58565934,0.0,Primary
ESCA,TCGA-L5-A4OT-01,TCGA-L5-A4OT,5167.9105,4.898576454,1.0,Primary
ESCA,TCGA-L5-A4OU-01,TCGA-L5-A4OU,1561.6025,28.9969425,0.0,Primary
ESCA,TCGA-L5-A4OW-01,TCGA-L5-A4OW,18150.0108,7.134168393,1.0,Primary
ESCA,TCGA-L5-A4OX-01,TCGA-L5-A4OX,261.3644,7.430055561,1.0,Primary
ESCA,TCGA-L5-A88S-01,TCGA-L5-A88S,178.2359,15.48476181,0.0,Primary
ESCA,TCGA-L5-A88V-01,TCGA-L5-A88V,917.3979,2.597231811,0.0,Primary
ESCA,TCGA-L5-A88W-01,TCGA-L5-A88W,166.4611,25.11753296,1.0,Primary
ESCA,TCGA-L5-A88Y-01,TCGA-L5-A88Y,14304.1014,0.361639872,0.0,Primary
ESCA,TCGA-L5-A88Z-01,TCGA-L5-A88Z,3850.5113,7.397179209,0.0,Primary
ESCA,TCGA-L5-A891-01,TCGA-L5-A891,33.5968,3.747904133,0.0,Primary
ESCA,TCGA-L5-A893-01,TCGA-L5-A893,14887.6234,3.024624388,0.0,Primary
ESCA,TCGA-L5-A8NE-01,TCGA-L5-A8NE,18625.3346,55.49528224,0.0,Primary
ESCA,TCGA-L5-A8NF-01,TCGA-L5-A8NF,10213.7369,2.662984515,1.0,Primary
ESCA,TCGA-L5-A8NG-01,TCGA-L5-A8NG,3522.8253,35.96672913,0.0,Primary
ESCA,TCGA-L5-A8NH-01,TCGA-L5-A8NH,28998.5784,12.92040635,1.0,Primary
ESCA,TCGA-L5-A8NI-01,TCGA-L5-A8NI,1817.2811,13.47930434,1.0,Primary
ESCA,TCGA-L5-A8NJ-01,TCGA-L5-A8NJ,6062.5787,16.47105237,0.0,Primary
ESCA,TCGA-L5-A8NK-01,TCGA-L5-A8NK,3603.0633,13.54505704,0.0,Primary
ESCA,TCGA-L5-A8NL-01,TCGA-L5-A8NL,63.3203,13.21629352,0.0,Primary
ESCA,TCGA-L5-A8NM-01,TCGA-L5-A8NM,6581.7233,7.758819081,1.0,Primary
ESCA,TCGA-L5-A8NN-01,TCGA-L5-A8NN,697.6473,5.490350791,0.0,Primary
ESCA,TCGA-L5-A8NQ-01,TCGA-L5-A8NQ,2403.796,21.36962883,1.0,Primary
ESCA,TCGA-L5-A8NR-01,TCGA-L5-A8NR,2045.3341,8.712233291,0.0,Primary
ESCA,TCGA-L5-A8NS-01,TCGA-L5-A8NS,5056.3945,13.41355163,0.0,Primary
ESCA,TCGA-L5-A8NT-01,TCGA-L5-A8NT,629.3082,27.12299043,0.0,Primary
ESCA,TCGA-L5-A8NU-01,TCGA-L5-A8NU,8191.9763,83.24292337,1.0,Primary
ESCA,TCGA-L5-A8NV-01,TCGA-L5-A8NV,21482.6925,52.56928691,1.0,Primary
ESCA,TCGA-L5-A8NW-01,TCGA-L5-A8NW,7091.003,46.09264556,1.0,Primary
ESCA,TCGA-L7-A56G-01,TCGA-L7-A56G,4875.6769,10.84919617,1.0,Primary
ESCA,TCGA-L7-A6VZ-01,TCGA-L7-A6VZ,5709.2559,10.35605089,0.0,Primary
ESCA,TCGA-LN-A49K-01,TCGA-LN-A49K,539.9231,5.917743367,1.0,Primary
ESCA,TCGA-LN-A49L-01,TCGA-LN-A49L,337.367,10.45467995,1.0,Primary
ESCA,TCGA-LN-A49M-01,TCGA-LN-A49M,1958.6574,12.65739554,0.0,Primary
ESCA,TCGA-LN-A49N-01,TCGA-LN-A49N,1106.4317,12.42726107,0.0,Primary
ESCA,TCGA-LN-A49O-01,TCGA-LN-A49O,146.4508,13.41355163,0.0,Primary
ESCA,TCGA-LN-A49P-01,TCGA-LN-A49P,1056.5857,12.32863202,0.0,Primary
ESCA,TCGA-LN-A49R-01,TCGA-LN-A49R,990.9776,13.38067528,0.0,Primary
ESCA,TCGA-LN-A49S-01,TCGA-LN-A49S,9307.0872,13.15054082,0.0,Primary
ESCA,TCGA-LN-A49U-01,TCGA-LN-A49U,194.0807,15.3532564,0.0,Primary
ESCA,TCGA-LN-A49V-01,TCGA-LN-A49V,152.8383,12.59164283,0.0,Primary
ESCA,TCGA-LN-A49W-01,TCGA-LN-A49W,106.4569,13.24916987,0.0,Primary
ESCA,TCGA-LN-A49X-01,TCGA-LN-A49X,134.8847,12.62451918,0.0,Primary
ESCA,TCGA-LN-A49Y-01,TCGA-LN-A49Y,360.3731,12.46013742,0.0,Primary
ESCA,TCGA-LN-A4A1-01,TCGA-LN-A4A1,833.0919,12.59164283,0.0,Primary
ESCA,TCGA-LN-A4A2-01,TCGA-LN-A4A2,349.1624,12.49301378,0.0,Primary
ESCA,TCGA-LN-A4A3-01,TCGA-LN-A4A3,1514.8971,12.75602459,0.0,Primary
ESCA,TCGA-LN-A4A4-01,TCGA-LN-A4A4,600.5003,12.59164283,0.0,Primary
ESCA,TCGA-LN-A4A5-01,TCGA-LN-A4A5,65.5382,22.38879574,1.0,Primary
ESCA,TCGA-LN-A4A6-01,TCGA-LN-A4A6,677.002,12.85465365,0.0,Primary
ESCA,TCGA-LN-A4A8-01,TCGA-LN-A4A8,393.187,15.51763816,0.0,Primary
ESCA,TCGA-LN-A4A9-01,TCGA-LN-A4A9,1021.2121,11.53959957,1.0,Primary
ESCA,TCGA-LN-A4MQ-01,TCGA-LN-A4MQ,937.9812,12.32863202,0.0,Primary
ESCA,TCGA-LN-A4MR-01,TCGA-LN-A4MR,324.6372,13.21629352,0.0,Primary
ESCA,TCGA-LN-A5U5-01,TCGA-LN-A5U5,2296.0409,4.471183877,1.0,Primary
ESCA,TCGA-LN-A5U6-01,TCGA-LN-A5U6,209.5612,12.32863202,0.0,Primary
ESCA,TCGA-LN-A5U7-01,TCGA-LN-A5U7,267.9272,25.24903837,0.0,Primary
ESCA,TCGA-LN-A7HV-01,TCGA-LN-A7HV,409.6589,10.52043265,0.0,Primary
ESCA,TCGA-LN-A7HW-01,TCGA-LN-A7HW,413.4011,11.9998685,0.0,Primary
ESCA,TCGA-LN-A7HX-01,TCGA-LN-A7HX,864.1406,12.23000296,0.0,Primary
ESCA,TCGA-LN-A7HY-01,TCGA-LN-A7HY,444.6466,12.03274485,0.0,Primary
ESCA,TCGA-LN-A7HZ-01,TCGA-LN-A7HZ,325.2702,13.18341717,0.0,Primary
ESCA,TCGA-LN-A8HZ-01,TCGA-LN-A8HZ,1137.5325,12.32863202,0.0,Primary
ESCA,TCGA-LN-A8I0-01,TCGA-LN-A8I0,931.0758,13.38067528,0.0,Primary
ESCA,TCGA-LN-A8I1-01,TCGA-LN-A8I1,371.9235,13.18341717,0.0,Primary
ESCA,TCGA-LN-A9FO-01,TCGA-LN-A9FO,256.6968,0.131505408,0.0,Primary
ESCA,TCGA-LN-A9FP-01,TCGA-LN-A9FP,70.9969,12.03274485,0.0,Primary
ESCA,TCGA-LN-A9FQ-01,TCGA-LN-A9FQ,572.0005,12.85465365,0.0,Primary
ESCA,TCGA-LN-A9FR-01,TCGA-LN-A9FR,33.397,12.26287931,0.0,Primary
ESCA,TCGA-M9-A5M8-01,TCGA-M9-A5M8,14710.0169,33.1064865,0.0,Primary
ESCA,TCGA-Q9-A6FU-01,TCGA-Q9-A6FU,683.1218,5.16158727,1.0,Primary
ESCA,TCGA-Q9-A6FW-01,TCGA-Q9-A6FW,28891.6601,7.824571786,0.0,Primary
ESCA,TCGA-R6-A6DN-01,TCGA-R6-A6DN,9.3753,7.988953546,1.0,Primary
ESCA,TCGA-R6-A6DQ-01,TCGA-R6-A6DQ,9246.8054,7.594437321,1.0,Primary
ESCA,TCGA-R6-A6KZ-01,TCGA-R6-A6KZ,3004.8818,5.062958214,1.0,Primary
ESCA,TCGA-R6-A6L4-01,TCGA-R6-A6L4,8534.5383,16.30667061,1.0,Primary
ESCA,TCGA-R6-A6L6-01,TCGA-R6-A6L6,8392.778,7.035539337,1.0,Primary
ESCA,TCGA-R6-A6XG-01,TCGA-R6-A6XG,3400.7848,38.39957918,0.0,Primary
ESCA,TCGA-R6-A6XQ-01,TCGA-R6-A6XQ,4080.8878,6.345135944,1.0,Primary
ESCA,TCGA-R6-A6Y0-01,TCGA-R6-A6Y0,19240.558,53.9500937,0.0,Primary
ESCA,TCGA-R6-A6Y2-01,TCGA-R6-A6Y2,11.6878,9.304007627,1.0,Primary
ESCA,TCGA-R6-A8W5-01,TCGA-R6-A8W5,8080.3126,15.78064898,1.0,Primary
ESCA,TCGA-R6-A8W8-01,TCGA-R6-A8W8,49638.1478,2.89311898,1.0,Primary
ESCA,TCGA-R6-A8WC-01,TCGA-R6-A8WC,633.9767,2.301344643,0.0,Primary
ESCA,TCGA-R6-A8WG-01,TCGA-R6-A8WG,1217.6031,12.69027189,1.0,Primary
ESCA,TCGA-RE-A7BO-01,TCGA-RE-A7BO,1977.9736,7.002662985,1.0,Primary
ESCA,TCGA-S8-A6BV-01,TCGA-S8-A6BV,3853.898,20.02169839,0.0,Primary
ESCA,TCGA-S8-A6BW-01,TCGA-S8-A6BW,420.9041,20.38333827,0.0,Primary
ESCA,TCGA-V5-A7RB-01,TCGA-V5-A7RB,1582.5235,5.293092678,1.0,Primary
ESCA,TCGA-V5-A7RC-01,TCGA-V5-A7RC,408.9658,3.419140612,1.0,Primary
ESCA,TCGA-V5-A7RE-01,TCGA-V5-A7RE,1737.8209,16.43817602,0.0,Primary
ESCA,TCGA-V5-AASV-01,TCGA-V5-AASV,592.6625,15.3532564,0.0,Primary
ESCA,TCGA-V5-AASW-01,TCGA-V5-AASW,29002.0243,9.271131275,0.0,Primary
ESCA,TCGA-V5-AASX-01,TCGA-V5-AASX,12650.1162,8.975244107,0.0,Primary
ESCA,TCGA-VR-A8EO-01,TCGA-VR-A8EO,204.4604,25.80793635,0.0,Primary
ESCA,TCGA-VR-A8EP-01,TCGA-VR-A8EP,10607.9367,27.09011408,0.0,Primary
ESCA,TCGA-VR-A8EQ-01,TCGA-VR-A8EQ,40725.3335,22.81618832,1.0,Primary
ESCA,TCGA-VR-A8ER-01,TCGA-VR-A8ER,498.2682,12.42726107,1.0,Primary
ESCA,TCGA-VR-A8ET-01,TCGA-VR-A8ET,815.3086,1.545188546,1.0,Primary
ESCA,TCGA-VR-A8EU-01,TCGA-VR-A8EU,625.5729,18.31212809,1.0,Primary
ESCA,TCGA-VR-A8EW-01,TCGA-VR-A8EW,558.1523,8.120458954,1.0,Primary
ESCA,TCGA-VR-A8EX-01,TCGA-VR-A8EX,6538.2471,28.10928099,1.0,Primary
ESCA,TCGA-VR-A8EY-01,TCGA-VR-A8EY,293.9804,33.69826084,0.0,Primary
ESCA,TCGA-VR-A8EZ-01,TCGA-VR-A8EZ,114.5131,18.18062268,1.0,Primary
ESCA,TCGA-VR-A8Q7-01,TCGA-VR-A8Q7,18.8808,52.27339974,0.0,Primary
ESCA,TCGA-VR-AA4D-01,TCGA-VR-AA4D,1235.1767,46.19127462,1.0,Primary
ESCA,TCGA-VR-AA4G-01,TCGA-VR-AA4G,1286.8047,18.04911727,0.0,Primary
ESCA,TCGA-VR-AA7B-01,TCGA-VR-AA7B,245.2932,11.2437124,0.0,Primary
ESCA,TCGA-VR-AA7D-01,TCGA-VR-AA7D,486.9306,9.172502219,1.0,Primary
ESCA,TCGA-VR-AA7I-01,TCGA-VR-AA7I,1835.8982,15.91215439,1.0,Primary
ESCA,TCGA-X8-AAAR-01,TCGA-X8-AAAR,5588.2689,18.21349903,0.0,Primary
ESCA,TCGA-XP-A8T6-01,TCGA-XP-A8T6,3297.8538,25.08465661,1.0,Primary
ESCA,TCGA-XP-A8T8-01,TCGA-XP-A8T8,2381.4278,14.36696584,0.0,Primary
ESCA,TCGA-Z6-A8JD-01,TCGA-Z6-A8JD,258.0525,3.419140612,0.0,Primary
ESCA,TCGA-Z6-A8JE-01,TCGA-Z6-A8JE,66.9066,2.104086531,0.0,Primary
ESCA,TCGA-Z6-A9VB-01,TCGA-Z6-A9VB,2133.3202,1.315054082,0.0,Primary
ESCA,TCGA-Z6-AAPN-01,TCGA-Z6-AAPN,1122.4005,2.662984515,0.0,Primary
ESCA,TCGA-ZR-A9CJ-01,TCGA-ZR-A9CJ,5054.6913,19.72581122,1.0,Primary
BLCA,TCGA-2F-A9KO-01,TCGA-2F-A9KO,892.128,24.1312424,1.0,Primary
BLCA,TCGA-2F-A9KP-01,TCGA-2F-A9KP,346.234,11.96699214,1.0,Primary
BLCA,TCGA-2F-A9KQ-01,TCGA-2F-A9KQ,748.261,94.88115199,0.0,Primary
BLCA,TCGA-2F-A9KR-01,TCGA-2F-A9KR,6012.72,104.6454285,1.0,Primary
BLCA,TCGA-2F-A9KT-01,TCGA-2F-A9KT,253.816,108.9522307,0.0,Primary
BLCA,TCGA-2F-A9KW-01,TCGA-2F-A9KW,33.5114,8.350593418,1.0,Primary
BLCA,TCGA-4Z-AA7M-01,TCGA-4Z-AA7M,3320.81,16.27379426,0.0,Primary
BLCA,TCGA-4Z-AA7N-01,TCGA-4Z-AA7N,922.938,44.94197324,1.0,Primary
BLCA,TCGA-4Z-AA7O-01,TCGA-4Z-AA7O,3250.54,16.83269224,0.0,Primary
BLCA,TCGA-4Z-AA7Q-01,TCGA-4Z-AA7Q,1689.4,16.76693954,1.0,Primary
BLCA,TCGA-4Z-AA7R-01,TCGA-4Z-AA7R,58.3,17.16145577,1.0,Primary
BLCA,TCGA-4Z-AA7S-01,TCGA-4Z-AA7S,437.928,34.98043857,1.0,Primary
BLCA,TCGA-4Z-AA7W-01,TCGA-4Z-AA7W,11.1421,27.61613571,0.0,Primary
BLCA,TCGA-4Z-AA7Y-01,TCGA-4Z-AA7Y,1637.45,50.03780781,0.0,Primary
BLCA,TCGA-4Z-AA80-01,TCGA-4Z-AA80,140.92,0.624650689,1.0,Primary
BLCA,TCGA-4Z-AA81-01,TCGA-4Z-AA81,33.6088,41.75296709,1.0,Primary
BLCA,TCGA-4Z-AA82-01,TCGA-4Z-AA82,61.3949,51.15560377,1.0,Primary
BLCA,TCGA-4Z-AA83-01,TCGA-4Z-AA83,2619.8,66.54173653,0.0,Primary
BLCA,TCGA-4Z-AA84-01,TCGA-4Z-AA84,91.6786,15.12312194,0.0,Primary
BLCA,TCGA-4Z-AA86-01,TCGA-4Z-AA86,844.995,10.22454548,1.0,Primary
BLCA,TCGA-4Z-AA87-01,TCGA-4Z-AA87,357.447,47.80221587,0.0,Primary
BLCA,TCGA-4Z-AA89-01,TCGA-4Z-AA89,988.674,33.82976625,0.0,Primary
BLCA,TCGA-5N-A9KI-01,TCGA-5N-A9KI,588.057,2.498602755,1.0,Primary
BLCA,TCGA-5N-A9KM-01,TCGA-5N-A9KM,23.301,17.42446658,1.0,Primary
BLCA,TCGA-BL-A0C8-01,TCGA-BL-A0C8,18.0863,40.07627314,0.0,Primary
BLCA,TCGA-BL-A13I-01,TCGA-BL-A13I,0.0,7.331426505,1.0,Primary
BLCA,TCGA-BL-A13J-01,TCGA-BL-A13J,429.637,2.662984515,1.0,Primary
BLCA,TCGA-BL-A3JM-01,TCGA-BL-A3JM,93.0806,6.739652168,1.0,Primary
BLCA,TCGA-BL-A5ZZ-01,TCGA-BL-A5ZZ,15.5841,12.39438472,0.0,Primary
BLCA,TCGA-BT-A0S7-01,TCGA-BT-A0S7,28.9634,6.575270408,1.0,Primary
BLCA,TCGA-BT-A0YX-01,TCGA-BT-A0YX,13612.8,13.15054082,1.0,Primary
BLCA,TCGA-BT-A20J-01,TCGA-BT-A20J,48.2295,19.03540783,1.0,Primary
BLCA,TCGA-BT-A20N-01,TCGA-BT-A20N,143.554,26.13669987,1.0,Primary
BLCA,TCGA-BT-A20O-01,TCGA-BT-A20O,21.7419,12.16425026,1.0,Primary
BLCA,TCGA-BT-A20P-01,TCGA-BT-A20P,1180.02,17.88473551,1.0,Primary
BLCA,TCGA-BT-A20Q-01,TCGA-BT-A20Q,384.76,19.49567676,1.0,Primary
BLCA,TCGA-BT-A20R-01,TCGA-BT-A20R,64.586,5.062958214,1.0,Primary
BLCA,TCGA-BT-A20T-01,TCGA-BT-A20T,10455.0,14.89298747,1.0,Primary
BLCA,TCGA-BT-A20U-01,TCGA-BT-A20U,207.599,14.95874018,1.0,Primary
BLCA,TCGA-BT-A20V-01,TCGA-BT-A20V,231.007,5.062958214,1.0,Primary
BLCA,TCGA-BT-A20W-01,TCGA-BT-A20W,150.256,8.350593418,1.0,Primary
BLCA,TCGA-BT-A20X-01,TCGA-BT-A20X,550.267,8.251964362,1.0,Primary
BLCA,TCGA-BT-A2LA-01,TCGA-BT-A2LA,296.503,17.16145577,0.0,Primary
BLCA,TCGA-BT-A2LB-01,TCGA-BT-A2LB,1214.67,16.1751652,1.0,Primary
BLCA,TCGA-BT-A2LD-01,TCGA-BT-A2LD,42.3729,20.48196732,1.0,Primary
BLCA,TCGA-BT-A3PH-01,TCGA-BT-A3PH,286.163,4.66844199,1.0,Primary
BLCA,TCGA-BT-A3PJ-01,TCGA-BT-A3PJ,48.7883,25.93944176,0.0,Primary
BLCA,TCGA-BT-A3PK-01,TCGA-BT-A3PK,304.091,9.961534668,1.0,Primary
BLCA,TCGA-BT-A42C-01,TCGA-BT-A42C,723.828,28.70105533,0.0,Primary
BLCA,TCGA-BT-A42E-01,TCGA-BT-A42E,86.1839,36.42699806,0.0,Primary
BLCA,TCGA-BT-A42F-01,TCGA-BT-A42F,82.2634,28.40516816,0.0,Primary
BLCA,TCGA-C4-A0EZ-01,TCGA-C4-A0EZ,13.2171,8.975244107,1.0,Primary
BLCA,TCGA-C4-A0F0-01,TCGA-C4-A0F0,12.6088,1.93970477,0.0,Primary
BLCA,TCGA-C4-A0F1-01,TCGA-C4-A0F1,229.398,2.925995332,0.0,Primary
BLCA,TCGA-C4-A0F6-01,TCGA-C4-A0F6,916.345,23.01344643,0.0,Primary
BLCA,TCGA-C4-A0F7-01,TCGA-C4-A0F7,734.911,2.038333827,1.0,Primary
BLCA,TCGA-CF-A1HR-01,TCGA-CF-A1HR,751.542,12.78890094,0.0,Primary
BLCA,TCGA-CF-A1HS-01,TCGA-CF-A1HS,193.664,12.55876648,0.0,Primary
BLCA,TCGA-CF-A27C-01,TCGA-CF-A27C,486.329,13.97244962,0.0,Primary
BLCA,TCGA-CF-A3MF-01,TCGA-CF-A3MF,357.086,12.59164283,0.0,Primary
BLCA,TCGA-CF-A3MG-01,TCGA-CF-A3MG,1718.01,12.1313739,0.0,Primary
BLCA,TCGA-CF-A3MH-01,TCGA-CF-A3MH,1858.58,13.08478811,0.0,Primary
BLCA,TCGA-CF-A3MI-01,TCGA-CF-A3MI,301.038,12.16425026,0.0,Primary
BLCA,TCGA-CF-A47S-01,TCGA-CF-A47S,10472.7,10.94782523,0.0,Primary
BLCA,TCGA-CF-A47T-01,TCGA-CF-A47T,10955.9,12.65739554,1.0,Primary
BLCA,TCGA-CF-A47V-01,TCGA-CF-A47V,1675.93,12.46013742,0.0,Primary
BLCA,TCGA-CF-A47W-01,TCGA-CF-A47W,154.717,12.09849755,0.0,Primary
BLCA,TCGA-CF-A47X-01,TCGA-CF-A47X,5541.7,12.62451918,0.0,Primary
BLCA,TCGA-CF-A47Y-01,TCGA-CF-A47Y,581.182,12.26287931,0.0,Primary
BLCA,TCGA-CF-A5U8-01,TCGA-CF-A5U8,224.63,13.11766446,0.0,Primary
BLCA,TCGA-CF-A5UA-01,TCGA-CF-A5UA,2682.9,11.9998685,0.0,Primary
BLCA,TCGA-CF-A7I0-01,TCGA-CF-A7I0,392.055,12.09849755,0.0,Primary
BLCA,TCGA-CF-A8HX-01,TCGA-CF-A8HX,1230.16,11.34234145,0.0,Primary
BLCA,TCGA-CF-A8HY-01,TCGA-CF-A8HY,2703.48,11.34234145,0.0,Primary
BLCA,TCGA-CF-A9FF-01,TCGA-CF-A9FF,542.561,11.86836309,0.0,Primary
BLCA,TCGA-CF-A9FH-01,TCGA-CF-A9FH,2032.5,0.0,0.0,Primary
BLCA,TCGA-CF-A9FL-01,TCGA-CF-A9FL,1860.14,18.5751389,1.0,Primary
BLCA,TCGA-CF-A9FM-01,TCGA-CF-A9FM,34646.0,13.08478811,0.0,Primary
BLCA,TCGA-CU-A0YN-01,TCGA-CU-A0YN,567.436,12.92040635,1.0,Primary
BLCA,TCGA-CU-A0YO-01,TCGA-CU-A0YO,12723.6,4.898576454,1.0,Primary
BLCA,TCGA-CU-A0YR-01,TCGA-CU-A0YR,19.2519,15.12312194,1.0,Primary
BLCA,TCGA-CU-A3KJ-01,TCGA-CU-A3KJ,150.922,18.47650985,0.0,Primary
BLCA,TCGA-CU-A3QU-01,TCGA-CU-A3QU,710.631,5.194463622,0.0,Primary
BLCA,TCGA-CU-A3YL-01,TCGA-CU-A3YL,109.302,29.78597495,0.0,Primary
BLCA,TCGA-CU-A5W6-01,TCGA-CU-A5W6,362.891,1.841075714,1.0,Primary
BLCA,TCGA-CU-A72E-01,TCGA-CU-A72E,6626.8,13.57793339,1.0,Primary
BLCA,TCGA-DK-A1A3-01,TCGA-DK-A1A3,41.515,21.86277411,1.0,Primary
BLCA,TCGA-DK-A1A5-01,TCGA-DK-A1A5,857.915,2.136962883,1.0,Primary
BLCA,TCGA-DK-A1A6-01,TCGA-DK-A1A6,771.888,66.41023112,0.0,Primary
BLCA,TCGA-DK-A1A7-01,TCGA-DK-A1A7,1112.2,18.41075714,0.0,Primary
BLCA,TCGA-DK-A1AA-01,TCGA-DK-A1AA,1506.51,19.00253148,0.0,Primary
BLCA,TCGA-DK-A1AB-01,TCGA-DK-A1AB,2799.77,16.70118684,1.0,Primary
BLCA,TCGA-DK-A1AC-01,TCGA-DK-A1AC,54.9527,130.8807575,0.0,Primary
BLCA,TCGA-DK-A1AD-01,TCGA-DK-A1AD,2724.7,112.437124,0.0,Primary
BLCA,TCGA-DK-A1AE-01,TCGA-DK-A1AE,469.769,16.14228885,0.0,Primary
BLCA,TCGA-DK-A1AF-01,TCGA-DK-A1AF,1053.69,17.62172469,0.0,Primary
BLCA,TCGA-DK-A1AG-01,TCGA-DK-A1AG,7390.16,15.61626722,0.0,Primary
BLCA,TCGA-DK-A2HX-01,TCGA-DK-A2HX,29.5878,46.6844199,1.0,Primary
BLCA,TCGA-DK-A2I1-01,TCGA-DK-A2I1,826.997,17.95048821,0.0,Primary
BLCA,TCGA-DK-A2I2-01,TCGA-DK-A2I2,3.1847,7.791695434,1.0,Primary
BLCA,TCGA-DK-A2I4-01,TCGA-DK-A2I4,615.289,142.7819969,0.0,Primary
BLCA,TCGA-DK-A2I6-01,TCGA-DK-A2I6,17.607,87.31959102,0.0,Primary
BLCA,TCGA-DK-A3IK-01,TCGA-DK-A3IK,533.276,4.799947398,1.0,Primary
BLCA,TCGA-DK-A3IL-01,TCGA-DK-A3IL,1484.88,13.57793339,1.0,Primary
BLCA,TCGA-DK-A3IM-01,TCGA-DK-A3IM,52.7217,8.153335306,1.0,Primary
BLCA,TCGA-DK-A3IN-01,TCGA-DK-A3IN,23.9252,8.21908801,1.0,Primary
BLCA,TCGA-DK-A3IQ-01,TCGA-DK-A3IQ,326.154,17.72035375,1.0,Primary
BLCA,TCGA-DK-A3IS-01,TCGA-DK-A3IS,337.325,50.26794227,0.0,Primary
BLCA,TCGA-DK-A3IT-01,TCGA-DK-A3IT,1078.86,21.30387612,0.0,Primary
BLCA,TCGA-DK-A3IU-01,TCGA-DK-A3IU,23.4706,23.21070454,1.0,Primary
BLCA,TCGA-DK-A3IV-01,TCGA-DK-A3IV,4569.23,9.6656475,1.0,Primary
BLCA,TCGA-DK-A3WW-01,TCGA-DK-A3WW,322.581,20.81073084,0.0,Primary
BLCA,TCGA-DK-A3WX-01,TCGA-DK-A3WX,39.2253,10.55330901,1.0,Primary
BLCA,TCGA-DK-A3WY-01,TCGA-DK-A3WY,1.7131,163.2968406,0.0,Primary
BLCA,TCGA-DK-A3X1-01,TCGA-DK-A3X1,425.424,66.04859125,0.0,Primary
BLCA,TCGA-DK-A3X2-01,TCGA-DK-A3X2,245.906,17.98336457,1.0,Primary
BLCA,TCGA-DK-A6AV-01,TCGA-DK-A6AV,335.868,64.17463918,0.0,Primary
BLCA,TCGA-DK-A6AW-01,TCGA-DK-A6AW,26.253,53.29256666,0.0,Primary
BLCA,TCGA-DK-A6B0-01,TCGA-DK-A6B0,1311.78,76.60190025,0.0,Primary
BLCA,TCGA-DK-A6B1-01,TCGA-DK-A6B1,60.7703,67.36364533,0.0,Primary
BLCA,TCGA-DK-A6B2-01,TCGA-DK-A6B2,34.7571,15.68201992,0.0,Primary
BLCA,TCGA-DK-A6B5-01,TCGA-DK-A6B5,5711.44,50.69533485,0.0,Primary
BLCA,TCGA-DK-A6B6-01,TCGA-DK-A6B6,1609.66,36.65713253,0.0,Primary
BLCA,TCGA-DK-AA6L-01,TCGA-DK-AA6L,11664.4,38.23519742,1.0,Primary
BLCA,TCGA-DK-AA6M-01,TCGA-DK-AA6M,361.517,52.01038893,0.0,Primary
BLCA,TCGA-DK-AA6P-01,TCGA-DK-AA6P,331.874,15.02449288,0.0,Primary
BLCA,TCGA-DK-AA6Q-01,TCGA-DK-AA6Q,715.309,13.57793339,1.0,Primary
BLCA,TCGA-DK-AA6R-01,TCGA-DK-AA6R,1854.3,165.7296906,0.0,Primary
BLCA,TCGA-DK-AA6S-01,TCGA-DK-AA6S,149.894,166.0255778,0.0,Primary
BLCA,TCGA-DK-AA6T-01,TCGA-DK-AA6T,395.255,18.80527337,0.0,Primary
BLCA,TCGA-DK-AA6U-01,TCGA-DK-AA6U,461.014,19.00253148,0.0,Primary
BLCA,TCGA-DK-AA6W-01,TCGA-DK-AA6W,35.1768,13.6436861,1.0,Primary
BLCA,TCGA-DK-AA6X-01,TCGA-DK-AA6X,748.038,15.3532564,0.0,Primary
BLCA,TCGA-DK-AA71-01,TCGA-DK-AA71,149.689,13.6436861,0.0,Primary
BLCA,TCGA-DK-AA74-01,TCGA-DK-AA74,922.937,56.15280928,0.0,Primary
BLCA,TCGA-DK-AA75-01,TCGA-DK-AA75,85.8447,11.17795969,1.0,Primary
BLCA,TCGA-DK-AA76-01,TCGA-DK-AA76,5503.3,12.03274485,0.0,Primary
BLCA,TCGA-DK-AA77-01,TCGA-DK-AA77,727.839,20.31758556,0.0,Primary
BLCA,TCGA-E5-A2PC-01,TCGA-E5-A2PC,177.764,43.59404281,0.0,Primary
BLCA,TCGA-E5-A4TZ-01,TCGA-E5-A4TZ,2988.52,15.3532564,1.0,Primary
BLCA,TCGA-E5-A4U1-01,TCGA-E5-A4U1,2274.42,38.82697176,0.0,Primary
BLCA,TCGA-E7-A3X6-01,TCGA-E7-A3X6,5509.09,29.72022224,1.0,Primary
BLCA,TCGA-E7-A3Y1-01,TCGA-E7-A3Y1,4889.6,5.358845383,0.0,Primary
BLCA,TCGA-E7-A4IJ-01,TCGA-E7-A4IJ,64.1447,22.15866128,1.0,Primary
BLCA,TCGA-E7-A4XJ-01,TCGA-E7-A4XJ,194.033,2.235591939,1.0,Primary
BLCA,TCGA-E7-A519-01,TCGA-E7-A519,10882.3,16.70118684,0.0,Primary
BLCA,TCGA-E7-A541-01,TCGA-E7-A541,383.366,25.57780189,1.0,Primary
BLCA,TCGA-E7-A5KE-01,TCGA-E7-A5KE,1099.16,0.558897985,0.0,Primary
BLCA,TCGA-E7-A5KF-01,TCGA-E7-A5KF,572.941,0.657527041,0.0,Primary
BLCA,TCGA-E7-A677-01,TCGA-E7-A677,1379.4,26.95860867,0.0,Primary
BLCA,TCGA-E7-A678-01,TCGA-E7-A678,4478.8,26.23532893,0.0,Primary
BLCA,TCGA-E7-A6MD-01,TCGA-E7-A6MD,577.387,4.241049413,0.0,Primary
BLCA,TCGA-E7-A6ME-01,TCGA-E7-A6ME,1407.65,24.03261334,0.0,Primary
BLCA,TCGA-E7-A6MF-01,TCGA-E7-A6MF,2554.27,24.65726403,0.0,Primary
BLCA,TCGA-E7-A7DU-01,TCGA-E7-A7DU,215.357,0.920537857,0.0,Primary
BLCA,TCGA-E7-A7DV-01,TCGA-E7-A7DV,1.5676,1.216425026,0.0,Primary
BLCA,TCGA-E7-A7PW-01,TCGA-E7-A7PW,1019.68,13.67656245,0.0,Primary
BLCA,TCGA-E7-A7XN-01,TCGA-E7-A7XN,20644.8,14.07107867,0.0,Primary
BLCA,TCGA-E7-A85H-01,TCGA-E7-A85H,364.423,12.9532827,0.0,Primary
BLCA,TCGA-E7-A8O7-01,TCGA-E7-A8O7,15316.1,15.32038005,0.0,Primary
BLCA,TCGA-E7-A97P-01,TCGA-E7-A97P,2237.13,14.36696584,1.0,Primary
BLCA,TCGA-E7-A97Q-01,TCGA-E7-A97Q,403.395,8.087582602,1.0,Primary
BLCA,TCGA-FD-A3B3-01,TCGA-FD-A3B3,29.2609,32.02156689,1.0,Primary
BLCA,TCGA-FD-A3B4-01,TCGA-FD-A3B4,728.826,16.76693954,1.0,Primary
BLCA,TCGA-FD-A3B5-01,TCGA-FD-A3B5,823.378,8.942367755,1.0,Primary
BLCA,TCGA-FD-A3B6-01,TCGA-FD-A3B6,41.2332,33.0407338,1.0,Primary
BLCA,TCGA-FD-A3B7-01,TCGA-FD-A3B7,31.176,4.010914949,1.0,Primary
BLCA,TCGA-FD-A3B8-01,TCGA-FD-A3B8,70.4958,12.62451918,0.0,Primary
BLCA,TCGA-FD-A3N5-01,TCGA-FD-A3N5,303.731,22.52030115,1.0,Primary
BLCA,TCGA-FD-A3N6-01,TCGA-FD-A3N6,173.58,27.97777559,0.0,Primary
BLCA,TCGA-FD-A3NA-01,TCGA-FD-A3NA,2777.04,60.65686951,0.0,Primary
BLCA,TCGA-FD-A3SJ-01,TCGA-FD-A3SJ,116.933,24.29562416,1.0,Primary
BLCA,TCGA-FD-A3SL-01,TCGA-FD-A3SL,4.2664,23.40796265,1.0,Primary
BLCA,TCGA-FD-A3SM-01,TCGA-FD-A3SM,70.646,17.98336457,1.0,Primary
BLCA,TCGA-FD-A3SN-01,TCGA-FD-A3SN,91.9591,29.16132426,0.0,Primary
BLCA,TCGA-FD-A3SO-01,TCGA-FD-A3SO,334.66,5.523227143,1.0,Primary
BLCA,TCGA-FD-A3SP-01,TCGA-FD-A3SP,13.1741,25.74218365,0.0,Primary
BLCA,TCGA-FD-A3SQ-01,TCGA-FD-A3SQ,912.167,46.78304895,1.0,Primary
BLCA,TCGA-FD-A3SR-01,TCGA-FD-A3SR,206.095,19.79156393,1.0,Primary
BLCA,TCGA-FD-A3SS-01,TCGA-FD-A3SS,222.68,12.85465365,1.0,Primary
BLCA,TCGA-FD-A43N-01,TCGA-FD-A43N,2541.87,22.98057008,0.0,Primary
BLCA,TCGA-FD-A43P-01,TCGA-FD-A43P,167.702,27.3531249,0.0,Primary
BLCA,TCGA-FD-A43S-01,TCGA-FD-A43S,2620.85,14.95874018,0.0,Primary
BLCA,TCGA-FD-A43U-01,TCGA-FD-A43U,681.805,20.9093599,0.0,Primary
BLCA,TCGA-FD-A43X-01,TCGA-FD-A43X,482.935,3.616398724,0.0,Primary
BLCA,TCGA-FD-A43Y-01,TCGA-FD-A43Y,3563.89,15.58339087,1.0,Primary
BLCA,TCGA-FD-A5BR-01,TCGA-FD-A5BR,1623.06,26.72847421,0.0,Primary
BLCA,TCGA-FD-A5BS-01,TCGA-FD-A5BS,13.8504,53.88434099,0.0,Primary
BLCA,TCGA-FD-A5BT-01,TCGA-FD-A5BT,7.0175,10.78344347,1.0,Primary
BLCA,TCGA-FD-A5BU-01,TCGA-FD-A5BU,2241.34,19.331295,0.0,Primary
BLCA,TCGA-FD-A5BV-01,TCGA-FD-A5BV,153.792,5.358845383,1.0,Primary
BLCA,TCGA-FD-A5BX-01,TCGA-FD-A5BX,134.21,5.687608903,1.0,Primary
BLCA,TCGA-FD-A5BY-01,TCGA-FD-A5BY,1318.5,8.251964362,0.0,Primary
BLCA,TCGA-FD-A5BZ-01,TCGA-FD-A5BZ,60.8899,27.45175395,1.0,Primary
BLCA,TCGA-FD-A5C0-01,TCGA-FD-A5C0,4949.17,18.08199362,1.0,Primary
BLCA,TCGA-FD-A5C1-01,TCGA-FD-A5C1,1087.61,58.91442286,0.0,Primary
BLCA,TCGA-FD-A62N-01,TCGA-FD-A62N,30.8839,2.695860867,0.0,Primary
BLCA,TCGA-FD-A62O-01,TCGA-FD-A62O,313.756,7.101292041,1.0,Primary
BLCA,TCGA-FD-A62P-01,TCGA-FD-A62P,281.229,6.27938324,1.0,Primary
BLCA,TCGA-FD-A62S-01,TCGA-FD-A62S,107.497,13.34779893,1.0,Primary
BLCA,TCGA-FD-A6TA-01,TCGA-FD-A6TA,1237.56,62.8595851,0.0,Primary
BLCA,TCGA-FD-A6TB-01,TCGA-FD-A6TB,260.029,18.80527337,0.0,Primary
BLCA,TCGA-FD-A6TC-01,TCGA-FD-A6TC,1943.55,6.147877832,0.0,Primary
BLCA,TCGA-FD-A6TD-01,TCGA-FD-A6TD,459.282,12.69027189,1.0,Primary
BLCA,TCGA-FD-A6TE-01,TCGA-FD-A6TE,3217.03,12.36150837,0.0,Primary
BLCA,TCGA-FD-A6TF-01,TCGA-FD-A6TF,105.001,2.268468291,1.0,Primary
BLCA,TCGA-FD-A6TG-01,TCGA-FD-A6TG,378.892,3.05750074,1.0,Primary
BLCA,TCGA-FD-A6TH-01,TCGA-FD-A6TH,319.104,4.306802117,1.0,Primary
BLCA,TCGA-FD-A6TI-01,TCGA-FD-A6TI,822.04,9.6656475,1.0,Primary
BLCA,TCGA-FD-A6TK-01,TCGA-FD-A6TK,62.2384,10.84919617,0.0,Primary
BLCA,TCGA-FJ-A3Z7-01,TCGA-FJ-A3Z7,126.838,31.06815268,0.0,Primary
BLCA,TCGA-FJ-A3Z9-01,TCGA-FJ-A3Z9,1067.16,12.65739554,1.0,Primary
BLCA,TCGA-FJ-A3ZE-01,TCGA-FJ-A3ZE,1544.01,10.65193806,1.0,Primary
BLCA,TCGA-FJ-A3ZF-01,TCGA-FJ-A3ZF,253.776,17.22720847,0.0,Primary
BLCA,TCGA-FJ-A871-01,TCGA-FJ-A871,81.2446,8.942367755,1.0,Primary
BLCA,TCGA-FT-A3EE-01,TCGA-FT-A3EE,3608.92,3.254758852,1.0,Primary
BLCA,TCGA-FT-A61P-01,TCGA-FT-A61P,29.0927,11.07933064,0.0,Primary
BLCA,TCGA-G2-A2EC-01,TCGA-G2-A2EC,186.828,22.88194102,1.0,Primary
BLCA,TCGA-G2-A2EF-01,TCGA-G2-A2EF,75.0572,61.93904724,0.0,Primary
BLCA,TCGA-G2-A2EJ-01,TCGA-G2-A2EJ,319.252,47.99947398,0.0,Primary
BLCA,TCGA-G2-A2EK-01,TCGA-G2-A2EK,5277.63,15.94503074,0.0,Primary
BLCA,TCGA-G2-A2EL-01,TCGA-G2-A2EL,28.7286,26.92573232,1.0,Primary
BLCA,TCGA-G2-A2EO-01,TCGA-G2-A2EO,209.954,59.30893908,1.0,Primary
BLCA,TCGA-G2-A2ES-01,TCGA-G2-A2ES,17031.0,33.00785745,1.0,Primary
BLCA,TCGA-G2-A3IB-01,TCGA-G2-A3IB,2447.81,7.232797449,1.0,Primary
BLCA,TCGA-G2-A3IE-01,TCGA-G2-A3IE,3604.23,20.12032745,1.0,Primary
BLCA,TCGA-G2-A3VY-01,TCGA-G2-A3VY,875.479,17.62172469,0.0,Primary
BLCA,TCGA-G2-AA3B-01,TCGA-G2-AA3B,679.713,66.0157149,0.0,Primary
BLCA,TCGA-G2-AA3C-01,TCGA-G2-AA3C,5.0165,6.93691028,1.0,Primary
BLCA,TCGA-G2-AA3D-01,TCGA-G2-AA3D,2364.35,70.32251701,0.0,Primary
BLCA,TCGA-G2-AA3F-01,TCGA-G2-AA3F,206.68,29.35858237,0.0,Primary
BLCA,TCGA-GC-A3BM-01,TCGA-GC-A3BM,3431.03,21.40250518,1.0,Primary
BLCA,TCGA-GC-A3I6-01,TCGA-GC-A3I6,6227.45,20.71210179,1.0,Primary
BLCA,TCGA-GC-A3OO-01,TCGA-GC-A3OO,146.15,15.81352533,0.0,Primary
BLCA,TCGA-GC-A3RB-01,TCGA-GC-A3RB,146.704,19.13403689,0.0,Primary
BLCA,TCGA-GC-A3RC-01,TCGA-GC-A3RC,15.9325,15.91215439,0.0,Primary
BLCA,TCGA-GC-A3RD-01,TCGA-GC-A3RD,302.043,14.07107867,0.0,Primary
BLCA,TCGA-GC-A3WC-01,TCGA-GC-A3WC,78.1491,17.7532301,0.0,Primary
BLCA,TCGA-GC-A3YS-01,TCGA-GC-A3YS,194.288,24.92027485,0.0,Primary
BLCA,TCGA-GC-A4ZW-01,TCGA-GC-A4ZW,13.8223,0.493145281,0.0,Primary
BLCA,TCGA-GC-A6I1-01,TCGA-GC-A6I1,24.659,8.942367755,1.0,Primary
BLCA,TCGA-GC-A6I3-01,TCGA-GC-A6I3,50.535,13.90669691,0.0,Primary
BLCA,TCGA-GD-A2C5-01,TCGA-GD-A2C5,155.154,26.69559786,0.0,Primary
BLCA,TCGA-GD-A3OP-01,TCGA-GD-A3OP,1165.88,2.104086531,0.0,Primary
BLCA,TCGA-GD-A3OQ-01,TCGA-GD-A3OQ,2498.98,3.123253444,0.0,Primary
BLCA,TCGA-GD-A3OS-01,TCGA-GD-A3OS,307.268,20.9751126,0.0,Primary
BLCA,TCGA-GD-A6C6-01,TCGA-GD-A6C6,2.7343,2.202715587,0.0,Primary
BLCA,TCGA-GD-A76B-01,TCGA-GD-A76B,1522.21,7.364302857,0.0,Primary
BLCA,TCGA-GU-A42P-01,TCGA-GU-A42P,36.4155,10.91494888,1.0,Primary
BLCA,TCGA-GU-A42Q-01,TCGA-GU-A42Q,274.114,11.3094651,1.0,Primary
BLCA,TCGA-GU-A42R-01,TCGA-GU-A42R,4801.78,18.96965513,1.0,Primary
BLCA,TCGA-GU-A762-01,TCGA-GU-A762,81.328,7.627313673,1.0,Primary
BLCA,TCGA-GU-A763-01,TCGA-GU-A763,979.903,32.77772298,0.0,Primary
BLCA,TCGA-GU-A764-01,TCGA-GU-A764,105.591,20.05457474,0.0,Primary
BLCA,TCGA-GU-A766-01,TCGA-GU-A766,432.847,15.78064898,0.0,Primary
BLCA,TCGA-GU-A767-01,TCGA-GU-A767,209.838,4.734194694,1.0,Primary
BLCA,TCGA-GU-AATO-01,TCGA-GU-AATO,41.1924,10.65193806,1.0,Primary
BLCA,TCGA-GU-AATP-01,TCGA-GU-AATP,319.18,32.9749811,0.0,Primary
BLCA,TCGA-GU-AATQ-01,TCGA-GU-AATQ,396.226,7.002662985,1.0,Primary
BLCA,TCGA-GV-A3JV-01,TCGA-GV-A3JV,122.237,14.26833679,1.0,Primary
BLCA,TCGA-GV-A3JW-01,TCGA-GV-A3JW,1012.66,21.33675247,0.0,Primary
BLCA,TCGA-GV-A3JX-01,TCGA-GV-A3JX,2754.87,19.10116054,0.0,Primary
BLCA,TCGA-GV-A3JZ-01,TCGA-GV-A3JZ,15.0152,19.82444028,0.0,Primary
BLCA,TCGA-GV-A3QF-01,TCGA-GV-A3QF,393.755,20.28470921,1.0,Primary
BLCA,TCGA-GV-A3QG-01,TCGA-GV-A3QG,1.9614,,1.0,Primary
BLCA,TCGA-GV-A3QH-01,TCGA-GV-A3QH,97.1723,8.482098826,1.0,Primary
BLCA,TCGA-GV-A3QI-01,TCGA-GV-A3QI,22.5824,36.49275076,0.0,Primary
BLCA,TCGA-GV-A3QK-01,TCGA-GV-A3QK,3373.73,27.3531249,0.0,Primary
BLCA,TCGA-GV-A40E-01,TCGA-GV-A40E,143.586,8.580727882,1.0,Primary
BLCA,TCGA-GV-A40G-01,TCGA-GV-A40G,175.221,19.06828418,0.0,Primary
BLCA,TCGA-GV-A6ZA-01,TCGA-GV-A6ZA,274.099,22.71755926,0.0,Primary
BLCA,TCGA-H4-A2HO-01,TCGA-H4-A2HO,457.805,1.512312194,0.0,Primary
BLCA,TCGA-H4-A2HQ-01,TCGA-H4-A2HQ,2641.59,19.3970477,0.0,Primary
BLCA,TCGA-HQ-A2OE-01,TCGA-HQ-A2OE,273.042,38.5968373,0.0,Primary
BLCA,TCGA-HQ-A2OF-01,TCGA-HQ-A2OF,86.6013,64.01025742,0.0,Primary
BLCA,TCGA-HQ-A5ND-01,TCGA-HQ-A5ND,558.202,9.008120459,1.0,Primary
BLCA,TCGA-HQ-A5NE-01,TCGA-HQ-A5NE,7272.61,12.16425026,1.0,Primary
BLCA,TCGA-K4-A3WS-01,TCGA-K4-A3WS,934.678,25.0189039,0.0,Primary
BLCA,TCGA-K4-A3WU-01,TCGA-K4-A3WU,1035.63,3.452016964,0.0,Primary
BLCA,TCGA-K4-A3WV-01,TCGA-K4-A3WV,219.37,21.23812342,0.0,Primary
BLCA,TCGA-K4-A4AB-01,TCGA-K4-A4AB,4677.52,2.761613571,0.0,Primary
BLCA,TCGA-K4-A4AC-01,TCGA-K4-A4AC,18.6481,9.139625867,1.0,Primary
BLCA,TCGA-K4-A54R-01,TCGA-K4-A54R,707.824,27.68188842,0.0,Primary
BLCA,TCGA-K4-A5RH-01,TCGA-K4-A5RH,174.154,9.073873163,0.0,Primary
BLCA,TCGA-K4-A5RI-01,TCGA-K4-A5RI,7299.95,11.70398133,1.0,Primary
BLCA,TCGA-K4-A5RJ-01,TCGA-K4-A5RJ,2.2663,17.72035375,0.0,Primary
BLCA,TCGA-K4-A6FZ-01,TCGA-K4-A6FZ,15402.1,1.808199362,0.0,Primary
BLCA,TCGA-K4-A6MB-01,TCGA-K4-A6MB,1506.12,15.41900911,0.0,Primary
BLCA,TCGA-K4-A83P-01,TCGA-K4-A83P,270.54,16.27379426,0.0,Primary
BLCA,TCGA-K4-AAQO-01,TCGA-K4-AAQO,1073.04,11.80261038,0.0,Primary
BLCA,TCGA-KQ-A41N-01,TCGA-KQ-A41N,73.4536,52.73366867,0.0,Primary
BLCA,TCGA-KQ-A41O-01,TCGA-KQ-A41O,441.857,50.56382944,0.0,Primary
BLCA,TCGA-KQ-A41P-01,TCGA-KQ-A41P,1289.35,35.96672913,0.0,Primary
BLCA,TCGA-KQ-A41Q-01,TCGA-KQ-A41Q,3517.88,46.98030707,0.0,Primary
BLCA,TCGA-KQ-A41R-01,TCGA-KQ-A41R,303.619,44.38307525,0.0,Primary
BLCA,TCGA-KQ-A41S-01,TCGA-KQ-A41S,490.541,1.150672321,0.0,Primary
BLCA,TCGA-LC-A66R-01,TCGA-LC-A66R,137.881,15.32038005,0.0,Primary
BLCA,TCGA-LT-A5Z6-01,TCGA-LT-A5Z6,167.792,15.58339087,0.0,Primary
BLCA,TCGA-LT-A8JT-01,TCGA-LT-A8JT,17286.7,21.07374166,0.0,Primary
BLCA,TCGA-MV-A51V-01,TCGA-MV-A51V,35.0554,13.47930434,0.0,Primary
BLCA,TCGA-PQ-A6FI-01,TCGA-PQ-A6FI,58.8909,12.23000296,0.0,Primary
BLCA,TCGA-PQ-A6FN-01,TCGA-PQ-A6FN,80.0224,16.66831048,0.0,Primary
BLCA,TCGA-R3-A69X-01,TCGA-R3-A69X,11.8017,14.23546043,0.0,Primary
BLCA,TCGA-S5-A6DX-01,TCGA-S5-A6DX,24.9027,1.841075714,1.0,Primary
BLCA,TCGA-S5-AA26-01,TCGA-S5-AA26,3399.47,16.53680508,0.0,Primary
BLCA,TCGA-SY-A9G0-01,TCGA-SY-A9G0,192.206,33.13936286,1.0,Primary
BLCA,TCGA-SY-A9G5-01,TCGA-SY-A9G5,2783.75,38.99135352,0.0,Primary
BLCA,TCGA-UY-A78K-01,TCGA-UY-A78K,314.556,17.62172469,1.0,Primary
BLCA,TCGA-UY-A78L-01,TCGA-UY-A78L,33.013,37.05164875,0.0,Primary
BLCA,TCGA-UY-A78M-01,TCGA-UY-A78M,424.964,22.68468291,1.0,Primary
BLCA,TCGA-UY-A78N-01,TCGA-UY-A78N,124.369,86.82644574,1.0,Primary
BLCA,TCGA-UY-A78O-01,TCGA-UY-A78O,66.5519,76.01012592,0.0,Primary
BLCA,TCGA-UY-A78P-01,TCGA-UY-A78P,4209.32,78.24571786,0.0,Primary
BLCA,TCGA-UY-A8OB-01,TCGA-UY-A8OB,461.324,69.33622645,0.0,Primary
BLCA,TCGA-UY-A8OC-01,TCGA-UY-A8OC,8.5276,3.024624388,1.0,Primary
BLCA,TCGA-UY-A8OD-01,TCGA-UY-A8OD,481.185,112.8316402,0.0,Primary
BLCA,TCGA-UY-A9PA-01,TCGA-UY-A9PA,6629.93,35.24344939,0.0,Primary
BLCA,TCGA-UY-A9PB-01,TCGA-UY-A9PB,45.7363,29.55584048,0.0,Primary
BLCA,TCGA-UY-A9PD-01,TCGA-UY-A9PD,337.338,17.81898281,0.0,Primary
BLCA,TCGA-UY-A9PE-01,TCGA-UY-A9PE,165.312,6.213630536,0.0,Primary
BLCA,TCGA-UY-A9PF-01,TCGA-UY-A9PF,2081.82,3.846533189,0.0,Primary
BLCA,TCGA-UY-A9PH-01,TCGA-UY-A9PH,1930.08,51.31998553,0.0,Primary
BLCA,TCGA-XF-A8HB-01,TCGA-XF-A8HB,2404.4,45.0406023,0.0,Primary
BLCA,TCGA-XF-A8HC-01,TCGA-XF-A8HC,319.852,6.575270408,1.0,Primary
BLCA,TCGA-XF-A8HD-01,TCGA-XF-A8HD,4.7411,97.44550745,0.0,Primary
BLCA,TCGA-XF-A8HE-01,TCGA-XF-A8HE,3121.63,125.4890357,0.0,Primary
BLCA,TCGA-XF-A8HF-01,TCGA-XF-A8HF,44.81,97.11674393,1.0,Primary
BLCA,TCGA-XF-A8HG-01,TCGA-XF-A8HG,3685.61,15.3532564,1.0,Primary
BLCA,TCGA-XF-A8HH-01,TCGA-XF-A8HH,709.382,1.873952066,1.0,Primary
BLCA,TCGA-XF-A8HI-01,TCGA-XF-A8HI,12472.2,17.88473551,1.0,Primary
BLCA,TCGA-XF-A9SH-01,TCGA-XF-A9SH,5119.6,64.79928987,1.0,Primary
BLCA,TCGA-XF-A9SI-01,TCGA-XF-A9SI,23.4261,79.65940099,0.0,Primary
BLCA,TCGA-XF-A9SJ-01,TCGA-XF-A9SJ,5.6818,3.2218825,1.0,Primary
BLCA,TCGA-XF-A9SK-01,TCGA-XF-A9SK,1432.0,15.97790709,1.0,Primary
BLCA,TCGA-XF-A9SL-01,TCGA-XF-A9SL,164.274,66.41023112,1.0,Primary
BLCA,TCGA-XF-A9SM-01,TCGA-XF-A9SM,24.8538,34.45441694,0.0,Primary
BLCA,TCGA-XF-A9SP-01,TCGA-XF-A9SP,267.183,14.92586383,1.0,Primary
BLCA,TCGA-XF-A9ST-01,TCGA-XF-A9ST,274.862,4.208173061,1.0,Primary
BLCA,TCGA-XF-A9SU-01,TCGA-XF-A9SU,221.996,5.983496071,1.0,Primary
BLCA,TCGA-XF-A9SV-01,TCGA-XF-A9SV,75.0237,12.75602459,1.0,Primary
BLCA,TCGA-XF-A9SW-01,TCGA-XF-A9SW,56.0748,11.90123944,1.0,Primary
BLCA,TCGA-XF-A9SX-01,TCGA-XF-A9SX,45.9033,23.63809712,1.0,Primary
BLCA,TCGA-XF-A9SY-01,TCGA-XF-A9SY,60.7504,21.04086531,0.0,Primary
BLCA,TCGA-XF-A9SZ-01,TCGA-XF-A9SZ,92.0978,28.2407864,1.0,Primary
BLCA,TCGA-XF-A9T0-01,TCGA-XF-A9T0,682.784,26.26820528,0.0,Primary
BLCA,TCGA-XF-A9T2-01,TCGA-XF-A9T2,145.146,18.90390242,1.0,Primary
BLCA,TCGA-XF-A9T3-01,TCGA-XF-A9T3,16.9671,2.235591939,0.0,Primary
BLCA,TCGA-XF-A9T4-01,TCGA-XF-A9T4,1156.75,16.27379426,1.0,Primary
BLCA,TCGA-XF-A9T5-01,TCGA-XF-A9T5,57.493,66.64036559,0.0,Primary
BLCA,TCGA-XF-A9T6-01,TCGA-XF-A9T6,189.259,2.104086531,0.0,Primary
BLCA,TCGA-XF-A9T8-01,TCGA-XF-A9T8,3811.47,13.74231515,1.0,Primary
BLCA,TCGA-XF-AAME-01,TCGA-XF-AAME,629.33,92.97432357,1.0,Primary
BLCA,TCGA-XF-AAMG-01,TCGA-XF-AAMG,179.203,110.5960483,0.0,Primary
BLCA,TCGA-XF-AAMH-01,TCGA-XF-AAMH,120.816,11.3094651,1.0,Primary
BLCA,TCGA-XF-AAMJ-01,TCGA-XF-AAMJ,349.022,54.90350791,1.0,Primary
BLCA,TCGA-XF-AAML-01,TCGA-XF-AAML,393.844,7.627313673,1.0,Primary
BLCA,TCGA-XF-AAMQ-01,TCGA-XF-AAMQ,10521.3,71.57181839,0.0,Primary
BLCA,TCGA-XF-AAMR-01,TCGA-XF-AAMR,155.957,91.72502219,0.0,Primary
BLCA,TCGA-XF-AAMT-01,TCGA-XF-AAMT,287.516,2.958871684,1.0,Primary
BLCA,TCGA-XF-AAMW-01,TCGA-XF-AAMW,3314.38,8.317717066,1.0,Primary
BLCA,TCGA-XF-AAMX-01,TCGA-XF-AAMX,28.5714,6.77252852,1.0,Primary
BLCA,TCGA-XF-AAMY-01,TCGA-XF-AAMY,803.856,98.99069599,0.0,Primary
BLCA,TCGA-XF-AAMZ-01,TCGA-XF-AAMZ,39.0161,44.31732255,1.0,Primary
BLCA,TCGA-XF-AAN0-01,TCGA-XF-AAN0,543.644,56.48157281,1.0,Primary
BLCA,TCGA-XF-AAN1-01,TCGA-XF-AAN1,1186.98,30.93664727,1.0,Primary
BLCA,TCGA-XF-AAN2-01,TCGA-XF-AAN2,56.9148,61.44590196,1.0,Primary
BLCA,TCGA-XF-AAN3-01,TCGA-XF-AAN3,3070.98,86.30042411,0.0,Primary
BLCA,TCGA-XF-AAN4-01,TCGA-XF-AAN4,16.0464,27.05723773,1.0,Primary
BLCA,TCGA-XF-AAN5-01,TCGA-XF-AAN5,842.952,75.38547523,0.0,Primary
BLCA,TCGA-XF-AAN7-01,TCGA-XF-AAN7,0.8453,18.5751389,1.0,Primary
BLCA,TCGA-XF-AAN8-01,TCGA-XF-AAN8,92.1178,3.879409541,1.0,Primary
BLCA,TCGA-YC-A89H-01,TCGA-YC-A89H,571.429,18.83814972,0.0,Primary
BLCA,TCGA-YC-A8S6-01,TCGA-YC-A8S6,362.786,9.632771148,0.0,Primary
BLCA,TCGA-YC-A9TC-01,TCGA-YC-A9TC,234.938,0.657527041,1.0,Primary
BLCA,TCGA-YF-AA3L-01,TCGA-YF-AA3L,873.963,11.96699214,0.0,Primary
BLCA,TCGA-YF-AA3M-01,TCGA-YF-AA3M,176.768,13.6436861,0.0,Primary
BLCA,TCGA-ZF-A9R0-01,TCGA-ZF-A9R0,1268.75,22.35591939,1.0,Primary
BLCA,TCGA-ZF-A9R1-01,TCGA-ZF-A9R1,565.485,25.41342013,0.0,Primary
BLCA,TCGA-ZF-A9R2-01,TCGA-ZF-A9R2,250.806,21.10661801,0.0,Primary
BLCA,TCGA-ZF-A9R3-01,TCGA-ZF-A9R3,1403.36,31.19965809,1.0,Primary
BLCA,TCGA-ZF-A9R4-01,TCGA-ZF-A9R4,800.084,30.27912023,0.0,Primary
BLCA,TCGA-ZF-A9R5-01,TCGA-ZF-A9R5,34942.9,35.83522372,0.0,Primary
BLCA,TCGA-ZF-A9R7-01,TCGA-ZF-A9R7,6240.6,21.86277411,0.0,Primary
BLCA,TCGA-ZF-A9R9-01,TCGA-ZF-A9R9,31.5513,28.40516816,1.0,Primary
BLCA,TCGA-ZF-A9RC-01,TCGA-ZF-A9RC,71.9033,94.28937765,0.0,Primary
BLCA,TCGA-ZF-A9RD-01,TCGA-ZF-A9RD,798.928,13.41355163,1.0,Primary
BLCA,TCGA-ZF-A9RE-01,TCGA-ZF-A9RE,15681.9,3.484893316,1.0,Primary
BLCA,TCGA-ZF-A9RF-01,TCGA-ZF-A9RF,28.1751,64.07601013,0.0,Primary
BLCA,TCGA-ZF-A9RL-01,TCGA-ZF-A9RL,1393.2,88.86477956,0.0,Primary
BLCA,TCGA-ZF-A9RM-01,TCGA-ZF-A9RM,340.574,47.83509222,0.0,Primary
BLCA,TCGA-ZF-A9RN-01,TCGA-ZF-A9RN,61.4498,20.21895651,1.0,Primary
BLCA,TCGA-ZF-AA4N-01,TCGA-ZF-AA4N,245.449,2.89311898,1.0,Primary
BLCA,TCGA-ZF-AA4R-01,TCGA-ZF-AA4R,458.406,34.05990071,1.0,Primary
BLCA,TCGA-ZF-AA4T-01,TCGA-ZF-AA4T,206.025,19.69293487,1.0,Primary
BLCA,TCGA-ZF-AA4U-01,TCGA-ZF-AA4U,1434.76,8.613604235,1.0,Primary
BLCA,TCGA-ZF-AA4V-01,TCGA-ZF-AA4V,58.437,59.37469178,0.0,Primary
BLCA,TCGA-ZF-AA4W-01,TCGA-ZF-AA4W,593.521,60.16372423,0.0,Primary
BLCA,TCGA-ZF-AA4X-01,TCGA-ZF-AA4X,2077.44,67.19926357,0.0,Primary
BLCA,TCGA-ZF-AA51-01,TCGA-ZF-AA51,259.231,56.3500674,0.0,Primary
BLCA,TCGA-ZF-AA52-01,TCGA-ZF-AA52,155.477,35.40783115,1.0,Primary
BLCA,TCGA-ZF-AA53-01,TCGA-ZF-AA53,264.463,57.89525594,0.0,Primary
BLCA,TCGA-ZF-AA54-01,TCGA-ZF-AA54,3.0364,19.3970477,1.0,Primary
BLCA,TCGA-ZF-AA56-01,TCGA-ZF-AA56,14476.0,8.514975178,1.0,Primary
BLCA,TCGA-ZF-AA58-01,TCGA-ZF-AA58,9.6965,54.21310451,0.0,Primary
BLCA,TCGA-ZF-AA5H-01,TCGA-ZF-AA5H,29.4391,29.49008778,0.0,Primary
BLCA,TCGA-ZF-AA5N-01,TCGA-ZF-AA5N,1413.5,5.523227143,1.0,Primary
BLCA,TCGA-ZF-AA5P-01,TCGA-ZF-AA5P,309.061,12.23000296,0.0,Primary
KIRC,TCGA-3Z-A93Z-01,TCGA-3Z-A93Z,11.2913,12.65739554,0.0,Primary
KIRC,TCGA-6D-AA2E-01,TCGA-6D-AA2E,73.3945,11.90123944,0.0,Primary
KIRC,TCGA-A3-3306-01,TCGA-A3-3306,1.0352,36.82151429,0.0,Primary
KIRC,TCGA-A3-3307-01,TCGA-A3-3307,0.9174,47.21044153,0.0,Primary
KIRC,TCGA-A3-3308-01,TCGA-A3-3308,7.3403,0.526021633,0.0,Primary
KIRC,TCGA-A3-3311-01,TCGA-A3-3311,2.001,39.15573528,1.0,Primary
KIRC,TCGA-A3-3313-01,TCGA-A3-3313,2.3112,24.16411875,1.0,Primary
KIRC,TCGA-A3-3316-01,TCGA-A3-3316,9.5238,49.0843936,0.0,Primary
KIRC,TCGA-A3-3317-01,TCGA-A3-3317,5.1622,49.01864089,0.0,Primary
KIRC,TCGA-A3-3319-01,TCGA-A3-3319,0.3614,37.15027781,0.0,Primary
KIRC,TCGA-A3-3320-01,TCGA-A3-3320,5.6622,49.57753888,0.0,Primary
KIRC,TCGA-A3-3322-01,TCGA-A3-3322,20.4397,48.59124832,0.0,Primary
KIRC,TCGA-A3-3323-01,TCGA-A3-3323,6.2651,36.36124536,0.0,Primary
KIRC,TCGA-A3-3324-01,TCGA-A3-3324,3.4953,38.99135352,0.0,Primary
KIRC,TCGA-A3-3325-01,TCGA-A3-3325,8.5493,38.46533189,1.0,Primary
KIRC,TCGA-A3-3326-01,TCGA-A3-3326,6.4044,37.38041227,0.0,Primary
KIRC,TCGA-A3-3331-01,TCGA-A3-3331,1.6178,48.82138278,0.0,Primary
KIRC,TCGA-A3-3335-01,TCGA-A3-3335,5.4484,62.00479995,0.0,Primary
KIRC,TCGA-A3-3343-01,TCGA-A3-3343,2.1629,31.06815268,0.0,Primary
KIRC,TCGA-A3-3346-01,TCGA-A3-3346,3.5217,4.50406023,1.0,Primary
KIRC,TCGA-A3-3347-01,TCGA-A3-3347,6.0632,52.93092678,1.0,Primary
KIRC,TCGA-A3-3349-01,TCGA-A3-3349,4.4498,45.53374758,0.0,Primary
KIRC,TCGA-A3-3351-01,TCGA-A3-3351,3.8412,29.91748036,0.0,Primary
KIRC,TCGA-A3-3352-01,TCGA-A3-3352,2.8106,18.44363349,1.0,Primary
KIRC,TCGA-A3-3357-01,TCGA-A3-3357,1.3347,88.37163428,0.0,Primary
KIRC,TCGA-A3-3358-01,TCGA-A3-3358,0.6361,42.96939212,0.0,Primary
KIRC,TCGA-A3-3359-01,TCGA-A3-3359,0.4531,82.32238551,0.0,Primary
KIRC,TCGA-A3-3362-01,TCGA-A3-3362,8.1967,51.25423283,0.0,Primary
KIRC,TCGA-A3-3363-01,TCGA-A3-3363,1.0108,10.4875563,0.0,Primary
KIRC,TCGA-A3-3365-01,TCGA-A3-3365,8.0714,28.70105533,0.0,Primary
KIRC,TCGA-A3-3367-01,TCGA-A3-3367,1.2267,74.62931913,0.0,Primary
KIRC,TCGA-A3-3370-01,TCGA-A3-3370,3.2733,74.76082454,0.0,Primary
KIRC,TCGA-A3-3372-01,TCGA-A3-3372,2.3877,24.16411875,0.0,Primary
KIRC,TCGA-A3-3373-01,TCGA-A3-3373,1.7105,53.29256666,0.0,Primary
KIRC,TCGA-A3-3374-01,TCGA-A3-3374,16.8546,43.19952658,0.0,Primary
KIRC,TCGA-A3-3376-01,TCGA-A3-3376,4.469,55.75829306,1.0,Primary
KIRC,TCGA-A3-3378-01,TCGA-A3-3378,0.3729,20.71210179,0.0,Primary
KIRC,TCGA-A3-3380-01,TCGA-A3-3380,3.6078,18.64089161,0.0,Primary
KIRC,TCGA-A3-3382-01,TCGA-A3-3382,0.3992,18.87102607,0.0,Primary
KIRC,TCGA-A3-3383-01,TCGA-A3-3383,8.0645,28.30653911,0.0,Primary
KIRC,TCGA-A3-3385-01,TCGA-A3-3385,4.614,65.52256962,0.0,Primary
KIRC,TCGA-A3-3387-01,TCGA-A3-3387,6.1849,20.28470921,0.0,Primary
KIRC,TCGA-A3-A6NI-01,TCGA-A3-A6NI,3.6088,33.46812638,0.0,Primary
KIRC,TCGA-A3-A6NJ-01,TCGA-A3-A6NJ,1.2005,15.38613276,0.0,Primary
KIRC,TCGA-A3-A6NL-01,TCGA-A3-A6NL,6.0409,22.65180656,0.0,Primary
KIRC,TCGA-A3-A6NN-01,TCGA-A3-A6NN,4.5942,0.098629056,0.0,Primary
KIRC,TCGA-A3-A8CQ-01,TCGA-A3-A8CQ,5.6893,0.098629056,0.0,Primary
KIRC,TCGA-A3-A8OU-01,TCGA-A3-A8OU,4.4697,0.0,0.0,Primary
KIRC,TCGA-A3-A8OV-01,TCGA-A3-A8OV,0.0,11.17795969,0.0,Primary
KIRC,TCGA-A3-A8OW-01,TCGA-A3-A8OW,9.739,10.61906171,0.0,Primary
KIRC,TCGA-A3-A8OX-01,TCGA-A3-A8OX,0.9975,0.0,0.0,Primary
KIRC,TCGA-AK-3426-01,TCGA-AK-3426,8.1633,29.09557156,1.0,Primary
KIRC,TCGA-AK-3427-01,TCGA-AK-3427,6.9238,117.7959694,0.0,Primary
KIRC,TCGA-AK-3428-01,TCGA-AK-3428,1.4006,122.5630404,0.0,Primary
KIRC,TCGA-AK-3429-01,TCGA-AK-3429,0.5135,109.4124996,0.0,Primary
KIRC,TCGA-AK-3431-01,TCGA-AK-3431,0.0,73.67590492,1.0,Primary
KIRC,TCGA-AK-3433-01,TCGA-AK-3433,0.0,112.0754841,0.0,Primary
KIRC,TCGA-AK-3434-01,TCGA-AK-3434,0.0,68.61294671,0.0,Primary
KIRC,TCGA-AK-3436-01,TCGA-AK-3436,0.0,109.5111287,0.0,Primary
KIRC,TCGA-AK-3440-01,TCGA-AK-3440,3.7847,94.1907486,0.0,Primary
KIRC,TCGA-AK-3443-01,TCGA-AK-3443,1.9743,46.78304895,0.0,Primary
KIRC,TCGA-AK-3444-01,TCGA-AK-3444,1.5387,48.36111385,0.0,Primary
KIRC,TCGA-AK-3445-01,TCGA-AK-3445,2.4988,78.64023408,0.0,Primary
KIRC,TCGA-AK-3447-01,TCGA-AK-3447,2.8906,40.01052043,0.0,Primary
KIRC,TCGA-AK-3450-01,TCGA-AK-3450,20.3947,58.48703028,0.0,Primary
KIRC,TCGA-AK-3451-01,TCGA-AK-3451,0.0,94.28937765,0.0,Primary
KIRC,TCGA-AK-3453-01,TCGA-AK-3453,1.6729,83.21004701,0.0,Primary
KIRC,TCGA-AK-3454-01,TCGA-AK-3454,0.8631,28.73393168,0.0,Primary
KIRC,TCGA-AK-3455-01,TCGA-AK-3455,1.3928,22.45454844,1.0,Primary
KIRC,TCGA-AK-3456-01,TCGA-AK-3456,2.9659,37.57767038,0.0,Primary
KIRC,TCGA-AK-3458-01,TCGA-AK-3458,1.207,38.39957918,0.0,Primary
KIRC,TCGA-AK-3460-01,TCGA-AK-3460,1.2285,82.45389092,0.0,Primary
KIRC,TCGA-AK-3461-01,TCGA-AK-3461,3.876,72.88687247,0.0,Primary
KIRC,TCGA-AK-3465-01,TCGA-AK-3465,2.5554,12.1313739,0.0,Primary
KIRC,TCGA-AS-3777-01,TCGA-AS-3777,244.988,40.70092383,0.0,Primary
KIRC,TCGA-AS-3778-01,TCGA-AS-3778,6.0049,1.413683138,0.0,Primary
KIRC,TCGA-B0-4688-01,TCGA-B0-4688,1.469,3.320511556,1.0,Primary
KIRC,TCGA-B0-4690-01,TCGA-B0-4690,2.2339,1.413683138,1.0,Primary
KIRC,TCGA-B0-4691-01,TCGA-B0-4691,3.0,4.569812934,1.0,Primary
KIRC,TCGA-B0-4693-01,TCGA-B0-4693,0.9148,2.531479107,1.0,Primary
KIRC,TCGA-B0-4694-01,TCGA-B0-4694,2.5936,3.484893316,1.0,Primary
KIRC,TCGA-B0-4696-01,TCGA-B0-4696,0.0,28.47092087,1.0,Primary
KIRC,TCGA-B0-4697-01,TCGA-B0-4697,19.8151,19.00253148,1.0,Primary
KIRC,TCGA-B0-4698-01,TCGA-B0-4698,1.2256,1.380806786,1.0,Primary
KIRC,TCGA-B0-4699-01,TCGA-B0-4699,78.8871,3.616398724,1.0,Primary
KIRC,TCGA-B0-4700-01,TCGA-B0-4700,0.958,65.09517704,1.0,Primary
KIRC,TCGA-B0-4701-01,TCGA-B0-4701,10.7112,7.824571786,1.0,Primary
KIRC,TCGA-B0-4703-01,TCGA-B0-4703,8.7686,5.983496071,1.0,Primary
KIRC,TCGA-B0-4706-01,TCGA-B0-4706,19.2891,2.136962883,1.0,Primary
KIRC,TCGA-B0-4707-01,TCGA-B0-4707,7.7724,19.72581122,1.0,Primary
KIRC,TCGA-B0-4710-01,TCGA-B0-4710,7.628,57.69799783,0.0,Primary
KIRC,TCGA-B0-4712-01,TCGA-B0-4712,2.642,43.95568268,1.0,Primary
KIRC,TCGA-B0-4713-01,TCGA-B0-4713,0.6606,6.641023112,1.0,Primary
KIRC,TCGA-B0-4714-01,TCGA-B0-4714,2.0566,3.254758852,1.0,Primary
KIRC,TCGA-B0-4718-01,TCGA-B0-4718,1.3812,58.45415393,0.0,Primary
KIRC,TCGA-B0-4810-01,TCGA-B0-4810,2.059,15.71489628,1.0,Primary
KIRC,TCGA-B0-4811-01,TCGA-B0-4811,14.7465,46.58579084,1.0,Primary
KIRC,TCGA-B0-4813-01,TCGA-B0-4813,0.6819,0.591774337,1.0,Primary
KIRC,TCGA-B0-4814-01,TCGA-B0-4814,4.268,5.523227143,1.0,Primary
KIRC,TCGA-B0-4815-01,TCGA-B0-4815,1.4692,52.20764704,1.0,Primary
KIRC,TCGA-B0-4816-01,TCGA-B0-4816,3.6723,45.07347865,1.0,Primary
KIRC,TCGA-B0-4817-01,TCGA-B0-4817,7.2944,33.50100273,1.0,Primary
KIRC,TCGA-B0-4818-01,TCGA-B0-4818,4.7995,16.76693954,1.0,Primary
KIRC,TCGA-B0-4819-01,TCGA-B0-4819,7.3481,6.016372423,1.0,Primary
KIRC,TCGA-B0-4821-01,TCGA-B0-4821,6.6401,40.43791301,1.0,Primary
KIRC,TCGA-B0-4822-01,TCGA-B0-4822,6.7661,36.52562712,1.0,Primary
KIRC,TCGA-B0-4823-01,TCGA-B0-4823,2.2415,14.92586383,1.0,Primary
KIRC,TCGA-B0-4824-01,TCGA-B0-4824,9.577,54.47611533,1.0,Primary
KIRC,TCGA-B0-4827-01,TCGA-B0-4827,433.005,29.09557156,1.0,Primary
KIRC,TCGA-B0-4828-01,TCGA-B0-4828,18.5319,10.09304008,1.0,Primary
KIRC,TCGA-B0-4833-01,TCGA-B0-4833,0.6398,78.44297597,1.0,Primary
KIRC,TCGA-B0-4834-01,TCGA-B0-4834,2.4166,68.71157576,1.0,Primary
KIRC,TCGA-B0-4836-01,TCGA-B0-4836,2.1462,40.70092383,1.0,Primary
KIRC,TCGA-B0-4837-01,TCGA-B0-4837,6.7195,45.30361311,1.0,Primary
KIRC,TCGA-B0-4838-01,TCGA-B0-4838,12.1279,27.4188776,1.0,Primary
KIRC,TCGA-B0-4839-01,TCGA-B0-4839,1.9953,53.88434099,1.0,Primary
KIRC,TCGA-B0-4841-01,TCGA-B0-4841,7.0012,6.706775816,1.0,Primary
KIRC,TCGA-B0-4842-01,TCGA-B0-4842,3.1235,56.67883092,1.0,Primary
KIRC,TCGA-B0-4843-01,TCGA-B0-4843,4.5455,10.52043265,1.0,Primary
KIRC,TCGA-B0-4844-01,TCGA-B0-4844,5.6211,10.29029819,1.0,Primary
KIRC,TCGA-B0-4845-01,TCGA-B0-4845,1.8501,65.29243515,1.0,Primary
KIRC,TCGA-B0-4846-01,TCGA-B0-4846,54.1248,39.45162245,1.0,Primary
KIRC,TCGA-B0-4847-01,TCGA-B0-4847,2.5559,26.07094717,1.0,Primary
KIRC,TCGA-B0-4848-01,TCGA-B0-4848,1.893,29.02981885,1.0,Primary
KIRC,TCGA-B0-4849-01,TCGA-B0-4849,21.3124,2.268468291,1.0,Primary
KIRC,TCGA-B0-4852-01,TCGA-B0-4852,3.3983,36.85439064,1.0,Primary
KIRC,TCGA-B0-4945-01,TCGA-B0-4945,4.0527,70.51977513,1.0,Primary
KIRC,TCGA-B0-5075-01,TCGA-B0-5075,0.0,20.94223625,1.0,Primary
KIRC,TCGA-B0-5077-01,TCGA-B0-5077,1.6053,43.29815564,1.0,Primary
KIRC,TCGA-B0-5080-01,TCGA-B0-5080,2.6861,11.2437124,1.0,Primary
KIRC,TCGA-B0-5081-01,TCGA-B0-5081,5.0854,11.90123944,1.0,Primary
KIRC,TCGA-B0-5083-01,TCGA-B0-5083,12.1497,34.35578788,1.0,Primary
KIRC,TCGA-B0-5084-01,TCGA-B0-5084,2.3344,7.298550153,1.0,Primary
KIRC,TCGA-B0-5085-01,TCGA-B0-5085,7.3322,25.31479107,1.0,Primary
KIRC,TCGA-B0-5088-01,TCGA-B0-5088,1.9077,18.5093862,1.0,Primary
KIRC,TCGA-B0-5092-01,TCGA-B0-5092,11.4542,15.09024559,1.0,Primary
KIRC,TCGA-B0-5094-01,TCGA-B0-5094,6.5551,10.94782523,1.0,Primary
KIRC,TCGA-B0-5095-01,TCGA-B0-5095,7.9631,8.05470625,1.0,Primary
KIRC,TCGA-B0-5096-01,TCGA-B0-5096,4.1532,2.235591939,1.0,Primary
KIRC,TCGA-B0-5097-01,TCGA-B0-5097,1.2972,21.86277411,0.0,Primary
KIRC,TCGA-B0-5098-01,TCGA-B0-5098,441.797,52.07614163,1.0,Primary
KIRC,TCGA-B0-5099-01,TCGA-B0-5099,0.7791,15.94503074,1.0,Primary
KIRC,TCGA-B0-5100-01,TCGA-B0-5100,49.0415,62.89246145,1.0,Primary
KIRC,TCGA-B0-5102-01,TCGA-B0-5102,0.7324,90.87023704,1.0,Primary
KIRC,TCGA-B0-5104-01,TCGA-B0-5104,5.2253,90.47572081,1.0,Primary
KIRC,TCGA-B0-5106-01,TCGA-B0-5106,2.5391,52.53641056,1.0,Primary
KIRC,TCGA-B0-5107-01,TCGA-B0-5107,3.0651,30.47637834,1.0,Primary
KIRC,TCGA-B0-5108-01,TCGA-B0-5108,1.1257,58.58565934,0.0,Primary
KIRC,TCGA-B0-5109-01,TCGA-B0-5109,12.7697,19.29841865,1.0,Primary
KIRC,TCGA-B0-5110-01,TCGA-B0-5110,1.1099,66.04859125,0.0,Primary
KIRC,TCGA-B0-5113-01,TCGA-B0-5113,3.705,38.62971365,0.0,Primary
KIRC,TCGA-B0-5115-01,TCGA-B0-5115,2.4915,52.73366867,0.0,Primary
KIRC,TCGA-B0-5116-01,TCGA-B0-5116,2.8513,41.8844725,0.0,Primary
KIRC,TCGA-B0-5117-01,TCGA-B0-5117,4.2875,52.86517408,0.0,Primary
KIRC,TCGA-B0-5119-01,TCGA-B0-5119,1.3929,51.02409837,0.0,Primary
KIRC,TCGA-B0-5120-01,TCGA-B0-5120,25.7271,38.43245554,0.0,Primary
KIRC,TCGA-B0-5121-01,TCGA-B0-5121,1.7123,48.82138278,0.0,Primary
KIRC,TCGA-B0-5399-01,TCGA-B0-5399,4.2922,46.38853273,0.0,Primary
KIRC,TCGA-B0-5400-01,TCGA-B0-5400,3.9692,56.97471809,0.0,Primary
KIRC,TCGA-B0-5402-01,TCGA-B0-5402,2.0612,42.41049413,0.0,Primary
KIRC,TCGA-B0-5690-01,TCGA-B0-5690,1.2092,111.5165861,0.0,Primary
KIRC,TCGA-B0-5691-01,TCGA-B0-5691,13.7514,112.7987639,0.0,Primary
KIRC,TCGA-B0-5692-01,TCGA-B0-5692,0.0,129.6643325,0.0,Primary
KIRC,TCGA-B0-5693-01,TCGA-B0-5693,1.9365,133.9382582,0.0,Primary
KIRC,TCGA-B0-5694-01,TCGA-B0-5694,2.9019,15.78064898,1.0,Primary
KIRC,TCGA-B0-5695-01,TCGA-B0-5695,2.7468,70.68415689,0.0,Primary
KIRC,TCGA-B0-5696-01,TCGA-B0-5696,1.0688,85.77440247,0.0,Primary
KIRC,TCGA-B0-5697-01,TCGA-B0-5697,1.2776,86.46480587,0.0,Primary
KIRC,TCGA-B0-5698-01,TCGA-B0-5698,1.6611,119.3740343,0.0,Primary
KIRC,TCGA-B0-5699-01,TCGA-B0-5699,2.4779,126.2780682,0.0,Primary
KIRC,TCGA-B0-5701-01,TCGA-B0-5701,1.1813,80.90870237,0.0,Primary
KIRC,TCGA-B0-5702-01,TCGA-B0-5702,0.0,71.40743663,0.0,Primary
KIRC,TCGA-B0-5703-01,TCGA-B0-5703,0.5098,73.84028668,0.0,Primary
KIRC,TCGA-B0-5705-01,TCGA-B0-5705,6.7311,149.1600092,0.0,Primary
KIRC,TCGA-B0-5706-01,TCGA-B0-5706,1.2407,105.3687083,0.0,Primary
KIRC,TCGA-B0-5707-01,TCGA-B0-5707,3.8425,123.089062,0.0,Primary
KIRC,TCGA-B0-5709-01,TCGA-B0-5709,2.7588,130.650623,0.0,Primary
KIRC,TCGA-B0-5710-01,TCGA-B0-5710,2.4814,79.88953546,0.0,Primary
KIRC,TCGA-B0-5711-01,TCGA-B0-5711,1.4129,131.1437683,0.0,Primary
KIRC,TCGA-B0-5712-01,TCGA-B0-5712,2.2136,89.48943025,0.0,Primary
KIRC,TCGA-B0-5713-01,TCGA-B0-5713,0.9798,91.46201138,0.0,Primary
KIRC,TCGA-B0-5812-01,TCGA-B0-5812,8.8358,126.0479337,0.0,Primary
KIRC,TCGA-B2-3923-01,TCGA-B2-3923,7.1897,32.61334122,0.0,Primary
KIRC,TCGA-B2-3924-01,TCGA-B2-3924,1.5444,35.90097643,0.0,Primary
KIRC,TCGA-B2-4098-01,TCGA-B2-4098,8.9347,1.676693954,1.0,Primary
KIRC,TCGA-B2-4099-01,TCGA-B2-4099,1.2826,31.95581418,0.0,Primary
KIRC,TCGA-B2-4101-01,TCGA-B2-4101,10.352,21.30387612,0.0,Primary
KIRC,TCGA-B2-4102-01,TCGA-B2-4102,2.4938,31.29828714,0.0,Primary
KIRC,TCGA-B2-5633-01,TCGA-B2-5633,6.3107,31.65992701,0.0,Primary
KIRC,TCGA-B2-5635-01,TCGA-B2-5635,6.7353,24.82164579,0.0,Primary
KIRC,TCGA-B2-5639-01,TCGA-B2-5639,1.4306,32.9749811,1.0,Primary
KIRC,TCGA-B2-5641-01,TCGA-B2-5641,12.7644,21.56688694,0.0,Primary
KIRC,TCGA-B2-A4SR-01,TCGA-B2-A4SR,5.3997,16.66831048,0.0,Primary
KIRC,TCGA-B4-5377-01,TCGA-B4-5377,2.2831,11.9998685,0.0,Primary
KIRC,TCGA-B4-5378-01,TCGA-B4-5378,102.596,5.753361607,0.0,Primary
KIRC,TCGA-B4-5832-01,TCGA-B4-5832,3.5682,5.095834566,0.0,Primary
KIRC,TCGA-B4-5834-01,TCGA-B4-5834,1.86,1.249301378,0.0,Primary
KIRC,TCGA-B4-5835-01,TCGA-B4-5835,2.4258,0.526021633,0.0,Primary
KIRC,TCGA-B4-5836-01,TCGA-B4-5836,1.3312,4.635565638,0.0,Primary
KIRC,TCGA-B4-5838-01,TCGA-B4-5838,1.7264,5.457474439,0.0,Primary
KIRC,TCGA-B4-5843-01,TCGA-B4-5843,1.6461,0.361639872,0.0,Primary
KIRC,TCGA-B4-5844-01,TCGA-B4-5844,0.3771,0.230134464,0.0,Primary
KIRC,TCGA-B8-4143-01,TCGA-B8-4143,1.9851,23.3093336,1.0,Primary
KIRC,TCGA-B8-4146-01,TCGA-B8-4146,0.4268,16.79981589,0.0,Primary
KIRC,TCGA-B8-4148-01,TCGA-B8-4148,62.2914,49.9720551,0.0,Primary
KIRC,TCGA-B8-4151-01,TCGA-B8-4151,0.0,42.7063813,0.0,Primary
KIRC,TCGA-B8-4153-01,TCGA-B8-4153,3.809,25.05178025,0.0,Primary
KIRC,TCGA-B8-4154-01,TCGA-B8-4154,0.3948,45.36936582,0.0,Primary
KIRC,TCGA-B8-4619-01,TCGA-B8-4619,56.7246,17.19433212,0.0,Primary
KIRC,TCGA-B8-4620-01,TCGA-B8-4620,1.6764,25.54492554,0.0,Primary
KIRC,TCGA-B8-4621-01,TCGA-B8-4621,7.5416,25.90656541,0.0,Primary
KIRC,TCGA-B8-4622-01,TCGA-B8-4622,1.2976,50.13643686,0.0,Primary
KIRC,TCGA-B8-5158-01,TCGA-B8-5158,0.9516,40.04339679,0.0,Primary
KIRC,TCGA-B8-5159-01,TCGA-B8-5159,0.8217,23.73672617,0.0,Primary
KIRC,TCGA-B8-5162-01,TCGA-B8-5162,2.7155,1.183548673,0.0,Primary
KIRC,TCGA-B8-5163-01,TCGA-B8-5163,0.8303,27.02436138,0.0,Primary
KIRC,TCGA-B8-5164-01,TCGA-B8-5164,0.2809,0.854785153,0.0,Primary
KIRC,TCGA-B8-5165-01,TCGA-B8-5165,4.8691,24.22987145,0.0,Primary
KIRC,TCGA-B8-5545-01,TCGA-B8-5545,1.7746,50.13643686,0.0,Primary
KIRC,TCGA-B8-5546-01,TCGA-B8-5546,1.998,16.60255778,0.0,Primary
KIRC,TCGA-B8-5549-01,TCGA-B8-5549,0.0,6.378012296,0.0,Primary
KIRC,TCGA-B8-5550-01,TCGA-B8-5550,2.5694,48.52549561,0.0,Primary
KIRC,TCGA-B8-5551-01,TCGA-B8-5551,25.1486,0.526021633,0.0,Primary
KIRC,TCGA-B8-5552-01,TCGA-B8-5552,12.3427,34.38866423,0.0,Primary
KIRC,TCGA-B8-5553-01,TCGA-B8-5553,0.7461,14.30121314,0.0,Primary
KIRC,TCGA-B8-A54D-01,TCGA-B8-A54D,0.0,27.28737219,0.0,Primary
KIRC,TCGA-B8-A54E-01,TCGA-B8-A54E,13.4698,29.884604,0.0,Primary
KIRC,TCGA-B8-A54F-01,TCGA-B8-A54F,9.5073,17.06282671,0.0,Primary
KIRC,TCGA-B8-A54G-01,TCGA-B8-A54G,4.298,1.742446658,0.0,Primary
KIRC,TCGA-B8-A54H-01,TCGA-B8-A54H,5.4012,8.416346122,0.0,Primary
KIRC,TCGA-B8-A54I-01,TCGA-B8-A54I,3.736,4.931452806,0.0,Primary
KIRC,TCGA-B8-A54J-01,TCGA-B8-A54J,7.1861,17.35871388,0.0,Primary
KIRC,TCGA-B8-A7U6-01,TCGA-B8-A7U6,2.1727,16.27379426,0.0,Primary
KIRC,TCGA-B8-A8YJ-01,TCGA-B8-A8YJ,16.7268,14.16970773,0.0,Primary
KIRC,TCGA-BP-4158-01,TCGA-BP-4158,1.7279,111.0234408,0.0,Primary
KIRC,TCGA-BP-4159-01,TCGA-BP-4159,0.0,85.51139166,1.0,Primary
KIRC,TCGA-BP-4160-01,TCGA-BP-4160,1.3083,94.71677023,0.0,Primary
KIRC,TCGA-BP-4161-01,TCGA-BP-4161,6.1419,90.2784627,0.0,Primary
KIRC,TCGA-BP-4162-01,TCGA-BP-4162,1.3411,101.0619062,0.0,Primary
KIRC,TCGA-BP-4163-01,TCGA-BP-4163,1.0554,93.33596344,0.0,Primary
KIRC,TCGA-BP-4164-01,TCGA-BP-4164,1.1167,32.61334122,1.0,Primary
KIRC,TCGA-BP-4165-01,TCGA-BP-4165,1.5022,99.84548115,0.0,Primary
KIRC,TCGA-BP-4166-01,TCGA-BP-4166,1.3942,0.427392577,0.0,Primary
KIRC,TCGA-BP-4167-01,TCGA-BP-4167,2.8217,89.35792485,0.0,Primary
KIRC,TCGA-BP-4169-01,TCGA-BP-4169,9.4421,23.04632278,1.0,Primary
KIRC,TCGA-BP-4170-01,TCGA-BP-4170,0.9367,77.02929283,1.0,Primary
KIRC,TCGA-BP-4173-01,TCGA-BP-4173,1.7813,62.23493441,0.0,Primary
KIRC,TCGA-BP-4174-01,TCGA-BP-4174,0.0,61.77466548,0.0,Primary
KIRC,TCGA-BP-4176-01,TCGA-BP-4176,2.7103,64.27326824,0.0,Primary
KIRC,TCGA-BP-4177-01,TCGA-BP-4177,208.205,54.90350791,0.0,Primary
KIRC,TCGA-BP-4325-01,TCGA-BP-4325,0.7605,97.44550745,0.0,Primary
KIRC,TCGA-BP-4326-01,TCGA-BP-4326,3.3827,53.42407207,1.0,Primary
KIRC,TCGA-BP-4327-01,TCGA-BP-4327,3.881,3.583522372,1.0,Primary
KIRC,TCGA-BP-4329-01,TCGA-BP-4329,2.5766,27.78051747,1.0,Primary
KIRC,TCGA-BP-4330-01,TCGA-BP-4330,1.2648,62.07055265,0.0,Primary
KIRC,TCGA-BP-4332-01,TCGA-BP-4332,7.4026,37.24890686,0.0,Primary
KIRC,TCGA-BP-4334-01,TCGA-BP-4334,5.9932,21.20524707,1.0,Primary
KIRC,TCGA-BP-4335-01,TCGA-BP-4335,6.1491,15.61626722,1.0,Primary
KIRC,TCGA-BP-4337-01,TCGA-BP-4337,24.9554,0.065752704,1.0,Primary
KIRC,TCGA-BP-4338-01,TCGA-BP-4338,0.3554,93.99349048,0.0,Primary
KIRC,TCGA-BP-4340-01,TCGA-BP-4340,1.4697,18.47650985,1.0,Primary
KIRC,TCGA-BP-4341-01,TCGA-BP-4341,1.2595,52.24052339,1.0,Primary
KIRC,TCGA-BP-4343-01,TCGA-BP-4343,2.2443,62.8595851,1.0,Primary
KIRC,TCGA-BP-4345-01,TCGA-BP-4345,6.6088,49.84054969,0.0,Primary
KIRC,TCGA-BP-4346-01,TCGA-BP-4346,10.8948,49.0843936,1.0,Primary
KIRC,TCGA-BP-4347-01,TCGA-BP-4347,5.5541,44.94197324,0.0,Primary
KIRC,TCGA-BP-4349-01,TCGA-BP-4349,4.8273,12.23000296,0.0,Primary
KIRC,TCGA-BP-4351-01,TCGA-BP-4351,3.6085,31.89006148,0.0,Primary
KIRC,TCGA-BP-4352-01,TCGA-BP-4352,8.348,11.3094651,1.0,Primary
KIRC,TCGA-BP-4354-01,TCGA-BP-4354,6.4905,33.99414801,1.0,Primary
KIRC,TCGA-BP-4355-01,TCGA-BP-4355,17.682,31.33116349,1.0,Primary
KIRC,TCGA-BP-4756-01,TCGA-BP-4756,2.1269,12.29575566,0.0,Primary
KIRC,TCGA-BP-4758-01,TCGA-BP-4758,26.8169,72.5909853,0.0,Primary
KIRC,TCGA-BP-4759-01,TCGA-BP-4759,0.44,77.98270704,0.0,Primary
KIRC,TCGA-BP-4760-01,TCGA-BP-4760,234.951,77.62106717,0.0,Primary
KIRC,TCGA-BP-4761-01,TCGA-BP-4761,4.5023,5.983496071,0.0,Primary
KIRC,TCGA-BP-4762-01,TCGA-BP-4762,2.6227,44.15294079,1.0,Primary
KIRC,TCGA-BP-4763-01,TCGA-BP-4763,5.6185,41.75296709,1.0,Primary
KIRC,TCGA-BP-4765-01,TCGA-BP-4765,9.8962,71.80195286,0.0,Primary
KIRC,TCGA-BP-4766-01,TCGA-BP-4766,1.1835,48.06522668,0.0,Primary
KIRC,TCGA-BP-4768-01,TCGA-BP-4768,0.6513,13.15054082,0.0,Primary
KIRC,TCGA-BP-4769-01,TCGA-BP-4769,60.0612,61.67603643,0.0,Primary
KIRC,TCGA-BP-4770-01,TCGA-BP-4770,32.2723,10.81631982,1.0,Primary
KIRC,TCGA-BP-4771-01,TCGA-BP-4771,15.7451,5.325969031,1.0,Primary
KIRC,TCGA-BP-4774-01,TCGA-BP-4774,3.9944,61.9719236,0.0,Primary
KIRC,TCGA-BP-4775-01,TCGA-BP-4775,0.6889,60.59111681,0.0,Primary
KIRC,TCGA-BP-4776-01,TCGA-BP-4776,2.1231,13.51218069,0.0,Primary
KIRC,TCGA-BP-4777-01,TCGA-BP-4777,1.1811,56.90896538,0.0,Primary
KIRC,TCGA-BP-4781-01,TCGA-BP-4781,1.8772,68.38281224,0.0,Primary
KIRC,TCGA-BP-4782-01,TCGA-BP-4782,0.3683,11.63822862,0.0,Primary
KIRC,TCGA-BP-4784-01,TCGA-BP-4784,949.045,60.95275668,0.0,Primary
KIRC,TCGA-BP-4787-01,TCGA-BP-4787,4.6323,15.78064898,1.0,Primary
KIRC,TCGA-BP-4789-01,TCGA-BP-4789,8.1416,48.95288819,0.0,Primary
KIRC,TCGA-BP-4790-01,TCGA-BP-4790,4.9915,36.52562712,1.0,Primary
KIRC,TCGA-BP-4795-01,TCGA-BP-4795,103.63,20.38333827,0.0,Primary
KIRC,TCGA-BP-4797-01,TCGA-BP-4797,2.1814,36.39412171,0.0,Primary
KIRC,TCGA-BP-4798-01,TCGA-BP-4798,0.8127,10.98070158,1.0,Primary
KIRC,TCGA-BP-4799-01,TCGA-BP-4799,0.6399,37.24890686,1.0,Primary
KIRC,TCGA-BP-4801-01,TCGA-BP-4801,39.8421,36.95301969,0.0,Primary
KIRC,TCGA-BP-4803-01,TCGA-BP-4803,1.5094,6.706775816,0.0,Primary
KIRC,TCGA-BP-4804-01,TCGA-BP-4804,3.4414,47.96659763,0.0,Primary
KIRC,TCGA-BP-4807-01,TCGA-BP-4807,18.8262,6.93691028,0.0,Primary
KIRC,TCGA-BP-4959-01,TCGA-BP-4959,2.2173,87.45109643,0.0,Primary
KIRC,TCGA-BP-4960-01,TCGA-BP-4960,1.938,71.40743663,0.0,Primary
KIRC,TCGA-BP-4961-01,TCGA-BP-4961,3.0178,63.6157412,0.0,Primary
KIRC,TCGA-BP-4962-01,TCGA-BP-4962,5.9746,58.68428839,0.0,Primary
KIRC,TCGA-BP-4963-01,TCGA-BP-4963,3.6458,60.29522964,0.0,Primary
KIRC,TCGA-BP-4964-01,TCGA-BP-4964,3.8926,61.2157675,0.0,Primary
KIRC,TCGA-BP-4965-01,TCGA-BP-4965,2.0989,61.51165467,0.0,Primary
KIRC,TCGA-BP-4967-01,TCGA-BP-4967,0.3228,6.739652168,0.0,Primary
KIRC,TCGA-BP-4968-01,TCGA-BP-4968,1.0251,57.40211066,0.0,Primary
KIRC,TCGA-BP-4969-01,TCGA-BP-4969,2.9191,58.98017556,0.0,Primary
KIRC,TCGA-BP-4970-01,TCGA-BP-4970,4.7985,14.23546043,0.0,Primary
KIRC,TCGA-BP-4971-01,TCGA-BP-4971,7.4806,48.88713548,0.0,Primary
KIRC,TCGA-BP-4972-01,TCGA-BP-4972,3.0791,49.38028076,0.0,Primary
KIRC,TCGA-BP-4973-01,TCGA-BP-4973,3.3805,45.50087122,0.0,Primary
KIRC,TCGA-BP-4974-01,TCGA-BP-4974,1.2953,6.93691028,1.0,Primary
KIRC,TCGA-BP-4975-01,TCGA-BP-4975,0.2547,47.11181247,0.0,Primary
KIRC,TCGA-BP-4977-01,TCGA-BP-4977,5.5866,14.92586383,0.0,Primary
KIRC,TCGA-BP-4981-01,TCGA-BP-4981,1.0373,36.06535819,1.0,Primary
KIRC,TCGA-BP-4982-01,TCGA-BP-4982,1.612,33.33662097,0.0,Primary
KIRC,TCGA-BP-4983-01,TCGA-BP-4983,8.7897,46.45428543,0.0,Primary
KIRC,TCGA-BP-4985-01,TCGA-BP-4985,5.4369,31.29828714,1.0,Primary
KIRC,TCGA-BP-4987-01,TCGA-BP-4987,2.1768,36.95301969,0.0,Primary
KIRC,TCGA-BP-4989-01,TCGA-BP-4989,40.823,3.879409541,0.0,Primary
KIRC,TCGA-BP-4991-01,TCGA-BP-4991,1.5873,46.45428543,0.0,Primary
KIRC,TCGA-BP-4992-01,TCGA-BP-4992,4.0823,16.47105237,0.0,Primary
KIRC,TCGA-BP-4993-01,TCGA-BP-4993,6.3319,5.819114311,0.0,Primary
KIRC,TCGA-BP-4994-01,TCGA-BP-4994,1388.21,43.00226847,0.0,Primary
KIRC,TCGA-BP-4998-01,TCGA-BP-4998,3.4592,30.6407601,0.0,Primary
KIRC,TCGA-BP-4999-01,TCGA-BP-4999,12.1556,41.62146168,0.0,Primary
KIRC,TCGA-BP-5000-01,TCGA-BP-5000,4.0724,18.5093862,0.0,Primary
KIRC,TCGA-BP-5001-01,TCGA-BP-5001,13.3929,38.69546635,0.0,Primary
KIRC,TCGA-BP-5004-01,TCGA-BP-5004,0.7855,37.0187724,0.0,Primary
KIRC,TCGA-BP-5007-01,TCGA-BP-5007,2.3079,37.47904133,0.0,Primary
KIRC,TCGA-BP-5008-01,TCGA-BP-5008,15.8954,35.21057304,0.0,Primary
KIRC,TCGA-BP-5010-01,TCGA-BP-5010,9.6444,28.86543709,1.0,Primary
KIRC,TCGA-BP-5168-01,TCGA-BP-5168,0.0,48.09810303,1.0,Primary
KIRC,TCGA-BP-5169-01,TCGA-BP-5169,5.0063,6.345135944,0.0,Primary
KIRC,TCGA-BP-5170-01,TCGA-BP-5170,1.434,79.29776112,0.0,Primary
KIRC,TCGA-BP-5173-01,TCGA-BP-5173,4.0326,2.038333827,1.0,Primary
KIRC,TCGA-BP-5174-01,TCGA-BP-5174,0.816,74.20192655,0.0,Primary
KIRC,TCGA-BP-5175-01,TCGA-BP-5175,1.8648,30.6407601,0.0,Primary
KIRC,TCGA-BP-5176-01,TCGA-BP-5176,2.6016,52.27339974,1.0,Primary
KIRC,TCGA-BP-5177-01,TCGA-BP-5177,5.4011,9.632771148,0.0,Primary
KIRC,TCGA-BP-5178-01,TCGA-BP-5178,2.9648,62.8595851,1.0,Primary
KIRC,TCGA-BP-5180-01,TCGA-BP-5180,2.4565,74.39918467,0.0,Primary
KIRC,TCGA-BP-5182-01,TCGA-BP-5182,4.4886,38.30095013,0.0,Primary
KIRC,TCGA-BP-5183-01,TCGA-BP-5183,0.9515,42.44337048,0.0,Primary
KIRC,TCGA-BP-5184-01,TCGA-BP-5184,1.3453,37.24890686,0.0,Primary
KIRC,TCGA-BP-5185-01,TCGA-BP-5185,2.8818,37.21603051,0.0,Primary
KIRC,TCGA-BP-5186-01,TCGA-BP-5186,7.288,22.78331196,0.0,Primary
KIRC,TCGA-BP-5187-01,TCGA-BP-5187,3.6364,13.34779893,0.0,Primary
KIRC,TCGA-BP-5189-01,TCGA-BP-5189,0.7151,27.02436138,1.0,Primary
KIRC,TCGA-BP-5190-01,TCGA-BP-5190,0.0,33.23799191,0.0,Primary
KIRC,TCGA-BP-5191-01,TCGA-BP-5191,0.7242,31.79143242,0.0,Primary
KIRC,TCGA-BP-5192-01,TCGA-BP-5192,1.9672,23.47371536,0.0,Primary
KIRC,TCGA-BP-5194-01,TCGA-BP-5194,0.8361,13.41355163,0.0,Primary
KIRC,TCGA-BP-5195-01,TCGA-BP-5195,3.9914,24.62438768,0.0,Primary
KIRC,TCGA-BP-5196-01,TCGA-BP-5196,16.915,33.46812638,0.0,Primary
KIRC,TCGA-BP-5198-01,TCGA-BP-5198,2.2565,19.82444028,0.0,Primary
KIRC,TCGA-BP-5200-01,TCGA-BP-5200,1.604,34.94756222,0.0,Primary
KIRC,TCGA-BP-5201-01,TCGA-BP-5201,4.2718,31.26541079,0.0,Primary
KIRC,TCGA-BP-5202-01,TCGA-BP-5202,1.4888,0.953414209,0.0,Primary
KIRC,TCGA-CJ-4634-01,TCGA-CJ-4634,0.6949,115.0014794,0.0,Primary
KIRC,TCGA-CJ-4635-01,TCGA-CJ-4635,1.9992,46.55291449,0.0,Primary
KIRC,TCGA-CJ-4636-01,TCGA-CJ-4636,3.6712,63.25410133,0.0,Primary
KIRC,TCGA-CJ-4637-01,TCGA-CJ-4637,1.296,73.21563599,1.0,Primary
KIRC,TCGA-CJ-4638-01,TCGA-CJ-4638,2.7875,14.16970773,1.0,Primary
KIRC,TCGA-CJ-4639-01,TCGA-CJ-4639,3.3375,106.1577407,0.0,Primary
KIRC,TCGA-CJ-4640-01,TCGA-CJ-4640,1.3885,114.4097051,0.0,Primary
KIRC,TCGA-CJ-4641-01,TCGA-CJ-4641,1.6207,54.60762074,1.0,Primary
KIRC,TCGA-CJ-4643-01,TCGA-CJ-4643,2.3958,58.94729921,0.0,Primary
KIRC,TCGA-CJ-4644-01,TCGA-CJ-4644,0.7678,11.04645429,1.0,Primary
KIRC,TCGA-CJ-4868-01,TCGA-CJ-4868,4.6393,21.23812342,1.0,Primary
KIRC,TCGA-CJ-4869-01,TCGA-CJ-4869,1.7513,83.96620311,0.0,Primary
KIRC,TCGA-CJ-4870-01,TCGA-CJ-4870,27.3834,49.24877536,0.0,Primary
KIRC,TCGA-CJ-4871-01,TCGA-CJ-4871,1.5343,79.65940099,0.0,Primary
KIRC,TCGA-CJ-4872-01,TCGA-CJ-4872,6.9473,47.17756518,0.0,Primary
KIRC,TCGA-CJ-4873-01,TCGA-CJ-4873,1.9987,74.26767926,0.0,Primary
KIRC,TCGA-CJ-4874-01,TCGA-CJ-4874,0.0,75.05671171,0.0,Primary
KIRC,TCGA-CJ-4875-01,TCGA-CJ-4875,1.0583,116.8425552,1.0,Primary
KIRC,TCGA-CJ-4876-01,TCGA-CJ-4876,5.3083,64.27326824,0.0,Primary
KIRC,TCGA-CJ-4878-01,TCGA-CJ-4878,0.0,71.86770556,0.0,Primary
KIRC,TCGA-CJ-4881-01,TCGA-CJ-4881,23.3944,66.21297301,0.0,Primary
KIRC,TCGA-CJ-4882-01,TCGA-CJ-4882,15.1915,61.90617089,0.0,Primary
KIRC,TCGA-CJ-4884-01,TCGA-CJ-4884,2.4482,57.82950324,0.0,Primary
KIRC,TCGA-CJ-4885-01,TCGA-CJ-4885,0.7077,113.4562909,0.0,Primary
KIRC,TCGA-CJ-4886-01,TCGA-CJ-4886,0.3771,64.17463918,0.0,Primary
KIRC,TCGA-CJ-4887-01,TCGA-CJ-4887,0.8877,30.6407601,1.0,Primary
KIRC,TCGA-CJ-4888-01,TCGA-CJ-4888,0.7053,51.51724365,1.0,Primary
KIRC,TCGA-CJ-4889-01,TCGA-CJ-4889,3.7238,63.97738107,0.0,Primary
KIRC,TCGA-CJ-4890-01,TCGA-CJ-4890,18.3214,115.6918828,0.0,Primary
KIRC,TCGA-CJ-4891-01,TCGA-CJ-4891,5.5892,26.92573232,1.0,Primary
KIRC,TCGA-CJ-4892-01,TCGA-CJ-4892,6.9267,50.00493145,0.0,Primary
KIRC,TCGA-CJ-4893-01,TCGA-CJ-4893,0.0,24.65726403,0.0,Primary
KIRC,TCGA-CJ-4894-01,TCGA-CJ-4894,6.1914,27.64901207,1.0,Primary
KIRC,TCGA-CJ-4895-01,TCGA-CJ-4895,3.7915,39.45162245,1.0,Primary
KIRC,TCGA-CJ-4897-01,TCGA-CJ-4897,1.0614,109.8398922,0.0,Primary
KIRC,TCGA-CJ-4899-01,TCGA-CJ-4899,18.4471,50.23506592,0.0,Primary
KIRC,TCGA-CJ-4900-01,TCGA-CJ-4900,2.1042,56.3500674,1.0,Primary
KIRC,TCGA-CJ-4901-01,TCGA-CJ-4901,5.1546,47.67071046,0.0,Primary
KIRC,TCGA-CJ-4902-01,TCGA-CJ-4902,3.3482,49.9720551,0.0,Primary
KIRC,TCGA-CJ-4903-01,TCGA-CJ-4903,2.7667,51.28710918,0.0,Primary
KIRC,TCGA-CJ-4904-01,TCGA-CJ-4904,13.4864,108.5577144,0.0,Primary
KIRC,TCGA-CJ-4905-01,TCGA-CJ-4905,0.8958,49.18302265,0.0,Primary
KIRC,TCGA-CJ-4907-01,TCGA-CJ-4907,1.2562,49.28165171,0.0,Primary
KIRC,TCGA-CJ-4908-01,TCGA-CJ-4908,1.5331,50.33369497,0.0,Primary
KIRC,TCGA-CJ-4912-01,TCGA-CJ-4912,0.0,54.47611533,0.0,Primary
KIRC,TCGA-CJ-4916-01,TCGA-CJ-4916,1.0299,45.13923135,0.0,Primary
KIRC,TCGA-CJ-4918-01,TCGA-CJ-4918,1.6551,3.05750074,1.0,Primary
KIRC,TCGA-CJ-4920-01,TCGA-CJ-4920,1.7206,4.569812934,1.0,Primary
KIRC,TCGA-CJ-4923-01,TCGA-CJ-4923,4.0258,18.80527337,1.0,Primary
KIRC,TCGA-CJ-5671-01,TCGA-CJ-5671,0.8666,131.0780156,0.0,Primary
KIRC,TCGA-CJ-5672-01,TCGA-CJ-5672,14.587,71.99921097,1.0,Primary
KIRC,TCGA-CJ-5675-01,TCGA-CJ-5675,2.4527,129.4013216,0.0,Primary
KIRC,TCGA-CJ-5676-01,TCGA-CJ-5676,1.1601,133.7081238,0.0,Primary
KIRC,TCGA-CJ-5677-01,TCGA-CJ-5677,4.4969,25.7093073,1.0,Primary
KIRC,TCGA-CJ-5678-01,TCGA-CJ-5678,1.5756,18.87102607,1.0,Primary
KIRC,TCGA-CJ-5679-01,TCGA-CJ-5679,3.4985,22.32304304,1.0,Primary
KIRC,TCGA-CJ-5680-01,TCGA-CJ-5680,1.3948,25.24903837,1.0,Primary
KIRC,TCGA-CJ-5681-01,TCGA-CJ-5681,33.2721,18.14774633,1.0,Primary
KIRC,TCGA-CJ-5682-01,TCGA-CJ-5682,3.7048,122.8260512,0.0,Primary
KIRC,TCGA-CJ-5683-01,TCGA-CJ-5683,1.7439,62.103429,0.0,Primary
KIRC,TCGA-CJ-5684-01,TCGA-CJ-5684,1.6116,73.3471414,0.0,Primary
KIRC,TCGA-CJ-5686-01,TCGA-CJ-5686,1.2277,67.00200546,0.0,Primary
KIRC,TCGA-CJ-5689-01,TCGA-CJ-5689,10.0177,53.25969031,1.0,Primary
KIRC,TCGA-CJ-6027-01,TCGA-CJ-6027,2.2099,118.8480126,1.0,Primary
KIRC,TCGA-CJ-6028-01,TCGA-CJ-6028,1.8553,53.42407207,1.0,Primary
KIRC,TCGA-CJ-6030-01,TCGA-CJ-6030,0.6479,75.58273334,1.0,Primary
KIRC,TCGA-CJ-6031-01,TCGA-CJ-6031,2.2633,62.66232699,0.0,Primary
KIRC,TCGA-CJ-6032-01,TCGA-CJ-6032,2.2685,119.6370451,0.0,Primary
KIRC,TCGA-CJ-6033-01,TCGA-CJ-6033,3.2645,7.364302857,1.0,Primary
KIRC,TCGA-CW-5580-01,TCGA-CW-5580,1.892,64.56915541,1.0,Primary
KIRC,TCGA-CW-5581-01,TCGA-CW-5581,3.0313,92.02090936,0.0,Primary
KIRC,TCGA-CW-5583-01,TCGA-CW-5583,18.4134,81.82924023,0.0,Primary
KIRC,TCGA-CW-5584-01,TCGA-CW-5584,8.0897,5.391721735,1.0,Primary
KIRC,TCGA-CW-5585-01,TCGA-CW-5585,0.5645,85.77440247,0.0,Primary
KIRC,TCGA-CW-5587-01,TCGA-CW-5587,2.6918,73.18275964,0.0,Primary
KIRC,TCGA-CW-5588-01,TCGA-CW-5588,1.7346,66.31160207,0.0,Primary
KIRC,TCGA-CW-5589-01,TCGA-CW-5589,6.0105,78.17996515,0.0,Primary
KIRC,TCGA-CW-5591-01,TCGA-CW-5591,16.5017,74.66219548,0.0,Primary
KIRC,TCGA-CW-6087-01,TCGA-CW-6087,0.5353,1.347930434,1.0,Primary
KIRC,TCGA-CW-6088-01,TCGA-CW-6088,9.6819,105.9276063,0.0,Primary
KIRC,TCGA-CW-6090-01,TCGA-CW-6090,0.7008,83.90045041,0.0,Primary
KIRC,TCGA-CW-6093-01,TCGA-CW-6093,3.8585,103.4290035,0.0,Primary
KIRC,TCGA-CW-6097-01,TCGA-CW-6097,1.5982,18.77239702,1.0,Primary
KIRC,TCGA-CZ-4853-01,TCGA-CZ-4853,0.8375,25.44629648,0.0,Primary
KIRC,TCGA-CZ-4854-01,TCGA-CZ-4854,3.3091,46.15839826,1.0,Primary
KIRC,TCGA-CZ-4856-01,TCGA-CZ-4856,6.1224,0.591774337,0.0,Primary
KIRC,TCGA-CZ-4857-01,TCGA-CZ-4857,3.3413,47.07893612,1.0,Primary
KIRC,TCGA-CZ-4858-01,TCGA-CZ-4858,1.045,69.20472104,1.0,Primary
KIRC,TCGA-CZ-4859-01,TCGA-CZ-4859,0.2564,58.7500411,0.0,Primary
KIRC,TCGA-CZ-4860-01,TCGA-CZ-4860,6.1943,6.77252852,1.0,Primary
KIRC,TCGA-CZ-4861-01,TCGA-CZ-4861,5.3517,14.66285301,1.0,Primary
KIRC,TCGA-CZ-4862-01,TCGA-CZ-4862,0.9074,107.5385475,0.0,Primary
KIRC,TCGA-CZ-4863-01,TCGA-CZ-4863,3.0315,63.38560673,0.0,Primary
KIRC,TCGA-CZ-4864-01,TCGA-CZ-4864,3.9095,93.04007627,1.0,Primary
KIRC,TCGA-CZ-4866-01,TCGA-CZ-4866,2.9731,107.4070421,0.0,Primary
KIRC,TCGA-CZ-5451-01,TCGA-CZ-5451,0.8585,63.41848309,0.0,Primary
KIRC,TCGA-CZ-5452-01,TCGA-CZ-5452,0.0,58.8157938,0.0,Primary
KIRC,TCGA-CZ-5453-01,TCGA-CZ-5453,2.2713,79.52789559,1.0,Primary
KIRC,TCGA-CZ-5454-01,TCGA-CZ-5454,0.2934,23.73672617,1.0,Primary
KIRC,TCGA-CZ-5455-01,TCGA-CZ-5455,1.6306,18.44363349,1.0,Primary
KIRC,TCGA-CZ-5456-01,TCGA-CZ-5456,1.9889,79.62652464,0.0,Primary
KIRC,TCGA-CZ-5457-01,TCGA-CZ-5457,1.4747,90.54147352,0.0,Primary
KIRC,TCGA-CZ-5458-01,TCGA-CZ-5458,7.3594,91.69214584,0.0,Primary
KIRC,TCGA-CZ-5459-01,TCGA-CZ-5459,1.455,55.33090048,0.0,Primary
KIRC,TCGA-CZ-5460-01,TCGA-CZ-5460,2.4441,94.45375941,0.0,Primary
KIRC,TCGA-CZ-5461-01,TCGA-CZ-5461,1.0584,10.84919617,1.0,Primary
KIRC,TCGA-CZ-5462-01,TCGA-CZ-5462,0.3053,10.22454548,1.0,Primary
KIRC,TCGA-CZ-5463-01,TCGA-CZ-5463,0.652,21.76414505,0.0,Primary
KIRC,TCGA-CZ-5464-01,TCGA-CZ-5464,7.2418,69.96087714,0.0,Primary
KIRC,TCGA-CZ-5465-01,TCGA-CZ-5465,2.0383,84.29496663,1.0,Primary
KIRC,TCGA-CZ-5466-01,TCGA-CZ-5466,2.5189,22.52030115,0.0,Primary
KIRC,TCGA-CZ-5467-01,TCGA-CZ-5467,0.0,2.399973699,1.0,Primary
KIRC,TCGA-CZ-5468-01,TCGA-CZ-5468,0.0,1.93970477,1.0,Primary
KIRC,TCGA-CZ-5469-01,TCGA-CZ-5469,3.0018,31.10102903,1.0,Primary
KIRC,TCGA-CZ-5470-01,TCGA-CZ-5470,0.645,12.69027189,0.0,Primary
KIRC,TCGA-CZ-5982-01,TCGA-CZ-5982,1.0306,80.18542263,0.0,Primary
KIRC,TCGA-CZ-5984-01,TCGA-CZ-5984,3.6319,67.95541967,0.0,Primary
KIRC,TCGA-CZ-5985-01,TCGA-CZ-5985,0.3304,65.65407502,0.0,Primary
KIRC,TCGA-CZ-5986-01,TCGA-CZ-5986,5.3419,12.26287931,0.0,Primary
KIRC,TCGA-CZ-5987-01,TCGA-CZ-5987,0.6863,14.62997666,1.0,Primary
KIRC,TCGA-CZ-5988-01,TCGA-CZ-5988,1.1253,22.78331196,0.0,Primary
KIRC,TCGA-CZ-5989-01,TCGA-CZ-5989,1.0741,62.62945064,0.0,Primary
KIRC,TCGA-DV-5565-01,TCGA-DV-5565,2.8345,43.69267186,0.0,Primary
KIRC,TCGA-DV-5566-01,TCGA-DV-5566,1.5314,45.96114015,0.0,Primary
KIRC,TCGA-DV-5567-01,TCGA-DV-5567,97.0221,65.88420949,0.0,Primary
KIRC,TCGA-DV-5569-01,TCGA-DV-5569,10.1504,11.67110497,0.0,Primary
KIRC,TCGA-DV-5574-01,TCGA-DV-5574,6.4078,66.27872571,0.0,Primary
KIRC,TCGA-DV-5575-01,TCGA-DV-5575,8.2781,56.84321268,0.0,Primary
KIRC,TCGA-DV-5576-01,TCGA-DV-5576,29.2728,23.90110793,1.0,Primary
KIRC,TCGA-DV-A4VX-01,TCGA-DV-A4VX,3.7653,53.45694842,1.0,Primary
KIRC,TCGA-DV-A4VZ-01,TCGA-DV-A4VZ,184.552,11.9998685,0.0,Primary
KIRC,TCGA-DV-A4W0-01,TCGA-DV-A4W0,3.7175,81.20458954,0.0,Primary
KIRC,TCGA-EU-5904-01,TCGA-EU-5904,6.8272,18.11486997,0.0,Primary
KIRC,TCGA-EU-5905-01,TCGA-EU-5905,21.8239,3.912285893,0.0,Primary
KIRC,TCGA-EU-5906-01,TCGA-EU-5906,3.3173,6.77252852,0.0,Primary
KIRC,TCGA-EU-5907-01,TCGA-EU-5907,0.0,4.175296709,0.0,Primary
KIRC,TCGA-G6-A5PC-01,TCGA-G6-A5PC,0.7349,7.956077194,1.0,Primary
KIRC,TCGA-G6-A8L6-01,TCGA-G6-A8L6,15.0788,10.29029819,1.0,Primary
KIRC,TCGA-G6-A8L7-01,TCGA-G6-A8L7,5.0916,70.1252589,0.0,Primary
KIRC,TCGA-G6-A8L8-01,TCGA-G6-A8L8,11.5739,35.86810008,1.0,Primary
KIRC,TCGA-GK-A6C7-01,TCGA-GK-A6C7,4.4857,2.005457474,0.0,Primary
KIRC,TCGA-MM-A563-01,TCGA-MM-A563,32.6633,19.42992406,0.0,Primary
KIRC,TCGA-MM-A564-01,TCGA-MM-A564,12.5707,19.95594569,0.0,Primary
KIRC,TCGA-MM-A84U-01,TCGA-MM-A84U,9.5775,23.01344643,0.0,Primary
KIRC,TCGA-MW-A4EC-01,TCGA-MW-A4EC,3.2804,16.37242332,0.0,Primary
KIRC,TCGA-T7-A92I-01,TCGA-T7-A92I,8.0766,11.70398133,0.0,Primary
KIRP,TCGA-2K-A9WE-01,TCGA-2K-A9WE,4.6231,7.035539337,0.0,Primary
KIRP,TCGA-2Z-A9J1-01,TCGA-2Z-A9J1,9.912,75.54985699,0.0,Primary
KIRP,TCGA-2Z-A9J2-01,TCGA-2Z-A9J2,2.4779,59.01305191,0.0,Primary
KIRP,TCGA-2Z-A9J3-01,TCGA-2Z-A9J3,0.7239,58.22401946,1.0,Primary
KIRP,TCGA-2Z-A9J5-01,TCGA-2Z-A9J5,3.1373,100.2728737,0.0,Primary
KIRP,TCGA-2Z-A9J6-01,TCGA-2Z-A9J6,0.4998,56.90896538,0.0,Primary
KIRP,TCGA-2Z-A9J7-01,TCGA-2Z-A9J7,0.5283,4.569812934,1.0,Primary
KIRP,TCGA-2Z-A9J8-01,TCGA-2Z-A9J8,0.3339,91.72502219,0.0,Primary
KIRP,TCGA-2Z-A9J9-01,TCGA-2Z-A9J9,82.2737,75.41835158,0.0,Primary
KIRP,TCGA-2Z-A9JD-01,TCGA-2Z-A9JD,0.5187,34.84893316,0.0,Primary
KIRP,TCGA-2Z-A9JE-01,TCGA-2Z-A9JE,1.4758,56.81033633,0.0,Primary
KIRP,TCGA-2Z-A9JG-01,TCGA-2Z-A9JG,45.0229,54.64049709,0.0,Primary
KIRP,TCGA-2Z-A9JI-01,TCGA-2Z-A9JI,0.0,51.51724365,0.0,Primary
KIRP,TCGA-2Z-A9JJ-01,TCGA-2Z-A9JJ,2.6247,39.87901502,0.0,Primary
KIRP,TCGA-2Z-A9JK-01,TCGA-2Z-A9JK,0.7265,38.99135352,0.0,Primary
KIRP,TCGA-2Z-A9JL-01,TCGA-2Z-A9JL,1.5407,33.07361015,0.0,Primary
KIRP,TCGA-2Z-A9JM-01,TCGA-2Z-A9JM,9.7513,30.70651281,0.0,Primary
KIRP,TCGA-2Z-A9JN-01,TCGA-2Z-A9JN,18.4075,24.32850051,0.0,Primary
KIRP,TCGA-2Z-A9JO-01,TCGA-2Z-A9JO,12.8617,31.19965809,0.0,Primary
KIRP,TCGA-2Z-A9JP-01,TCGA-2Z-A9JP,2.9257,29.35858237,0.0,Primary
KIRP,TCGA-2Z-A9JQ-01,TCGA-2Z-A9JQ,0.0,25.57780189,0.0,Primary
KIRP,TCGA-2Z-A9JR-01,TCGA-2Z-A9JR,0.9465,5.293092678,0.0,Primary
KIRP,TCGA-2Z-A9JS-01,TCGA-2Z-A9JS,0.3247,16.1751652,1.0,Primary
KIRP,TCGA-2Z-A9JT-01,TCGA-2Z-A9JT,5.8565,22.4874248,0.0,Primary
KIRP,TCGA-4A-A93W-01,TCGA-4A-A93W,0.4423,0.131505408,0.0,Primary
KIRP,TCGA-4A-A93X-01,TCGA-4A-A93X,1.3118,12.8217773,0.0,Primary
KIRP,TCGA-4A-A93Y-01,TCGA-4A-A93Y,4.196,11.57247592,0.0,Primary
KIRP,TCGA-5P-A9JU-01,TCGA-5P-A9JU,53.8898,12.26287931,0.0,Primary
KIRP,TCGA-5P-A9JV-01,TCGA-5P-A9JV,10.1561,67.16638722,0.0,Primary
KIRP,TCGA-5P-A9JW-01,TCGA-5P-A9JW,1.1456,106.552257,0.0,Primary
KIRP,TCGA-5P-A9JY-01,TCGA-5P-A9JY,0.5775,49.57753888,1.0,Primary
KIRP,TCGA-5P-A9JZ-01,TCGA-5P-A9JZ,1.378,90.21271,0.0,Primary
KIRP,TCGA-5P-A9K0-01,TCGA-5P-A9K0,9.0928,22.25729033,0.0,Primary
KIRP,TCGA-5P-A9K2-01,TCGA-5P-A9K2,3.3003,78.64023408,0.0,Primary
KIRP,TCGA-5P-A9K3-01,TCGA-5P-A9K3,6.8415,15.48476181,1.0,Primary
KIRP,TCGA-5P-A9K4-01,TCGA-5P-A9K4,0.475,71.80195286,0.0,Primary
KIRP,TCGA-5P-A9K6-01,TCGA-5P-A9K6,2.6111,62.92533781,0.0,Primary
KIRP,TCGA-5P-A9K8-01,TCGA-5P-A9K8,6.4516,43.03514482,0.0,Primary
KIRP,TCGA-5P-A9K9-01,TCGA-5P-A9K9,3.3241,19.36417135,1.0,Primary
KIRP,TCGA-5P-A9KA-01,TCGA-5P-A9KA,3.6939,12.98615906,0.0,Primary
KIRP,TCGA-5P-A9KC-01,TCGA-5P-A9KC,0.7091,12.39438472,0.0,Primary
KIRP,TCGA-5P-A9KE-01,TCGA-5P-A9KE,2.7051,27.09011408,0.0,Primary
KIRP,TCGA-5P-A9KH-01,TCGA-5P-A9KH,8.1331,67.42939803,0.0,Primary
KIRP,TCGA-A4-7286-01,TCGA-A4-7286,1.5385,18.21349903,0.0,Primary
KIRP,TCGA-A4-7287-01,TCGA-A4-7287,175.368,19.62718217,1.0,Primary
KIRP,TCGA-A4-7288-01,TCGA-A4-7288,1.322,61.05138574,0.0,Primary
KIRP,TCGA-A4-7583-01,TCGA-A4-7583,1.4823,0.098629056,0.0,Primary
KIRP,TCGA-A4-7584-01,TCGA-A4-7584,6.5274,21.36962883,0.0,Primary
KIRP,TCGA-A4-7585-01,TCGA-A4-7585,1.6077,35.17769668,1.0,Primary
KIRP,TCGA-A4-7732-01,TCGA-A4-7732,0.5691,19.13403689,0.0,Primary
KIRP,TCGA-A4-7734-01,TCGA-A4-7734,3.9641,0.887661505,0.0,Primary
KIRP,TCGA-A4-7828-01,TCGA-A4-7828,54.7595,7.824571786,0.0,Primary
KIRP,TCGA-A4-7915-01,TCGA-A4-7915,5.8213,0.230134464,0.0,Primary
KIRP,TCGA-A4-7996-01,TCGA-A4-7996,3.1705,16.63543413,0.0,Primary
KIRP,TCGA-A4-7997-01,TCGA-A4-7997,0.5175,30.47637834,0.0,Primary
KIRP,TCGA-A4-8098-01,TCGA-A4-8098,6.917,29.45721143,0.0,Primary
KIRP,TCGA-A4-8310-01,TCGA-A4-8310,0.5482,25.64355459,0.0,Primary
KIRP,TCGA-A4-8311-01,TCGA-A4-8311,2.8389,23.96686064,0.0,Primary
KIRP,TCGA-A4-8312-01,TCGA-A4-8312,11.8207,23.27645724,0.0,Primary
KIRP,TCGA-A4-8515-01,TCGA-A4-8515,0.381,23.3093336,0.0,Primary
KIRP,TCGA-A4-8516-01,TCGA-A4-8516,0.0,0.756156097,0.0,Primary
KIRP,TCGA-A4-8517-01,TCGA-A4-8517,6.089,19.62718217,0.0,Primary
KIRP,TCGA-A4-8518-01,TCGA-A4-8518,4.7912,19.72581122,0.0,Primary
KIRP,TCGA-A4-8630-01,TCGA-A4-8630,1.664,14.33408949,0.0,Primary
KIRP,TCGA-A4-A48D-01,TCGA-A4-A48D,1.9737,12.46013742,0.0,Primary
KIRP,TCGA-A4-A4ZT-01,TCGA-A4-A4ZT,1.7878,16.96419765,0.0,Primary
KIRP,TCGA-A4-A57E-01,TCGA-A4-A57E,0.6481,8.482098826,1.0,Primary
KIRP,TCGA-A4-A5DU-01,TCGA-A4-A5DU,0.6017,16.30667061,0.0,Primary
KIRP,TCGA-A4-A5XZ-01,TCGA-A4-A5XZ,1.1463,15.74777263,0.0,Primary
KIRP,TCGA-A4-A5Y0-01,TCGA-A4-A5Y0,3.5465,8.284840714,0.0,Primary
KIRP,TCGA-A4-A5Y1-01,TCGA-A4-A5Y1,15.5835,12.98615906,1.0,Primary
KIRP,TCGA-A4-A6HP-01,TCGA-A4-A6HP,1.4663,12.46013742,0.0,Primary
KIRP,TCGA-A4-A772-01,TCGA-A4-A772,1.7361,0.0,0.0,Primary
KIRP,TCGA-A4-A7UZ-01,TCGA-A4-A7UZ,10.7657,0.0,0.0,Primary
KIRP,TCGA-AL-3466-01,TCGA-AL-3466,77.7318,9.632771148,1.0,Primary
KIRP,TCGA-AL-3467-01,TCGA-AL-3467,3.0017,70.19101161,0.0,Primary
KIRP,TCGA-AL-3471-01,TCGA-AL-3471,0.0,49.31452806,1.0,Primary
KIRP,TCGA-AL-3472-01,TCGA-AL-3472,4.2882,66.70611829,0.0,Primary
KIRP,TCGA-AL-3473-01,TCGA-AL-3473,0.3369,62.66232699,0.0,Primary
KIRP,TCGA-AL-7173-01,TCGA-AL-7173,22.7673,67.7252852,0.0,Primary
KIRP,TCGA-AT-A5NU-01,TCGA-AT-A5NU,1.6699,2.202715587,0.0,Primary
KIRP,TCGA-B1-5398-01,TCGA-B1-5398,1.009,41.1283164,0.0,Primary
KIRP,TCGA-B1-7332-01,TCGA-B1-7332,2.3044,37.51191768,0.0,Primary
KIRP,TCGA-B1-A47M-01,TCGA-B1-A47M,0.4662,21.66551599,0.0,Primary
KIRP,TCGA-B1-A47N-01,TCGA-B1-A47N,5.2537,36.49275076,0.0,Primary
KIRP,TCGA-B1-A654-01,TCGA-B1-A654,0.0,20.25183286,0.0,Primary
KIRP,TCGA-B1-A655-01,TCGA-B1-A655,0.348,16.76693954,0.0,Primary
KIRP,TCGA-B1-A656-01,TCGA-B1-A656,0.9911,20.31758556,0.0,Primary
KIRP,TCGA-B1-A657-01,TCGA-B1-A657,1.0566,21.07374166,0.0,Primary
KIRP,TCGA-B3-3925-01,TCGA-B3-3925,8.4482,33.82976625,0.0,Primary
KIRP,TCGA-B3-3926-01,TCGA-B3-3926,0.0,29.02981885,0.0,Primary
KIRP,TCGA-B3-4103-01,TCGA-B3-4103,2.2371,30.5750074,0.0,Primary
KIRP,TCGA-B3-4104-01,TCGA-B3-4104,345.432,34.48729329,0.0,Primary
KIRP,TCGA-B3-8121-01,TCGA-B3-8121,18.0328,12.46013742,0.0,Primary
KIRP,TCGA-B3-A6W5-01,TCGA-B3-A6W5,14.7059,10.15879278,0.0,Primary
KIRP,TCGA-B9-4113-01,TCGA-B9-4113,4.1214,50.49807673,1.0,Primary
KIRP,TCGA-B9-4114-01,TCGA-B9-4114,2.1673,28.1750337,0.0,Primary
KIRP,TCGA-B9-4115-01,TCGA-B9-4115,3.4037,26.39971069,0.0,Primary
KIRP,TCGA-B9-4116-01,TCGA-B9-4116,4.2947,20.61347273,0.0,Primary
KIRP,TCGA-B9-4117-01,TCGA-B9-4117,4.8712,0.460268929,0.0,Primary
KIRP,TCGA-B9-4617-01,TCGA-B9-4617,1.1962,1.150672321,0.0,Primary
KIRP,TCGA-B9-5155-01,TCGA-B9-5155,0.9542,21.86277411,0.0,Primary
KIRP,TCGA-B9-5156-01,TCGA-B9-5156,0.6638,43.98855903,0.0,Primary
KIRP,TCGA-B9-7268-01,TCGA-B9-7268,1.2719,22.06003222,0.0,Primary
KIRP,TCGA-B9-A44B-01,TCGA-B9-A44B,4.3103,11.86836309,0.0,Primary
KIRP,TCGA-B9-A5W7-01,TCGA-B9-A5W7,2.4823,19.23266594,0.0,Primary
KIRP,TCGA-B9-A5W8-01,TCGA-B9-A5W8,7.0932,17.22720847,0.0,Primary
KIRP,TCGA-B9-A5W9-01,TCGA-B9-A5W9,0.9818,0.16438176,0.0,Primary
KIRP,TCGA-B9-A69E-01,TCGA-B9-A69E,5.7774,14.86011112,0.0,Primary
KIRP,TCGA-B9-A8YH-01,TCGA-B9-A8YH,3.182,17.49021929,0.0,Primary
KIRP,TCGA-B9-A8YI-01,TCGA-B9-A8YI,48.1662,12.29575566,0.0,Primary
KIRP,TCGA-BQ-5875-01,TCGA-BQ-5875,5.1813,86.76069303,0.0,Primary
KIRP,TCGA-BQ-5876-01,TCGA-BQ-5876,24.868,19.2655423,0.0,Primary
KIRP,TCGA-BQ-5877-01,TCGA-BQ-5877,10.7687,8.876615051,1.0,Primary
KIRP,TCGA-BQ-5878-01,TCGA-BQ-5878,0.2792,63.71437025,0.0,Primary
KIRP,TCGA-BQ-5879-01,TCGA-BQ-5879,3.3797,22.91481737,1.0,Primary
KIRP,TCGA-BQ-5880-01,TCGA-BQ-5880,5.948,43.19952658,1.0,Primary
KIRP,TCGA-BQ-5881-01,TCGA-BQ-5881,10.7604,47.80221587,0.0,Primary
KIRP,TCGA-BQ-5882-01,TCGA-BQ-5882,0.6366,21.63263964,1.0,Primary
KIRP,TCGA-BQ-5883-01,TCGA-BQ-5883,5.3991,40.83242923,0.0,Primary
KIRP,TCGA-BQ-5884-01,TCGA-BQ-5884,88.8924,26.03807082,0.0,Primary
KIRP,TCGA-BQ-5885-01,TCGA-BQ-5885,1.6465,30.27912023,0.0,Primary
KIRP,TCGA-BQ-5886-01,TCGA-BQ-5886,1.1792,26.03807082,0.0,Primary
KIRP,TCGA-BQ-5887-01,TCGA-BQ-5887,3.5277,25.34766742,0.0,Primary
KIRP,TCGA-BQ-5888-01,TCGA-BQ-5888,0.5271,13.24916987,0.0,Primary
KIRP,TCGA-BQ-5889-01,TCGA-BQ-5889,2.03,10.81631982,1.0,Primary
KIRP,TCGA-BQ-5890-01,TCGA-BQ-5890,4.4042,7.660190025,0.0,Primary
KIRP,TCGA-BQ-5891-01,TCGA-BQ-5891,1059.5,0.953414209,0.0,Primary
KIRP,TCGA-BQ-5892-01,TCGA-BQ-5892,2.15,11.96699214,0.0,Primary
KIRP,TCGA-BQ-5893-01,TCGA-BQ-5893,5.1794,7.923200842,1.0,Primary
KIRP,TCGA-BQ-5894-01,TCGA-BQ-5894,0.8185,2.761613571,0.0,Primary
KIRP,TCGA-BQ-7044-01,TCGA-BQ-7044,2.234,123.6150837,0.0,Primary
KIRP,TCGA-BQ-7045-01,TCGA-BQ-7045,1.1641,48.2624848,1.0,Primary
KIRP,TCGA-BQ-7046-01,TCGA-BQ-7046,3.7933,96.91948581,0.0,Primary
KIRP,TCGA-BQ-7048-01,TCGA-BQ-7048,0.5599,93.33596344,0.0,Primary
KIRP,TCGA-BQ-7050-01,TCGA-BQ-7050,2.193,61.2815202,0.0,Primary
KIRP,TCGA-BQ-7051-01,TCGA-BQ-7051,0.7911,50.39944768,0.0,Primary
KIRP,TCGA-BQ-7053-01,TCGA-BQ-7053,5.9616,49.84054969,0.0,Primary
KIRP,TCGA-BQ-7055-01,TCGA-BQ-7055,104.631,26.26820528,0.0,Primary
KIRP,TCGA-BQ-7058-01,TCGA-BQ-7058,3.096,11.27658875,1.0,Primary
KIRP,TCGA-BQ-7059-01,TCGA-BQ-7059,13.4567,7.627313673,0.0,Primary
KIRP,TCGA-BQ-7060-01,TCGA-BQ-7060,19.9831,7.035539337,0.0,Primary
KIRP,TCGA-BQ-7061-01,TCGA-BQ-7061,12.6727,7.167044745,0.0,Primary
KIRP,TCGA-BQ-7062-01,TCGA-BQ-7062,6.2602,3.813656837,0.0,Primary
KIRP,TCGA-DW-5560-01,TCGA-DW-5560,4.7163,48.85425913,0.0,Primary
KIRP,TCGA-DW-5561-01,TCGA-DW-5561,7.48,13.61080975,0.0,Primary
KIRP,TCGA-DW-7834-01,TCGA-DW-7834,2.1397,129.8615906,0.0,Primary
KIRP,TCGA-DW-7836-01,TCGA-DW-7836,1.5886,35.93385278,0.0,Primary
KIRP,TCGA-DW-7837-01,TCGA-DW-7837,6.0175,37.54479403,0.0,Primary
KIRP,TCGA-DW-7838-01,TCGA-DW-7838,0.8246,24.46000592,0.0,Primary
KIRP,TCGA-DW-7839-01,TCGA-DW-7839,1.2556,13.77519151,0.0,Primary
KIRP,TCGA-DW-7840-01,TCGA-DW-7840,3.1319,3.747904133,0.0,Primary
KIRP,TCGA-DW-7841-01,TCGA-DW-7841,5.7427,14.62997666,0.0,Primary
KIRP,TCGA-DW-7842-01,TCGA-DW-7842,2.7158,3.024624388,0.0,Primary
KIRP,TCGA-DW-7963-01,TCGA-DW-7963,9.4229,40.76667653,0.0,Primary
KIRP,TCGA-DZ-6131-01,TCGA-DZ-6131,9.2707,79.85665911,0.0,Primary
KIRP,TCGA-DZ-6132-01,TCGA-DZ-6132,3.8083,80.87582602,0.0,Primary
KIRP,TCGA-DZ-6133-01,TCGA-DZ-6133,1.6081,51.18848013,1.0,Primary
KIRP,TCGA-DZ-6134-01,TCGA-DZ-6134,32.7075,61.01850939,0.0,Primary
KIRP,TCGA-DZ-6135-01,TCGA-DZ-6135,1.2872,74.59644278,0.0,Primary
KIRP,TCGA-EV-5901-01,TCGA-EV-5901,1.9769,34.19140612,0.0,Primary
KIRP,TCGA-EV-5902-01,TCGA-EV-5902,0.8347,19.00253148,0.0,Primary
KIRP,TCGA-EV-5903-01,TCGA-EV-5903,2.8289,24.88739849,0.0,Primary
KIRP,TCGA-F9-A4JJ-01,TCGA-F9-A4JJ,3.0292,10.68481441,1.0,Primary
KIRP,TCGA-F9-A7Q0-01,TCGA-F9-A7Q0,5.0531,13.08478811,0.0,Primary
KIRP,TCGA-F9-A7VF-01,TCGA-F9-A7VF,0.7013,2.399973699,0.0,Primary
KIRP,TCGA-F9-A8NY-01,TCGA-F9-A8NY,6.2931,1.183548673,0.0,Primary
KIRP,TCGA-F9-A97G-01,TCGA-F9-A97G,4.8635,0.427392577,0.0,Primary
KIRP,TCGA-G7-6789-01,TCGA-G7-6789,4.0556,4.010914949,1.0,Primary
KIRP,TCGA-G7-6790-01,TCGA-G7-6790,19.2028,51.78025446,0.0,Primary
KIRP,TCGA-G7-6792-01,TCGA-G7-6792,0.0,90.90311339,0.0,Primary
KIRP,TCGA-G7-6793-01,TCGA-G7-6793,62.9242,11.04645429,1.0,Primary
KIRP,TCGA-G7-6795-01,TCGA-G7-6795,0.5366,39.25436434,0.0,Primary
KIRP,TCGA-G7-6796-01,TCGA-G7-6796,0.0,71.44031298,0.0,Primary
KIRP,TCGA-G7-6797-01,TCGA-G7-6797,3.7022,25.15040931,0.0,Primary
KIRP,TCGA-G7-7501-01,TCGA-G7-7501,4.3192,20.51484367,1.0,Primary
KIRP,TCGA-G7-7502-01,TCGA-G7-7502,8.4856,25.8408127,0.0,Primary
KIRP,TCGA-G7-A4TM-01,TCGA-G7-A4TM,1.9387,25.24903837,0.0,Primary
KIRP,TCGA-G7-A8LB-01,TCGA-G7-A8LB,1.2955,17.98336457,0.0,Primary
KIRP,TCGA-G7-A8LC-01,TCGA-G7-A8LC,2.9343,23.07919913,0.0,Primary
KIRP,TCGA-G7-A8LD-01,TCGA-G7-A8LD,3.5441,16.89844495,1.0,Primary
KIRP,TCGA-G7-A8LE-01,TCGA-G7-A8LE,4.9331,80.64569155,0.0,Primary
KIRP,TCGA-GL-6846-01,TCGA-GL-6846,0.0,194.7923858,0.0,Primary
KIRP,TCGA-GL-7773-01,TCGA-GL-7773,0.0,12.92040635,0.0,Primary
KIRP,TCGA-GL-7966-01,TCGA-GL-7966,11.1196,3.682151429,0.0,Primary
KIRP,TCGA-GL-8500-01,TCGA-GL-8500,0.4148,27.64901207,0.0,Primary
KIRP,TCGA-GL-A4EM-01,TCGA-GL-A4EM,3.2938,1.052043265,0.0,Primary
KIRP,TCGA-GL-A59R-01,TCGA-GL-A59R,3.2362,12.42726107,0.0,Primary
KIRP,TCGA-GL-A59T-01,TCGA-GL-A59T,1.0526,17.95048821,0.0,Primary
KIRP,TCGA-GL-A9DC-01,TCGA-GL-A9DC,6.4852,12.88753,0.0,Primary
KIRP,TCGA-GL-A9DD-01,TCGA-GL-A9DD,11.3344,11.21083605,0.0,Primary
KIRP,TCGA-GL-A9DE-01,TCGA-GL-A9DE,5.7068,16.30667061,0.0,Primary
KIRP,TCGA-HE-7128-01,TCGA-HE-7128,14.4866,,0.0,Primary
KIRP,TCGA-HE-7129-01,TCGA-HE-7129,4.398,81.92786928,0.0,Primary
KIRP,TCGA-HE-7130-01,TCGA-HE-7130,402.519,58.19114311,0.0,Primary
KIRP,TCGA-HE-A5NF-01,TCGA-HE-A5NF,7.7204,84.88674097,0.0,Primary
KIRP,TCGA-HE-A5NH-01,TCGA-HE-A5NH,0.7937,26.00519446,0.0,Primary
KIRP,TCGA-HE-A5NI-01,TCGA-HE-A5NI,5.5804,11.83548673,0.0,Primary
KIRP,TCGA-HE-A5NJ-01,TCGA-HE-A5NJ,0.8239,56.74458362,0.0,Primary
KIRP,TCGA-HE-A5NK-01,TCGA-HE-A5NK,6.7437,73.24851235,0.0,Primary
KIRP,TCGA-HE-A5NL-01,TCGA-HE-A5NL,1.6807,25.21616202,0.0,Primary
KIRP,TCGA-IA-A40U-01,TCGA-IA-A40U,26.8523,16.79981589,0.0,Primary
KIRP,TCGA-IA-A40X-01,TCGA-IA-A40X,0.0,19.98882204,0.0,Primary
KIRP,TCGA-IA-A40Y-01,TCGA-IA-A40Y,0.0,2.038333827,0.0,Primary
KIRP,TCGA-IA-A83S-01,TCGA-IA-A83S,9.2706,85.77440247,1.0,Primary
KIRP,TCGA-IA-A83T-01,TCGA-IA-A83T,45.6795,88.24012888,1.0,Primary
KIRP,TCGA-IA-A83V-01,TCGA-IA-A83V,4.2895,96.68935135,1.0,Primary
KIRP,TCGA-IA-A83W-01,TCGA-IA-A83W,3.1177,67.16638722,1.0,Primary
KIRP,TCGA-IZ-8195-01,TCGA-IZ-8195,0.5928,22.25729033,0.0,Primary
KIRP,TCGA-IZ-8196-01,TCGA-IZ-8196,1.3562,21.33675247,0.0,Primary
KIRP,TCGA-IZ-A6M8-01,TCGA-IZ-A6M8,3.5371,16.33954696,0.0,Primary
KIRP,TCGA-IZ-A6M9-01,TCGA-IZ-A6M9,2.4716,12.36150837,0.0,Primary
KIRP,TCGA-J7-6720-01,TCGA-J7-6720,0.4241,12.75602459,0.0,Primary
KIRP,TCGA-J7-8537-01,TCGA-J7-8537,2.8724,10.55330901,1.0,Primary
KIRP,TCGA-J7-A8I2-01,TCGA-J7-A8I2,616.376,10.09304008,0.0,Primary
KIRP,TCGA-KV-A6GD-01,TCGA-KV-A6GD,6.015,18.41075714,0.0,Primary
KIRP,TCGA-KV-A6GE-01,TCGA-KV-A6GE,0.4429,29.09557156,0.0,Primary
KIRP,TCGA-KV-A74V-01,TCGA-KV-A74V,6.6918,11.40809416,0.0,Primary
KIRP,TCGA-MH-A55W-01,TCGA-MH-A55W,1.6626,34.29003518,0.0,Primary
KIRP,TCGA-MH-A55Z-01,TCGA-MH-A55Z,2.1751,27.78051747,0.0,Primary
KIRP,TCGA-MH-A560-01,TCGA-MH-A560,7.0288,30.37774929,0.0,Primary
KIRP,TCGA-MH-A561-01,TCGA-MH-A561,0.4175,27.64901207,0.0,Primary
KIRP,TCGA-MH-A562-01,TCGA-MH-A562,0.0,20.25183286,0.0,Primary
KIRP,TCGA-MH-A854-01,TCGA-MH-A854,0.7596,17.62172469,0.0,Primary
KIRP,TCGA-MH-A855-01,TCGA-MH-A855,1.222,12.1313739,0.0,Primary
KIRP,TCGA-MH-A856-01,TCGA-MH-A856,5.364,31.13390538,0.0,Primary
KIRP,TCGA-MH-A857-01,TCGA-MH-A857,0.0,29.25995332,0.0,Primary
KIRP,TCGA-O9-A75Z-01,TCGA-O9-A75Z,10.2082,15.48476181,0.0,Primary
KIRP,TCGA-P4-A5E6-01,TCGA-P4-A5E6,0.0,99.77972844,0.0,Primary
KIRP,TCGA-P4-A5E7-01,TCGA-P4-A5E7,2.0153,87.08945655,0.0,Primary
KIRP,TCGA-P4-A5E8-01,TCGA-P4-A5E8,0.0,42.93651576,1.0,Primary
KIRP,TCGA-P4-A5EA-01,TCGA-P4-A5EA,1.3101,6.60814676,1.0,Primary
KIRP,TCGA-P4-A5EB-01,TCGA-P4-A5EB,0.7559,99.1222014,0.0,Primary
KIRP,TCGA-P4-A5ED-01,TCGA-P4-A5ED,3.8272,92.57980735,0.0,Primary
KIRP,TCGA-P4-AAVK-01,TCGA-P4-AAVK,0.3946,52.27339974,0.0,Primary
KIRP,TCGA-P4-AAVL-01,TCGA-P4-AAVL,0.0,16.01078344,1.0,Primary
KIRP,TCGA-P4-AAVM-01,TCGA-P4-AAVM,0.8937,50.59670579,0.0,Primary
KIRP,TCGA-P4-AAVO-01,TCGA-P4-AAVO,1.8639,78.9032449,0.0,Primary
KIRP,TCGA-PJ-A5Z8-01,TCGA-PJ-A5Z8,4.2654,19.72581122,0.0,Primary
KIRP,TCGA-PJ-A5Z9-01,TCGA-PJ-A5Z9,3.876,17.7532301,0.0,Primary
KIRP,TCGA-Q2-A5QZ-01,TCGA-Q2-A5QZ,0.0,14.07107867,0.0,Primary
KIRP,TCGA-SX-A71R-01,TCGA-SX-A71R,0.0,47.90084492,0.0,Primary
KIRP,TCGA-SX-A71S-01,TCGA-SX-A71S,3.0192,49.44603347,0.0,Primary
KIRP,TCGA-SX-A71U-01,TCGA-SX-A71U,2.0284,44.61320972,0.0,Primary
KIRP,TCGA-SX-A71V-01,TCGA-SX-A71V,0.9055,28.79968439,0.0,Primary
KIRP,TCGA-SX-A7SL-01,TCGA-SX-A7SL,0.0,27.05723773,0.0,Primary
KIRP,TCGA-SX-A7SM-01,TCGA-SX-A7SM,0.5643,11.93411579,1.0,Primary
KIRP,TCGA-SX-A7SN-01,TCGA-SX-A7SN,0.0,19.00253148,0.0,Primary
KIRP,TCGA-SX-A7SO-01,TCGA-SX-A7SO,3.5119,41.32557451,0.0,Primary
KIRP,TCGA-SX-A7SP-01,TCGA-SX-A7SP,3.9947,16.30667061,1.0,Primary
KIRP,TCGA-SX-A7SQ-01,TCGA-SX-A7SQ,0.0,41.62146168,0.0,Primary
KIRP,TCGA-SX-A7SR-01,TCGA-SX-A7SR,4.9585,26.46546339,0.0,Primary
KIRP,TCGA-SX-A7SS-01,TCGA-SX-A7SS,5.8309,53.09530855,0.0,Primary
KIRP,TCGA-SX-A7SU-01,TCGA-SX-A7SU,3.8483,43.75842457,0.0,Primary
KIRP,TCGA-UN-AAZ9-01,TCGA-UN-AAZ9,0.3031,18.01624092,0.0,Primary
KIRP,TCGA-UZ-A9PJ-01,TCGA-UZ-A9PJ,0.8091,26.20245258,1.0,Primary
KIRP,TCGA-UZ-A9PK-01,TCGA-UZ-A9PK,0.7937,117.4014531,0.0,Primary
KIRP,TCGA-UZ-A9PL-01,TCGA-UZ-A9PL,0.4052,103.6262616,0.0,Primary
KIRP,TCGA-UZ-A9PM-01,TCGA-UZ-A9PM,1.8332,125.2917776,0.0,Primary
KIRP,TCGA-UZ-A9PN-01,TCGA-UZ-A9PN,3.2835,37.34753592,1.0,Primary
KIRP,TCGA-UZ-A9PO-01,TCGA-UZ-A9PO,1.614,62.82670875,0.0,Primary
KIRP,TCGA-UZ-A9PP-01,TCGA-UZ-A9PP,1.9915,98.95781964,0.0,Primary
KIRP,TCGA-UZ-A9PQ-01,TCGA-UZ-A9PQ,1.1562,86.26754775,1.0,Primary
KIRP,TCGA-UZ-A9PR-01,TCGA-UZ-A9PR,2.7749,86.36617681,0.0,Primary
KIRP,TCGA-UZ-A9PS-01,TCGA-UZ-A9PS,15.46,71.24305487,0.0,Primary
KIRP,TCGA-UZ-A9PU-01,TCGA-UZ-A9PU,1.5468,30.67363645,1.0,Primary
KIRP,TCGA-UZ-A9PV-01,TCGA-UZ-A9PV,0.0,47.47345235,0.0,Primary
KIRP,TCGA-UZ-A9PX-01,TCGA-UZ-A9PX,0.3848,65.12805339,0.0,Primary
KIRP,TCGA-UZ-A9PZ-01,TCGA-UZ-A9PZ,0.0,21.59976329,0.0,Primary
KIRP,TCGA-UZ-A9Q0-01,TCGA-UZ-A9Q0,1.857,110.7275537,0.0,Primary
KIRP,TCGA-UZ-A9Q1-01,TCGA-UZ-A9Q1,2.0576,51.35286189,0.0,Primary
KIRP,TCGA-V9-A7HT-01,TCGA-V9-A7HT,14.1393,31.72567972,0.0,Primary
KIRP,TCGA-WN-A9G9-01,TCGA-WN-A9G9,1.287,26.00519446,0.0,Primary
KIRP,TCGA-WN-AB4C-01,TCGA-WN-AB4C,8.4211,39.05710622,0.0,Primary
KIRP,TCGA-Y8-A894-01,TCGA-Y8-A894,0.0,18.64089161,0.0,Primary
KIRP,TCGA-Y8-A895-01,TCGA-Y8-A895,2.6293,15.91215439,0.0,Primary
KIRP,TCGA-Y8-A896-01,TCGA-Y8-A896,2.741,18.64089161,0.0,Primary
KIRP,TCGA-Y8-A897-01,TCGA-Y8-A897,1.8467,18.04911727,0.0,Primary
KIRP,TCGA-Y8-A898-01,TCGA-Y8-A898,2.7933,15.61626722,0.0,Primary
KIRP,TCGA-Y8-A8RY-01,TCGA-Y8-A8RY,3.0166,25.28191472,0.0,Primary
KIRP,TCGA-Y8-A8RZ-01,TCGA-Y8-A8RZ,0.4949,6.739652168,0.0,Primary
KIRP,TCGA-Y8-A8S0-01,TCGA-Y8-A8S0,0.3914,6.016372423,0.0,Primary
KIRP,TCGA-Y8-A8S1-01,TCGA-Y8-A8S1,9.2857,13.28204622,0.0,Primary
KICH,TCGA-KL-8323-01,TCGA-KL-8323,23.5341,38.07081566,1.0,Primary
KICH,TCGA-KL-8324-01,TCGA-KL-8324,46.9925,153.7298221,0.0,Primary
KICH,TCGA-KL-8325-01,TCGA-KL-8325,89.1257,23.83535523,1.0,Primary
KICH,TCGA-KL-8326-01,TCGA-KL-8326,3.955,109.2152415,0.0,Primary
KICH,TCGA-KL-8327-01,TCGA-KL-8327,1.8868,137.0615117,0.0,Primary
KICH,TCGA-KL-8328-01,TCGA-KL-8328,11.3276,102.8043528,0.0,Primary
KICH,TCGA-KL-8329-01,TCGA-KL-8329,17.8764,90.47572081,0.0,Primary
KICH,TCGA-KL-8330-01,TCGA-KL-8330,12.0876,108.6234671,0.0,Primary
KICH,TCGA-KL-8331-01,TCGA-KL-8331,8.2046,98.95781964,0.0,Primary
KICH,TCGA-KL-8332-01,TCGA-KL-8332,1279.75,84.88674097,0.0,Primary
KICH,TCGA-KL-8333-01,TCGA-KL-8333,169.545,98.33316895,0.0,Primary
KICH,TCGA-KL-8334-01,TCGA-KL-8334,38.4088,96.95236217,0.0,Primary
KICH,TCGA-KL-8335-01,TCGA-KL-8335,1.204,92.54693099,0.0,Primary
KICH,TCGA-KL-8336-01,TCGA-KL-8336,3.8201,30.24624388,1.0,Primary
KICH,TCGA-KL-8337-01,TCGA-KL-8337,0.0,44.84334418,0.0,Primary
KICH,TCGA-KL-8338-01,TCGA-KL-8338,318.609,86.56343492,0.0,Primary
KICH,TCGA-KL-8339-01,TCGA-KL-8339,1.796,28.10928099,1.0,Primary
KICH,TCGA-KL-8340-01,TCGA-KL-8340,25.6222,66.54173653,0.0,Primary
KICH,TCGA-KL-8341-01,TCGA-KL-8341,0.2803,24.78876944,1.0,Primary
KICH,TCGA-KL-8342-01,TCGA-KL-8342,20.2066,73.90603939,0.0,Primary
KICH,TCGA-KL-8343-01,TCGA-KL-8343,5.9628,71.40743663,1.0,Primary
KICH,TCGA-KL-8344-01,TCGA-KL-8344,8.9004,28.79968439,0.0,Primary
KICH,TCGA-KL-8345-01,TCGA-KL-8345,1.1628,54.73912615,0.0,Primary
KICH,TCGA-KL-8346-01,TCGA-KL-8346,0.8599,62.36643982,0.0,Primary
KICH,TCGA-KM-8438-01,TCGA-KM-8438,0.9703,151.9544991,0.0,Primary
KICH,TCGA-KM-8439-01,TCGA-KM-8439,1.311,23.27645724,0.0,Primary
KICH,TCGA-KM-8440-01,TCGA-KM-8440,8.3634,44.90909689,0.0,Primary
KICH,TCGA-KM-8441-01,TCGA-KM-8441,0.3756,28.79968439,0.0,Primary
KICH,TCGA-KM-8442-01,TCGA-KM-8442,9.1032,47.24331788,0.0,Primary
KICH,TCGA-KM-8443-01,TCGA-KM-8443,0.0,49.9720551,0.0,Primary
KICH,TCGA-KM-8476-01,TCGA-KM-8476,51.9121,123.1219384,0.0,Primary
KICH,TCGA-KM-8477-01,TCGA-KM-8477,22.0448,51.05697472,0.0,Primary
KICH,TCGA-KM-8639-01,TCGA-KM-8639,1.2292,31.33116349,0.0,Primary
KICH,TCGA-KN-8418-01,TCGA-KN-8418,8.489,129.3684453,0.0,Primary
KICH,TCGA-KN-8419-01,TCGA-KN-8419,12.093,23.47371536,0.0,Primary
KICH,TCGA-KN-8421-01,TCGA-KN-8421,308.212,87.91136536,0.0,Primary
KICH,TCGA-KN-8422-01,TCGA-KN-8422,46.5432,25.47917283,0.0,Primary
KICH,TCGA-KN-8423-01,TCGA-KN-8423,7.0969,25.90656541,0.0,Primary
KICH,TCGA-KN-8424-01,TCGA-KN-8424,4.3265,65.1938061,0.0,Primary
KICH,TCGA-KN-8425-01,TCGA-KN-8425,10.4621,104.5139231,0.0,Primary
KICH,TCGA-KN-8426-01,TCGA-KN-8426,125.61,3.55064602,0.0,Primary
KICH,TCGA-KN-8427-01,TCGA-KN-8427,0.0,0.986290561,0.0,Primary
KICH,TCGA-KN-8428-01,TCGA-KN-8428,3.3233,52.27339974,1.0,Primary
KICH,TCGA-KN-8429-01,TCGA-KN-8429,1.1091,87.12233291,0.0,Primary
KICH,TCGA-KN-8431-01,TCGA-KN-8431,2.7273,19.331295,0.0,Primary
KICH,TCGA-KN-8432-01,TCGA-KN-8432,10.1523,2.498602755,0.0,Primary
KICH,TCGA-KN-8433-01,TCGA-KN-8433,14.4262,11.21083605,0.0,Primary
KICH,TCGA-KN-8434-01,TCGA-KN-8434,20.795,59.07880462,0.0,Primary
KICH,TCGA-KN-8435-01,TCGA-KN-8435,0.347,115.0014794,0.0,Primary
KICH,TCGA-KN-8436-01,TCGA-KN-8436,2.2295,42.34474143,0.0,Primary
KICH,TCGA-KN-8437-01,TCGA-KN-8437,0.0,100.8646481,0.0,Primary
KICH,TCGA-KO-8403-01,TCGA-KO-8403,6.9543,105.4673373,0.0,Primary
KICH,TCGA-KO-8404-01,TCGA-KO-8404,6.5789,10.68481441,1.0,Primary
KICH,TCGA-KO-8405-01,TCGA-KO-8405,15.3625,100.4701318,0.0,Primary
KICH,TCGA-KO-8406-01,TCGA-KO-8406,2.1972,103.3961272,0.0,Primary
KICH,TCGA-KO-8407-01,TCGA-KO-8407,3.0608,92.71131275,0.0,Primary
KICH,TCGA-KO-8408-01,TCGA-KO-8408,8.0128,16.66831048,1.0,Primary
KICH,TCGA-KO-8409-01,TCGA-KO-8409,2.0776,104.5467995,0.0,Primary
KICH,TCGA-KO-8410-01,TCGA-KO-8410,58.431,103.10024,0.0,Primary
KICH,TCGA-KO-8411-01,TCGA-KO-8411,0.3774,130.1246014,0.0,Primary
KICH,TCGA-KO-8413-01,TCGA-KO-8413,1045.15,99.8783575,0.0,Primary
KICH,TCGA-KO-8414-01,TCGA-KO-8414,18.6764,105.5988428,0.0,Primary
KICH,TCGA-KO-8415-01,TCGA-KO-8415,29.0167,96.62359865,0.0,Primary
KICH,TCGA-KO-8416-01,TCGA-KO-8416,8.9438,90.47572081,0.0,Primary
KICH,TCGA-KO-8417-01,TCGA-KO-8417,0.3541,92.54693099,0.0,Primary
BRCA,TCGA-3C-AAAU-01,TCGA-3C-AAAU,4.1359,133.0505967,0.0,Primary
BRCA,TCGA-3C-AALI-01,TCGA-3C-AALI,29.3638,131.6697899,0.0,Primary
BRCA,TCGA-3C-AALJ-01,TCGA-3C-AALJ,2.7199,48.45974291,0.0,Primary
BRCA,TCGA-3C-AALK-01,TCGA-3C-AALK,7.4472,47.60495775,0.0,Primary
BRCA,TCGA-4H-AAAK-01,TCGA-4H-AAAK,21.2766,11.44097051,0.0,Primary
BRCA,TCGA-5L-AAT0-01,TCGA-5L-AAT0,10.5587,48.55837196,0.0,Primary
BRCA,TCGA-5T-A9QA-01,TCGA-5T-A9QA,3.6611,9.961534668,0.0,Primary
BRCA,TCGA-A1-A0SB-01,TCGA-A1-A0SB,91.9022,8.514975178,0.0,Primary
BRCA,TCGA-A1-A0SD-01,TCGA-A1-A0SD,11.248,14.36696584,0.0,Primary
BRCA,TCGA-A1-A0SE-01,TCGA-A1-A0SE,9.8725,43.42966105,0.0,Primary
BRCA,TCGA-A1-A0SF-01,TCGA-A1-A0SF,6.4261,48.09810303,0.0,Primary
BRCA,TCGA-A1-A0SG-01,TCGA-A1-A0SG,2.88,14.26833679,0.0,Primary
BRCA,TCGA-A1-A0SH-01,TCGA-A1-A0SH,22.3915,47.24331788,0.0,Primary
BRCA,TCGA-A1-A0SI-01,TCGA-A1-A0SI,12.3602,20.87648355,0.0,Primary
BRCA,TCGA-A1-A0SJ-01,TCGA-A1-A0SJ,0.7316,13.67656245,0.0,Primary
BRCA,TCGA-A1-A0SK-01,TCGA-A1-A0SK,2.2061,31.79143242,1.0,Primary
BRCA,TCGA-A1-A0SM-01,TCGA-A1-A0SM,3.7879,7.956077194,0.0,Primary
BRCA,TCGA-A1-A0SN-01,TCGA-A1-A0SN,5.1315,39.32011704,0.0,Primary
BRCA,TCGA-A1-A0SO-01,TCGA-A1-A0SO,1.0814,28.01065194,0.0,Primary
BRCA,TCGA-A1-A0SP-01,TCGA-A1-A0SP,5.1076,19.19978959,0.0,Primary
BRCA,TCGA-A1-A0SQ-01,TCGA-A1-A0SQ,1.2103,18.21349903,0.0,Primary
BRCA,TCGA-A2-A04N-01,TCGA-A2-A04N,12.6783,143.1436368,0.0,Primary
BRCA,TCGA-A2-A04P-01,TCGA-A2-A04P,10.3734,18.01624092,1.0,Primary
BRCA,TCGA-A2-A04Q-01,TCGA-A2-A04Q,2.6996,78.41009962,0.0,Primary
BRCA,TCGA-A2-A04R-01,TCGA-A2-A04R,2.8978,121.9383897,0.0,Primary
BRCA,TCGA-A2-A04T-01,TCGA-A2-A04T,7.9979,73.84028668,0.0,Primary
BRCA,TCGA-A2-A04U-01,TCGA-A2-A04U,12.9887,87.25383831,0.0,Primary
BRCA,TCGA-A2-A04V-01,TCGA-A2-A04V,4.4816,63.12259592,1.0,Primary
BRCA,TCGA-A2-A04W-01,TCGA-A2-A04W,1.621,101.982444,0.0,Primary
BRCA,TCGA-A2-A04X-01,TCGA-A2-A04X,3.6046,55.42952954,0.0,Primary
BRCA,TCGA-A2-A04Y-01,TCGA-A2-A04Y,1.6728,36.13111089,0.0,Primary
BRCA,TCGA-A2-A0CK-01,TCGA-A2-A0CK,11.7172,136.7327481,0.0,Primary
BRCA,TCGA-A2-A0CL-01,TCGA-A2-A0CL,2.5945,99.1222014,0.0,Primary
BRCA,TCGA-A2-A0CM-01,TCGA-A2-A0CM,7.3843,24.78876944,1.0,Primary
BRCA,TCGA-A2-A0CO-01,TCGA-A2-A0CO,13.3681,114.8042213,1.0,Primary
BRCA,TCGA-A2-A0CP-01,TCGA-A2-A0CP,10.7239,92.48117829,0.0,Primary
BRCA,TCGA-A2-A0CQ-01,TCGA-A2-A0CQ,38.2314,88.60176875,0.0,Primary
BRCA,TCGA-A2-A0CR-01,TCGA-A2-A0CR,7.1341,107.9330638,0.0,Primary
BRCA,TCGA-A2-A0CS-01,TCGA-A2-A0CS,13.3826,77.19367459,1.0,Primary
BRCA,TCGA-A2-A0CT-01,TCGA-A2-A0CT,39.7157,75.25396982,0.0,Primary
BRCA,TCGA-A2-A0CU-01,TCGA-A2-A0CU,0.7637,5.194463622,1.0,Primary
BRCA,TCGA-A2-A0CV-01,TCGA-A2-A0CV,5.444,98.99069599,0.0,Primary
BRCA,TCGA-A2-A0CW-01,TCGA-A2-A0CW,0.5748,107.9330638,0.0,Primary
BRCA,TCGA-A2-A0CX-01,TCGA-A2-A0CX,3.6323,56.81033633,0.0,Primary
BRCA,TCGA-A2-A0CZ-01,TCGA-A2-A0CZ,9.0476,53.1281849,0.0,Primary
BRCA,TCGA-A2-A0D0-01,TCGA-A2-A0D0,1.2356,67.33076898,0.0,Primary
BRCA,TCGA-A2-A0D1-01,TCGA-A2-A0D1,4.7087,34.55304599,0.0,Primary
BRCA,TCGA-A2-A0D2-01,TCGA-A2-A0D2,1.8481,33.76401355,0.0,Primary
BRCA,TCGA-A2-A0D3-01,TCGA-A2-A0D3,2.5794,61.57740737,0.0,Primary
BRCA,TCGA-A2-A0D4-01,TCGA-A2-A0D4,9.5849,25.21616202,0.0,Primary
BRCA,TCGA-A2-A0EM-01,TCGA-A2-A0EM,53.9773,101.7194332,0.0,Primary
BRCA,TCGA-A2-A0EN-01,TCGA-A2-A0EN,3.9629,134.3985271,0.0,Primary
BRCA,TCGA-A2-A0EO-01,TCGA-A2-A0EO,11.4778,80.28405168,0.0,Primary
BRCA,TCGA-A2-A0EP-01,TCGA-A2-A0EP,8.6379,118.4534964,0.0,Primary
BRCA,TCGA-A2-A0EQ-01,TCGA-A2-A0EQ,0.829,79.75803005,0.0,Primary
BRCA,TCGA-A2-A0ER-01,TCGA-A2-A0ER,0.3014,74.39918467,0.0,Primary
BRCA,TCGA-A2-A0ES-01,TCGA-A2-A0ES,18.5753,71.99921097,0.0,Primary
BRCA,TCGA-A2-A0ET-01,TCGA-A2-A0ET,0.5417,35.04619128,0.0,Primary
BRCA,TCGA-A2-A0EU-01,TCGA-A2-A0EU,14.3039,34.29003518,0.0,Primary
BRCA,TCGA-A2-A0EV-01,TCGA-A2-A0EV,7.3684,31.82430878,0.0,Primary
BRCA,TCGA-A2-A0EW-01,TCGA-A2-A0EW,6.3762,61.93904724,1.0,Primary
BRCA,TCGA-A2-A0EX-01,TCGA-A2-A0EX,8.7566,24.72301673,0.0,Primary
BRCA,TCGA-A2-A0EY-01,TCGA-A2-A0EY,31.8332,63.28697768,0.0,Primary
BRCA,TCGA-A2-A0ST-01,TCGA-A2-A0ST,8.1275,99.18795411,0.0,Primary
BRCA,TCGA-A2-A0SU-01,TCGA-A2-A0SU,6.0267,54.64049709,0.0,Primary
BRCA,TCGA-A2-A0SV-01,TCGA-A2-A0SV,3.9383,27.12299043,1.0,Primary
BRCA,TCGA-A2-A0SW-01,TCGA-A2-A0SW,0.4387,44.87622054,1.0,Primary
BRCA,TCGA-A2-A0SX-01,TCGA-A2-A0SX,41.7469,50.43232403,0.0,Primary
BRCA,TCGA-A2-A0SY-01,TCGA-A2-A0SY,0.6969,44.2844462,0.0,Primary
BRCA,TCGA-A2-A0T0-01,TCGA-A2-A0T0,22.9353,17.52309564,0.0,Primary
BRCA,TCGA-A2-A0T1-01,TCGA-A2-A0T1,3.3708,17.12857941,0.0,Primary
BRCA,TCGA-A2-A0T2-01,TCGA-A2-A0T2,15.1583,8.38346977,1.0,Primary
BRCA,TCGA-A2-A0T3-01,TCGA-A2-A0T3,10.6258,49.84054969,0.0,Primary
BRCA,TCGA-A2-A0T4-01,TCGA-A2-A0T4,6.8326,20.51484367,0.0,Primary
BRCA,TCGA-A2-A0T5-01,TCGA-A2-A0T5,5.8357,17.45734293,0.0,Primary
BRCA,TCGA-A2-A0T6-01,TCGA-A2-A0T6,40.2056,18.90390242,0.0,Primary
BRCA,TCGA-A2-A0T7-01,TCGA-A2-A0T7,4.3331,20.74497814,0.0,Primary
BRCA,TCGA-A2-A0YC-01,TCGA-A2-A0YC,2.8474,32.54758852,0.0,Primary
BRCA,TCGA-A2-A0YD-01,TCGA-A2-A0YD,7.7301,25.28191472,0.0,Primary
BRCA,TCGA-A2-A0YE-01,TCGA-A2-A0YE,10.1394,18.21349903,0.0,Primary
BRCA,TCGA-A2-A0YF-01,TCGA-A2-A0YF,2.1254,50.46520038,0.0,Primary
BRCA,TCGA-A2-A0YG-01,TCGA-A2-A0YG,6.8909,21.89565046,0.0,Primary
BRCA,TCGA-A2-A0YH-01,TCGA-A2-A0YH,3.9024,21.66551599,0.0,Primary
BRCA,TCGA-A2-A0YI-01,TCGA-A2-A0YI,3.5778,49.47890982,0.0,Primary
BRCA,TCGA-A2-A0YJ-01,TCGA-A2-A0YJ,198.535,18.60801526,0.0,Primary
BRCA,TCGA-A2-A0YK-01,TCGA-A2-A0YK,9.0303,19.331295,0.0,Primary
BRCA,TCGA-A2-A0YL-01,TCGA-A2-A0YL,15.0557,48.45974291,0.0,Primary
BRCA,TCGA-A2-A0YM-01,TCGA-A2-A0YM,23.5598,31.72567972,0.0,Primary
BRCA,TCGA-A2-A0YT-01,TCGA-A2-A0YT,2.4273,23.76960253,1.0,Primary
BRCA,TCGA-A2-A1FV-01,TCGA-A2-A1FV,6.0869,23.47371536,0.0,Primary
BRCA,TCGA-A2-A1FW-01,TCGA-A2-A1FW,1.1869,17.35871388,0.0,Primary
BRCA,TCGA-A2-A1FX-01,TCGA-A2-A1FX,2.708,60.72262222,0.0,Primary
BRCA,TCGA-A2-A1FZ-01,TCGA-A2-A1FZ,28.9615,22.45454844,0.0,Primary
BRCA,TCGA-A2-A1G0-01,TCGA-A2-A1G0,2.3011,20.25183286,0.0,Primary
BRCA,TCGA-A2-A1G1-01,TCGA-A2-A1G1,4.1234,19.19978959,0.0,Primary
BRCA,TCGA-A2-A1G4-01,TCGA-A2-A1G4,0.2741,19.56142946,0.0,Primary
BRCA,TCGA-A2-A1G6-01,TCGA-A2-A1G6,40.3602,16.47105237,0.0,Primary
BRCA,TCGA-A2-A259-01,TCGA-A2-A259,8.7094,52.47065786,0.0,Primary
BRCA,TCGA-A2-A25A-01,TCGA-A2-A25A,9.7373,107.7029293,0.0,Primary
BRCA,TCGA-A2-A25B-01,TCGA-A2-A25B,1.3782,42.44337048,0.0,Primary
BRCA,TCGA-A2-A25C-01,TCGA-A2-A25C,2.2056,17.19433212,0.0,Primary
BRCA,TCGA-A2-A25D-01,TCGA-A2-A25D,2.6657,18.14774633,0.0,Primary
BRCA,TCGA-A2-A25E-01,TCGA-A2-A25E,0.9434,105.3358319,0.0,Primary
BRCA,TCGA-A2-A25F-01,TCGA-A2-A25F,3.0904,10.58618536,0.0,Primary
BRCA,TCGA-A2-A3KC-01,TCGA-A2-A3KC,4.9707,36.22973995,0.0,Primary
BRCA,TCGA-A2-A3KD-01,TCGA-A2-A3KD,6.226,39.64888056,0.0,Primary
BRCA,TCGA-A2-A3XS-01,TCGA-A2-A3XS,91.2672,33.92839531,1.0,Primary
BRCA,TCGA-A2-A3XT-01,TCGA-A2-A3XT,2.0878,91.06749515,0.0,Primary
BRCA,TCGA-A2-A3XU-01,TCGA-A2-A3XU,25.7893,29.98323306,1.0,Primary
BRCA,TCGA-A2-A3XV-01,TCGA-A2-A3XV,0.4301,32.74484663,0.0,Primary
BRCA,TCGA-A2-A3XW-01,TCGA-A2-A3XW,117.293,56.28431469,0.0,Primary
BRCA,TCGA-A2-A3XX-01,TCGA-A2-A3XX,22.9629,47.30907059,1.0,Primary
BRCA,TCGA-A2-A3XY-01,TCGA-A2-A3XY,33.1723,35.93385278,1.0,Primary
BRCA,TCGA-A2-A3XZ-01,TCGA-A2-A3XZ,5.1688,50.36657133,0.0,Primary
BRCA,TCGA-A2-A3Y0-01,TCGA-A2-A3Y0,97.1927,50.82684025,0.0,Primary
BRCA,TCGA-A2-A4RW-01,TCGA-A2-A4RW,7.2639,7.298550153,0.0,Primary
BRCA,TCGA-A2-A4RX-01,TCGA-A2-A4RX,255.198,24.39425321,0.0,Primary
BRCA,TCGA-A2-A4RY-01,TCGA-A2-A4RY,20.1772,21.30387612,0.0,Primary
BRCA,TCGA-A2-A4S0-01,TCGA-A2-A4S0,1.0434,23.21070454,0.0,Primary
BRCA,TCGA-A2-A4S1-01,TCGA-A2-A4S1,2.5525,26.95860867,0.0,Primary
BRCA,TCGA-A2-A4S2-01,TCGA-A2-A4S2,5.9091,21.13949436,0.0,Primary
BRCA,TCGA-A2-A4S3-01,TCGA-A2-A4S3,1.0758,21.89565046,0.0,Primary
BRCA,TCGA-A7-A0CD-01,TCGA-A7-A0CD,0.8726,38.30095013,0.0,Primary
BRCA,TCGA-A7-A0CE-01,TCGA-A7-A0CE,131.876,35.30920209,0.0,Primary
BRCA,TCGA-A7-A0CG-01,TCGA-A7-A0CG,7.0644,34.29003518,0.0,Primary
BRCA,TCGA-A7-A0CH-01,TCGA-A7-A0CH,18.7535,35.47358385,0.0,Primary
BRCA,TCGA-A7-A0CJ-01,TCGA-A7-A0CJ,1.887,30.60788375,0.0,Primary
BRCA,TCGA-A7-A0D9-01,TCGA-A7-A0D9,8.6455,37.44616497,0.0,Primary
BRCA,TCGA-A7-A0DA-01,TCGA-A7-A0DA,44.5114,35.67084196,0.0,Primary
BRCA,TCGA-A7-A0DB-01,TCGA-A7-A0DB,3.4486,33.1064865,0.0,Primary
BRCA,TCGA-A7-A0DC-01,TCGA-A7-A0DC,1.5264,29.78597495,0.0,Primary
BRCA,TCGA-A7-A13D-01,TCGA-A7-A13D,2.0311,31.72567972,0.0,Primary
BRCA,TCGA-A7-A13E-01,TCGA-A7-A13E,117.007,20.18608015,1.0,Primary
BRCA,TCGA-A7-A13F-01,TCGA-A7-A13F,1.2048,25.15040931,0.0,Primary
BRCA,TCGA-A7-A13G-01,TCGA-A7-A13G,311.024,23.60522077,0.0,Primary
BRCA,TCGA-A7-A13H-01,TCGA-A7-A13H,21.1688,29.55584048,0.0,Primary
BRCA,TCGA-A7-A26E-01,TCGA-A7-A26E,3.9819,31.36403985,0.0,Primary
BRCA,TCGA-A7-A26F-01,TCGA-A7-A26F,1.9082,24.26274781,0.0,Primary
BRCA,TCGA-A7-A26G-01,TCGA-A7-A26G,21.9036,23.73672617,0.0,Primary
BRCA,TCGA-A7-A26H-01,TCGA-A7-A26H,57.4413,23.80247888,0.0,Primary
BRCA,TCGA-A7-A26I-01,TCGA-A7-A26I,29.8755,21.7312687,0.0,Primary
BRCA,TCGA-A7-A26J-01,TCGA-A7-A26J,6.1924,20.61347273,0.0,Primary
BRCA,TCGA-A7-A2KD-01,TCGA-A7-A2KD,13.3449,22.32304304,0.0,Primary
BRCA,TCGA-A7-A3IY-01,TCGA-A7-A3IY,3.493,11.34234145,0.0,Primary
BRCA,TCGA-A7-A3IZ-01,TCGA-A7-A3IZ,1.0152,10.58618536,0.0,Primary
BRCA,TCGA-A7-A3J0-01,TCGA-A7-A3J0,18.5902,10.29029819,0.0,Primary
BRCA,TCGA-A7-A3J1-01,TCGA-A7-A3J1,6.2252,11.27658875,0.0,Primary
BRCA,TCGA-A7-A3RF-01,TCGA-A7-A3RF,0.0,13.41355163,0.0,Primary
BRCA,TCGA-A7-A425-01,TCGA-A7-A425,12.1995,14.69572936,0.0,Primary
BRCA,TCGA-A7-A426-01,TCGA-A7-A426,12.4792,11.96699214,0.0,Primary
BRCA,TCGA-A7-A4SA-01,TCGA-A7-A4SA,5.5165,14.92586383,0.0,Primary
BRCA,TCGA-A7-A4SB-01,TCGA-A7-A4SB,2.2948,13.74231515,0.0,Primary
BRCA,TCGA-A7-A4SC-01,TCGA-A7-A4SC,8.068,14.66285301,0.0,Primary
BRCA,TCGA-A7-A4SD-01,TCGA-A7-A4SD,65.1741,14.49847125,0.0,Primary
BRCA,TCGA-A7-A4SE-01,TCGA-A7-A4SE,68.6287,21.17237071,0.0,Primary
BRCA,TCGA-A7-A4SF-01,TCGA-A7-A4SF,1.6726,17.91761186,0.0,Primary
BRCA,TCGA-A7-A56D-01,TCGA-A7-A56D,3.3378,14.72860571,0.0,Primary
BRCA,TCGA-A7-A5ZV-01,TCGA-A7-A5ZV,22.18,12.09849755,0.0,Primary
BRCA,TCGA-A7-A5ZW-01,TCGA-A7-A5ZW,5.8068,10.71769077,0.0,Primary
BRCA,TCGA-A7-A5ZX-01,TCGA-A7-A5ZX,6.1381,11.04645429,0.0,Primary
BRCA,TCGA-A7-A6VV-01,TCGA-A7-A6VV,37.7182,10.29029819,0.0,Primary
BRCA,TCGA-A7-A6VW-01,TCGA-A7-A6VW,29.0901,9.369760331,0.0,Primary
BRCA,TCGA-A7-A6VX-01,TCGA-A7-A6VX,57.9154,10.4218036,0.0,Primary
BRCA,TCGA-A7-A6VY-01,TCGA-A7-A6VY,6.2262,8.745109643,0.0,Primary
BRCA,TCGA-A8-A06N-01,TCGA-A8-A06N,2.7536,0.0,0.0,Primary
BRCA,TCGA-A8-A06O-01,TCGA-A8-A06O,2.7195,13.01903541,0.0,Primary
BRCA,TCGA-A8-A06P-01,TCGA-A8-A06P,5.9484,13.01903541,0.0,Primary
BRCA,TCGA-A8-A06Q-01,TCGA-A8-A06Q,0.5511,1.019166913,0.0,Primary
BRCA,TCGA-A8-A06R-01,TCGA-A8-A06R,1.8072,17.98336457,0.0,Primary
BRCA,TCGA-A8-A06T-01,TCGA-A8-A06T,3.7383,53.06243219,0.0,Primary
BRCA,TCGA-A8-A06U-01,TCGA-A8-A06U,4.6674,29.02981885,1.0,Primary
BRCA,TCGA-A8-A06X-01,TCGA-A8-A06X,0.0,31.00239997,1.0,Primary
BRCA,TCGA-A8-A06Y-01,TCGA-A8-A06Y,40.5839,26.00519446,0.0,Primary
BRCA,TCGA-A8-A06Z-01,TCGA-A8-A06Z,1.0132,1.019166913,0.0,Primary
BRCA,TCGA-A8-A075-01,TCGA-A8-A075,12.5493,17.02995036,0.0,Primary
BRCA,TCGA-A8-A076-01,TCGA-A8-A076,1.7943,53.98297005,0.0,Primary
BRCA,TCGA-A8-A079-01,TCGA-A8-A079,2.3719,9.008120459,0.0,Primary
BRCA,TCGA-A8-A07B-01,TCGA-A8-A07B,0.0,43.00226847,0.0,Primary
BRCA,TCGA-A8-A07C-01,TCGA-A8-A07C,26.5957,33.99414801,0.0,Primary
BRCA,TCGA-A8-A07E-01,TCGA-A8-A07E,15.4728,19.98882204,0.0,Primary
BRCA,TCGA-A8-A07F-01,TCGA-A8-A07F,0.5522,18.96965513,0.0,Primary
BRCA,TCGA-A8-A07G-01,TCGA-A8-A07G,52.8846,18.96965513,0.0,Primary
BRCA,TCGA-A8-A07I-01,TCGA-A8-A07I,6.1735,14.00532597,0.0,Primary
BRCA,TCGA-A8-A07J-01,TCGA-A8-A07J,6.4405,11.9998685,0.0,Primary
BRCA,TCGA-A8-A07L-01,TCGA-A8-A07L,0.3427,32.05444324,0.0,Primary
BRCA,TCGA-A8-A07O-01,TCGA-A8-A07O,11.3636,9.99441102,0.0,Primary
BRCA,TCGA-A8-A07P-01,TCGA-A8-A07P,1.7277,10.98070158,0.0,Primary
BRCA,TCGA-A8-A07R-01,TCGA-A8-A07R,56.1224,8.975244107,0.0,Primary
BRCA,TCGA-A8-A07S-01,TCGA-A8-A07S,38.8252,7.988953546,0.0,Primary
BRCA,TCGA-A8-A07U-01,TCGA-A8-A07U,23.5956,24.98602755,0.0,Primary
BRCA,TCGA-A8-A07W-01,TCGA-A8-A07W,0.3178,9.99441102,0.0,Primary
BRCA,TCGA-A8-A07Z-01,TCGA-A8-A07Z,0.9826,45.07347865,0.0,Primary
BRCA,TCGA-A8-A081-01,TCGA-A8-A081,2.0806,0.0,0.0,Primary
BRCA,TCGA-A8-A082-01,TCGA-A8-A082,1.6,18.04911727,0.0,Primary
BRCA,TCGA-A8-A083-01,TCGA-A8-A083,11.6883,0.0,0.0,Primary
BRCA,TCGA-A8-A085-01,TCGA-A8-A085,2.4181,36.95301969,0.0,Primary
BRCA,TCGA-A8-A086-01,TCGA-A8-A086,4.0628,13.01903541,0.0,Primary
BRCA,TCGA-A8-A08A-01,TCGA-A8-A08A,5.0654,0.986290561,0.0,Primary
BRCA,TCGA-A8-A08B-01,TCGA-A8-A08B,0.8834,38.00506296,0.0,Primary
BRCA,TCGA-A8-A08C-01,TCGA-A8-A08C,16.2547,28.96406615,0.0,Primary
BRCA,TCGA-A8-A08G-01,TCGA-A8-A08G,3.1919,19.95594569,0.0,Primary
BRCA,TCGA-A8-A08H-01,TCGA-A8-A08H,6.6823,0.0,0.0,Primary
BRCA,TCGA-A8-A08I-01,TCGA-A8-A08I,27.7945,11.9998685,0.0,Primary
BRCA,TCGA-A8-A08J-01,TCGA-A8-A08J,3.992,37.05164875,1.0,Primary
BRCA,TCGA-A8-A08L-01,TCGA-A8-A08L,32.9949,9.99441102,1.0,Primary
BRCA,TCGA-A8-A08O-01,TCGA-A8-A08O,3.7488,31.00239997,0.0,Primary
BRCA,TCGA-A8-A08P-01,TCGA-A8-A08P,4.0209,31.00239997,0.0,Primary
BRCA,TCGA-A8-A08R-01,TCGA-A8-A08R,3.672,0.986290561,0.0,Primary
BRCA,TCGA-A8-A08T-01,TCGA-A8-A08T,6.3228,112.0754841,1.0,Primary
BRCA,TCGA-A8-A08X-01,TCGA-A8-A08X,4.2039,43.00226847,0.0,Primary
BRCA,TCGA-A8-A08Z-01,TCGA-A8-A08Z,8.1593,40.01052043,0.0,Primary
BRCA,TCGA-A8-A090-01,TCGA-A8-A090,1.8827,0.0,0.0,Primary
BRCA,TCGA-A8-A091-01,TCGA-A8-A091,1.7136,33.00785745,0.0,Primary
BRCA,TCGA-A8-A092-01,TCGA-A8-A092,5.0023,30.96952362,0.0,Primary
BRCA,TCGA-A8-A093-01,TCGA-A8-A093,1.6361,17.95048821,0.0,Primary
BRCA,TCGA-A8-A094-01,TCGA-A8-A094,3.123,0.0,0.0,Primary
BRCA,TCGA-A8-A095-01,TCGA-A8-A095,2.3981,41.98310156,0.0,Primary
BRCA,TCGA-A8-A096-01,TCGA-A8-A096,6.8966,0.0,0.0,Primary
BRCA,TCGA-A8-A097-01,TCGA-A8-A097,9.781,11.9998685,0.0,Primary
BRCA,TCGA-A8-A099-01,TCGA-A8-A099,95.555,9.99441102,0.0,Primary
BRCA,TCGA-A8-A09A-01,TCGA-A8-A09A,7.7028,9.99441102,0.0,Primary
BRCA,TCGA-A8-A09B-01,TCGA-A8-A09B,7.3144,11.9998685,0.0,Primary
BRCA,TCGA-A8-A09C-01,TCGA-A8-A09C,5.3538,1.019166913,0.0,Primary
BRCA,TCGA-A8-A09D-01,TCGA-A8-A09D,6.4154,50.03780781,0.0,Primary
BRCA,TCGA-A8-A09G-01,TCGA-A8-A09G,9.1827,0.0,0.0,Primary
BRCA,TCGA-A8-A09I-01,TCGA-A8-A09I,3.6043,45.07347865,0.0,Primary
BRCA,TCGA-A8-A09M-01,TCGA-A8-A09M,2.8452,33.07361015,0.0,Primary
BRCA,TCGA-A8-A09N-01,TCGA-A8-A09N,1.3092,1.019166913,0.0,Primary
BRCA,TCGA-A8-A09Q-01,TCGA-A8-A09Q,1.6356,25.0189039,0.0,Primary
BRCA,TCGA-A8-A09R-01,TCGA-A8-A09R,4.3181,8.975244107,0.0,Primary
BRCA,TCGA-A8-A09T-01,TCGA-A8-A09T,3.9308,19.03540783,0.0,Primary
BRCA,TCGA-A8-A09V-01,TCGA-A8-A09V,32.1694,15.02449288,0.0,Primary
BRCA,TCGA-A8-A09W-01,TCGA-A8-A09W,12.1606,0.986290561,0.0,Primary
BRCA,TCGA-A8-A09X-01,TCGA-A8-A09X,2.0698,14.00532597,1.0,Primary
BRCA,TCGA-A8-A09Z-01,TCGA-A8-A09Z,22.4839,0.0,0.0,Primary
BRCA,TCGA-A8-A0A1-01,TCGA-A8-A0A1,15.5622,11.9998685,0.0,Primary
BRCA,TCGA-A8-A0A2-01,TCGA-A8-A0A2,4.7198,19.03540783,0.0,Primary
BRCA,TCGA-A8-A0A4-01,TCGA-A8-A0A4,15.2336,13.01903541,0.0,Primary
BRCA,TCGA-A8-A0A6-01,TCGA-A8-A0A6,4.2559,21.04086531,0.0,Primary
BRCA,TCGA-A8-A0A7-01,TCGA-A8-A0A7,1.1779,0.986290561,0.0,Primary
BRCA,TCGA-A8-A0A9-01,TCGA-A8-A0A9,2.9291,27.02436138,0.0,Primary
BRCA,TCGA-A8-A0AB-01,TCGA-A8-A0AB,1.8044,17.02995036,0.0,Primary
BRCA,TCGA-A8-A0AD-01,TCGA-A8-A0AD,10.8932,38.03793931,0.0,Primary
BRCA,TCGA-AC-A23C-01,TCGA-AC-A23C,5.1136,19.23266594,0.0,Primary
BRCA,TCGA-AC-A23E-01,TCGA-AC-A23E,6.4201,22.94769372,0.0,Primary
BRCA,TCGA-AC-A23G-01,TCGA-AC-A23G,7.9942,73.90603939,0.0,Primary
BRCA,TCGA-AC-A23H-01,TCGA-AC-A23H,3.5706,5.720485255,1.0,Primary
BRCA,TCGA-AC-A2B8-01,TCGA-AC-A2B8,4.0312,22.25729033,0.0,Primary
BRCA,TCGA-AC-A2BK-01,TCGA-AC-A2BK,6.3959,73.05125423,0.0,Primary
BRCA,TCGA-AC-A2BM-01,TCGA-AC-A2BM,1.725,99.35233587,0.0,Primary
BRCA,TCGA-AC-A2FB-01,TCGA-AC-A2FB,5.1868,40.56941842,0.0,Primary
BRCA,TCGA-AC-A2FE-01,TCGA-AC-A2FE,9.9018,86.66206398,1.0,Primary
BRCA,TCGA-AC-A2FF-01,TCGA-AC-A2FF,11.9163,90.70585528,0.0,Primary
BRCA,TCGA-AC-A2FG-01,TCGA-AC-A2FG,84.2187,60.91988033,0.0,Primary
BRCA,TCGA-AC-A2FK-01,TCGA-AC-A2FK,13.3393,87.12233291,0.0,Primary
BRCA,TCGA-AC-A2FM-01,TCGA-AC-A2FM,5.6799,26.03807082,1.0,Primary
BRCA,TCGA-AC-A2FO-01,TCGA-AC-A2FO,3.879,74.13617385,0.0,Primary
BRCA,TCGA-AC-A2QH-01,TCGA-AC-A2QH,32.1517,33.0407338,0.0,Primary
BRCA,TCGA-AC-A2QI-01,TCGA-AC-A2QI,8.8959,19.331295,0.0,Primary
BRCA,TCGA-AC-A2QJ-01,TCGA-AC-A2QJ,1.1744,14.66285301,1.0,Primary
BRCA,TCGA-AC-A3BB-01,TCGA-AC-A3BB,7.9631,32.44895946,0.0,Primary
BRCA,TCGA-AC-A3EH-01,TCGA-AC-A3EH,7.6019,6.476641352,1.0,Primary
BRCA,TCGA-AC-A3HN-01,TCGA-AC-A3HN,20.5413,16.30667061,0.0,Primary
BRCA,TCGA-AC-A3OD-01,TCGA-AC-A3OD,4.0008,14.82723477,0.0,Primary
BRCA,TCGA-AC-A3QP-01,TCGA-AC-A3QP,2.6748,22.19153763,0.0,Primary
BRCA,TCGA-AC-A3QQ-01,TCGA-AC-A3QQ,4.9875,24.1312424,0.0,Primary
BRCA,TCGA-AC-A3TM-01,TCGA-AC-A3TM,3.632,25.05178025,0.0,Primary
BRCA,TCGA-AC-A3TN-01,TCGA-AC-A3TN,2.6247,14.99161653,0.0,Primary
BRCA,TCGA-AC-A3W5-01,TCGA-AC-A3W5,4.9362,16.56968143,0.0,Primary
BRCA,TCGA-AC-A3W6-01,TCGA-AC-A3W6,5.023,19.79156393,0.0,Primary
BRCA,TCGA-AC-A3W7-01,TCGA-AC-A3W7,8.9901,15.48476181,0.0,Primary
BRCA,TCGA-AC-A3YI-01,TCGA-AC-A3YI,19.8925,23.24358089,0.0,Primary
BRCA,TCGA-AC-A3YJ-01,TCGA-AC-A3YJ,1.4404,24.78876944,0.0,Primary
BRCA,TCGA-AC-A4ZE-01,TCGA-AC-A4ZE,2.6902,29.25995332,0.0,Primary
BRCA,TCGA-AC-A5EH-01,TCGA-AC-A5EH,15.2577,16.79981589,0.0,Primary
BRCA,TCGA-AC-A5XS-01,TCGA-AC-A5XS,0.4645,19.331295,0.0,Primary
BRCA,TCGA-AC-A5XU-01,TCGA-AC-A5XU,4.2768,14.95874018,0.0,Primary
BRCA,TCGA-AC-A62V-01,TCGA-AC-A62V,2.4961,11.44097051,1.0,Primary
BRCA,TCGA-AC-A62X-01,TCGA-AC-A62X,27.8963,13.7094388,0.0,Primary
BRCA,TCGA-AC-A62Y-01,TCGA-AC-A62Y,1.2361,17.42446658,0.0,Primary
BRCA,TCGA-AC-A6IV-01,TCGA-AC-A6IV,31.4776,18.67376796,0.0,Primary
BRCA,TCGA-AC-A6IW-01,TCGA-AC-A6IW,1.6042,13.57793339,0.0,Primary
BRCA,TCGA-AC-A6IX-01,TCGA-AC-A6IX,4.7398,12.26287931,0.0,Primary
BRCA,TCGA-AC-A6NO-01,TCGA-AC-A6NO,3.9541,1.676693954,0.0,Primary
BRCA,TCGA-AC-A7VB-01,TCGA-AC-A7VB,5.8531,8.21908801,0.0,Primary
BRCA,TCGA-AC-A7VC-01,TCGA-AC-A7VC,20.6047,0.032876352,0.0,Primary
BRCA,TCGA-AC-A8OP-01,TCGA-AC-A8OP,6.212,20.18608015,0.0,Primary
BRCA,TCGA-AC-A8OQ-01,TCGA-AC-A8OQ,37.042,1.117795969,0.0,Primary
BRCA,TCGA-AC-A8OR-01,TCGA-AC-A8OR,0.0,1.315054082,0.0,Primary
BRCA,TCGA-AC-A8OS-01,TCGA-AC-A8OS,11.8525,2.301344643,0.0,Primary
BRCA,TCGA-AN-A03X-01,TCGA-AN-A03X,20.4114,0.32876352,0.0,Primary
BRCA,TCGA-AN-A03Y-01,TCGA-AN-A03Y,1.7864,0.32876352,0.0,Primary
BRCA,TCGA-AN-A041-01,TCGA-AN-A041,17.5963,0.230134464,0.0,Primary
BRCA,TCGA-AN-A046-01,TCGA-AN-A046,6.8156,0.32876352,0.0,Primary
BRCA,TCGA-AN-A049-01,TCGA-AN-A049,2.9927,0.624650689,0.0,Primary
BRCA,TCGA-AN-A04A-01,TCGA-AN-A04A,4.902,2.958871684,0.0,Primary
BRCA,TCGA-AN-A04C-01,TCGA-AN-A04C,28.7285,1.77532301,0.0,Primary
BRCA,TCGA-AN-A04D-01,TCGA-AN-A04D,32.5367,1.709570306,0.0,Primary
BRCA,TCGA-AN-A0AJ-01,TCGA-AN-A0AJ,1.1963,9.961534668,0.0,Primary
BRCA,TCGA-AN-A0AK-01,TCGA-AN-A0AK,0.8396,7.364302857,0.0,Primary
BRCA,TCGA-AN-A0AL-01,TCGA-AN-A0AL,6.8438,7.462931913,0.0,Primary
BRCA,TCGA-AN-A0AM-01,TCGA-AN-A0AM,4.1841,0.16438176,0.0,Primary
BRCA,TCGA-AN-A0AR-01,TCGA-AN-A0AR,1.4426,0.32876352,0.0,Primary
BRCA,TCGA-AN-A0AS-01,TCGA-AN-A0AS,8.5605,0.32876352,0.0,Primary
BRCA,TCGA-AN-A0AT-01,TCGA-AN-A0AT,13.8368,0.32876352,0.0,Primary
BRCA,TCGA-AN-A0FD-01,TCGA-AN-A0FD,2.3518,6.443765,0.0,Primary
BRCA,TCGA-AN-A0FF-01,TCGA-AN-A0FF,1.8404,5.654732551,0.0,Primary
BRCA,TCGA-AN-A0FJ-01,TCGA-AN-A0FJ,64.8259,7.956077194,0.0,Primary
BRCA,TCGA-AN-A0FK-01,TCGA-AN-A0FK,2.9776,7.002662985,0.0,Primary
BRCA,TCGA-AN-A0FL-01,TCGA-AN-A0FL,6.9093,7.594437321,0.0,Primary
BRCA,TCGA-AN-A0FN-01,TCGA-AN-A0FN,8.0916,7.167044745,0.0,Primary
BRCA,TCGA-AN-A0FS-01,TCGA-AN-A0FS,55.712,6.904033928,0.0,Primary
BRCA,TCGA-AN-A0FT-01,TCGA-AN-A0FT,4.1516,7.035539337,0.0,Primary
BRCA,TCGA-AN-A0FV-01,TCGA-AN-A0FV,9.9856,0.32876352,0.0,Primary
BRCA,TCGA-AN-A0FW-01,TCGA-AN-A0FW,76.7311,0.361639872,0.0,Primary
BRCA,TCGA-AN-A0FX-01,TCGA-AN-A0FX,67.9426,0.32876352,0.0,Primary
BRCA,TCGA-AN-A0FY-01,TCGA-AN-A0FY,7.0758,0.32876352,0.0,Primary
BRCA,TCGA-AN-A0FZ-01,TCGA-AN-A0FZ,2.0128,0.32876352,0.0,Primary
BRCA,TCGA-AN-A0G0-01,TCGA-AN-A0G0,1.7586,0.526021633,0.0,Primary
BRCA,TCGA-AN-A0XL-01,TCGA-AN-A0XL,5.614,5.358845383,0.0,Primary
BRCA,TCGA-AN-A0XN-01,TCGA-AN-A0XN,7.9701,0.32876352,0.0,Primary
BRCA,TCGA-AN-A0XO-01,TCGA-AN-A0XO,5.6855,12.32863202,0.0,Primary
BRCA,TCGA-AN-A0XP-01,TCGA-AN-A0XP,9.3248,0.295887168,0.0,Primary
BRCA,TCGA-AN-A0XR-01,TCGA-AN-A0XR,3.3072,0.32876352,0.0,Primary
BRCA,TCGA-AN-A0XS-01,TCGA-AN-A0XS,3.5963,0.32876352,0.0,Primary
BRCA,TCGA-AN-A0XT-01,TCGA-AN-A0XT,16.3934,0.32876352,0.0,Primary
BRCA,TCGA-AN-A0XU-01,TCGA-AN-A0XU,108.201,0.32876352,0.0,Primary
BRCA,TCGA-AN-A0XV-01,TCGA-AN-A0XV,1.7434,5.325969031,0.0,Primary
BRCA,TCGA-AN-A0XW-01,TCGA-AN-A0XW,10.5038,5.588979847,0.0,Primary
BRCA,TCGA-AO-A03L-01,TCGA-AO-A03L,4.2993,80.28405168,0.0,Primary
BRCA,TCGA-AO-A03M-01,TCGA-AO-A03M,1.8709,61.34727291,0.0,Primary
BRCA,TCGA-AO-A03N-01,TCGA-AO-A03N,2.5038,66.77187099,0.0,Primary
BRCA,TCGA-AO-A03O-01,TCGA-AO-A03O,1.31,81.63198212,1.0,Primary
BRCA,TCGA-AO-A03P-01,TCGA-AO-A03P,3.6731,95.70306079,1.0,Primary
BRCA,TCGA-AO-A03R-01,TCGA-AO-A03R,7.3443,68.74445212,0.0,Primary
BRCA,TCGA-AO-A03T-01,TCGA-AO-A03T,6.6847,69.82937173,0.0,Primary
BRCA,TCGA-AO-A03U-01,TCGA-AO-A03U,0.9155,58.94729921,1.0,Primary
BRCA,TCGA-AO-A03V-01,TCGA-AO-A03V,3.1373,44.41595161,0.0,Primary
BRCA,TCGA-AO-A0J2-01,TCGA-AO-A0J2,3.4193,32.77772298,0.0,Primary
BRCA,TCGA-AO-A0J3-01,TCGA-AO-A0J3,1.9877,21.40250518,0.0,Primary
BRCA,TCGA-AO-A0J4-01,TCGA-AO-A0J4,96.361,52.17477069,0.0,Primary
BRCA,TCGA-AO-A0J5-01,TCGA-AO-A0J5,11.2139,26.03807082,1.0,Primary
BRCA,TCGA-AO-A0J6-01,TCGA-AO-A0J6,2.0425,37.47904133,0.0,Primary
BRCA,TCGA-AO-A0J7-01,TCGA-AO-A0J7,1.7902,20.31758556,0.0,Primary
BRCA,TCGA-AO-A0J8-01,TCGA-AO-A0J8,18.2877,22.35591939,0.0,Primary
BRCA,TCGA-AO-A0J9-01,TCGA-AO-A0J9,2.849,53.02955584,0.0,Primary
BRCA,TCGA-AO-A0JA-01,TCGA-AO-A0JA,3.1774,21.53401059,0.0,Primary
BRCA,TCGA-AO-A0JB-01,TCGA-AO-A0JB,12.3119,50.69533485,0.0,Primary
BRCA,TCGA-AO-A0JC-01,TCGA-AO-A0JC,7.8809,50.85971661,0.0,Primary
BRCA,TCGA-AO-A0JD-01,TCGA-AO-A0JD,12.4165,71.99921097,0.0,Primary
BRCA,TCGA-AO-A0JE-01,TCGA-AO-A0JE,12.9817,76.76628201,0.0,Primary
BRCA,TCGA-AO-A0JF-01,TCGA-AO-A0JF,12.2982,65.09517704,0.0,Primary
BRCA,TCGA-AO-A0JG-01,TCGA-AO-A0JG,3.672,26.23532893,0.0,Primary
BRCA,TCGA-AO-A0JI-01,TCGA-AO-A0JI,1.5146,50.23506592,0.0,Primary
BRCA,TCGA-AO-A0JJ-01,TCGA-AO-A0JJ,9.0025,62.0376763,0.0,Primary
BRCA,TCGA-AO-A0JL-01,TCGA-AO-A0JL,43.404,55.33090048,0.0,Primary
BRCA,TCGA-AO-A0JM-01,TCGA-AO-A0JM,5.9913,71.80195286,0.0,Primary
BRCA,TCGA-AO-A124-01,TCGA-AO-A124,25.4814,115.2644903,0.0,Primary
BRCA,TCGA-AO-A125-01,TCGA-AO-A125,1.8922,113.6206727,0.0,Primary
BRCA,TCGA-AO-A126-01,TCGA-AO-A126,7.4995,108.7220962,0.0,Primary
BRCA,TCGA-AO-A128-01,TCGA-AO-A128,1.8996,106.7823914,0.0,Primary
BRCA,TCGA-AO-A129-01,TCGA-AO-A129,23.9382,108.0316928,0.0,Primary
BRCA,TCGA-AO-A12A-01,TCGA-AO-A12A,12.9649,102.3112076,0.0,Primary
BRCA,TCGA-AO-A12B-01,TCGA-AO-A12B,0.0,98.26741625,0.0,Primary
BRCA,TCGA-AO-A12D-01,TCGA-AO-A12D,2.8836,82.68402538,0.0,Primary
BRCA,TCGA-AO-A12E-01,TCGA-AO-A12E,9.0164,70.42114607,0.0,Primary
BRCA,TCGA-AO-A12F-01,TCGA-AO-A12F,0.6806,60.55824046,0.0,Primary
BRCA,TCGA-AO-A12G-01,TCGA-AO-A12G,1.2,53.88434099,0.0,Primary
BRCA,TCGA-AO-A12H-01,TCGA-AO-A12H,1.974,40.56941842,0.0,Primary
BRCA,TCGA-AO-A1KO-01,TCGA-AO-A1KO,29.4413,20.44909097,0.0,Primary
BRCA,TCGA-AO-A1KP-01,TCGA-AO-A1KP,9.284,97.08386757,0.0,Primary
BRCA,TCGA-AO-A1KQ-01,TCGA-AO-A1KQ,0.0,61.87329454,0.0,Primary
BRCA,TCGA-AO-A1KR-01,TCGA-AO-A1KR,8.0268,82.61827268,0.0,Primary
BRCA,TCGA-AO-A1KS-01,TCGA-AO-A1KS,0.3305,11.50672321,0.0,Primary
BRCA,TCGA-AO-A1KT-01,TCGA-AO-A1KT,3.6079,17.78610645,0.0,Primary
BRCA,TCGA-AQ-A04H-01,TCGA-AQ-A04H,1.1754,24.78876944,0.0,Primary
BRCA,TCGA-AQ-A04J-01,TCGA-AQ-A04J,78.3878,26.92573232,0.0,Primary
BRCA,TCGA-AQ-A04L-01,TCGA-AQ-A04L,3.7209,130.091725,0.0,Primary
BRCA,TCGA-AQ-A0Y5-01,TCGA-AQ-A0Y5,20.8278,5.654732551,1.0,Primary
BRCA,TCGA-AQ-A1H2-01,TCGA-AQ-A1H2,7.2755,15.61626722,0.0,Primary
BRCA,TCGA-AQ-A1H3-01,TCGA-AQ-A1H3,3.0849,32.51471217,0.0,Primary
BRCA,TCGA-AQ-A54N-01,TCGA-AQ-A54N,118.943,2.564355459,0.0,Primary
BRCA,TCGA-AQ-A54O-01,TCGA-AQ-A54O,23.2945,32.90922839,0.0,Primary
BRCA,TCGA-AQ-A7U7-01,TCGA-AQ-A7U7,7.4177,19.19978959,1.0,Primary
BRCA,TCGA-AR-A0TP-01,TCGA-AR-A0TP,1.8103,140.546405,0.0,Primary
BRCA,TCGA-AR-A0TQ-01,TCGA-AR-A0TQ,1.642,98.33316895,0.0,Primary
BRCA,TCGA-AR-A0TR-01,TCGA-AR-A0TR,2.1972,5.260216326,1.0,Primary
BRCA,TCGA-AR-A0TS-01,TCGA-AR-A0TS,4.5842,84.09770852,0.0,Primary
BRCA,TCGA-AR-A0TT-01,TCGA-AR-A0TT,8.1566,109.0179834,0.0,Primary
BRCA,TCGA-AR-A0TU-01,TCGA-AR-A0TU,0.0,23.3093336,0.0,Primary
BRCA,TCGA-AR-A0TV-01,TCGA-AR-A0TV,24.4966,75.22109347,0.0,Primary
BRCA,TCGA-AR-A0TW-01,TCGA-AR-A0TW,1.6422,98.92494329,0.0,Primary
BRCA,TCGA-AR-A0TX-01,TCGA-AR-A0TX,1.3536,64.83216622,0.0,Primary
BRCA,TCGA-AR-A0TY-01,TCGA-AR-A0TY,0.9674,55.85692212,1.0,Primary
BRCA,TCGA-AR-A0TZ-01,TCGA-AR-A0TZ,2.6322,107.2426604,1.0,Primary
BRCA,TCGA-AR-A0U0-01,TCGA-AR-A0U0,94.7162,65.35818786,0.0,Primary
BRCA,TCGA-AR-A0U1-01,TCGA-AR-A0U1,22.5166,133.2149785,0.0,Primary
BRCA,TCGA-AR-A0U2-01,TCGA-AR-A0U2,2.4808,83.86757405,1.0,Primary
BRCA,TCGA-AR-A0U3-01,TCGA-AR-A0U3,1.7114,134.1355163,0.0,Primary
BRCA,TCGA-AR-A0U4-01,TCGA-AR-A0U4,18.5503,107.209784,0.0,Primary
BRCA,TCGA-AR-A1AH-01,TCGA-AR-A1AH,0.0,125.1602722,0.0,Primary
BRCA,TCGA-AR-A1AI-01,TCGA-AR-A1AI,23.145,108.3604563,0.0,Primary
BRCA,TCGA-AR-A1AJ-01,TCGA-AR-A1AJ,148.131,100.9961535,0.0,Primary
BRCA,TCGA-AR-A1AK-01,TCGA-AR-A1AK,25.7019,103.8563961,0.0,Primary
BRCA,TCGA-AR-A1AL-01,TCGA-AR-A1AL,5.1073,97.67564191,0.0,Primary
BRCA,TCGA-AR-A1AM-01,TCGA-AR-A1AM,11.6632,98.33316895,0.0,Primary
BRCA,TCGA-AR-A1AN-01,TCGA-AR-A1AN,4.8477,95.99894796,0.0,Primary
BRCA,TCGA-AR-A1AO-01,TCGA-AR-A1AO,14.4559,86.07028964,0.0,Primary
BRCA,TCGA-AR-A1AP-01,TCGA-AR-A1AP,0.4498,93.89486143,0.0,Primary
BRCA,TCGA-AR-A1AQ-01,TCGA-AR-A1AQ,0.0,99.31945951,0.0,Primary
BRCA,TCGA-AR-A1AR-01,TCGA-AR-A1AR,8.4034,17.22720847,1.0,Primary
BRCA,TCGA-AR-A1AS-01,TCGA-AR-A1AS,9.9054,37.80780485,0.0,Primary
BRCA,TCGA-AR-A1AT-01,TCGA-AR-A1AT,1.5552,41.8187198,1.0,Primary
BRCA,TCGA-AR-A1AU-01,TCGA-AR-A1AU,13.5515,94.28937765,0.0,Primary
BRCA,TCGA-AR-A1AV-01,TCGA-AR-A1AV,3.1809,61.2815202,0.0,Primary
BRCA,TCGA-AR-A1AW-01,TCGA-AR-A1AW,0.7567,86.53055857,0.0,Primary
BRCA,TCGA-AR-A1AX-01,TCGA-AR-A1AX,6.0491,86.43192951,0.0,Primary
BRCA,TCGA-AR-A1AY-01,TCGA-AR-A1AY,24.6165,33.73113719,0.0,Primary
BRCA,TCGA-AR-A24H-01,TCGA-AR-A24H,2.7998,160.8968669,0.0,Primary
BRCA,TCGA-AR-A24K-01,TCGA-AR-A24K,4.4092,50.89259296,0.0,Primary
BRCA,TCGA-AR-A24L-01,TCGA-AR-A24L,7.0514,94.22362495,1.0,Primary
BRCA,TCGA-AR-A24M-01,TCGA-AR-A24M,9.8937,120.3274485,0.0,Primary
BRCA,TCGA-AR-A24N-01,TCGA-AR-A24N,7.3164,99.77972844,0.0,Primary
BRCA,TCGA-AR-A24O-01,TCGA-AR-A24O,9.165,118.5850018,0.0,Primary
BRCA,TCGA-AR-A24P-01,TCGA-AR-A24P,24.302,2.761613571,0.0,Primary
BRCA,TCGA-AR-A24Q-01,TCGA-AR-A24Q,15.1383,104.2837887,0.0,Primary
BRCA,TCGA-AR-A24R-01,TCGA-AR-A24R,0.5467,112.7658875,0.0,Primary
BRCA,TCGA-AR-A24S-01,TCGA-AR-A24S,2.345,97.84002367,0.0,Primary
BRCA,TCGA-AR-A24T-01,TCGA-AR-A24T,4.8313,105.2700792,0.0,Primary
BRCA,TCGA-AR-A24U-01,TCGA-AR-A24U,3.9723,102.8372292,0.0,Primary
BRCA,TCGA-AR-A24V-01,TCGA-AR-A24V,7.6138,105.3029556,0.0,Primary
BRCA,TCGA-AR-A24W-01,TCGA-AR-A24W,27.5432,50.95834566,0.0,Primary
BRCA,TCGA-AR-A24X-01,TCGA-AR-A24X,3.4382,98.76056153,0.0,Primary
BRCA,TCGA-AR-A24Z-01,TCGA-AR-A24Z,0.9156,98.66193247,0.0,Primary
BRCA,TCGA-AR-A250-01,TCGA-AR-A250,2.7594,88.99628497,0.0,Primary
BRCA,TCGA-AR-A251-01,TCGA-AR-A251,28.4965,99.61534668,0.0,Primary
BRCA,TCGA-AR-A252-01,TCGA-AR-A252,1.1852,93.30308709,0.0,Primary
BRCA,TCGA-AR-A254-01,TCGA-AR-A254,6.1033,85.64289706,0.0,Primary
BRCA,TCGA-AR-A255-01,TCGA-AR-A255,3.1037,71.04579676,0.0,Primary
BRCA,TCGA-AR-A256-01,TCGA-AR-A256,26.0374,93.82910872,1.0,Primary
BRCA,TCGA-AR-A2LE-01,TCGA-AR-A2LE,27.4451,166.420094,0.0,Primary
BRCA,TCGA-AR-A2LH-01,TCGA-AR-A2LH,8.4122,20.25183286,1.0,Primary
BRCA,TCGA-AR-A2LJ-01,TCGA-AR-A2LJ,5.0918,86.53055857,0.0,Primary
BRCA,TCGA-AR-A2LK-01,TCGA-AR-A2LK,20.0387,54.21310451,1.0,Primary
BRCA,TCGA-AR-A2LM-01,TCGA-AR-A2LM,13.0868,63.6157412,0.0,Primary
BRCA,TCGA-AR-A2LN-01,TCGA-AR-A2LN,119.038,38.16944472,0.0,Primary
BRCA,TCGA-AR-A2LO-01,TCGA-AR-A2LO,15.4083,39.38586974,0.0,Primary
BRCA,TCGA-AR-A2LQ-01,TCGA-AR-A2LQ,54.7586,40.53654207,0.0,Primary
BRCA,TCGA-AR-A5QM-01,TCGA-AR-A5QM,8.4584,73.3471414,0.0,Primary
BRCA,TCGA-AR-A5QN-01,TCGA-AR-A5QN,5.15,33.30374462,0.0,Primary
BRCA,TCGA-AR-A5QP-01,TCGA-AR-A5QP,15.2366,38.95847717,0.0,Primary
BRCA,TCGA-AR-A5QQ-01,TCGA-AR-A5QQ,45.7029,10.58618536,1.0,Primary
BRCA,TCGA-B6-A0I1-01,TCGA-B6-A0I1,48.1733,77.62106717,1.0,Primary
BRCA,TCGA-B6-A0I2-01,TCGA-B6-A0I2,0.9019,143.3737713,0.0,Primary
BRCA,TCGA-B6-A0I5-01,TCGA-B6-A0I5,6.7193,281.2900681,0.0,Primary
BRCA,TCGA-B6-A0I6-01,TCGA-B6-A0I6,80.9661,32.58046487,1.0,Primary
BRCA,TCGA-B6-A0I8-01,TCGA-B6-A0I8,3.7532,24.62438768,1.0,Primary
BRCA,TCGA-B6-A0I9-01,TCGA-B6-A0I9,5.7361,11.90123944,1.0,Primary
BRCA,TCGA-B6-A0IA-01,TCGA-B6-A0IA,10.3448,275.86547,0.0,Primary
BRCA,TCGA-B6-A0IB-01,TCGA-B6-A0IB,19.0692,129.5657034,1.0,Primary
BRCA,TCGA-B6-A0IC-01,TCGA-B6-A0IC,4.564,50.69533485,1.0,Primary
BRCA,TCGA-B6-A0IE-01,TCGA-B6-A0IE,5.7201,65.52256962,1.0,Primary
BRCA,TCGA-B6-A0IG-01,TCGA-B6-A0IG,4.3024,146.4970247,1.0,Primary
BRCA,TCGA-B6-A0IH-01,TCGA-B6-A0IH,6.9557,112.3713713,1.0,Primary
BRCA,TCGA-B6-A0IJ-01,TCGA-B6-A0IJ,17.6582,233.6193576,0.0,Primary
BRCA,TCGA-B6-A0IK-01,TCGA-B6-A0IK,7.5145,18.77239702,1.0,Primary
BRCA,TCGA-B6-A0IM-01,TCGA-B6-A0IM,5.5871,127.3301115,1.0,Primary
BRCA,TCGA-B6-A0IN-01,TCGA-B6-A0IN,2.3577,84.5908538,1.0,Primary
BRCA,TCGA-B6-A0IO-01,TCGA-B6-A0IO,16.7777,165.762567,0.0,Primary
BRCA,TCGA-B6-A0IP-01,TCGA-B6-A0IP,164.423,129.0725581,1.0,Primary
BRCA,TCGA-B6-A0IQ-01,TCGA-B6-A0IQ,4.7991,140.8751685,0.0,Primary
BRCA,TCGA-B6-A0RE-01,TCGA-B6-A0RE,48.6158,255.6793898,0.0,Primary
BRCA,TCGA-B6-A0RG-01,TCGA-B6-A0RG,20.3257,68.44856495,0.0,Primary
BRCA,TCGA-B6-A0RH-01,TCGA-B6-A0RH,6.5337,212.2497288,1.0,Primary
BRCA,TCGA-B6-A0RI-01,TCGA-B6-A0RI,12.8991,234.2768846,0.0,Primary
BRCA,TCGA-B6-A0RL-01,TCGA-B6-A0RL,3.0769,81.17171319,1.0,Primary
BRCA,TCGA-B6-A0RM-01,TCGA-B6-A0RM,1.3922,78.01558339,1.0,Primary
BRCA,TCGA-B6-A0RN-01,TCGA-B6-A0RN,6.991,263.2738271,0.0,Primary
BRCA,TCGA-B6-A0RO-01,TCGA-B6-A0RO,2.0935,162.0475392,0.0,Primary
BRCA,TCGA-B6-A0RP-01,TCGA-B6-A0RP,1.7306,102.7714765,1.0,Primary
BRCA,TCGA-B6-A0RQ-01,TCGA-B6-A0RQ,9.9068,140.2833942,1.0,Primary
BRCA,TCGA-B6-A0RS-01,TCGA-B6-A0RS,11.048,100.7002663,1.0,Primary
BRCA,TCGA-B6-A0RT-01,TCGA-B6-A0RT,33.6989,89.4565539,0.0,Primary
BRCA,TCGA-B6-A0RU-01,TCGA-B6-A0RU,6.3868,282.9010093,0.0,Primary
BRCA,TCGA-B6-A0RV-01,TCGA-B6-A0RV,3.2258,169.5104711,0.0,Primary
BRCA,TCGA-B6-A0WS-01,TCGA-B6-A0WS,7.5368,97.4783838,1.0,Primary
BRCA,TCGA-B6-A0WT-01,TCGA-B6-A0WT,11.8086,188.6773844,0.0,Primary
BRCA,TCGA-B6-A0WV-01,TCGA-B6-A0WV,1.7994,79.46214288,1.0,Primary
BRCA,TCGA-B6-A0WW-01,TCGA-B6-A0WW,11.925,18.34500444,1.0,Primary
BRCA,TCGA-B6-A0WX-01,TCGA-B6-A0WX,34.5099,21.00798895,1.0,Primary
BRCA,TCGA-B6-A0WY-01,TCGA-B6-A0WY,0.9603,113.7850544,1.0,Primary
BRCA,TCGA-B6-A0WZ-01,TCGA-B6-A0WZ,2.8957,206.858007,0.0,Primary
BRCA,TCGA-B6-A0X0-01,TCGA-B6-A0X0,34.4203,129.6972088,1.0,Primary
BRCA,TCGA-B6-A0X1-01,TCGA-B6-A0X1,7.0662,245.0932045,1.0,Primary
BRCA,TCGA-B6-A0X4-01,TCGA-B6-A0X4,2.9516,28.27366275,1.0,Primary
BRCA,TCGA-B6-A0X5-01,TCGA-B6-A0X5,4.674,68.94171023,1.0,Primary
BRCA,TCGA-B6-A0X7-01,TCGA-B6-A0X7,33.9856,58.55278298,1.0,Primary
BRCA,TCGA-B6-A1KC-01,TCGA-B6-A1KC,1.2895,43.59404281,0.0,Primary
BRCA,TCGA-B6-A1KF-01,TCGA-B6-A1KF,62.9809,101.5221751,0.0,Primary
BRCA,TCGA-B6-A1KI-01,TCGA-B6-A1KI,4.108,73.51152316,0.0,Primary
BRCA,TCGA-B6-A1KN-01,TCGA-B6-A1KN,3.789,139.1655982,0.0,Primary
BRCA,TCGA-B6-A2IU-01,TCGA-B6-A2IU,1.4378,170.1679982,0.0,Primary
BRCA,TCGA-B6-A3ZX-01,TCGA-B6-A3ZX,26.0662,37.87355755,1.0,Primary
BRCA,TCGA-B6-A400-01,TCGA-B6-A400,39.5257,7.068415689,0.0,Primary
BRCA,TCGA-B6-A401-01,TCGA-B6-A401,5.8159,85.3470099,0.0,Primary
BRCA,TCGA-B6-A402-01,TCGA-B6-A402,162.999,74.990959,0.0,Primary
BRCA,TCGA-B6-A408-01,TCGA-B6-A408,5.9628,68.11980143,0.0,Primary
BRCA,TCGA-B6-A409-01,TCGA-B6-A409,41.0175,18.83814972,1.0,Primary
BRCA,TCGA-B6-A40B-01,TCGA-B6-A40B,8.6387,103.6262616,0.0,Primary
BRCA,TCGA-B6-A40C-01,TCGA-B6-A40C,9.0547,71.14442582,0.0,Primary
BRCA,TCGA-BH-A0AU-01,TCGA-BH-A0AU,5.4152,62.92533781,0.0,Primary
BRCA,TCGA-BH-A0AV-01,TCGA-BH-A0AV,32.2364,59.83496071,0.0,Primary
BRCA,TCGA-BH-A0AW-01,TCGA-BH-A0AW,18.1098,20.44909097,0.0,Primary
BRCA,TCGA-BH-A0AY-01,TCGA-BH-A0AY,3.0422,25.54492554,0.0,Primary
BRCA,TCGA-BH-A0AZ-01,TCGA-BH-A0AZ,72.8318,63.08971957,0.0,Primary
BRCA,TCGA-BH-A0B0-01,TCGA-BH-A0B0,6.6088,81.434724,0.0,Primary
BRCA,TCGA-BH-A0B1-01,TCGA-BH-A0B1,23.0999,37.74205214,0.0,Primary
BRCA,TCGA-BH-A0B2-01,TCGA-BH-A0B2,7.081,40.81498521,0.0,Primary
BRCA,TCGA-BH-A0B3-01,TCGA-BH-A0B3,44.1501,39.5502515,0.0,Primary
BRCA,TCGA-BH-A0B4-01,TCGA-BH-A0B4,0.0,39.15573528,0.0,Primary
BRCA,TCGA-BH-A0B5-01,TCGA-BH-A0B5,3.3356,70.22388796,0.0,Primary
BRCA,TCGA-BH-A0B7-01,TCGA-BH-A0B7,12.5089,84.13058487,0.0,Primary
BRCA,TCGA-BH-A0B8-01,TCGA-BH-A0B8,19.7443,51.58299635,0.0,Primary
BRCA,TCGA-BH-A0B9-01,TCGA-BH-A0B9,12.5392,51.68162541,0.0,Primary
BRCA,TCGA-BH-A0BA-01,TCGA-BH-A0BA,3.0846,37.21603051,0.0,Primary
BRCA,TCGA-BH-A0BC-01,TCGA-BH-A0BC,3.3213,32.02156689,0.0,Primary
BRCA,TCGA-BH-A0BD-01,TCGA-BH-A0BD,1.6351,18.21349903,0.0,Primary
BRCA,TCGA-BH-A0BF-01,TCGA-BH-A0BF,5.0082,43.5282901,1.0,Primary
BRCA,TCGA-BH-A0BG-01,TCGA-BH-A0BG,31.4273,61.51165467,0.0,Primary
BRCA,TCGA-BH-A0BJ-01,TCGA-BH-A0BJ,34.4302,21.69839235,0.0,Primary
BRCA,TCGA-BH-A0BL-01,TCGA-BH-A0BL,31.3076,74.89232995,0.0,Primary
BRCA,TCGA-BH-A0BM-01,TCGA-BH-A0BM,8.9172,61.67603643,0.0,Primary
BRCA,TCGA-BH-A0BO-01,TCGA-BH-A0BO,12.9955,72.22934543,0.0,Primary
BRCA,TCGA-BH-A0BP-01,TCGA-BH-A0BP,8.5256,75.48410428,1.0,Primary
BRCA,TCGA-BH-A0BQ-01,TCGA-BH-A0BQ,6.5332,74.13617385,0.0,Primary
BRCA,TCGA-BH-A0BR-01,TCGA-BH-A0BR,5.1502,76.60190025,0.0,Primary
BRCA,TCGA-BH-A0BS-01,TCGA-BH-A0BS,4.5315,85.87303153,0.0,Primary
BRCA,TCGA-BH-A0BT-01,TCGA-BH-A0BT,4.2182,77.75257258,0.0,Primary
BRCA,TCGA-BH-A0BV-01,TCGA-BH-A0BV,2.6861,49.93917875,0.0,Primary
BRCA,TCGA-BH-A0BW-01,TCGA-BH-A0BW,33.8983,77.94983069,0.0,Primary
BRCA,TCGA-BH-A0BZ-01,TCGA-BH-A0BZ,3.0191,74.13617385,0.0,Primary
BRCA,TCGA-BH-A0C0-01,TCGA-BH-A0C0,13.2481,41.75296709,0.0,Primary
BRCA,TCGA-BH-A0C1-01,TCGA-BH-A0C1,3.2973,46.38853273,1.0,Primary
BRCA,TCGA-BH-A0C3-01,TCGA-BH-A0C3,4.6531,89.06203768,0.0,Primary
BRCA,TCGA-BH-A0C7-01,TCGA-BH-A0C7,3.126,90.9688661,0.0,Primary
BRCA,TCGA-BH-A0DD-01,TCGA-BH-A0DD,5.6022,81.73061117,0.0,Primary
BRCA,TCGA-BH-A0DE-01,TCGA-BH-A0DE,9.981,77.98270704,0.0,Primary
BRCA,TCGA-BH-A0DG-01,TCGA-BH-A0DG,5.8367,67.10063451,0.0,Primary
BRCA,TCGA-BH-A0DH-01,TCGA-BH-A0DH,0.3764,38.00506296,0.0,Primary
BRCA,TCGA-BH-A0DI-01,TCGA-BH-A0DI,5.8094,29.98323306,0.0,Primary
BRCA,TCGA-BH-A0DK-01,TCGA-BH-A0DK,15.3015,13.90669691,0.0,Primary
BRCA,TCGA-BH-A0DL-01,TCGA-BH-A0DL,115.503,78.27859421,0.0,Primary
BRCA,TCGA-BH-A0DO-01,TCGA-BH-A0DO,12.0526,54.04872275,0.0,Primary
BRCA,TCGA-BH-A0DP-01,TCGA-BH-A0DP,9.4299,15.64914357,0.0,Primary
BRCA,TCGA-BH-A0DQ-01,TCGA-BH-A0DQ,8.1733,3.2218825,0.0,Primary
BRCA,TCGA-BH-A0DS-01,TCGA-BH-A0DS,1.4402,2.564355459,0.0,Primary
BRCA,TCGA-BH-A0DT-01,TCGA-BH-A0DT,6.1914,79.00187395,0.0,Primary
BRCA,TCGA-BH-A0DV-01,TCGA-BH-A0DV,10.4159,67.85679061,0.0,Primary
BRCA,TCGA-BH-A0DX-01,TCGA-BH-A0DX,9.3041,70.881415,0.0,Primary
BRCA,TCGA-BH-A0DZ-01,TCGA-BH-A0DZ,0.0,16.27379426,0.0,Primary
BRCA,TCGA-BH-A0E0-01,TCGA-BH-A0E0,28.0317,4.405431173,0.0,Primary
BRCA,TCGA-BH-A0E1-01,TCGA-BH-A0E1,2.7715,15.68201992,0.0,Primary
BRCA,TCGA-BH-A0E2-01,TCGA-BH-A0E2,16.876,14.30121314,0.0,Primary
BRCA,TCGA-BH-A0E6-01,TCGA-BH-A0E6,0.9346,9.632771148,0.0,Primary
BRCA,TCGA-BH-A0E7-01,TCGA-BH-A0E7,3.165,44.81046783,0.0,Primary
BRCA,TCGA-BH-A0E9-01,TCGA-BH-A0E9,11.3244,81.82924023,0.0,Primary
BRCA,TCGA-BH-A0EA-01,TCGA-BH-A0EA,11.4846,32.58046487,1.0,Primary
BRCA,TCGA-BH-A0EB-01,TCGA-BH-A0EB,8.5611,24.49288227,0.0,Primary
BRCA,TCGA-BH-A0EE-01,TCGA-BH-A0EE,2.0084,31.00239997,0.0,Primary
BRCA,TCGA-BH-A0EI-01,TCGA-BH-A0EI,21.63,63.31985403,0.0,Primary
BRCA,TCGA-BH-A0GY-01,TCGA-BH-A0GY,19.3868,30.34487293,0.0,Primary
BRCA,TCGA-BH-A0GZ-01,TCGA-BH-A0GZ,17.733,10.78344347,0.0,Primary
BRCA,TCGA-BH-A0H0-01,TCGA-BH-A0H0,10.2267,15.15599829,0.0,Primary
BRCA,TCGA-BH-A0H3-01,TCGA-BH-A0H3,7.4217,63.38560673,0.0,Primary
BRCA,TCGA-BH-A0H5-01,TCGA-BH-A0H5,3.7632,53.25969031,0.0,Primary
BRCA,TCGA-BH-A0H6-01,TCGA-BH-A0H6,5.2717,24.55863497,0.0,Primary
BRCA,TCGA-BH-A0H7-01,TCGA-BH-A0H7,10.8339,23.07919913,0.0,Primary
BRCA,TCGA-BH-A0H9-01,TCGA-BH-A0H9,1.9548,40.99681099,0.0,Primary
BRCA,TCGA-BH-A0HA-01,TCGA-BH-A0HA,6.0304,52.96380314,0.0,Primary
BRCA,TCGA-BH-A0HB-01,TCGA-BH-A0HB,26.3032,26.49833974,0.0,Primary
BRCA,TCGA-BH-A0HF-01,TCGA-BH-A0HF,81.8486,23.90110793,0.0,Primary
BRCA,TCGA-BH-A0HI-01,TCGA-BH-A0HI,2.4615,20.38333827,0.0,Primary
BRCA,TCGA-BH-A0HK-01,TCGA-BH-A0HK,70.0738,5.851990663,0.0,Primary
BRCA,TCGA-BH-A0HL-01,TCGA-BH-A0HL,3.3023,2.367097347,0.0,Primary
BRCA,TCGA-BH-A0HN-01,TCGA-BH-A0HN,0.4895,16.96419765,0.0,Primary
BRCA,TCGA-BH-A0HO-01,TCGA-BH-A0HO,0.5656,2.498602755,0.0,Primary
BRCA,TCGA-BH-A0HP-01,TCGA-BH-A0HP,5.4715,13.61080975,0.0,Primary
BRCA,TCGA-BH-A0HQ-01,TCGA-BH-A0HQ,3.1491,36.85439064,0.0,Primary
BRCA,TCGA-BH-A0HU-01,TCGA-BH-A0HU,8.4013,12.88753,0.0,Primary
BRCA,TCGA-BH-A0HW-01,TCGA-BH-A0HW,4.1547,51.31998553,0.0,Primary
BRCA,TCGA-BH-A0HX-01,TCGA-BH-A0HX,19.8265,27.25449584,0.0,Primary
BRCA,TCGA-BH-A0HY-01,TCGA-BH-A0HY,4.0441,50.7939639,0.0,Primary
BRCA,TCGA-BH-A0RX-01,TCGA-BH-A0RX,2.867,5.588979847,0.0,Primary
BRCA,TCGA-BH-A0W3-01,TCGA-BH-A0W3,0.8783,23.93398429,0.0,Primary
BRCA,TCGA-BH-A0W4-01,TCGA-BH-A0W4,9.2868,24.9531512,0.0,Primary
BRCA,TCGA-BH-A0W5-01,TCGA-BH-A0W5,4.1656,42.34474143,0.0,Primary
BRCA,TCGA-BH-A0W7-01,TCGA-BH-A0W7,2.8762,44.81046783,0.0,Primary
BRCA,TCGA-BH-A0WA-01,TCGA-BH-A0WA,16.4198,23.04632278,0.0,Primary
BRCA,TCGA-BH-A18F-01,TCGA-BH-A18F,4.3154,32.90922839,0.0,Primary
BRCA,TCGA-BH-A18G-01,TCGA-BH-A18G,88.125,4.898576454,0.0,Primary
BRCA,TCGA-BH-A18H-01,TCGA-BH-A18H,0.5176,21.43538153,0.0,Primary
BRCA,TCGA-BH-A18I-01,TCGA-BH-A18I,2.4042,35.93385278,0.0,Primary
BRCA,TCGA-BH-A18J-01,TCGA-BH-A18J,2.0968,20.12032745,1.0,Primary
BRCA,TCGA-BH-A18K-01,TCGA-BH-A18K,4.9579,90.83736069,1.0,Primary
BRCA,TCGA-BH-A18L-01,TCGA-BH-A18L,28.3237,26.6627215,1.0,Primary
BRCA,TCGA-BH-A18M-01,TCGA-BH-A18M,11.0194,72.55810895,1.0,Primary
BRCA,TCGA-BH-A18N-01,TCGA-BH-A18N,7.8929,37.74205214,1.0,Primary
BRCA,TCGA-BH-A18P-01,TCGA-BH-A18P,2.9296,30.27912023,1.0,Primary
BRCA,TCGA-BH-A18Q-01,TCGA-BH-A18Q,112.252,55.62678765,1.0,Primary
BRCA,TCGA-BH-A18R-01,TCGA-BH-A18R,4.4577,37.54479403,1.0,Primary
BRCA,TCGA-BH-A18S-01,TCGA-BH-A18S,2.2861,66.04859125,1.0,Primary
BRCA,TCGA-BH-A18T-01,TCGA-BH-A18T,5.3872,7.364302857,1.0,Primary
BRCA,TCGA-BH-A18U-01,TCGA-BH-A18U,2.4622,51.38573824,1.0,Primary
BRCA,TCGA-BH-A18V-01,TCGA-BH-A18V,389.759,51.15560377,1.0,Primary
BRCA,TCGA-BH-A1EN-01,TCGA-BH-A1EN,1.2702,69.92800079,1.0,Primary
BRCA,TCGA-BH-A1EO-01,TCGA-BH-A1EO,11.4445,91.98803301,1.0,Primary
BRCA,TCGA-BH-A1ES-01,TCGA-BH-A1ES,9.0164,113.8179308,1.0,Primary
BRCA,TCGA-BH-A1ET-01,TCGA-BH-A1ET,2.7986,82.84840714,1.0,Primary
BRCA,TCGA-BH-A1EU-01,TCGA-BH-A1EU,5.9874,42.27898872,1.0,Primary
BRCA,TCGA-BH-A1EV-01,TCGA-BH-A1EV,20.9566,11.9998685,1.0,Primary
BRCA,TCGA-BH-A1EW-01,TCGA-BH-A1EW,0.3595,55.69254036,1.0,Primary
BRCA,TCGA-BH-A1EX-01,TCGA-BH-A1EX,2.833,49.57753888,1.0,Primary
BRCA,TCGA-BH-A1EY-01,TCGA-BH-A1EY,4.3884,17.6874774,1.0,Primary
BRCA,TCGA-BH-A1F0-01,TCGA-BH-A1F0,12.9046,25.80793635,1.0,Primary
BRCA,TCGA-BH-A1F2-01,TCGA-BH-A1F2,3.3629,31.52842161,1.0,Primary
BRCA,TCGA-BH-A1F5-01,TCGA-BH-A1F5,2.2108,89.16066673,1.0,Primary
BRCA,TCGA-BH-A1F6-01,TCGA-BH-A1F6,21.2164,97.4783838,1.0,Primary
BRCA,TCGA-BH-A1F8-01,TCGA-BH-A1F8,4.919,25.08465661,1.0,Primary
BRCA,TCGA-BH-A1FB-01,TCGA-BH-A1FB,12.6211,120.6233356,1.0,Primary
BRCA,TCGA-BH-A1FC-01,TCGA-BH-A1FC,3.5307,114.1466943,1.0,Primary
BRCA,TCGA-BH-A1FD-01,TCGA-BH-A1FD,2.0302,33.17223921,1.0,Primary
BRCA,TCGA-BH-A1FE-01,TCGA-BH-A1FE,4.0401,74.72794819,1.0,Primary
BRCA,TCGA-BH-A1FG-01,TCGA-BH-A1FG,3.6417,122.8260512,1.0,Primary
BRCA,TCGA-BH-A1FH-01,TCGA-BH-A1FH,31.891,33.99414801,1.0,Primary
BRCA,TCGA-BH-A1FJ-01,TCGA-BH-A1FJ,0.5454,63.35273038,1.0,Primary
BRCA,TCGA-BH-A1FL-01,TCGA-BH-A1FL,6.2296,55.00213696,1.0,Primary
BRCA,TCGA-BH-A1FM-01,TCGA-BH-A1FM,2.5374,45.63237663,1.0,Primary
BRCA,TCGA-BH-A1FN-01,TCGA-BH-A1FN,34.0363,72.06496367,1.0,Primary
BRCA,TCGA-BH-A1FR-01,TCGA-BH-A1FR,2.4474,53.98297005,1.0,Primary
BRCA,TCGA-BH-A1FU-01,TCGA-BH-A1FU,3.8978,55.49528224,1.0,Primary
BRCA,TCGA-BH-A201-01,TCGA-BH-A201,5.8305,28.14215735,0.0,Primary
BRCA,TCGA-BH-A202-01,TCGA-BH-A202,1.565,26.13669987,0.0,Primary
BRCA,TCGA-BH-A203-01,TCGA-BH-A203,2.8679,38.5968373,1.0,Primary
BRCA,TCGA-BH-A204-01,TCGA-BH-A204,1.3619,83.30867607,1.0,Primary
BRCA,TCGA-BH-A208-01,TCGA-BH-A208,11.3302,57.82950324,1.0,Primary
BRCA,TCGA-BH-A209-01,TCGA-BH-A209,1.1838,130.1574777,1.0,Primary
BRCA,TCGA-BH-A28O-01,TCGA-BH-A28O,41.5553,36.82151429,0.0,Primary
BRCA,TCGA-BH-A28Q-01,TCGA-BH-A28Q,5.3023,36.78863793,0.0,Primary
BRCA,TCGA-BH-A2L8-01,TCGA-BH-A2L8,4.3073,20.12032745,0.0,Primary
BRCA,TCGA-BH-A42T-01,TCGA-BH-A42T,1.9122,10.52043265,1.0,Primary
BRCA,TCGA-BH-A42U-01,TCGA-BH-A42U,34.596,110.5960483,0.0,Primary
BRCA,TCGA-BH-A42V-01,TCGA-BH-A42V,8.4413,20.87648355,0.0,Primary
BRCA,TCGA-BH-A5IZ-01,TCGA-BH-A5IZ,36.2199,18.64089161,0.0,Primary
BRCA,TCGA-BH-A5J0-01,TCGA-BH-A5J0,2.7804,23.50659171,0.0,Primary
BRCA,TCGA-BH-A6R8-01,TCGA-BH-A6R8,3.4498,9.632771148,0.0,Primary
BRCA,TCGA-BH-A6R9-01,TCGA-BH-A6R9,9.3648,5.260216326,0.0,Primary
BRCA,TCGA-BH-A8FY-01,TCGA-BH-A8FY,2.7735,9.698523852,1.0,Primary
BRCA,TCGA-BH-A8FZ-01,TCGA-BH-A8FZ,18.9016,18.87102607,0.0,Primary
BRCA,TCGA-BH-A8G0-01,TCGA-BH-A8G0,15.8288,21.76414505,0.0,Primary
BRCA,TCGA-BH-AB28-01,TCGA-BH-AB28,6.7756,9.435513036,0.0,Primary
BRCA,TCGA-C8-A12K-01,TCGA-C8-A12K,1.5423,0.0,0.0,Primary
BRCA,TCGA-C8-A12L-01,TCGA-C8-A12L,231.104,11.93411579,0.0,Primary
BRCA,TCGA-C8-A12M-01,TCGA-C8-A12M,2.1457,11.76973403,0.0,Primary
BRCA,TCGA-C8-A12N-01,TCGA-C8-A12N,6.0466,11.76973403,0.0,Primary
BRCA,TCGA-C8-A12O-01,TCGA-C8-A12O,4.9775,12.65739554,0.0,Primary
BRCA,TCGA-C8-A12P-01,TCGA-C8-A12P,4.9675,11.76973403,0.0,Primary
BRCA,TCGA-C8-A12Q-01,TCGA-C8-A12Q,1.7912,12.65739554,1.0,Primary
BRCA,TCGA-C8-A12T-01,TCGA-C8-A12T,3.5556,0.0,0.0,Primary
BRCA,TCGA-C8-A12U-01,TCGA-C8-A12U,2.1626,12.65739554,0.0,Primary
BRCA,TCGA-C8-A12V-01,TCGA-C8-A12V,17.8427,12.65739554,0.0,Primary
BRCA,TCGA-C8-A12W-01,TCGA-C8-A12W,2.158,12.65739554,0.0,Primary
BRCA,TCGA-C8-A12X-01,TCGA-C8-A12X,1.4388,12.65739554,0.0,Primary
BRCA,TCGA-C8-A12Y-01,TCGA-C8-A12Y,1.1047,48.52549561,0.0,Primary
BRCA,TCGA-C8-A12Z-01,TCGA-C8-A12Z,1.9668,12.55876648,0.0,Primary
BRCA,TCGA-C8-A130-01,TCGA-C8-A130,3.7951,12.16425026,0.0,Primary
BRCA,TCGA-C8-A131-01,TCGA-C8-A131,4.3311,13.51218069,0.0,Primary
BRCA,TCGA-C8-A132-01,TCGA-C8-A132,16.6023,12.59164283,0.0,Primary
BRCA,TCGA-C8-A133-01,TCGA-C8-A133,0.0,0.0,0.0,Primary
BRCA,TCGA-C8-A134-01,TCGA-C8-A134,52.0966,12.59164283,0.0,Primary
BRCA,TCGA-C8-A135-01,TCGA-C8-A135,0.9217,12.92040635,0.0,Primary
BRCA,TCGA-C8-A137-01,TCGA-C8-A137,4.7796,12.46013742,0.0,Primary
BRCA,TCGA-C8-A138-01,TCGA-C8-A138,2.5684,12.49301378,0.0,Primary
BRCA,TCGA-C8-A1HE-01,TCGA-C8-A1HE,2.4114,12.32863202,0.0,Primary
BRCA,TCGA-C8-A1HF-01,TCGA-C8-A1HF,1.188,10.91494888,0.0,Primary
BRCA,TCGA-C8-A1HG-01,TCGA-C8-A1HG,0.7331,11.34234145,0.0,Primary
BRCA,TCGA-C8-A1HI-01,TCGA-C8-A1HI,20.1863,11.27658875,0.0,Primary
BRCA,TCGA-C8-A1HJ-01,TCGA-C8-A1HJ,5.6022,0.16438176,0.0,Primary
BRCA,TCGA-C8-A1HK-01,TCGA-C8-A1HK,1.5004,12.03274485,0.0,Primary
BRCA,TCGA-C8-A1HL-01,TCGA-C8-A1HL,2.5813,10.4218036,0.0,Primary
BRCA,TCGA-C8-A1HM-01,TCGA-C8-A1HM,1.8939,12.32863202,0.0,Primary
BRCA,TCGA-C8-A1HN-01,TCGA-C8-A1HN,1.583,12.9532827,0.0,Primary
BRCA,TCGA-C8-A1HO-01,TCGA-C8-A1HO,3.393,12.32863202,0.0,Primary
BRCA,TCGA-C8-A26V-01,TCGA-C8-A26V,1.7817,20.25183286,0.0,Primary
BRCA,TCGA-C8-A26W-01,TCGA-C8-A26W,17.5341,12.52589013,0.0,Primary
BRCA,TCGA-C8-A26X-01,TCGA-C8-A26X,28.9389,12.36150837,0.0,Primary
BRCA,TCGA-C8-A26Y-01,TCGA-C8-A26Y,694.814,12.9532827,0.0,Primary
BRCA,TCGA-C8-A26Z-01,TCGA-C8-A26Z,6.2893,15.45188546,0.0,Primary
BRCA,TCGA-C8-A273-01,TCGA-C8-A273,2.3464,16.8655686,0.0,Primary
BRCA,TCGA-C8-A274-01,TCGA-C8-A274,2.2127,16.70118684,0.0,Primary
BRCA,TCGA-C8-A275-01,TCGA-C8-A275,2.3536,0.032876352,0.0,Primary
BRCA,TCGA-C8-A278-01,TCGA-C8-A278,2.3258,9.764276556,0.0,Primary
BRCA,TCGA-C8-A27A-01,TCGA-C8-A27A,1.018,24.55863497,0.0,Primary
BRCA,TCGA-C8-A27B-01,TCGA-C8-A27B,3.3934,14.43271855,0.0,Primary
BRCA,TCGA-C8-A3M7-01,TCGA-C8-A3M7,5.5774,33.99414801,1.0,Primary
BRCA,TCGA-C8-A3M8-01,TCGA-C8-A3M8,2.4,12.9532827,0.0,Primary
BRCA,TCGA-C8-A8HP-01,TCGA-C8-A8HP,201.732,13.01903541,0.0,Primary
BRCA,TCGA-C8-A8HQ-01,TCGA-C8-A8HQ,15.1724,12.49301378,0.0,Primary
BRCA,TCGA-C8-A8HR-01,TCGA-C8-A8HR,5.2385,13.41355163,0.0,Primary
BRCA,TCGA-D8-A13Y-01,TCGA-D8-A13Y,8.0311,56.81033633,0.0,Primary
BRCA,TCGA-D8-A13Z-01,TCGA-D8-A13Z,60.7287,20.87648355,0.0,Primary
BRCA,TCGA-D8-A140-01,TCGA-D8-A140,56.9074,13.24916987,0.0,Primary
BRCA,TCGA-D8-A141-01,TCGA-D8-A141,13.6147,20.58059638,0.0,Primary
BRCA,TCGA-D8-A142-01,TCGA-D8-A142,4.7809,13.97244962,0.0,Primary
BRCA,TCGA-D8-A143-01,TCGA-D8-A143,4.1612,14.16970773,0.0,Primary
BRCA,TCGA-D8-A145-01,TCGA-D8-A145,9.2817,13.47930434,0.0,Primary
BRCA,TCGA-D8-A147-01,TCGA-D8-A147,13.7525,19.19978959,0.0,Primary
BRCA,TCGA-D8-A1J8-01,TCGA-D8-A1J8,3.0129,14.16970773,0.0,Primary
BRCA,TCGA-D8-A1J9-01,TCGA-D8-A1J9,7.8493,17.49021929,0.0,Primary
BRCA,TCGA-D8-A1JA-01,TCGA-D8-A1JA,5.1463,16.50392872,0.0,Primary
BRCA,TCGA-D8-A1JB-01,TCGA-D8-A1JB,12.5744,55.49528224,0.0,Primary
BRCA,TCGA-D8-A1JC-01,TCGA-D8-A1JC,8.4836,15.78064898,0.0,Primary
BRCA,TCGA-D8-A1JD-01,TCGA-D8-A1JD,4.1225,18.14774633,0.0,Primary
BRCA,TCGA-D8-A1JE-01,TCGA-D8-A1JE,5.9727,18.90390242,0.0,Primary
BRCA,TCGA-D8-A1JF-01,TCGA-D8-A1JF,97.1085,12.03274485,0.0,Primary
BRCA,TCGA-D8-A1JG-01,TCGA-D8-A1JG,0.7761,52.99667949,0.0,Primary
BRCA,TCGA-D8-A1JH-01,TCGA-D8-A1JH,8.6663,14.00532597,0.0,Primary
BRCA,TCGA-D8-A1JI-01,TCGA-D8-A1JI,2.7006,18.96965513,0.0,Primary
BRCA,TCGA-D8-A1JJ-01,TCGA-D8-A1JJ,0.8824,20.0874511,0.0,Primary
BRCA,TCGA-D8-A1JK-01,TCGA-D8-A1JK,14.7707,20.12032745,0.0,Primary
BRCA,TCGA-D8-A1JL-01,TCGA-D8-A1JL,12.4672,20.0874511,0.0,Primary
BRCA,TCGA-D8-A1JM-01,TCGA-D8-A1JM,9.2088,19.3970477,0.0,Primary
BRCA,TCGA-D8-A1JN-01,TCGA-D8-A1JN,4.1453,20.38333827,0.0,Primary
BRCA,TCGA-D8-A1JP-01,TCGA-D8-A1JP,10.5668,21.00798895,0.0,Primary
BRCA,TCGA-D8-A1JS-01,TCGA-D8-A1JS,0.6462,12.19712661,0.0,Primary
BRCA,TCGA-D8-A1JT-01,TCGA-D8-A1JT,0.2978,13.31492258,0.0,Primary
BRCA,TCGA-D8-A1JU-01,TCGA-D8-A1JU,14.3705,14.69572936,0.0,Primary
BRCA,TCGA-D8-A1X5-01,TCGA-D8-A1X5,3.4908,18.5751389,0.0,Primary
BRCA,TCGA-D8-A1X6-01,TCGA-D8-A1X6,2.041,17.78610645,0.0,Primary
BRCA,TCGA-D8-A1X7-01,TCGA-D8-A1X7,0.0,16.73406319,0.0,Primary
BRCA,TCGA-D8-A1X8-01,TCGA-D8-A1X8,1.9098,25.74218365,0.0,Primary
BRCA,TCGA-D8-A1X9-01,TCGA-D8-A1X9,4.8059,23.90110793,0.0,Primary
BRCA,TCGA-D8-A1XA-01,TCGA-D8-A1XA,1.6227,27.58325936,0.0,Primary
BRCA,TCGA-D8-A1XB-01,TCGA-D8-A1XB,11.8884,18.14774633,0.0,Primary
BRCA,TCGA-D8-A1XC-01,TCGA-D8-A1XC,1.3286,12.39438472,1.0,Primary
BRCA,TCGA-D8-A1XD-01,TCGA-D8-A1XD,2.6238,17.16145577,0.0,Primary
BRCA,TCGA-D8-A1XF-01,TCGA-D8-A1XF,1.0483,15.221751,0.0,Primary
BRCA,TCGA-D8-A1XG-01,TCGA-D8-A1XG,20.8859,14.72860571,0.0,Primary
BRCA,TCGA-D8-A1XJ-01,TCGA-D8-A1XJ,3.6235,21.82989776,0.0,Primary
BRCA,TCGA-D8-A1XK-01,TCGA-D8-A1XK,1.3577,14.49847125,0.0,Primary
BRCA,TCGA-D8-A1XL-01,TCGA-D8-A1XL,2.1687,19.92306934,0.0,Primary
BRCA,TCGA-D8-A1XM-01,TCGA-D8-A1XM,11.3397,17.6874774,0.0,Primary
BRCA,TCGA-D8-A1XO-01,TCGA-D8-A1XO,4.4609,55.29802413,0.0,Primary
BRCA,TCGA-D8-A1XQ-01,TCGA-D8-A1XQ,82.1467,16.40529967,0.0,Primary
BRCA,TCGA-D8-A1XR-01,TCGA-D8-A1XR,6.2504,15.84640168,0.0,Primary
BRCA,TCGA-D8-A1XS-01,TCGA-D8-A1XS,9.3527,16.30667061,0.0,Primary
BRCA,TCGA-D8-A1XT-01,TCGA-D8-A1XT,6.0851,16.63543413,0.0,Primary
BRCA,TCGA-D8-A1XU-01,TCGA-D8-A1XU,7.1654,12.98615906,0.0,Primary
BRCA,TCGA-D8-A1XV-01,TCGA-D8-A1XV,0.0,15.15599829,0.0,Primary
BRCA,TCGA-D8-A1XW-01,TCGA-D8-A1XW,34.9108,43.03514482,0.0,Primary
BRCA,TCGA-D8-A1XY-01,TCGA-D8-A1XY,14.2102,16.53680508,0.0,Primary
BRCA,TCGA-D8-A1XZ-01,TCGA-D8-A1XZ,2.2428,15.32038005,0.0,Primary
BRCA,TCGA-D8-A1Y0-01,TCGA-D8-A1Y0,4.7802,15.51763816,0.0,Primary
BRCA,TCGA-D8-A1Y1-01,TCGA-D8-A1Y1,5.0706,9.928658316,1.0,Primary
BRCA,TCGA-D8-A1Y2-01,TCGA-D8-A1Y2,4.6312,14.23546043,0.0,Primary
BRCA,TCGA-D8-A1Y3-01,TCGA-D8-A1Y3,5.3649,14.13683138,0.0,Primary
BRCA,TCGA-D8-A27E-01,TCGA-D8-A27E,1.1518,17.42446658,0.0,Primary
BRCA,TCGA-D8-A27F-01,TCGA-D8-A27F,40.613,16.0436598,0.0,Primary
BRCA,TCGA-D8-A27G-01,TCGA-D8-A27G,9.0644,13.44642798,0.0,Primary
BRCA,TCGA-D8-A27H-01,TCGA-D8-A27H,18.146,13.05191176,0.0,Primary
BRCA,TCGA-D8-A27I-01,TCGA-D8-A27I,13.6986,14.43271855,0.0,Primary
BRCA,TCGA-D8-A27K-01,TCGA-D8-A27K,8.4663,48.03235033,0.0,Primary
BRCA,TCGA-D8-A27L-01,TCGA-D8-A27L,10.8313,16.40529967,0.0,Primary
BRCA,TCGA-D8-A27M-01,TCGA-D8-A27M,38.4852,13.47930434,0.0,Primary
BRCA,TCGA-D8-A27N-01,TCGA-D8-A27N,98.651,17.06282671,0.0,Primary
BRCA,TCGA-D8-A27P-01,TCGA-D8-A27P,7.0922,1.61094125,0.0,Primary
BRCA,TCGA-D8-A27R-01,TCGA-D8-A27R,2.7382,10.09304008,0.0,Primary
BRCA,TCGA-D8-A27T-01,TCGA-D8-A27T,15.2558,13.08478811,0.0,Primary
BRCA,TCGA-D8-A27V-01,TCGA-D8-A27V,36.9128,12.52589013,0.0,Primary
BRCA,TCGA-D8-A27W-01,TCGA-D8-A27W,0.9816,12.26287931,0.0,Primary
BRCA,TCGA-D8-A3Z5-01,TCGA-D8-A3Z5,26.1727,33.36949732,0.0,Primary
BRCA,TCGA-D8-A3Z6-01,TCGA-D8-A3Z6,17.038,18.5093862,0.0,Primary
BRCA,TCGA-D8-A4Z1-01,TCGA-D8-A4Z1,20.0176,21.66551599,0.0,Primary
BRCA,TCGA-D8-A73U-01,TCGA-D8-A73U,7.3251,16.1751652,0.0,Primary
BRCA,TCGA-D8-A73W-01,TCGA-D8-A73W,24.6656,12.65739554,1.0,Primary
BRCA,TCGA-D8-A73X-01,TCGA-D8-A73X,11.6115,25.21616202,0.0,Primary
BRCA,TCGA-E2-A105-01,TCGA-E2-A105,0.641,43.00226847,0.0,Primary
BRCA,TCGA-E2-A107-01,TCGA-E2-A107,2.6446,34.42154059,0.0,Primary
BRCA,TCGA-E2-A108-01,TCGA-E2-A108,8.2181,27.51750666,0.0,Primary
BRCA,TCGA-E2-A109-01,TCGA-E2-A109,5.8507,46.58579084,0.0,Primary
BRCA,TCGA-E2-A10A-01,TCGA-E2-A10A,2.9096,40.40503666,0.0,Primary
BRCA,TCGA-E2-A10B-01,TCGA-E2-A10B,2.845,37.51191768,0.0,Primary
BRCA,TCGA-E2-A10C-01,TCGA-E2-A10C,2.3787,40.10914949,0.0,Primary
BRCA,TCGA-E2-A10E-01,TCGA-E2-A10E,0.3132,28.43804452,0.0,Primary
BRCA,TCGA-E2-A10F-01,TCGA-E2-A10F,0.7265,28.86543709,0.0,Primary
BRCA,TCGA-E2-A14N-01,TCGA-E2-A14N,2.2336,47.14468883,0.0,Primary
BRCA,TCGA-E2-A14O-01,TCGA-E2-A14O,2.8056,44.67896242,0.0,Primary
BRCA,TCGA-E2-A14P-01,TCGA-E2-A14P,16.4197,40.96393464,0.0,Primary
BRCA,TCGA-E2-A14Q-01,TCGA-E2-A14Q,8.6293,38.23519742,0.0,Primary
BRCA,TCGA-E2-A14R-01,TCGA-E2-A14R,47.2315,38.5968373,0.0,Primary
BRCA,TCGA-E2-A14S-01,TCGA-E2-A14S,1.8636,33.17223921,0.0,Primary
BRCA,TCGA-E2-A14T-01,TCGA-E2-A14T,23.9521,75.97724956,0.0,Primary
BRCA,TCGA-E2-A14U-01,TCGA-E2-A14U,14.9591,43.33103199,0.0,Primary
BRCA,TCGA-E2-A14V-01,TCGA-E2-A14V,7.2518,34.25715883,0.0,Primary
BRCA,TCGA-E2-A14W-01,TCGA-E2-A14W,22.9995,32.02156689,0.0,Primary
BRCA,TCGA-E2-A14X-01,TCGA-E2-A14X,95.3629,31.95581418,0.0,Primary
BRCA,TCGA-E2-A14Y-01,TCGA-E2-A14Y,35.9979,69.33622645,0.0,Primary
BRCA,TCGA-E2-A14Z-01,TCGA-E2-A14Z,2.6906,18.5093862,1.0,Primary
BRCA,TCGA-E2-A150-01,TCGA-E2-A150,25.9004,63.6157412,0.0,Primary
BRCA,TCGA-E2-A152-01,TCGA-E2-A152,6.728,69.96087714,0.0,Primary
BRCA,TCGA-E2-A153-01,TCGA-E2-A153,13.9043,23.24358089,0.0,Primary
BRCA,TCGA-E2-A154-01,TCGA-E2-A154,3.9761,19.42992406,0.0,Primary
BRCA,TCGA-E2-A155-01,TCGA-E2-A155,6.772,21.04086531,0.0,Primary
BRCA,TCGA-E2-A156-01,TCGA-E2-A156,1.4358,23.86823158,0.0,Primary
BRCA,TCGA-E2-A158-01,TCGA-E2-A158,63.7478,14.79435842,0.0,Primary
BRCA,TCGA-E2-A159-01,TCGA-E2-A159,18.5731,25.05178025,0.0,Primary
BRCA,TCGA-E2-A15A-01,TCGA-E2-A15A,2.5594,23.34220995,0.0,Primary
BRCA,TCGA-E2-A15C-01,TCGA-E2-A15C,4.4,22.81618832,0.0,Primary
BRCA,TCGA-E2-A15D-01,TCGA-E2-A15D,14.711,17.29296117,0.0,Primary
BRCA,TCGA-E2-A15E-01,TCGA-E2-A15E,6.0729,20.71210179,0.0,Primary
BRCA,TCGA-E2-A15F-01,TCGA-E2-A15F,3.3802,21.63263964,0.0,Primary
BRCA,TCGA-E2-A15G-01,TCGA-E2-A15G,0.4098,18.21349903,0.0,Primary
BRCA,TCGA-E2-A15H-01,TCGA-E2-A15H,7.6459,12.92040635,0.0,Primary
BRCA,TCGA-E2-A15I-01,TCGA-E2-A15I,6.3584,55.62678765,0.0,Primary
BRCA,TCGA-E2-A15J-01,TCGA-E2-A15J,3.1802,53.91721735,0.0,Primary
BRCA,TCGA-E2-A15K-01,TCGA-E2-A15K,8.0375,9.040996811,0.0,Primary
BRCA,TCGA-E2-A15L-01,TCGA-E2-A15L,4.1471,20.58059638,0.0,Primary
BRCA,TCGA-E2-A15M-01,TCGA-E2-A15M,4.9505,11.04645429,1.0,Primary
BRCA,TCGA-E2-A15O-01,TCGA-E2-A15O,4.9449,50.7939639,0.0,Primary
BRCA,TCGA-E2-A15P-01,TCGA-E2-A15P,5.7482,19.56142946,0.0,Primary
BRCA,TCGA-E2-A15R-01,TCGA-E2-A15R,13.9159,56.94184173,0.0,Primary
BRCA,TCGA-E2-A15S-01,TCGA-E2-A15S,1.1503,14.07107867,0.0,Primary
BRCA,TCGA-E2-A15T-01,TCGA-E2-A15T,11.2932,51.38573824,0.0,Primary
BRCA,TCGA-E2-A1AZ-01,TCGA-E2-A1AZ,4.5011,76.5690239,0.0,Primary
BRCA,TCGA-E2-A1B0-01,TCGA-E2-A1B0,3.342,53.62133018,0.0,Primary
BRCA,TCGA-E2-A1B1-01,TCGA-E2-A1B1,41.2501,87.22096196,0.0,Primary
BRCA,TCGA-E2-A1B4-01,TCGA-E2-A1B4,6.3446,33.00785745,1.0,Primary
BRCA,TCGA-E2-A1B5-01,TCGA-E2-A1B5,2.5608,32.35033041,0.0,Primary
BRCA,TCGA-E2-A1B6-01,TCGA-E2-A1B6,41.7224,28.50379722,0.0,Primary
BRCA,TCGA-E2-A1BC-01,TCGA-E2-A1BC,7.1599,16.47105237,0.0,Primary
BRCA,TCGA-E2-A1BD-01,TCGA-E2-A1BD,4.5294,37.24890686,0.0,Primary
BRCA,TCGA-E2-A1IE-01,TCGA-E2-A1IE,2.7406,77.65394352,0.0,Primary
BRCA,TCGA-E2-A1IF-01,TCGA-E2-A1IF,34.8244,37.41328862,0.0,Primary
BRCA,TCGA-E2-A1IG-01,TCGA-E2-A1IG,46.285,70.35539337,0.0,Primary
BRCA,TCGA-E2-A1IH-01,TCGA-E2-A1IH,12.4682,33.73113719,0.0,Primary
BRCA,TCGA-E2-A1II-01,TCGA-E2-A1II,6.7779,33.69826084,0.0,Primary
BRCA,TCGA-E2-A1IJ-01,TCGA-E2-A1IJ,16.6988,28.43804452,0.0,Primary
BRCA,TCGA-E2-A1IK-01,TCGA-E2-A1IK,3.3333,59.17743367,0.0,Primary
BRCA,TCGA-E2-A1IL-01,TCGA-E2-A1IL,5.9613,3.879409541,0.0,Primary
BRCA,TCGA-E2-A1IN-01,TCGA-E2-A1IN,10.0817,22.19153763,0.0,Primary
BRCA,TCGA-E2-A1IO-01,TCGA-E2-A1IO,9.2696,60.98563303,0.0,Primary
BRCA,TCGA-E2-A1IU-01,TCGA-E2-A1IU,4.9332,11.07933064,0.0,Primary
BRCA,TCGA-E2-A1L6-01,TCGA-E2-A1L6,1.8699,54.18022816,0.0,Primary
BRCA,TCGA-E2-A1L7-01,TCGA-E2-A1L7,1.941,60.36098235,0.0,Primary
BRCA,TCGA-E2-A1L8-01,TCGA-E2-A1L8,3.0498,73.64302857,0.0,Primary
BRCA,TCGA-E2-A1L9-01,TCGA-E2-A1L9,11.5872,19.66005852,0.0,Primary
BRCA,TCGA-E2-A1LA-01,TCGA-E2-A1LA,28.4824,24.59151133,0.0,Primary
BRCA,TCGA-E2-A1LB-01,TCGA-E2-A1LB,8.0872,75.8128678,0.0,Primary
BRCA,TCGA-E2-A1LE-01,TCGA-E2-A1LE,2.5405,28.89831344,1.0,Primary
BRCA,TCGA-E2-A1LG-01,TCGA-E2-A1LG,221.13,50.07068416,0.0,Primary
BRCA,TCGA-E2-A1LH-01,TCGA-E2-A1LH,41.6747,106.7495151,0.0,Primary
BRCA,TCGA-E2-A1LI-01,TCGA-E2-A1LI,23.738,102.6070947,0.0,Primary
BRCA,TCGA-E2-A1LK-01,TCGA-E2-A1LK,123.251,8.745109643,1.0,Primary
BRCA,TCGA-E2-A1LL-01,TCGA-E2-A1LL,44.3357,43.03514482,0.0,Primary
BRCA,TCGA-E2-A1LS-01,TCGA-E2-A1LS,96.5966,52.73366867,0.0,Primary
BRCA,TCGA-E2-A2P5-01,TCGA-E2-A2P5,3.3408,26.99148503,1.0,Primary
BRCA,TCGA-E2-A2P6-01,TCGA-E2-A2P6,46.5605,34.55304599,0.0,Primary
BRCA,TCGA-E2-A3DX-01,TCGA-E2-A3DX,11.2295,43.56116645,0.0,Primary
BRCA,TCGA-E2-A56Z-01,TCGA-E2-A56Z,0.4509,8.284840714,0.0,Primary
BRCA,TCGA-E2-A570-01,TCGA-E2-A570,12.306,30.60788375,0.0,Primary
BRCA,TCGA-E2-A573-01,TCGA-E2-A573,15.8806,34.91468587,0.0,Primary
BRCA,TCGA-E2-A574-01,TCGA-E2-A574,17.9574,38.76121906,0.0,Primary
BRCA,TCGA-E2-A576-01,TCGA-E2-A576,0.4583,34.29003518,0.0,Primary
BRCA,TCGA-E2-A9RU-01,TCGA-E2-A9RU,2.6959,17.6874774,0.0,Primary
BRCA,TCGA-E9-A1N3-01,TCGA-E9-A1N3,0.5642,34.81605681,0.0,Primary
BRCA,TCGA-E9-A1N4-01,TCGA-E9-A1N4,1.2336,32.87635204,0.0,Primary
BRCA,TCGA-E9-A1N5-01,TCGA-E9-A1N5,8.873,36.82151429,0.0,Primary
BRCA,TCGA-E9-A1N6-01,TCGA-E9-A1N6,8.5511,22.29016668,1.0,Primary
BRCA,TCGA-E9-A1N8-01,TCGA-E9-A1N8,18.3185,34.15852977,0.0,Primary
BRCA,TCGA-E9-A1N9-01,TCGA-E9-A1N9,3.1827,36.1968636,0.0,Primary
BRCA,TCGA-E9-A1NA-01,TCGA-E9-A1NA,7.7304,36.55850347,0.0,Primary
BRCA,TCGA-E9-A1NC-01,TCGA-E9-A1NC,28.8715,39.5502515,0.0,Primary
BRCA,TCGA-E9-A1ND-01,TCGA-E9-A1ND,20.9894,41.62146168,0.0,Primary
BRCA,TCGA-E9-A1NE-01,TCGA-E9-A1NE,7.4756,35.76947102,0.0,Primary
BRCA,TCGA-E9-A1NF-01,TCGA-E9-A1NF,11.1448,35.24344939,1.0,Primary
BRCA,TCGA-E9-A1NG-01,TCGA-E9-A1NG,12.7893,25.8408127,1.0,Primary
BRCA,TCGA-E9-A1NH-01,TCGA-E9-A1NH,4.4723,18.93677878,0.0,Primary
BRCA,TCGA-E9-A1NI-01,TCGA-E9-A1NI,4.6924,9.862905612,0.0,Primary
BRCA,TCGA-E9-A1QZ-01,TCGA-E9-A1QZ,2.7343,24.82164579,0.0,Primary
BRCA,TCGA-E9-A1R0-01,TCGA-E9-A1R0,1.4665,28.27366275,0.0,Primary
BRCA,TCGA-E9-A1R2-01,TCGA-E9-A1R2,1.3799,34.94756222,0.0,Primary
BRCA,TCGA-E9-A1R3-01,TCGA-E9-A1R3,42.0842,2.564355459,0.0,Primary
BRCA,TCGA-E9-A1R4-01,TCGA-E9-A1R4,1.9871,6.115001479,0.0,Primary
BRCA,TCGA-E9-A1R5-01,TCGA-E9-A1R5,2.624,3.024624388,0.0,Primary
BRCA,TCGA-E9-A1R6-01,TCGA-E9-A1R6,5.1082,11.14508334,0.0,Primary
BRCA,TCGA-E9-A1R7-01,TCGA-E9-A1R7,2.1112,48.22960844,0.0,Primary
BRCA,TCGA-E9-A1RA-01,TCGA-E9-A1RA,2.8249,45.00772594,0.0,Primary
BRCA,TCGA-E9-A1RB-01,TCGA-E9-A1RB,6.2435,32.08731959,1.0,Primary
BRCA,TCGA-E9-A1RC-01,TCGA-E9-A1RC,4.7123,40.2406549,0.0,Primary
BRCA,TCGA-E9-A1RD-01,TCGA-E9-A1RD,4.8884,1.117795969,0.0,Primary
BRCA,TCGA-E9-A1RE-01,TCGA-E9-A1RE,0.8751,46.65154355,0.0,Primary
BRCA,TCGA-E9-A1RF-01,TCGA-E9-A1RF,2.0479,6.575270408,0.0,Primary
BRCA,TCGA-E9-A1RG-01,TCGA-E9-A1RG,3.2348,21.27099977,0.0,Primary
BRCA,TCGA-E9-A1RH-01,TCGA-E9-A1RH,2.2203,46.58579084,0.0,Primary
BRCA,TCGA-E9-A1RI-01,TCGA-E9-A1RI,7.7158,47.63783411,0.0,Primary
BRCA,TCGA-E9-A226-01,TCGA-E9-A226,8.4333,34.45441694,1.0,Primary
BRCA,TCGA-E9-A227-01,TCGA-E9-A227,47.9925,32.05444324,0.0,Primary
BRCA,TCGA-E9-A228-01,TCGA-E9-A228,10.0843,42.24611237,0.0,Primary
BRCA,TCGA-E9-A229-01,TCGA-E9-A229,22.5399,37.74205214,0.0,Primary
BRCA,TCGA-E9-A22A-01,TCGA-E9-A22A,4.1298,39.08998258,0.0,Primary
BRCA,TCGA-E9-A22B-01,TCGA-E9-A22B,5.1103,38.36670283,0.0,Primary
BRCA,TCGA-E9-A22D-01,TCGA-E9-A22D,2.8358,41.02968735,0.0,Primary
BRCA,TCGA-E9-A22E-01,TCGA-E9-A22E,31.0745,41.72009074,0.0,Primary
BRCA,TCGA-E9-A22G-01,TCGA-E9-A22G,36.3834,40.73380018,0.0,Primary
BRCA,TCGA-E9-A22H-01,TCGA-E9-A22H,1.513,40.50366571,0.0,Primary
BRCA,TCGA-E9-A243-01,TCGA-E9-A243,27.5379,20.12032745,0.0,Primary
BRCA,TCGA-E9-A244-01,TCGA-E9-A244,194.381,0.690403393,0.0,Primary
BRCA,TCGA-E9-A245-01,TCGA-E9-A245,6.3514,0.854785153,0.0,Primary
BRCA,TCGA-E9-A247-01,TCGA-E9-A247,2.5899,38.99135352,0.0,Primary
BRCA,TCGA-E9-A248-01,TCGA-E9-A248,29.1356,1.93970477,0.0,Primary
BRCA,TCGA-E9-A249-01,TCGA-E9-A249,2.1098,7.134168393,0.0,Primary
BRCA,TCGA-E9-A24A-01,TCGA-E9-A24A,81.5837,24.55863497,0.0,Primary
BRCA,TCGA-E9-A295-01,TCGA-E9-A295,21.7313,12.32863202,0.0,Primary
BRCA,TCGA-E9-A2JS-01,TCGA-E9-A2JS,11.0307,29.72022224,1.0,Primary
BRCA,TCGA-E9-A2JT-01,TCGA-E9-A2JT,0.7082,9.468389388,0.0,Primary
BRCA,TCGA-E9-A3HO-01,TCGA-E9-A3HO,3.7799,38.07081566,0.0,Primary
BRCA,TCGA-E9-A3Q9-01,TCGA-E9-A3Q9,0.3909,32.90922839,0.0,Primary
BRCA,TCGA-E9-A3QA-01,TCGA-E9-A3QA,6.8579,30.18049117,0.0,Primary
BRCA,TCGA-E9-A3X8-01,TCGA-E9-A3X8,4.8877,30.44350199,0.0,Primary
BRCA,TCGA-E9-A54X-01,TCGA-E9-A54X,0.993,23.90110793,0.0,Primary
BRCA,TCGA-E9-A54Y-01,TCGA-E9-A54Y,0.0,23.83535523,0.0,Primary
BRCA,TCGA-E9-A5FK-01,TCGA-E9-A5FK,5.7803,26.69559786,0.0,Primary
BRCA,TCGA-E9-A5FL-01,TCGA-E9-A5FL,187.984,0.789032449,0.0,Primary
BRCA,TCGA-E9-A5UO-01,TCGA-E9-A5UO,2.7518,25.80793635,0.0,Primary
BRCA,TCGA-E9-A5UP-01,TCGA-E9-A5UP,2.3962,26.39971069,0.0,Primary
BRCA,TCGA-E9-A6HE-01,TCGA-E9-A6HE,2.684,27.84627018,0.0,Primary
BRCA,TCGA-EW-A1IW-01,TCGA-EW-A1IW,18.8576,12.19712661,0.0,Primary
BRCA,TCGA-EW-A1IX-01,TCGA-EW-A1IX,15.3814,39.71463326,0.0,Primary
BRCA,TCGA-EW-A1IY-01,TCGA-EW-A1IY,4.7971,8.482098826,0.0,Primary
BRCA,TCGA-EW-A1IZ-01,TCGA-EW-A1IZ,0.4276,18.21349903,0.0,Primary
BRCA,TCGA-EW-A1J1-01,TCGA-EW-A1J1,2.8874,18.90390242,0.0,Primary
BRCA,TCGA-EW-A1J2-01,TCGA-EW-A1J2,23.8529,13.24916987,0.0,Primary
BRCA,TCGA-EW-A1J3-01,TCGA-EW-A1J3,24.4158,16.56968143,0.0,Primary
BRCA,TCGA-EW-A1J5-01,TCGA-EW-A1J5,12.6316,15.68201992,0.0,Primary
BRCA,TCGA-EW-A1J6-01,TCGA-EW-A1J6,1.3629,28.76680804,0.0,Primary
BRCA,TCGA-EW-A1OV-01,TCGA-EW-A1OV,4.2194,25.93944176,0.0,Primary
BRCA,TCGA-EW-A1OW-01,TCGA-EW-A1OW,3.3593,22.81618832,0.0,Primary
BRCA,TCGA-EW-A1OX-01,TCGA-EW-A1OX,1.2771,29.95035671,0.0,Primary
BRCA,TCGA-EW-A1OY-01,TCGA-EW-A1OY,3.6176,29.85172765,0.0,Primary
BRCA,TCGA-EW-A1OZ-01,TCGA-EW-A1OZ,1.0346,40.40503666,0.0,Primary
BRCA,TCGA-EW-A1P0-01,TCGA-EW-A1P0,2.2341,41.1283164,0.0,Primary
BRCA,TCGA-EW-A1P1-01,TCGA-EW-A1P1,17.7485,39.78038597,0.0,Primary
BRCA,TCGA-EW-A1P3-01,TCGA-EW-A1P3,3.3445,52.96380314,0.0,Primary
BRCA,TCGA-EW-A1P4-01,TCGA-EW-A1P4,24.2976,29.8188513,0.0,Primary
BRCA,TCGA-EW-A1P5-01,TCGA-EW-A1P5,1.1421,23.11207548,0.0,Primary
BRCA,TCGA-EW-A1P6-01,TCGA-EW-A1P6,3.7042,18.47650985,0.0,Primary
BRCA,TCGA-EW-A1P7-01,TCGA-EW-A1P7,9.5199,30.08186212,0.0,Primary
BRCA,TCGA-EW-A1P8-01,TCGA-EW-A1P8,5.0179,7.857448138,1.0,Primary
BRCA,TCGA-EW-A1PA-01,TCGA-EW-A1PA,3.2247,18.90390242,0.0,Primary
BRCA,TCGA-EW-A1PB-01,TCGA-EW-A1PB,0.6454,19.98882204,0.0,Primary
BRCA,TCGA-EW-A1PC-01,TCGA-EW-A1PC,12.6999,6.147877832,0.0,Primary
BRCA,TCGA-EW-A1PD-01,TCGA-EW-A1PD,6.0765,13.93957327,0.0,Primary
BRCA,TCGA-EW-A1PE-01,TCGA-EW-A1PE,3.4968,10.52043265,0.0,Primary
BRCA,TCGA-EW-A1PF-01,TCGA-EW-A1PF,5.3976,14.43271855,0.0,Primary
BRCA,TCGA-EW-A1PG-01,TCGA-EW-A1PG,8.2873,34.55304599,0.0,Primary
BRCA,TCGA-EW-A1PH-01,TCGA-EW-A1PH,12.9683,19.95594569,0.0,Primary
BRCA,TCGA-EW-A2FR-01,TCGA-EW-A2FR,21.2957,55.00213696,0.0,Primary
BRCA,TCGA-EW-A2FS-01,TCGA-EW-A2FS,21.1346,52.73366867,0.0,Primary
BRCA,TCGA-EW-A2FV-01,TCGA-EW-A2FV,8.2556,25.90656541,0.0,Primary
BRCA,TCGA-EW-A2FW-01,TCGA-EW-A2FW,0.3722,22.09290857,0.0,Primary
BRCA,TCGA-EW-A3E8-01,TCGA-EW-A3E8,4.2376,34.02702436,0.0,Primary
BRCA,TCGA-EW-A3U0-01,TCGA-EW-A3U0,2.019,17.49021929,0.0,Primary
BRCA,TCGA-EW-A423-01,TCGA-EW-A423,3.6152,17.52309564,0.0,Primary
BRCA,TCGA-EW-A424-01,TCGA-EW-A424,10.2098,23.50659171,0.0,Primary
BRCA,TCGA-EW-A6S9-01,TCGA-EW-A6S9,2.2945,15.221751,0.0,Primary
BRCA,TCGA-EW-A6SA-01,TCGA-EW-A6SA,0.3104,16.76693954,0.0,Primary
BRCA,TCGA-EW-A6SB-01,TCGA-EW-A6SB,0.6266,24.98602755,0.0,Primary
BRCA,TCGA-EW-A6SC-01,TCGA-EW-A6SC,7.9765,31.29828714,0.0,Primary
BRCA,TCGA-EW-A6SD-01,TCGA-EW-A6SD,4.1898,33.20511556,0.0,Primary
BRCA,TCGA-GI-A2C8-01,TCGA-GI-A2C8,5.6894,7.397179209,0.0,Primary
BRCA,TCGA-GI-A2C9-01,TCGA-GI-A2C9,79.1451,109.8727685,0.0,Primary
BRCA,TCGA-GM-A2D9-01,TCGA-GM-A2D9,57.1222,59.5719499,1.0,Primary
BRCA,TCGA-GM-A2DA-01,TCGA-GM-A2DA,10.8578,216.753789,1.0,Primary
BRCA,TCGA-GM-A2DB-01,TCGA-GM-A2DB,20.8799,79.10050301,0.0,Primary
BRCA,TCGA-GM-A2DC-01,TCGA-GM-A2DC,4.9241,83.34155242,0.0,Primary
BRCA,TCGA-GM-A2DD-01,TCGA-GM-A2DD,61.985,75.02383536,0.0,Primary
BRCA,TCGA-GM-A2DF-01,TCGA-GM-A2DF,11.0442,70.84853865,0.0,Primary
BRCA,TCGA-GM-A2DH-01,TCGA-GM-A2DH,7.5619,72.09784002,0.0,Primary
BRCA,TCGA-GM-A2DI-01,TCGA-GM-A2DI,5.538,85.14975178,0.0,Primary
BRCA,TCGA-GM-A2DK-01,TCGA-GM-A2DK,1.9059,86.95795115,0.0,Primary
BRCA,TCGA-GM-A2DL-01,TCGA-GM-A2DL,9.4243,115.6918828,0.0,Primary
BRCA,TCGA-GM-A2DM-01,TCGA-GM-A2DM,0.3871,106.0591117,0.0,Primary
BRCA,TCGA-GM-A2DN-01,TCGA-GM-A2DN,10.4126,101.6208042,0.0,Primary
BRCA,TCGA-GM-A2DO-01,TCGA-GM-A2DO,1.9685,85.3470099,0.0,Primary
BRCA,TCGA-GM-A3NW-01,TCGA-GM-A3NW,4.065,110.4974192,0.0,Primary
BRCA,TCGA-GM-A3NY-01,TCGA-GM-A3NY,7.6256,38.20232107,0.0,Primary
BRCA,TCGA-GM-A3XG-01,TCGA-GM-A3XG,13.8805,43.72554821,0.0,Primary
BRCA,TCGA-GM-A3XL-01,TCGA-GM-A3XL,4.846,69.3033501,0.0,Primary
BRCA,TCGA-GM-A3XN-01,TCGA-GM-A3XN,8.5167,66.37735477,0.0,Primary
BRCA,TCGA-GM-A4E0-01,TCGA-GM-A4E0,2.2029,72.03208732,0.0,Primary
BRCA,TCGA-GM-A5PV-01,TCGA-GM-A5PV,2.7745,13.54505704,0.0,Primary
BRCA,TCGA-GM-A5PX-01,TCGA-GM-A5PX,11.3326,18.11486997,0.0,Primary
BRCA,TCGA-HN-A2NL-01,TCGA-HN-A2NL,3.7469,2.597231811,0.0,Primary
BRCA,TCGA-HN-A2OB-01,TCGA-HN-A2OB,10.7914,62.46506888,1.0,Primary
BRCA,TCGA-JL-A3YW-01,TCGA-JL-A3YW,21.6138,11.83548673,0.0,Primary
BRCA,TCGA-JL-A3YX-01,TCGA-JL-A3YX,5.2648,11.57247592,0.0,Primary
BRCA,TCGA-LD-A66U-01,TCGA-LD-A66U,8.9888,21.23812342,0.0,Primary
BRCA,TCGA-LD-A74U-01,TCGA-LD-A74U,4.0858,13.21629352,0.0,Primary
BRCA,TCGA-LD-A7W5-01,TCGA-LD-A7W5,4.8092,7.101292041,0.0,Primary
BRCA,TCGA-LD-A7W6-01,TCGA-LD-A7W6,24.1783,13.28204622,0.0,Primary
BRCA,TCGA-LD-A9QF-01,TCGA-LD-A9QF,4.4053,10.61906171,0.0,Primary
BRCA,TCGA-LL-A440-01,TCGA-LL-A440,36.003,24.9531512,0.0,Primary
BRCA,TCGA-LL-A441-01,TCGA-LL-A441,37.7863,32.74484663,0.0,Primary
BRCA,TCGA-LL-A442-01,TCGA-LL-A442,0.2597,29.22707696,0.0,Primary
BRCA,TCGA-LL-A50Y-01,TCGA-LL-A50Y,2.5345,25.05178025,0.0,Primary
BRCA,TCGA-LL-A5YL-01,TCGA-LL-A5YL,11.7865,17.06282671,0.0,Primary
BRCA,TCGA-LL-A5YM-01,TCGA-LL-A5YM,1.019,15.32038005,0.0,Primary
BRCA,TCGA-LL-A5YN-01,TCGA-LL-A5YN,4.1797,14.69572936,0.0,Primary
BRCA,TCGA-LL-A5YO-01,TCGA-LL-A5YO,5.5074,14.4655949,0.0,Primary
BRCA,TCGA-LL-A5YP-01,TCGA-LL-A5YP,14.9186,14.79435842,0.0,Primary
BRCA,TCGA-LL-A6FP-01,TCGA-LL-A6FP,21.5054,22.25729033,0.0,Primary
BRCA,TCGA-LL-A6FQ-01,TCGA-LL-A6FQ,1.4131,2.630108163,0.0,Primary
BRCA,TCGA-LL-A6FR-01,TCGA-LL-A6FR,23.665,16.07653615,0.0,Primary
BRCA,TCGA-LL-A73Y-01,TCGA-LL-A73Y,74.5251,15.68201992,0.0,Primary
BRCA,TCGA-LL-A73Z-01,TCGA-LL-A73Z,26.6299,7.462931913,1.0,Primary
BRCA,TCGA-LL-A740-01,TCGA-LL-A740,142.915,14.49847125,0.0,Primary
BRCA,TCGA-LL-A7SZ-01,TCGA-LL-A7SZ,4.1812,19.52855311,0.0,Primary
BRCA,TCGA-LL-A7T0-01,TCGA-LL-A7T0,3.2957,12.36150837,0.0,Primary
BRCA,TCGA-LL-A8F5-01,TCGA-LL-A8F5,43.022,19.59430582,0.0,Primary
BRCA,TCGA-LL-A9Q3-01,TCGA-LL-A9Q3,6.0661,17.49021929,0.0,Primary
BRCA,TCGA-LQ-A4E4-01,TCGA-LQ-A4E4,4.4885,27.91202288,0.0,Primary
BRCA,TCGA-MS-A51U-01,TCGA-MS-A51U,16.1711,22.38879574,0.0,Primary
BRCA,TCGA-OK-A5Q2-01,TCGA-OK-A5Q2,3.043,2.104086531,0.0,Primary
BRCA,TCGA-OL-A5D6-01,TCGA-OL-A5D6,105.074,36.29549265,1.0,Primary
BRCA,TCGA-OL-A5D7-01,TCGA-OL-A5D7,0.9557,58.51990663,0.0,Primary
BRCA,TCGA-OL-A5D8-01,TCGA-OL-A5D8,8.2713,31.98869054,0.0,Primary
BRCA,TCGA-OL-A5DA-01,TCGA-OL-A5DA,15.3658,58.61853569,0.0,Primary
BRCA,TCGA-OL-A5RU-01,TCGA-OL-A5RU,21.5983,40.07627314,0.0,Primary
BRCA,TCGA-OL-A5RV-01,TCGA-OL-A5RV,15.4363,34.91468587,0.0,Primary
BRCA,TCGA-OL-A5RW-01,TCGA-OL-A5RW,46.7102,36.36124536,0.0,Primary
BRCA,TCGA-OL-A5RX-01,TCGA-OL-A5RX,15.7366,28.86543709,0.0,Primary
BRCA,TCGA-OL-A5RY-01,TCGA-OL-A5RY,2.5484,24.72301673,0.0,Primary
BRCA,TCGA-OL-A5RZ-01,TCGA-OL-A5RZ,2.5575,22.32304304,0.0,Primary
BRCA,TCGA-OL-A5S0-01,TCGA-OL-A5S0,18.2486,20.38333827,0.0,Primary
BRCA,TCGA-OL-A66H-01,TCGA-OL-A66H,0.417,26.68419323,0.0,Primary
BRCA,TCGA-OL-A66I-01,TCGA-OL-A66I,2.9212,23.47371536,0.0,Primary
BRCA,TCGA-OL-A66J-01,TCGA-OL-A66J,3.1546,65.62119867,0.0,Primary
BRCA,TCGA-OL-A66K-01,TCGA-OL-A66K,16.9931,41.91734885,1.0,Primary
BRCA,TCGA-OL-A66L-01,TCGA-OL-A66L,3.7991,42.772134,0.0,Primary
BRCA,TCGA-OL-A66N-01,TCGA-OL-A66N,2.129,26.03807082,0.0,Primary
BRCA,TCGA-OL-A66O-01,TCGA-OL-A66O,1.089,17.35871388,0.0,Primary
BRCA,TCGA-OL-A66P-01,TCGA-OL-A66P,38.8489,14.07107867,0.0,Primary
BRCA,TCGA-OL-A6VO-01,TCGA-OL-A6VO,16.7898,28.20791005,0.0,Primary
BRCA,TCGA-OL-A6VQ-01,TCGA-OL-A6VQ,7.0712,19.72581122,0.0,Primary
BRCA,TCGA-OL-A6VR-01,TCGA-OL-A6VR,2.7381,40.10914949,0.0,Primary
BRCA,TCGA-OL-A97C-01,TCGA-OL-A97C,22.9575,8.909491403,0.0,Primary
BRCA,TCGA-PE-A5DC-01,TCGA-PE-A5DC,13.3061,47.01318342,1.0,Primary
BRCA,TCGA-PE-A5DD-01,TCGA-PE-A5DD,8.9463,64.20751553,0.0,Primary
BRCA,TCGA-PE-A5DE-01,TCGA-PE-A5DE,1.7766,86.95795115,0.0,Primary
BRCA,TCGA-PL-A8LV-01,TCGA-PL-A8LV,242.798,0.0,0.0,Primary
BRCA,TCGA-PL-A8LX-01,TCGA-PL-A8LX,1.7803,0.16438176,0.0,Primary
BRCA,TCGA-PL-A8LY-01,TCGA-PL-A8LY,33.3881,0.263010816,0.0,Primary
BRCA,TCGA-PL-A8LZ-01,TCGA-PL-A8LZ,4.2703,9.928658316,0.0,Primary
BRCA,TCGA-S3-A6ZF-01,TCGA-S3-A6ZF,4.5992,18.80527337,0.0,Primary
BRCA,TCGA-S3-A6ZG-01,TCGA-S3-A6ZG,3.7421,18.47650985,0.0,Primary
BRCA,TCGA-S3-A6ZH-01,TCGA-S3-A6ZH,6.9286,21.07374166,0.0,Primary
BRCA,TCGA-S3-AA0Z-01,TCGA-S3-AA0Z,215.827,20.67922543,0.0,Primary
BRCA,TCGA-S3-AA10-01,TCGA-S3-AA10,40.4083,19.2655423,0.0,Primary
BRCA,TCGA-S3-AA11-01,TCGA-S3-AA11,5.7752,13.84094421,0.0,Primary
BRCA,TCGA-S3-AA12-01,TCGA-S3-AA12,0.9799,18.87102607,0.0,Primary
BRCA,TCGA-S3-AA14-01,TCGA-S3-AA14,7.3257,17.39159023,0.0,Primary
BRCA,TCGA-S3-AA15-01,TCGA-S3-AA15,14.5808,17.26008482,0.0,Primary
BRCA,TCGA-S3-AA17-01,TCGA-S3-AA17,4.7707,13.93957327,0.0,Primary
BRCA,TCGA-UL-AAZ6-01,TCGA-UL-AAZ6,37.9262,17.02995036,0.0,Primary
BRCA,TCGA-UU-A93S-01,TCGA-UU-A93S,0.0,3.813656837,1.0,Primary
BRCA,TCGA-V7-A7HQ-01,TCGA-V7-A7HQ,2.4633,66.8376237,0.0,Primary
BRCA,TCGA-W8-A86G-01,TCGA-W8-A86G,22.7812,11.40809416,0.0,Primary
BRCA,TCGA-WT-AB41-01,TCGA-WT-AB41,0.7886,52.96380314,0.0,Primary
BRCA,TCGA-WT-AB44-01,TCGA-WT-AB44,74.9338,29.02981885,0.0,Primary
BRCA,TCGA-XX-A899-01,TCGA-XX-A899,3.937,15.3532564,0.0,Primary
BRCA,TCGA-XX-A89A-01,TCGA-XX-A89A,12.7539,16.0436598,0.0,Primary
BRCA,TCGA-Z7-A8R5-01,TCGA-Z7-A8R5,2.9866,108.0645692,0.0,Primary
BRCA,TCGA-Z7-A8R6-01,TCGA-Z7-A8R6,4.8717,107.0454022,0.0,Primary
LUAD,TCGA-05-4244-01,TCGA-05-4244,329.523,0.0,0.0,Primary
LUAD,TCGA-05-4249-01,TCGA-05-4249,13.2002,50.07068416,0.0,Primary
LUAD,TCGA-05-4250-01,TCGA-05-4250,75.6031,3.978038597,1.0,Primary
LUAD,TCGA-05-4382-01,TCGA-05-4382,33.9812,19.95594569,0.0,Primary
LUAD,TCGA-05-4384-01,TCGA-05-4384,476.481,14.00532597,0.0,Primary
LUAD,TCGA-05-4389-01,TCGA-05-4389,26.8456,45.00772594,0.0,Primary
LUAD,TCGA-05-4390-01,TCGA-05-4390,47.2617,37.0187724,0.0,Primary
LUAD,TCGA-05-4395-01,TCGA-05-4395,2.6844,0.0,1.0,Primary
LUAD,TCGA-05-4396-01,TCGA-05-4396,101.592,9.961534668,1.0,Primary
LUAD,TCGA-05-4397-01,TCGA-05-4397,17.2281,24.03261334,1.0,Primary
LUAD,TCGA-05-4398-01,TCGA-05-4398,42.8447,47.04605977,0.0,Primary
LUAD,TCGA-05-4402-01,TCGA-05-4402,102.781,8.021829898,1.0,Primary
LUAD,TCGA-05-4403-01,TCGA-05-4403,2239.09,19.00253148,0.0,Primary
LUAD,TCGA-05-4405-01,TCGA-05-4405,27.8305,20.05457474,0.0,Primary
LUAD,TCGA-05-4410-01,TCGA-05-4410,169.725,0.0,0.0,Primary
LUAD,TCGA-05-4415-01,TCGA-05-4415,55.5556,2.991748036,1.0,Primary
LUAD,TCGA-05-4417-01,TCGA-05-4417,85.7761,14.95874018,0.0,Primary
LUAD,TCGA-05-4418-01,TCGA-05-4418,13.6269,9.008120459,1.0,Primary
LUAD,TCGA-05-4420-01,TCGA-05-4420,81.5146,29.98323306,0.0,Primary
LUAD,TCGA-05-4422-01,TCGA-05-4422,734.855,11.9998685,0.0,Primary
LUAD,TCGA-05-4424-01,TCGA-05-4424,20.4957,30.01610941,0.0,Primary
LUAD,TCGA-05-4425-01,TCGA-05-4425,161.724,21.99427952,0.0,Primary
LUAD,TCGA-05-4426-01,TCGA-05-4426,176.065,26.00519446,0.0,Primary
LUAD,TCGA-05-4427-01,TCGA-05-4427,207.366,26.00519446,0.0,Primary
LUAD,TCGA-05-4430-01,TCGA-05-4430,44.9761,25.0189039,0.0,Primary
LUAD,TCGA-05-4432-01,TCGA-05-4432,62.8786,25.0189039,0.0,Primary
LUAD,TCGA-05-4433-01,TCGA-05-4433,4742.98,23.99973699,0.0,Primary
LUAD,TCGA-05-4434-01,TCGA-05-4434,321.275,15.02449288,1.0,Primary
LUAD,TCGA-05-5423-01,TCGA-05-5423,12.4542,4.964329158,0.0,Primary
LUAD,TCGA-05-5425-01,TCGA-05-5425,34.5023,28.9969425,0.0,Primary
LUAD,TCGA-05-5428-01,TCGA-05-5428,24.4168,22.02715587,0.0,Primary
LUAD,TCGA-05-5429-01,TCGA-05-5429,9055.68,9.040996811,1.0,Primary
LUAD,TCGA-05-5715-01,TCGA-05-5715,37.478,2.038333827,0.0,Primary
LUAD,TCGA-35-3615-01,TCGA-35-3615,83.4958,0.460268929,0.0,Primary
LUAD,TCGA-35-4122-01,TCGA-35-4122,79.397,7.397179209,0.0,Primary
LUAD,TCGA-35-4123-01,TCGA-35-4123,5.7084,5.983496071,0.0,Primary
LUAD,TCGA-35-5375-01,TCGA-35-5375,12.2087,8.679356939,0.0,Primary
LUAD,TCGA-38-4625-01,TCGA-38-4625,16.8966,97.74139462,0.0,Primary
LUAD,TCGA-38-4626-01,TCGA-38-4626,161.529,120.7877174,0.0,Primary
LUAD,TCGA-38-4627-01,TCGA-38-4627,9.1208,37.70917579,1.0,Primary
LUAD,TCGA-38-4628-01,TCGA-38-4628,17.6991,49.05151724,1.0,Primary
LUAD,TCGA-38-4631-01,TCGA-38-4631,20.4037,11.63822862,1.0,Primary
LUAD,TCGA-38-4632-01,TCGA-38-4632,19.8815,44.61320972,1.0,Primary
LUAD,TCGA-38-6178-01,TCGA-38-6178,18.7207,14.72860571,0.0,Primary
LUAD,TCGA-38-7271-01,TCGA-38-7271,25.8162,26.30108163,1.0,Primary
LUAD,TCGA-38-A44F-01,TCGA-38-A44F,3555.37,4.372554821,0.0,Primary
LUAD,TCGA-44-2655-01,TCGA-44-2655,91.9332,43.5282901,0.0,Primary
LUAD,TCGA-44-2656-01,TCGA-44-2656,125.457,46.98030707,0.0,Primary
LUAD,TCGA-44-2657-01,TCGA-44-2657,91.9463,44.41595161,0.0,Primary
LUAD,TCGA-44-2659-01,TCGA-44-2659,13.73,44.94197324,0.0,Primary
LUAD,TCGA-44-2662-01,TCGA-44-2662,54.2239,42.08173061,0.0,Primary
LUAD,TCGA-44-2665-01,TCGA-44-2665,40.797,42.772134,0.0,Primary
LUAD,TCGA-44-2666-01,TCGA-44-2666,281.097,3.189006148,1.0,Primary
LUAD,TCGA-44-2668-01,TCGA-44-2668,118.731,25.0189039,1.0,Primary
LUAD,TCGA-44-3396-01,TCGA-44-3396,4.699,37.15027781,0.0,Primary
LUAD,TCGA-44-3398-01,TCGA-44-3398,20.985,38.23519742,0.0,Primary
LUAD,TCGA-44-3918-01,TCGA-44-3918,57.2082,34.05990071,0.0,Primary
LUAD,TCGA-44-3919-01,TCGA-44-3919,79.3496,33.73113719,1.0,Primary
LUAD,TCGA-44-4112-01,TCGA-44-4112,28.1124,26.56409245,1.0,Primary
LUAD,TCGA-44-5643-01,TCGA-44-5643,49.5775,33.30374462,0.0,Primary
LUAD,TCGA-44-5644-01,TCGA-44-5644,15.9601,28.37229181,0.0,Primary
LUAD,TCGA-44-5645-01,TCGA-44-5645,216.294,28.01065194,0.0,Primary
LUAD,TCGA-44-6145-01,TCGA-44-6145,136.45,19.56142946,0.0,Primary
LUAD,TCGA-44-6146-01,TCGA-44-6146,7805.96,23.93398429,0.0,Primary
LUAD,TCGA-44-6148-01,TCGA-44-6148,149.458,23.14495184,0.0,Primary
LUAD,TCGA-44-6774-01,TCGA-44-6774,27.881,21.63263964,0.0,Primary
LUAD,TCGA-44-6775-01,TCGA-44-6775,56.0323,23.17782819,0.0,Primary
LUAD,TCGA-44-6776-01,TCGA-44-6776,109.914,86.00453694,0.0,Primary
LUAD,TCGA-44-6777-01,TCGA-44-6777,13.677,32.44895946,1.0,Primary
LUAD,TCGA-44-6778-01,TCGA-44-6778,45.6853,61.2815202,0.0,Primary
LUAD,TCGA-44-6779-01,TCGA-44-6779,0.0,16.43817602,1.0,Primary
LUAD,TCGA-44-7659-01,TCGA-44-7659,280.269,22.71755926,0.0,Primary
LUAD,TCGA-44-7660-01,TCGA-44-7660,65.6082,19.46280041,0.0,Primary
LUAD,TCGA-44-7661-01,TCGA-44-7661,46.2211,18.31212809,1.0,Primary
LUAD,TCGA-44-7662-01,TCGA-44-7662,18.35,7.167044745,0.0,Primary
LUAD,TCGA-44-7667-01,TCGA-44-7667,19.6433,36.06535819,0.0,Primary
LUAD,TCGA-44-7669-01,TCGA-44-7669,37.7223,18.87102607,1.0,Primary
LUAD,TCGA-44-7670-01,TCGA-44-7670,57.5006,28.9969425,0.0,Primary
LUAD,TCGA-44-7671-01,TCGA-44-7671,156.597,29.22707696,0.0,Primary
LUAD,TCGA-44-7672-01,TCGA-44-7672,38.2663,23.63809712,0.0,Primary
LUAD,TCGA-44-8117-01,TCGA-44-8117,3.1797,12.65739554,0.0,Primary
LUAD,TCGA-44-8119-01,TCGA-44-8119,4.4716,9.369760331,0.0,Primary
LUAD,TCGA-44-8120-01,TCGA-44-8120,6.4479,8.54785153,0.0,Primary
LUAD,TCGA-44-A479-01,TCGA-44-A479,77.7526,15.97790709,0.0,Primary
LUAD,TCGA-44-A47A-01,TCGA-44-A47A,148.925,15.32038005,0.0,Primary
LUAD,TCGA-44-A47B-01,TCGA-44-A47B,1.7913,9.435513036,0.0,Primary
LUAD,TCGA-44-A47G-01,TCGA-44-A47G,198.504,11.53959957,0.0,Primary
LUAD,TCGA-44-A4SS-01,TCGA-44-A4SS,263.63,13.6436861,0.0,Primary
LUAD,TCGA-44-A4SU-01,TCGA-44-A4SU,18.7815,13.44642798,1.0,Primary
LUAD,TCGA-49-4486-01,TCGA-49-4486,205.811,76.20738403,1.0,Primary
LUAD,TCGA-49-4487-01,TCGA-49-4487,45.4928,28.10928099,1.0,Primary
LUAD,TCGA-49-4488-01,TCGA-49-4488,5.8705,28.56954992,1.0,Primary
LUAD,TCGA-49-4490-01,TCGA-49-4490,21.5295,12.65739554,1.0,Primary
LUAD,TCGA-49-4494-01,TCGA-49-4494,1.9876,35.53933656,1.0,Primary
LUAD,TCGA-49-4501-01,TCGA-49-4501,33.2893,46.71729625,1.0,Primary
LUAD,TCGA-49-4505-01,TCGA-49-4505,15.1558,14.07107867,1.0,Primary
LUAD,TCGA-49-4506-01,TCGA-49-4506,7.1635,32.84347569,1.0,Primary
LUAD,TCGA-49-4507-01,TCGA-49-4507,530.266,8.810862347,1.0,Primary
LUAD,TCGA-49-4510-01,TCGA-49-4510,161.558,29.45721143,1.0,Primary
LUAD,TCGA-49-4512-01,TCGA-49-4512,25.3651,29.7530986,1.0,Primary
LUAD,TCGA-49-4514-01,TCGA-49-4514,19.1277,55.88979847,0.0,Primary
LUAD,TCGA-49-6742-01,TCGA-49-6742,539.896,16.0436598,1.0,Primary
LUAD,TCGA-49-6743-01,TCGA-49-6743,81.9316,53.29256666,0.0,Primary
LUAD,TCGA-49-6744-01,TCGA-49-6744,40.224,55.33090048,0.0,Primary
LUAD,TCGA-49-6745-01,TCGA-49-6745,34.8894,17.16145577,0.0,Primary
LUAD,TCGA-49-6761-01,TCGA-49-6761,106.325,11.63822862,0.0,Primary
LUAD,TCGA-49-6767-01,TCGA-49-6767,7.6923,22.25729033,0.0,Primary
LUAD,TCGA-49-AAQV-01,TCGA-49-AAQV,53.4686,22.25729033,1.0,Primary
LUAD,TCGA-49-AAR0-01,TCGA-49-AAR0,47.5954,156.6558175,0.0,Primary
LUAD,TCGA-49-AAR2-01,TCGA-49-AAR2,281.507,73.11700694,0.0,Primary
LUAD,TCGA-49-AAR3-01,TCGA-49-AAR3,9.5819,62.23493441,0.0,Primary
LUAD,TCGA-49-AAR4-01,TCGA-49-AAR4,166.457,28.89831344,1.0,Primary
LUAD,TCGA-49-AAR9-01,TCGA-49-AAR9,1425.42,8.54785153,1.0,Primary
LUAD,TCGA-49-AARE-01,TCGA-49-AARE,517.979,40.40503666,1.0,Primary
LUAD,TCGA-49-AARN-01,TCGA-49-AARN,3579.1,37.31465957,1.0,Primary
LUAD,TCGA-49-AARO-01,TCGA-49-AARO,143.557,123.5822073,0.0,Primary
LUAD,TCGA-49-AARQ-01,TCGA-49-AARQ,70.7865,221.3236019,0.0,Primary
LUAD,TCGA-49-AARR-01,TCGA-49-AARR,328.103,164.1187494,0.0,Primary
LUAD,TCGA-4B-A93V-01,TCGA-4B-A93V,0.0,9.862905612,1.0,Primary
LUAD,TCGA-50-5044-01,TCGA-50-5044,119.754,20.51484367,1.0,Primary
LUAD,TCGA-50-5045-01,TCGA-50-5045,25.3807,71.47318934,1.0,Primary
LUAD,TCGA-50-5049-01,TCGA-50-5049,8.3705,101.7194332,0.0,Primary
LUAD,TCGA-50-5051-01,TCGA-50-5051,70.488,15.71489628,1.0,Primary
LUAD,TCGA-50-5055-01,TCGA-50-5055,31.5615,60.16372423,1.0,Primary
LUAD,TCGA-50-5066-01,TCGA-50-5066,6.0976,47.40769964,0.0,Primary
LUAD,TCGA-50-5068-01,TCGA-50-5068,6.8406,49.28165171,1.0,Primary
LUAD,TCGA-50-5072-01,TCGA-50-5072,153.811,8.21908801,1.0,Primary
LUAD,TCGA-50-5930-01,TCGA-50-5930,168.663,9.271131275,1.0,Primary
LUAD,TCGA-50-5931-01,TCGA-50-5931,136.364,14.26833679,1.0,Primary
LUAD,TCGA-50-5932-01,TCGA-50-5932,281.38,40.60229477,1.0,Primary
LUAD,TCGA-50-5933-01,TCGA-50-5933,59.7007,78.67311043,1.0,Primary
LUAD,TCGA-50-5935-01,TCGA-50-5935,133.058,21.46825788,1.0,Primary
LUAD,TCGA-50-5936-01,TCGA-50-5936,144.737,8.449222474,1.0,Primary
LUAD,TCGA-50-5939-01,TCGA-50-5939,15.7346,15.12312194,1.0,Primary
LUAD,TCGA-50-5941-01,TCGA-50-5941,68.5897,48.45974291,0.0,Primary
LUAD,TCGA-50-5942-01,TCGA-50-5942,309.426,60.72262222,0.0,Primary
LUAD,TCGA-50-5944-01,TCGA-50-5944,37.8106,57.53361607,0.0,Primary
LUAD,TCGA-50-5946-01,TCGA-50-5946,51.1418,53.16106125,0.0,Primary
LUAD,TCGA-50-6590-01,TCGA-50-6590,1.087,42.34474143,1.0,Primary
LUAD,TCGA-50-6591-01,TCGA-50-6591,16.129,3.912285893,1.0,Primary
LUAD,TCGA-50-6592-01,TCGA-50-6592,163.123,25.54492554,1.0,Primary
LUAD,TCGA-50-6593-01,TCGA-50-6593,173.188,11.04645429,1.0,Primary
LUAD,TCGA-50-6594-01,TCGA-50-6594,73.9437,12.16425026,1.0,Primary
LUAD,TCGA-50-6595-01,TCGA-50-6595,38.5852,6.213630536,1.0,Primary
LUAD,TCGA-50-6597-01,TCGA-50-6597,19.7926,41.68721439,1.0,Primary
LUAD,TCGA-50-6673-01,TCGA-50-6673,67.3023,0.723279745,1.0,Primary
LUAD,TCGA-50-7109-01,TCGA-50-7109,29.2893,10.12591643,1.0,Primary
LUAD,TCGA-50-8457-01,TCGA-50-8457,57.257,36.98589605,0.0,Primary
LUAD,TCGA-50-8459-01,TCGA-50-8459,718.956,36.78863793,0.0,Primary
LUAD,TCGA-50-8460-01,TCGA-50-8460,180.297,27.25449584,0.0,Primary
LUAD,TCGA-53-7624-01,TCGA-53-7624,63.6803,34.29003518,1.0,Primary
LUAD,TCGA-53-7626-01,TCGA-53-7626,42.1118,30.54213105,1.0,Primary
LUAD,TCGA-53-7813-01,TCGA-53-7813,35.9712,13.93957327,0.0,Primary
LUAD,TCGA-53-A4EZ-01,TCGA-53-A4EZ,24.7861,35.21057304,0.0,Primary
LUAD,TCGA-55-1592-01,TCGA-55-1592,47.3636,23.04632278,1.0,Primary
LUAD,TCGA-55-1594-01,TCGA-55-1594,14.544,38.7283427,0.0,Primary
LUAD,TCGA-55-1595-01,TCGA-55-1595,49.1372,48.62412467,0.0,Primary
LUAD,TCGA-55-1596-01,TCGA-55-1596,2.9603,67.88966696,0.0,Primary
LUAD,TCGA-55-5899-01,TCGA-55-5899,2.8576,30.5750074,0.0,Primary
LUAD,TCGA-55-6543-01,TCGA-55-6543,12.8205,14.30121314,0.0,Primary
LUAD,TCGA-55-6642-01,TCGA-55-6642,11.7955,80.51418615,0.0,Primary
LUAD,TCGA-55-6712-01,TCGA-55-6712,70.8044,5.621856199,1.0,Primary
LUAD,TCGA-55-6968-01,TCGA-55-6968,14.3102,42.50912319,1.0,Primary
LUAD,TCGA-55-6969-01,TCGA-55-6969,4.4843,40.73380018,0.0,Primary
LUAD,TCGA-55-6970-01,TCGA-55-6970,33.7295,15.25462735,1.0,Primary
LUAD,TCGA-55-6971-01,TCGA-55-6971,80.3485,46.02689286,0.0,Primary
LUAD,TCGA-55-6972-01,TCGA-55-6972,61.6438,53.65420653,1.0,Primary
LUAD,TCGA-55-6975-01,TCGA-55-6975,4.1911,3.879409541,1.0,Primary
LUAD,TCGA-55-6978-01,TCGA-55-6978,107.716,5.786237959,1.0,Primary
LUAD,TCGA-55-6979-01,TCGA-55-6979,11.2751,7.791695434,1.0,Primary
LUAD,TCGA-55-6980-01,TCGA-55-6980,23.8727,69.33622645,0.0,Primary
LUAD,TCGA-55-6981-01,TCGA-55-6981,14.9123,45.33648946,1.0,Primary
LUAD,TCGA-55-6982-01,TCGA-55-6982,65.4529,32.71197028,1.0,Primary
LUAD,TCGA-55-6983-01,TCGA-55-6983,59.5745,92.80994181,0.0,Primary
LUAD,TCGA-55-6984-01,TCGA-55-6984,46095.1,24.98602755,1.0,Primary
LUAD,TCGA-55-6985-01,TCGA-55-6985,55.9701,40.53654207,0.0,Primary
LUAD,TCGA-55-6986-01,TCGA-55-6986,69.0407,107.209784,0.0,Primary
LUAD,TCGA-55-6987-01,TCGA-55-6987,52.613,70.25676431,0.0,Primary
LUAD,TCGA-55-7227-01,TCGA-55-7227,187.975,31.29828714,1.0,Primary
LUAD,TCGA-55-7281-01,TCGA-55-7281,18.2336,28.66817898,0.0,Primary
LUAD,TCGA-55-7283-01,TCGA-55-7283,10.5263,20.02169839,0.0,Primary
LUAD,TCGA-55-7284-01,TCGA-55-7284,10320.5,7.988953546,1.0,Primary
LUAD,TCGA-55-7570-01,TCGA-55-7570,6.5359,27.09011408,0.0,Primary
LUAD,TCGA-55-7573-01,TCGA-55-7573,211.369,16.01078344,0.0,Primary
LUAD,TCGA-55-7574-01,TCGA-55-7574,80.1746,32.71197028,1.0,Primary
LUAD,TCGA-55-7576-01,TCGA-55-7576,18.5734,22.02715587,0.0,Primary
LUAD,TCGA-55-7724-01,TCGA-55-7724,201.403,23.17782819,0.0,Primary
LUAD,TCGA-55-7725-01,TCGA-55-7725,238.445,14.5313476,0.0,Primary
LUAD,TCGA-55-7726-01,TCGA-55-7726,47.9148,21.43538153,0.0,Primary
LUAD,TCGA-55-7727-01,TCGA-55-7727,76.1468,3.912285893,0.0,Primary
LUAD,TCGA-55-7728-01,TCGA-55-7728,15728.5,23.14495184,0.0,Primary
LUAD,TCGA-55-7815-01,TCGA-55-7815,571.142,25.41342013,0.0,Primary
LUAD,TCGA-55-7816-01,TCGA-55-7816,35.6989,15.38613276,1.0,Primary
LUAD,TCGA-55-7903-01,TCGA-55-7903,27.4041,18.64089161,0.0,Primary
LUAD,TCGA-55-7907-01,TCGA-55-7907,336.982,11.27658875,1.0,Primary
LUAD,TCGA-55-7910-01,TCGA-55-7910,47.2222,34.19140612,0.0,Primary
LUAD,TCGA-55-7911-01,TCGA-55-7911,67.6622,17.65460105,0.0,Primary
LUAD,TCGA-55-7913-01,TCGA-55-7913,2.5827,18.44363349,1.0,Primary
LUAD,TCGA-55-7914-01,TCGA-55-7914,142.429,6.147877832,1.0,Primary
LUAD,TCGA-55-7994-01,TCGA-55-7994,1.5831,19.82444028,0.0,Primary
LUAD,TCGA-55-7995-01,TCGA-55-7995,128.156,29.22707696,0.0,Primary
LUAD,TCGA-55-8085-01,TCGA-55-8085,121.433,29.72022224,0.0,Primary
LUAD,TCGA-55-8087-01,TCGA-55-8087,364.049,15.18887464,0.0,Primary
LUAD,TCGA-55-8089-01,TCGA-55-8089,11.2273,23.07919913,1.0,Primary
LUAD,TCGA-55-8090-01,TCGA-55-8090,331.062,19.66005852,1.0,Primary
LUAD,TCGA-55-8091-01,TCGA-55-8091,13.1295,19.72581122,0.0,Primary
LUAD,TCGA-55-8092-01,TCGA-55-8092,29.8058,5.062958214,1.0,Primary
LUAD,TCGA-55-8094-01,TCGA-55-8094,118.611,17.78610645,0.0,Primary
LUAD,TCGA-55-8096-01,TCGA-55-8096,58.3159,23.63809712,1.0,Primary
LUAD,TCGA-55-8097-01,TCGA-55-8097,50.8413,15.64914357,0.0,Primary
LUAD,TCGA-55-8203-01,TCGA-55-8203,109.999,17.98336457,0.0,Primary
LUAD,TCGA-55-8204-01,TCGA-55-8204,2109.44,16.9313213,0.0,Primary
LUAD,TCGA-55-8205-01,TCGA-55-8205,25.9499,19.69293487,0.0,Primary
LUAD,TCGA-55-8206-01,TCGA-55-8206,31.896,29.19420061,0.0,Primary
LUAD,TCGA-55-8207-01,TCGA-55-8207,84.6349,32.12019594,0.0,Primary
LUAD,TCGA-55-8208-01,TCGA-55-8208,138.731,22.15866128,0.0,Primary
LUAD,TCGA-55-8299-01,TCGA-55-8299,88.2742,15.41900911,1.0,Primary
LUAD,TCGA-55-8301-01,TCGA-55-8301,52.043,17.55597199,0.0,Primary
LUAD,TCGA-55-8302-01,TCGA-55-8302,127.925,15.71489628,0.0,Primary
LUAD,TCGA-55-8505-01,TCGA-55-8505,425.457,14.4655949,0.0,Primary
LUAD,TCGA-55-8506-01,TCGA-55-8506,1.1261,0.361639872,0.0,Primary
LUAD,TCGA-55-8507-01,TCGA-55-8507,66.5584,13.74231515,0.0,Primary
LUAD,TCGA-55-8508-01,TCGA-55-8508,40.672,20.28470921,0.0,Primary
LUAD,TCGA-55-8510-01,TCGA-55-8510,102.815,17.72035375,0.0,Primary
LUAD,TCGA-55-8511-01,TCGA-55-8511,17.3748,18.14774633,0.0,Primary
LUAD,TCGA-55-8512-01,TCGA-55-8512,964.19,19.95594569,1.0,Primary
LUAD,TCGA-55-8513-01,TCGA-55-8513,10803.4,26.00519446,0.0,Primary
LUAD,TCGA-55-8514-01,TCGA-55-8514,5.8065,17.09570306,0.0,Primary
LUAD,TCGA-55-8614-01,TCGA-55-8614,137.671,17.62172469,0.0,Primary
LUAD,TCGA-55-8615-01,TCGA-55-8615,285.562,14.66285301,0.0,Primary
LUAD,TCGA-55-8616-01,TCGA-55-8616,13.1303,1.578064898,0.0,Primary
LUAD,TCGA-55-8619-01,TCGA-55-8619,25005.2,13.67656245,0.0,Primary
LUAD,TCGA-55-8620-01,TCGA-55-8620,3.572,12.32863202,1.0,Primary
LUAD,TCGA-55-8621-01,TCGA-55-8621,153.207,16.9313213,0.0,Primary
LUAD,TCGA-55-A48X-01,TCGA-55-A48X,108.993,22.65180656,0.0,Primary
LUAD,TCGA-55-A48Y-01,TCGA-55-A48Y,28.8866,20.71210179,0.0,Primary
LUAD,TCGA-55-A48Z-01,TCGA-55-A48Z,40.8457,21.40250518,0.0,Primary
LUAD,TCGA-55-A490-01,TCGA-55-A490,20.1725,3.254758852,1.0,Primary
LUAD,TCGA-55-A491-01,TCGA-55-A491,125.463,20.58059638,0.0,Primary
LUAD,TCGA-55-A492-01,TCGA-55-A492,223.353,19.59430582,0.0,Primary
LUAD,TCGA-55-A493-01,TCGA-55-A493,54.2936,0.920537857,0.0,Primary
LUAD,TCGA-55-A494-01,TCGA-55-A494,11.5298,15.81352533,0.0,Primary
LUAD,TCGA-55-A4DF-01,TCGA-55-A4DF,124.827,20.18608015,1.0,Primary
LUAD,TCGA-55-A4DG-01,TCGA-55-A4DG,175.106,19.98882204,0.0,Primary
LUAD,TCGA-55-A57B-01,TCGA-55-A57B,21.1566,17.95048821,0.0,Primary
LUAD,TCGA-62-8394-01,TCGA-62-8394,22.4556,4.569812934,1.0,Primary
LUAD,TCGA-62-8395-01,TCGA-62-8395,561.867,39.97764408,0.0,Primary
LUAD,TCGA-62-8397-01,TCGA-62-8397,72.9927,42.37761778,0.0,Primary
LUAD,TCGA-62-8398-01,TCGA-62-8398,632.426,14.59710031,1.0,Primary
LUAD,TCGA-62-8399-01,TCGA-62-8399,13.2375,88.6346451,0.0,Primary
LUAD,TCGA-62-8402-01,TCGA-62-8402,143.86,49.24877536,1.0,Primary
LUAD,TCGA-62-A46O-01,TCGA-62-A46O,52.3969,47.80221587,1.0,Primary
LUAD,TCGA-62-A46P-01,TCGA-62-A46P,24.812,19.52855311,1.0,Primary
LUAD,TCGA-62-A46R-01,TCGA-62-A46R,114.55,56.71170727,1.0,Primary
LUAD,TCGA-62-A46S-01,TCGA-62-A46S,184.106,54.34460992,1.0,Primary
LUAD,TCGA-62-A46U-01,TCGA-62-A46U,36.9914,67.95541967,0.0,Primary
LUAD,TCGA-62-A46V-01,TCGA-62-A46V,107.692,72.29509814,0.0,Primary
LUAD,TCGA-62-A46Y-01,TCGA-62-A46Y,105.764,13.61080975,1.0,Primary
LUAD,TCGA-62-A470-01,TCGA-62-A470,470.443,39.25436434,1.0,Primary
LUAD,TCGA-62-A471-01,TCGA-62-A471,108.44,40.96393464,0.0,Primary
LUAD,TCGA-62-A472-01,TCGA-62-A472,185.328,29.91748036,0.0,Primary
LUAD,TCGA-64-1676-01,TCGA-64-1676,12.4715,56.81033633,0.0,Primary
LUAD,TCGA-64-1677-01,TCGA-64-1677,6.5646,20.64634908,1.0,Primary
LUAD,TCGA-64-1678-01,TCGA-64-1678,7.4924,39.08998258,0.0,Primary
LUAD,TCGA-64-1679-01,TCGA-64-1679,73.9988,81.79636388,0.0,Primary
LUAD,TCGA-64-1680-01,TCGA-64-1680,21.6741,37.0187724,0.0,Primary
LUAD,TCGA-64-1681-01,TCGA-64-1681,52.0466,38.36670283,1.0,Primary
LUAD,TCGA-64-5774-01,TCGA-64-5774,21.5255,87.97711806,0.0,Primary
LUAD,TCGA-64-5775-01,TCGA-64-5775,45.4827,2.038333827,1.0,Primary
LUAD,TCGA-64-5778-01,TCGA-64-5778,56.5648,42.90363941,0.0,Primary
LUAD,TCGA-64-5779-01,TCGA-64-5779,41.7349,28.40516816,0.0,Primary
LUAD,TCGA-64-5781-01,TCGA-64-5781,6.4309,51.25423283,0.0,Primary
LUAD,TCGA-64-5815-01,TCGA-64-5815,48.7038,28.47092087,0.0,Primary
LUAD,TCGA-67-3770-01,TCGA-67-3770,71.4286,20.05457474,0.0,Primary
LUAD,TCGA-67-3771-01,TCGA-67-3771,44.2997,20.05457474,0.0,Primary
LUAD,TCGA-67-3772-01,TCGA-67-3772,4.6816,18.83814972,0.0,Primary
LUAD,TCGA-67-3773-01,TCGA-67-3773,32.888,14.03820232,0.0,Primary
LUAD,TCGA-67-3774-01,TCGA-67-3774,323.168,12.65739554,0.0,Primary
LUAD,TCGA-67-4679-01,TCGA-67-4679,208.865,14.72860571,0.0,Primary
LUAD,TCGA-67-6215-01,TCGA-67-6215,176.901,5.720485255,0.0,Primary
LUAD,TCGA-67-6216-01,TCGA-67-6216,107.853,4.635565638,0.0,Primary
LUAD,TCGA-67-6217-01,TCGA-67-6217,80.7366,13.87382056,0.0,Primary
LUAD,TCGA-69-7760-01,TCGA-69-7760,103.061,6.641023112,0.0,Primary
LUAD,TCGA-69-7761-01,TCGA-69-7761,27981.7,6.115001479,0.0,Primary
LUAD,TCGA-69-7763-01,TCGA-69-7763,75.6613,22.68468291,0.0,Primary
LUAD,TCGA-69-7764-01,TCGA-69-7764,446.286,13.61080975,0.0,Primary
LUAD,TCGA-69-7765-01,TCGA-69-7765,46.1923,5.424598087,0.0,Primary
LUAD,TCGA-69-7973-01,TCGA-69-7973,17.2868,7.561560969,0.0,Primary
LUAD,TCGA-69-7974-01,TCGA-69-7974,44.087,6.049248775,0.0,Primary
LUAD,TCGA-69-7978-01,TCGA-69-7978,10.7599,4.405431173,0.0,Primary
LUAD,TCGA-69-7979-01,TCGA-69-7979,10.7277,13.41355163,0.0,Primary
LUAD,TCGA-69-7980-01,TCGA-69-7980,253.234,13.51218069,0.0,Primary
LUAD,TCGA-69-8253-01,TCGA-69-8253,127.713,14.00532597,0.0,Primary
LUAD,TCGA-69-8254-01,TCGA-69-8254,1766.35,13.44642798,0.0,Primary
LUAD,TCGA-69-8255-01,TCGA-69-8255,4064.91,4.241049413,0.0,Primary
LUAD,TCGA-69-8453-01,TCGA-69-8453,1884.02,26.72847421,0.0,Primary
LUAD,TCGA-69-A59K-01,TCGA-69-A59K,53.5055,19.42992406,0.0,Primary
LUAD,TCGA-71-6725-01,TCGA-71-6725,2.1842,8.416346122,0.0,Primary
LUAD,TCGA-71-8520-01,TCGA-71-8520,24.7996,6.904033928,1.0,Primary
LUAD,TCGA-73-4658-01,TCGA-73-4658,10.3567,52.60216326,1.0,Primary
LUAD,TCGA-73-4659-01,TCGA-73-4659,112.447,23.3750863,1.0,Primary
LUAD,TCGA-73-4662-01,TCGA-73-4662,86.2685,82.68402538,0.0,Primary
LUAD,TCGA-73-4666-01,TCGA-73-4666,3.7729,26.30108163,0.0,Primary
LUAD,TCGA-73-4668-01,TCGA-73-4668,20.1722,15.3532564,0.0,Primary
LUAD,TCGA-73-4670-01,TCGA-73-4670,114.254,4.306802117,0.0,Primary
LUAD,TCGA-73-4675-01,TCGA-73-4675,411.71,30.31199658,1.0,Primary
LUAD,TCGA-73-4676-01,TCGA-73-4676,13.1926,9.238254923,1.0,Primary
LUAD,TCGA-73-4677-01,TCGA-73-4677,133.574,1.249301378,1.0,Primary
LUAD,TCGA-73-7498-01,TCGA-73-7498,348.596,39.08998258,0.0,Primary
LUAD,TCGA-73-7499-01,TCGA-73-7499,11.4593,50.33369497,1.0,Primary
LUAD,TCGA-73-A9RS-01,TCGA-73-A9RS,8.8028,11.17795969,1.0,Primary
LUAD,TCGA-75-5122-01,TCGA-75-5122,2.5386,,1.0,Primary
LUAD,TCGA-75-5125-01,TCGA-75-5125,31.4433,66.64036559,1.0,Primary
LUAD,TCGA-75-5126-01,TCGA-75-5126,197.452,,0.0,Primary
LUAD,TCGA-75-5146-01,TCGA-75-5146,51.7364,77.85120163,0.0,Primary
LUAD,TCGA-75-5147-01,TCGA-75-5147,51.0174,43.82417727,0.0,Primary
LUAD,TCGA-75-6203-01,TCGA-75-6203,90.0963,,0.0,Primary
LUAD,TCGA-75-6205-01,TCGA-75-6205,2.5424,,1.0,Primary
LUAD,TCGA-75-6206-01,TCGA-75-6206,416.614,85.14975178,0.0,Primary
LUAD,TCGA-75-6207-01,TCGA-75-6207,11.4286,,1.0,Primary
LUAD,TCGA-75-6211-01,TCGA-75-6211,26.2985,,1.0,Primary
LUAD,TCGA-75-6212-01,TCGA-75-6212,38.9724,49.84054969,1.0,Primary
LUAD,TCGA-75-6214-01,TCGA-75-6214,829.094,36.65713253,1.0,Primary
LUAD,TCGA-75-7025-01,TCGA-75-7025,200.076,108.6563435,0.0,Primary
LUAD,TCGA-75-7027-01,TCGA-75-7027,214.244,100.5687609,0.0,Primary
LUAD,TCGA-75-7030-01,TCGA-75-7030,2559.38,,0.0,Primary
LUAD,TCGA-75-7031-01,TCGA-75-7031,18.2796,,0.0,Primary
LUAD,TCGA-78-7143-01,TCGA-78-7143,281.19,163.0995825,1.0,Primary
LUAD,TCGA-78-7145-01,TCGA-78-7145,11.0565,27.15586679,1.0,Primary
LUAD,TCGA-78-7146-01,TCGA-78-7146,38.3085,5.687608903,1.0,Primary
LUAD,TCGA-78-7147-01,TCGA-78-7147,50.4711,19.2655423,1.0,Primary
LUAD,TCGA-78-7148-01,TCGA-78-7148,137.729,20.58059638,1.0,Primary
LUAD,TCGA-78-7149-01,TCGA-78-7149,255.859,129.532827,0.0,Primary
LUAD,TCGA-78-7150-01,TCGA-78-7150,95.2381,21.89565046,1.0,Primary
LUAD,TCGA-78-7152-01,TCGA-78-7152,32.4977,39.94476773,1.0,Primary
LUAD,TCGA-78-7153-01,TCGA-78-7153,77.3721,119.5055397,0.0,Primary
LUAD,TCGA-78-7154-01,TCGA-78-7154,7.1439,19.49567676,1.0,Primary
LUAD,TCGA-78-7155-01,TCGA-78-7155,0.5787,38.49820824,1.0,Primary
LUAD,TCGA-78-7156-01,TCGA-78-7156,409.204,32.08731959,1.0,Primary
LUAD,TCGA-78-7158-01,TCGA-78-7158,110.373,5.884867015,1.0,Primary
LUAD,TCGA-78-7159-01,TCGA-78-7159,83.7466,64.89791893,0.0,Primary
LUAD,TCGA-78-7160-01,TCGA-78-7160,123.659,22.91481737,1.0,Primary
LUAD,TCGA-78-7161-01,TCGA-78-7161,331.053,9.567018444,1.0,Primary
LUAD,TCGA-78-7162-01,TCGA-78-7162,161.361,104.1851596,1.0,Primary
LUAD,TCGA-78-7163-01,TCGA-78-7163,4.1085,238.2877996,0.0,Primary
LUAD,TCGA-78-7166-01,TCGA-78-7166,34.329,8.482098826,1.0,Primary
LUAD,TCGA-78-7167-01,TCGA-78-7167,234.77,88.14149982,1.0,Primary
LUAD,TCGA-78-7220-01,TCGA-78-7220,21.1041,26.5312161,1.0,Primary
LUAD,TCGA-78-7535-01,TCGA-78-7535,0.3554,31.19965809,1.0,Primary
LUAD,TCGA-78-7536-01,TCGA-78-7536,41.9683,8.021829898,1.0,Primary
LUAD,TCGA-78-7537-01,TCGA-78-7537,207.917,53.32544301,1.0,Primary
LUAD,TCGA-78-7539-01,TCGA-78-7539,5.0074,26.00519446,0.0,Primary
LUAD,TCGA-78-7540-01,TCGA-78-7540,2000.33,39.35299339,1.0,Primary
LUAD,TCGA-78-7542-01,TCGA-78-7542,634.735,10.55330901,1.0,Primary
LUAD,TCGA-78-7633-01,TCGA-78-7633,186.277,50.23506592,1.0,Primary
LUAD,TCGA-78-8640-01,TCGA-78-8640,15.7549,232.1727981,0.0,Primary
LUAD,TCGA-78-8648-01,TCGA-78-8648,54.2399,39.74750962,1.0,Primary
LUAD,TCGA-78-8655-01,TCGA-78-8655,19.6327,77.58819081,0.0,Primary
LUAD,TCGA-78-8660-01,TCGA-78-8660,83.9973,10.55330901,1.0,Primary
LUAD,TCGA-78-8662-01,TCGA-78-8662,11.9126,110.4974192,1.0,Primary
LUAD,TCGA-80-5607-01,TCGA-80-5607,724.166,,0.0,Primary
LUAD,TCGA-80-5608-01,TCGA-80-5608,846.177,93.10582898,0.0,Primary
LUAD,TCGA-80-5611-01,TCGA-80-5611,17.8372,85.31413354,0.0,Primary
LUAD,TCGA-83-5908-01,TCGA-83-5908,77.3564,27.09011408,0.0,Primary
LUAD,TCGA-86-6562-01,TCGA-86-6562,11.2555,12.36150837,1.0,Primary
LUAD,TCGA-86-6851-01,TCGA-86-6851,21.6463,5.884867015,0.0,Primary
LUAD,TCGA-86-7701-01,TCGA-86-7701,90.6217,31.13390538,0.0,Primary
LUAD,TCGA-86-7711-01,TCGA-86-7711,4.1201,34.38866423,1.0,Primary
LUAD,TCGA-86-7713-01,TCGA-86-7713,64.2097,38.03793931,0.0,Primary
LUAD,TCGA-86-7714-01,TCGA-86-7714,50.7519,20.54772003,1.0,Primary
LUAD,TCGA-86-7953-01,TCGA-86-7953,121.427,32.77772298,0.0,Primary
LUAD,TCGA-86-7954-01,TCGA-86-7954,36.3932,19.89019298,0.0,Primary
LUAD,TCGA-86-7955-01,TCGA-86-7955,4.5184,35.24344939,0.0,Primary
LUAD,TCGA-86-8054-01,TCGA-86-8054,7.9927,37.74205214,0.0,Primary
LUAD,TCGA-86-8055-01,TCGA-86-8055,18.8598,4.076667653,1.0,Primary
LUAD,TCGA-86-8056-01,TCGA-86-8056,175.645,4.569812934,0.0,Primary
LUAD,TCGA-86-8073-01,TCGA-86-8073,37.8072,24.32850051,0.0,Primary
LUAD,TCGA-86-8074-01,TCGA-86-8074,43.2452,0.789032449,0.0,Primary
LUAD,TCGA-86-8075-01,TCGA-86-8075,10.5699,22.81618832,1.0,Primary
LUAD,TCGA-86-8076-01,TCGA-86-8076,162.931,32.64621758,0.0,Primary
LUAD,TCGA-86-8278-01,TCGA-86-8278,246.84,31.03527633,0.0,Primary
LUAD,TCGA-86-8279-01,TCGA-86-8279,11.5556,31.19965809,0.0,Primary
LUAD,TCGA-86-8280-01,TCGA-86-8280,33.4424,23.04632278,0.0,Primary
LUAD,TCGA-86-8281-01,TCGA-86-8281,193.941,0.0,0.0,Primary
LUAD,TCGA-86-8358-01,TCGA-86-8358,30.5032,21.46825788,0.0,Primary
LUAD,TCGA-86-8359-01,TCGA-86-8359,153.706,14.59710031,1.0,Primary
LUAD,TCGA-86-8585-01,TCGA-86-8585,27.5704,11.60535227,0.0,Primary
LUAD,TCGA-86-8668-01,TCGA-86-8668,226.935,13.90669691,0.0,Primary
LUAD,TCGA-86-8669-01,TCGA-86-8669,69.3132,30.83801821,0.0,Primary
LUAD,TCGA-86-8671-01,TCGA-86-8671,33.6134,27.58325936,0.0,Primary
LUAD,TCGA-86-8672-01,TCGA-86-8672,92.1691,0.624650689,1.0,Primary
LUAD,TCGA-86-8673-01,TCGA-86-8673,85.6306,28.33941546,0.0,Primary
LUAD,TCGA-86-8674-01,TCGA-86-8674,120.292,26.49833974,0.0,Primary
LUAD,TCGA-86-A456-01,TCGA-86-A456,50.2735,29.45721143,0.0,Primary
LUAD,TCGA-86-A4D0-01,TCGA-86-A4D0,13.0293,3.813656837,1.0,Primary
LUAD,TCGA-86-A4JF-01,TCGA-86-A4JF,14.6169,24.22987145,1.0,Primary
LUAD,TCGA-86-A4P7-01,TCGA-86-A4P7,75.9013,13.6436861,0.0,Primary
LUAD,TCGA-86-A4P8-01,TCGA-86-A4P8,187.329,26.46546339,0.0,Primary
LUAD,TCGA-91-6828-01,TCGA-91-6828,23.569,10.61906171,0.0,Primary
LUAD,TCGA-91-6829-01,TCGA-91-6829,8.2602,41.35845087,1.0,Primary
LUAD,TCGA-91-6830-01,TCGA-91-6830,91.1877,1.972581122,0.0,Primary
LUAD,TCGA-91-6831-01,TCGA-91-6831,11.5763,10.19166913,0.0,Primary
LUAD,TCGA-91-6835-01,TCGA-91-6835,36.1174,2.597231811,0.0,Primary
LUAD,TCGA-91-6836-01,TCGA-91-6836,12.7922,13.7094388,0.0,Primary
LUAD,TCGA-91-6840-01,TCGA-91-6840,133.713,12.23000296,0.0,Primary
LUAD,TCGA-91-6847-01,TCGA-91-6847,0.6854,27.68188842,0.0,Primary
LUAD,TCGA-91-6848-01,TCGA-91-6848,286.416,7.364302857,0.0,Primary
LUAD,TCGA-91-6849-01,TCGA-91-6849,3.337,1.150672321,0.0,Primary
LUAD,TCGA-91-7771-01,TCGA-91-7771,150.286,16.1751652,0.0,Primary
LUAD,TCGA-91-8496-01,TCGA-91-8496,36.3972,16.60255778,0.0,Primary
LUAD,TCGA-91-8497-01,TCGA-91-8497,252.855,14.26833679,1.0,Primary
LUAD,TCGA-91-8499-01,TCGA-91-8499,180.771,1.183548673,0.0,Primary
LUAD,TCGA-91-A4BC-01,TCGA-91-A4BC,107.05,1.44655949,0.0,Primary
LUAD,TCGA-91-A4BD-01,TCGA-91-A4BD,54.354,19.82444028,0.0,Primary
LUAD,TCGA-93-7347-01,TCGA-93-7347,98.6791,22.45454844,0.0,Primary
LUAD,TCGA-93-7348-01,TCGA-93-7348,122.844,17.45734293,0.0,Primary
LUAD,TCGA-93-8067-01,TCGA-93-8067,172.613,6.115001479,0.0,Primary
LUAD,TCGA-93-A4JN-01,TCGA-93-A4JN,76.8911,23.60522077,0.0,Primary
LUAD,TCGA-93-A4JO-01,TCGA-93-A4JO,207.113,1.084919617,1.0,Primary
LUAD,TCGA-93-A4JP-01,TCGA-93-A4JP,251.197,19.00253148,0.0,Primary
LUAD,TCGA-93-A4JQ-01,TCGA-93-A4JQ,65.388,17.29296117,0.0,Primary
LUAD,TCGA-95-7039-01,TCGA-95-7039,6.4286,41.8187198,0.0,Primary
LUAD,TCGA-95-7043-01,TCGA-95-7043,3.1354,16.53680508,1.0,Primary
LUAD,TCGA-95-7562-01,TCGA-95-7562,31.4183,2.860242628,1.0,Primary
LUAD,TCGA-95-7567-01,TCGA-95-7567,0.5626,18.67376796,0.0,Primary
LUAD,TCGA-95-7944-01,TCGA-95-7944,8.0527,12.39438472,0.0,Primary
LUAD,TCGA-95-7947-01,TCGA-95-7947,191.302,15.68201992,0.0,Primary
LUAD,TCGA-95-7948-01,TCGA-95-7948,15.4605,15.64914357,0.0,Primary
LUAD,TCGA-95-8039-01,TCGA-95-8039,234.297,27.28737219,0.0,Primary
LUAD,TCGA-95-8494-01,TCGA-95-8494,4.4614,2.761613571,0.0,Primary
LUAD,TCGA-95-A4VK-01,TCGA-95-A4VK,114.202,21.40250518,0.0,Primary
LUAD,TCGA-95-A4VN-01,TCGA-95-A4VN,37.5174,18.18062268,0.0,Primary
LUAD,TCGA-95-A4VP-01,TCGA-95-A4VP,50.8452,19.89019298,0.0,Primary
LUAD,TCGA-97-7546-01,TCGA-97-7546,45.4071,42.24611237,0.0,Primary
LUAD,TCGA-97-7547-01,TCGA-97-7547,274.428,64.60203176,0.0,Primary
LUAD,TCGA-97-7552-01,TCGA-97-7552,9641.55,63.51711214,0.0,Primary
LUAD,TCGA-97-7553-01,TCGA-97-7553,82.5962,61.47877832,0.0,Primary
LUAD,TCGA-97-7554-01,TCGA-97-7554,8.004,25.47917283,0.0,Primary
LUAD,TCGA-97-7937-01,TCGA-97-7937,0.8035,18.54226255,0.0,Primary
LUAD,TCGA-97-7938-01,TCGA-97-7938,186.707,0.591774337,1.0,Primary
LUAD,TCGA-97-7941-01,TCGA-97-7941,1468.84,15.91215439,0.0,Primary
LUAD,TCGA-97-8171-01,TCGA-97-8171,135.655,18.67376796,0.0,Primary
LUAD,TCGA-97-8172-01,TCGA-97-8172,198.73,17.91761186,0.0,Primary
LUAD,TCGA-97-8174-01,TCGA-97-8174,874.957,5.391721735,1.0,Primary
LUAD,TCGA-97-8175-01,TCGA-97-8175,13.913,18.11486997,0.0,Primary
LUAD,TCGA-97-8176-01,TCGA-97-8176,197.413,15.38613276,1.0,Primary
LUAD,TCGA-97-8177-01,TCGA-97-8177,39.8352,16.40529967,0.0,Primary
LUAD,TCGA-97-8179-01,TCGA-97-8179,43.4614,14.30121314,0.0,Primary
LUAD,TCGA-97-8547-01,TCGA-97-8547,48.2598,21.59976329,0.0,Primary
LUAD,TCGA-97-8552-01,TCGA-97-8552,218.293,20.58059638,0.0,Primary
LUAD,TCGA-97-A4LX-01,TCGA-97-A4LX,21.5556,20.18608015,0.0,Primary
LUAD,TCGA-97-A4M0-01,TCGA-97-A4M0,75.2737,21.43538153,0.0,Primary
LUAD,TCGA-97-A4M1-01,TCGA-97-A4M1,94.9584,19.75868758,0.0,Primary
LUAD,TCGA-97-A4M2-01,TCGA-97-A4M2,240.818,20.51484367,0.0,Primary
LUAD,TCGA-97-A4M3-01,TCGA-97-A4M3,84.4714,17.7532301,0.0,Primary
LUAD,TCGA-97-A4M5-01,TCGA-97-A4M5,188.024,20.84360719,0.0,Primary
LUAD,TCGA-97-A4M6-01,TCGA-97-A4M6,317.99,18.67376796,0.0,Primary
LUAD,TCGA-97-A4M7-01,TCGA-97-A4M7,36.9575,20.67922543,0.0,Primary
LUAD,TCGA-99-7458-01,TCGA-99-7458,172.805,24.55863497,0.0,Primary
LUAD,TCGA-99-8025-01,TCGA-99-8025,27.6574,34.84893316,0.0,Primary
LUAD,TCGA-99-8028-01,TCGA-99-8028,440.997,36.75576158,0.0,Primary
LUAD,TCGA-99-8032-01,TCGA-99-8032,43.8056,1.44655949,0.0,Primary
LUAD,TCGA-99-8033-01,TCGA-99-8033,105.078,21.56688694,1.0,Primary
LUAD,TCGA-99-AA5R-01,TCGA-99-AA5R,108.578,21.63263964,0.0,Primary
LUAD,TCGA-J2-8192-01,TCGA-J2-8192,15.7672,24.29562416,0.0,Primary
LUAD,TCGA-J2-8194-01,TCGA-J2-8194,316.18,23.80247888,0.0,Primary
LUAD,TCGA-J2-A4AD-01,TCGA-J2-A4AD,229.395,18.08199362,1.0,Primary
LUAD,TCGA-J2-A4AE-01,TCGA-J2-A4AE,342.79,35.47358385,0.0,Primary
LUAD,TCGA-J2-A4AG-01,TCGA-J2-A4AG,15.7591,32.48183582,0.0,Primary
LUAD,TCGA-L4-A4E5-01,TCGA-L4-A4E5,35.4949,19.00253148,0.0,Primary
LUAD,TCGA-L4-A4E6-01,TCGA-L4-A4E6,248.062,14.30121314,0.0,Primary
LUAD,TCGA-L9-A443-01,TCGA-L9-A443,520.567,6.345135944,1.0,Primary
LUAD,TCGA-L9-A444-01,TCGA-L9-A444,35.6872,10.09304008,0.0,Primary
LUAD,TCGA-L9-A50W-01,TCGA-L9-A50W,297.865,14.5313476,1.0,Primary
LUAD,TCGA-L9-A5IP-01,TCGA-L9-A5IP,166.959,1.906828418,1.0,Primary
LUAD,TCGA-L9-A743-01,TCGA-L9-A743,309.726,21.82989776,0.0,Primary
LUAD,TCGA-L9-A7SV-01,TCGA-L9-A7SV,0.7544,18.5751389,0.0,Primary
LUAD,TCGA-L9-A8F4-01,TCGA-L9-A8F4,12.1296,15.64914357,0.0,Primary
LUAD,TCGA-MN-A4N1-01,TCGA-MN-A4N1,43.2118,27.18874314,0.0,Primary
LUAD,TCGA-MN-A4N4-01,TCGA-MN-A4N4,124.441,38.62971365,0.0,Primary
LUAD,TCGA-MN-A4N5-01,TCGA-MN-A4N5,345.276,2.761613571,0.0,Primary
LUAD,TCGA-MP-A4SV-01,TCGA-MP-A4SV,30.7824,86.13604235,1.0,Primary
LUAD,TCGA-MP-A4SW-01,TCGA-MP-A4SW,94.2623,58.45415393,1.0,Primary
LUAD,TCGA-MP-A4SY-01,TCGA-MP-A4SY,30.7379,49.34740441,1.0,Primary
LUAD,TCGA-MP-A4T4-01,TCGA-MP-A4T4,72.4988,86.03741329,1.0,Primary
LUAD,TCGA-MP-A4T6-01,TCGA-MP-A4T6,279.963,58.84867015,1.0,Primary
LUAD,TCGA-MP-A4T7-01,TCGA-MP-A4T7,55.1393,5.490350791,1.0,Primary
LUAD,TCGA-MP-A4T8-01,TCGA-MP-A4T8,75.5906,5.293092678,1.0,Primary
LUAD,TCGA-MP-A4T9-01,TCGA-MP-A4T9,105.536,41.58858533,1.0,Primary
LUAD,TCGA-MP-A4TA-01,TCGA-MP-A4TA,102.199,31.23253444,1.0,Primary
LUAD,TCGA-MP-A4TC-01,TCGA-MP-A4TC,2.7298,2.432850051,1.0,Primary
LUAD,TCGA-MP-A4TD-01,TCGA-MP-A4TD,91.6708,10.09304008,1.0,Primary
LUAD,TCGA-MP-A4TE-01,TCGA-MP-A4TE,114.097,29.45721143,1.0,Primary
LUAD,TCGA-MP-A4TF-01,TCGA-MP-A4TF,27.7325,11.04645429,1.0,Primary
LUAD,TCGA-MP-A4TH-01,TCGA-MP-A4TH,534.133,24.36137686,0.0,Primary
LUAD,TCGA-MP-A4TI-01,TCGA-MP-A4TI,17.4268,14.10395503,1.0,Primary
LUAD,TCGA-MP-A4TJ-01,TCGA-MP-A4TJ,113.537,11.14508334,1.0,Primary
LUAD,TCGA-MP-A4TK-01,TCGA-MP-A4TK,22.2883,19.13403689,1.0,Primary
LUAD,TCGA-MP-A5C7-01,TCGA-MP-A5C7,378.462,73.90603939,0.0,Primary
LUAD,TCGA-NJ-A4YF-01,TCGA-NJ-A4YF,13.3657,71.04579676,0.0,Primary
LUAD,TCGA-NJ-A4YG-01,TCGA-NJ-A4YG,158.776,74.33343196,0.0,Primary
LUAD,TCGA-NJ-A4YI-01,TCGA-NJ-A4YI,90.6344,0.131505408,1.0,Primary
LUAD,TCGA-NJ-A4YP-01,TCGA-NJ-A4YP,124.492,1.643817602,0.0,Primary
LUAD,TCGA-NJ-A4YQ-01,TCGA-NJ-A4YQ,71.5631,47.07893612,0.0,Primary
LUAD,TCGA-NJ-A55A-01,TCGA-NJ-A55A,54.2005,0.493145281,0.0,Primary
LUAD,TCGA-NJ-A55O-01,TCGA-NJ-A55O,109.685,0.427392577,0.0,Primary
LUAD,TCGA-NJ-A55R-01,TCGA-NJ-A55R,37.0037,19.82444028,0.0,Primary
LUAD,TCGA-NJ-A7XG-01,TCGA-NJ-A7XG,1162.68,20.28470921,0.0,Primary
LUAD,TCGA-O1-A52J-01,TCGA-O1-A52J,132.057,59.11168097,1.0,Primary
LUAD,TCGA-S2-AA1A-01,TCGA-S2-AA1A,10507.4,16.8655686,0.0,Primary
LUSC,TCGA-18-3406-01,TCGA-18-3406,453.543,12.19712661,1.0,Primary
LUSC,TCGA-18-3407-01,TCGA-18-3407,1170.79,4.471183877,1.0,Primary
LUSC,TCGA-18-3408-01,TCGA-18-3408,157.2,75.7471151,1.0,Primary
LUSC,TCGA-18-3410-01,TCGA-18-3410,43.7214,4.799947398,1.0,Primary
LUSC,TCGA-18-3411-01,TCGA-18-3411,80.4586,117.5658349,0.0,Primary
LUSC,TCGA-18-3412-01,TCGA-18-3412,683.099,11.34234145,1.0,Primary
LUSC,TCGA-18-3414-01,TCGA-18-3414,453.757,23.53946806,1.0,Primary
LUSC,TCGA-18-3415-01,TCGA-18-3415,323.699,92.15241477,1.0,Primary
LUSC,TCGA-18-3416-01,TCGA-18-3416,4.4632,31.98869054,1.0,Primary
LUSC,TCGA-18-3417-01,TCGA-18-3417,18.412,36.06535819,1.0,Primary
LUSC,TCGA-18-3419-01,TCGA-18-3419,3644.25,92.41542558,0.0,Primary
LUSC,TCGA-18-3421-01,TCGA-18-3421,1537.41,86.95795115,0.0,Primary
LUSC,TCGA-18-4083-01,TCGA-18-4083,169.47,6.180754184,1.0,Primary
LUSC,TCGA-18-4086-01,TCGA-18-4086,158.007,2.794489923,1.0,Primary
LUSC,TCGA-18-4721-01,TCGA-18-4721,18.797,154.3215965,0.0,Primary
LUSC,TCGA-18-5592-01,TCGA-18-5592,178.979,49.93917875,0.0,Primary
LUSC,TCGA-21-1071-01,TCGA-21-1071,63.3935,46.88167801,1.0,Primary
LUSC,TCGA-21-1072-01,TCGA-21-1072,147.494,99.15507775,0.0,Primary
LUSC,TCGA-21-1075-01,TCGA-21-1075,43.4164,70.15813525,0.0,Primary
LUSC,TCGA-21-1076-01,TCGA-21-1076,250.099,60.88700398,0.0,Primary
LUSC,TCGA-21-1079-01,TCGA-21-1079,92.745,31.72567972,1.0,Primary
LUSC,TCGA-21-1080-01,TCGA-21-1080,1814.31,122.431535,0.0,Primary
LUSC,TCGA-21-1081-01,TCGA-21-1081,691.573,9.336883979,1.0,Primary
LUSC,TCGA-21-1082-01,TCGA-21-1082,739.523,119.8014268,0.0,Primary
LUSC,TCGA-21-5782-01,TCGA-21-5782,582.023,31.62705066,1.0,Primary
LUSC,TCGA-21-5783-01,TCGA-21-5783,122.511,88.10862347,1.0,Primary
LUSC,TCGA-21-5784-01,TCGA-21-5784,3356.41,41.68721439,0.0,Primary
LUSC,TCGA-21-5786-01,TCGA-21-5786,64.9722,33.92839531,0.0,Primary
LUSC,TCGA-21-5787-01,TCGA-21-5787,67.617,10.81631982,1.0,Primary
LUSC,TCGA-22-0940-01,TCGA-22-0940,655.946,21.99427952,1.0,Primary
LUSC,TCGA-22-0944-01,TCGA-22-0944,215.529,7.331426505,1.0,Primary
LUSC,TCGA-22-1000-01,TCGA-22-1000,248.81,14.92586383,1.0,Primary
LUSC,TCGA-22-1002-01,TCGA-22-1002,4885.98,4.306802117,1.0,Primary
LUSC,TCGA-22-1005-01,TCGA-22-1005,936.015,64.20751553,1.0,Primary
LUSC,TCGA-22-1011-01,TCGA-22-1011,1660.06,1.742446658,1.0,Primary
LUSC,TCGA-22-1012-01,TCGA-22-1012,170.284,14.10395503,1.0,Primary
LUSC,TCGA-22-1016-01,TCGA-22-1016,198.144,27.02436138,1.0,Primary
LUSC,TCGA-22-1017-01,TCGA-22-1017,485.012,48.82138278,1.0,Primary
LUSC,TCGA-22-4591-01,TCGA-22-4591,96.5665,20.48196732,1.0,Primary
LUSC,TCGA-22-4593-01,TCGA-22-4593,109.188,35.07906763,1.0,Primary
LUSC,TCGA-22-4594-01,TCGA-22-4594,1.749,48.3282375,1.0,Primary
LUSC,TCGA-22-4595-01,TCGA-22-4595,38.5777,24.1312424,1.0,Primary
LUSC,TCGA-22-4596-01,TCGA-22-4596,206.797,0.558897985,1.0,Primary
LUSC,TCGA-22-4599-01,TCGA-22-4599,29.9925,38.16944472,1.0,Primary
LUSC,TCGA-22-4601-01,TCGA-22-4601,99.0099,34.75030411,1.0,Primary
LUSC,TCGA-22-4604-01,TCGA-22-4604,298.773,13.11766446,1.0,Primary
LUSC,TCGA-22-4605-01,TCGA-22-4605,453.214,32.02156689,1.0,Primary
LUSC,TCGA-22-4607-01,TCGA-22-4607,125.978,19.29841865,1.0,Primary
LUSC,TCGA-22-4609-01,TCGA-22-4609,269.583,9.567018444,1.0,Primary
LUSC,TCGA-22-4613-01,TCGA-22-4613,53.9823,11.76973403,1.0,Primary
LUSC,TCGA-22-5471-01,TCGA-22-5471,136.74,60.65686951,0.0,Primary
LUSC,TCGA-22-5472-01,TCGA-22-5472,1417.1,64.93079528,1.0,Primary
LUSC,TCGA-22-5473-01,TCGA-22-5473,146.613,63.54998849,1.0,Primary
LUSC,TCGA-22-5474-01,TCGA-22-5474,461.454,14.62997666,1.0,Primary
LUSC,TCGA-22-5477-01,TCGA-22-5477,54.8479,44.25156985,1.0,Primary
LUSC,TCGA-22-5478-01,TCGA-22-5478,75.5462,0.789032449,1.0,Primary
LUSC,TCGA-22-5479-01,TCGA-22-5479,221.951,86.30042411,1.0,Primary
LUSC,TCGA-22-5480-01,TCGA-22-5480,37.5843,71.34168393,1.0,Primary
LUSC,TCGA-22-5481-01,TCGA-22-5481,38.4981,79.19913206,1.0,Primary
LUSC,TCGA-22-5482-01,TCGA-22-5482,365.907,11.73685768,1.0,Primary
LUSC,TCGA-22-5483-01,TCGA-22-5483,3.0829,18.83814972,1.0,Primary
LUSC,TCGA-22-5485-01,TCGA-22-5485,136.15,30.11473847,1.0,Primary
LUSC,TCGA-22-5489-01,TCGA-22-5489,59.1809,62.8595851,1.0,Primary
LUSC,TCGA-22-5491-01,TCGA-22-5491,263.955,56.31719104,1.0,Primary
LUSC,TCGA-22-5492-01,TCGA-22-5492,837.86,16.63543413,1.0,Primary
LUSC,TCGA-22-A5C4-01,TCGA-22-A5C4,1114.31,22.06003222,0.0,Primary
LUSC,TCGA-33-4532-01,TCGA-33-4532,260.304,129.0068054,1.0,Primary
LUSC,TCGA-33-4533-01,TCGA-33-4533,178.835,133.7410001,0.0,Primary
LUSC,TCGA-33-4538-01,TCGA-33-4538,321.858,97.93865273,1.0,Primary
LUSC,TCGA-33-4547-01,TCGA-33-4547,393.672,79.52789559,0.0,Primary
LUSC,TCGA-33-4566-01,TCGA-33-4566,9.1093,173.8172732,1.0,Primary
LUSC,TCGA-33-4582-01,TCGA-33-4582,25.2726,103.5276326,1.0,Primary
LUSC,TCGA-33-4583-01,TCGA-33-4583,192.978,151.2640957,1.0,Primary
LUSC,TCGA-33-4586-01,TCGA-33-4586,71.0909,14.07107867,1.0,Primary
LUSC,TCGA-33-4587-01,TCGA-33-4587,70.6071,54.44323898,1.0,Primary
LUSC,TCGA-33-4589-01,TCGA-33-4589,208.308,1.545188546,1.0,Primary
LUSC,TCGA-33-6738-01,TCGA-33-6738,65.0305,63.35273038,0.0,Primary
LUSC,TCGA-33-A4WN-01,TCGA-33-A4WN,752.4,4.701318342,1.0,Primary
LUSC,TCGA-33-A5GW-01,TCGA-33-A5GW,3704.82,0.295887168,1.0,Primary
LUSC,TCGA-33-AAS8-01,TCGA-33-AAS8,191.612,36.62425617,1.0,Primary
LUSC,TCGA-33-AASB-01,TCGA-33-AASB,104.83,6.93691028,1.0,Primary
LUSC,TCGA-33-AASD-01,TCGA-33-AASD,179.821,110.9905645,1.0,Primary
LUSC,TCGA-33-AASI-01,TCGA-33-AASI,364.592,44.18581714,1.0,Primary
LUSC,TCGA-33-AASJ-01,TCGA-33-AASJ,326.521,118.3548673,1.0,Primary
LUSC,TCGA-33-AASL-01,TCGA-33-AASL,866.925,27.15586679,1.0,Primary
LUSC,TCGA-34-2596-01,TCGA-34-2596,201.107,2.630108163,1.0,Primary
LUSC,TCGA-34-2600-01,TCGA-34-2600,394.769,61.61028372,1.0,Primary
LUSC,TCGA-34-2608-01,TCGA-34-2608,246.154,32.87635204,1.0,Primary
LUSC,TCGA-34-5231-01,TCGA-34-5231,160.771,65.22668245,1.0,Primary
LUSC,TCGA-34-5232-01,TCGA-34-5232,1535.57,81.23746589,0.0,Primary
LUSC,TCGA-34-5234-01,TCGA-34-5234,243.763,74.66219548,0.0,Primary
LUSC,TCGA-34-5236-01,TCGA-34-5236,123.305,9.073873163,1.0,Primary
LUSC,TCGA-34-5239-01,TCGA-34-5239,31.7965,60.29522964,0.0,Primary
LUSC,TCGA-34-5240-01,TCGA-34-5240,87.1776,50.66245849,0.0,Primary
LUSC,TCGA-34-5241-01,TCGA-34-5241,552.086,16.9313213,1.0,Primary
LUSC,TCGA-34-5927-01,TCGA-34-5927,343.946,44.74471513,0.0,Primary
LUSC,TCGA-34-5928-01,TCGA-34-5928,369.918,39.32011704,0.0,Primary
LUSC,TCGA-34-5929-01,TCGA-34-5929,204.464,4.964329158,1.0,Primary
LUSC,TCGA-34-7107-01,TCGA-34-7107,123.92,1.117795969,1.0,Primary
LUSC,TCGA-34-8454-01,TCGA-34-8454,294.798,38.79409541,0.0,Primary
LUSC,TCGA-34-8455-01,TCGA-34-8455,1790.99,4.043791301,1.0,Primary
LUSC,TCGA-34-8456-01,TCGA-34-8456,191.908,26.43258704,0.0,Primary
LUSC,TCGA-34-A5IX-01,TCGA-34-A5IX,432.995,33.89551895,0.0,Primary
LUSC,TCGA-37-3783-01,TCGA-37-3783,71.3919,4.010914949,0.0,Primary
LUSC,TCGA-37-3789-01,TCGA-37-3789,341.085,0.427392577,0.0,Primary
LUSC,TCGA-37-3792-01,TCGA-37-3792,10.7362,0.394516225,0.0,Primary
LUSC,TCGA-37-4129-01,TCGA-37-4129,14.0237,7.956077194,0.0,Primary
LUSC,TCGA-37-4130-01,TCGA-37-4130,43.1899,8.120458954,0.0,Primary
LUSC,TCGA-37-4132-01,TCGA-37-4132,1.7833,7.462931913,0.0,Primary
LUSC,TCGA-37-4133-01,TCGA-37-4133,80.9362,7.824571786,0.0,Primary
LUSC,TCGA-37-4135-01,TCGA-37-4135,43.3873,6.805404872,0.0,Primary
LUSC,TCGA-37-4141-01,TCGA-37-4141,13.9949,0.394516225,0.0,Primary
LUSC,TCGA-37-5819-01,TCGA-37-5819,17.0132,3.38626426,0.0,Primary
LUSC,TCGA-37-A5EL-01,TCGA-37-A5EL,680.894,37.57767038,1.0,Primary
LUSC,TCGA-37-A5EN-01,TCGA-37-A5EN,310.0,21.69839235,0.0,Primary
LUSC,TCGA-39-5011-01,TCGA-39-5011,5.3289,133.2478548,0.0,Primary
LUSC,TCGA-39-5016-01,TCGA-39-5016,88.9286,126.5739554,0.0,Primary
LUSC,TCGA-39-5019-01,TCGA-39-5019,121.401,111.3522044,0.0,Primary
LUSC,TCGA-39-5021-01,TCGA-39-5021,70.2848,68.58007036,1.0,Primary
LUSC,TCGA-39-5022-01,TCGA-39-5022,148.446,55.19939508,1.0,Primary
LUSC,TCGA-39-5024-01,TCGA-39-5024,5332.59,82.51964362,0.0,Primary
LUSC,TCGA-39-5027-01,TCGA-39-5027,285.159,102.1797021,0.0,Primary
LUSC,TCGA-39-5028-01,TCGA-39-5028,240.2,1.709570306,1.0,Primary
LUSC,TCGA-39-5029-01,TCGA-39-5029,2412.91,24.32850051,1.0,Primary
LUSC,TCGA-39-5030-01,TCGA-39-5030,77.7418,1.93970477,1.0,Primary
LUSC,TCGA-39-5031-01,TCGA-39-5031,223.548,60.52536411,1.0,Primary
LUSC,TCGA-39-5034-01,TCGA-39-5034,3.5971,36.39412171,1.0,Primary
LUSC,TCGA-39-5035-01,TCGA-39-5035,179.292,68.38281224,0.0,Primary
LUSC,TCGA-39-5036-01,TCGA-39-5036,68.1914,71.17730217,0.0,Primary
LUSC,TCGA-39-5037-01,TCGA-39-5037,103.463,55.56103495,0.0,Primary
LUSC,TCGA-39-5039-01,TCGA-39-5039,1413.42,17.88473551,1.0,Primary
LUSC,TCGA-39-5040-01,TCGA-39-5040,7.4488,17.06282671,1.0,Primary
LUSC,TCGA-43-2576-01,TCGA-43-2576,287.415,40.20777855,0.0,Primary
LUSC,TCGA-43-2578-01,TCGA-43-2578,48.0696,22.4874248,1.0,Primary
LUSC,TCGA-43-2581-01,TCGA-43-2581,77.7538,38.66259,0.0,Primary
LUSC,TCGA-43-3394-01,TCGA-43-3394,83.6596,39.12285893,1.0,Primary
LUSC,TCGA-43-3920-01,TCGA-43-3920,286.596,33.1064865,0.0,Primary
LUSC,TCGA-43-5668-01,TCGA-43-5668,2.6373,18.37788079,1.0,Primary
LUSC,TCGA-43-5670-01,TCGA-43-5670,187.881,27.91202288,0.0,Primary
LUSC,TCGA-43-6143-01,TCGA-43-6143,176.647,22.98057008,0.0,Primary
LUSC,TCGA-43-6647-01,TCGA-43-6647,510.718,24.88739849,0.0,Primary
LUSC,TCGA-43-6770-01,TCGA-43-6770,172.439,21.46825788,0.0,Primary
LUSC,TCGA-43-6771-01,TCGA-43-6771,327.174,5.457474439,1.0,Primary
LUSC,TCGA-43-6773-01,TCGA-43-6773,92.0296,3.813656837,1.0,Primary
LUSC,TCGA-43-7656-01,TCGA-43-7656,76.7145,19.59430582,0.0,Primary
LUSC,TCGA-43-7657-01,TCGA-43-7657,64.8363,7.758819081,0.0,Primary
LUSC,TCGA-43-7658-01,TCGA-43-7658,247.093,78.17996515,1.0,Primary
LUSC,TCGA-43-8115-01,TCGA-43-8115,101.997,13.38067528,0.0,Primary
LUSC,TCGA-43-8116-01,TCGA-43-8116,72.0141,11.76973403,0.0,Primary
LUSC,TCGA-43-8118-01,TCGA-43-8118,211.255,2.925995332,1.0,Primary
LUSC,TCGA-43-A474-01,TCGA-43-A474,250.0,11.60535227,0.0,Primary
LUSC,TCGA-43-A475-01,TCGA-43-A475,439.778,9.731400204,0.0,Primary
LUSC,TCGA-43-A56U-01,TCGA-43-A56U,1012.73,14.20258408,0.0,Primary
LUSC,TCGA-43-A56V-01,TCGA-43-A56V,424.797,12.03274485,0.0,Primary
LUSC,TCGA-46-3765-01,TCGA-46-3765,32.5815,13.31492258,0.0,Primary
LUSC,TCGA-46-3766-01,TCGA-46-3766,76.5273,12.16425026,0.0,Primary
LUSC,TCGA-46-3767-01,TCGA-46-3767,318.176,13.01903541,0.0,Primary
LUSC,TCGA-46-3768-01,TCGA-46-3768,52.4601,9.83002926,1.0,Primary
LUSC,TCGA-46-3769-01,TCGA-46-3769,39.4783,4.438307525,0.0,Primary
LUSC,TCGA-46-6025-01,TCGA-46-6025,185.389,10.65193806,0.0,Primary
LUSC,TCGA-46-6026-01,TCGA-46-6026,285.735,13.90669691,0.0,Primary
LUSC,TCGA-51-4079-01,TCGA-51-4079,627.923,0.394516225,1.0,Primary
LUSC,TCGA-51-4080-01,TCGA-51-4080,120.297,0.394516225,1.0,Primary
LUSC,TCGA-51-4081-01,TCGA-51-4081,517.998,29.95035671,0.0,Primary
LUSC,TCGA-52-7622-01,TCGA-52-7622,228.085,28.33941546,0.0,Primary
LUSC,TCGA-52-7809-01,TCGA-52-7809,407.839,5.457474439,1.0,Primary
LUSC,TCGA-52-7810-01,TCGA-52-7810,149.824,30.34487293,0.0,Primary
LUSC,TCGA-52-7811-01,TCGA-52-7811,862.249,8.745109643,1.0,Primary
LUSC,TCGA-52-7812-01,TCGA-52-7812,25.9792,27.45175395,1.0,Primary
LUSC,TCGA-56-1622-01,TCGA-56-1622,622.824,28.96406615,1.0,Primary
LUSC,TCGA-56-5897-01,TCGA-56-5897,1379.57,12.42726107,0.0,Primary
LUSC,TCGA-56-5898-01,TCGA-56-5898,307.874,18.24637538,0.0,Primary
LUSC,TCGA-56-6545-01,TCGA-56-6545,90.9091,21.89565046,0.0,Primary
LUSC,TCGA-56-6546-01,TCGA-56-6546,20.348,,0.0,Primary
LUSC,TCGA-56-7221-01,TCGA-56-7221,886.031,19.98882204,0.0,Primary
LUSC,TCGA-56-7222-01,TCGA-56-7222,284.516,18.47650985,1.0,Primary
LUSC,TCGA-56-7223-01,TCGA-56-7223,23.6967,14.5313476,1.0,Primary
LUSC,TCGA-56-7579-01,TCGA-56-7579,470.123,31.26541079,1.0,Primary
LUSC,TCGA-56-7580-01,TCGA-56-7580,159.42,30.41062564,0.0,Primary
LUSC,TCGA-56-7582-01,TCGA-56-7582,179.775,19.75868758,0.0,Primary
LUSC,TCGA-56-7730-01,TCGA-56-7730,146.592,6.509517704,1.0,Primary
LUSC,TCGA-56-7731-01,TCGA-56-7731,189.535,0.098629056,1.0,Primary
LUSC,TCGA-56-7822-01,TCGA-56-7822,2490.22,17.49021929,1.0,Primary
LUSC,TCGA-56-7823-01,TCGA-56-7823,144.225,33.23799191,0.0,Primary
LUSC,TCGA-56-8082-01,TCGA-56-8082,842.91,14.95874018,0.0,Primary
LUSC,TCGA-56-8083-01,TCGA-56-8083,359.464,4.931452806,0.0,Primary
LUSC,TCGA-56-8201-01,TCGA-56-8201,7.9376,13.05191176,1.0,Primary
LUSC,TCGA-56-8304-01,TCGA-56-8304,747.44,3.484893316,0.0,Primary
LUSC,TCGA-56-8305-01,TCGA-56-8305,418.653,3.452016964,0.0,Primary
LUSC,TCGA-56-8307-01,TCGA-56-8307,97.3612,26.89285597,0.0,Primary
LUSC,TCGA-56-8308-01,TCGA-56-8308,314.007,16.99707401,0.0,Primary
LUSC,TCGA-56-8309-01,TCGA-56-8309,372.003,14.07107867,0.0,Primary
LUSC,TCGA-56-8503-01,TCGA-56-8503,3637.42,1.347930434,0.0,Primary
LUSC,TCGA-56-8504-01,TCGA-56-8504,1018.5,16.76693954,0.0,Primary
LUSC,TCGA-56-8622-01,TCGA-56-8622,270.507,1.808199362,0.0,Primary
LUSC,TCGA-56-8623-01,TCGA-56-8623,150.876,22.75043561,1.0,Primary
LUSC,TCGA-56-8624-01,TCGA-56-8624,348.361,13.80806786,0.0,Primary
LUSC,TCGA-56-8625-01,TCGA-56-8625,81.3648,10.35605089,1.0,Primary
LUSC,TCGA-56-8626-01,TCGA-56-8626,381.668,9.928658316,1.0,Primary
LUSC,TCGA-56-8628-01,TCGA-56-8628,315.776,20.25183286,0.0,Primary
LUSC,TCGA-56-8629-01,TCGA-56-8629,64.1342,15.81352533,0.0,Primary
LUSC,TCGA-56-A49D-01,TCGA-56-A49D,519.542,20.94223625,0.0,Primary
LUSC,TCGA-56-A4BW-01,TCGA-56-A4BW,1850.52,19.23266594,0.0,Primary
LUSC,TCGA-56-A4BX-01,TCGA-56-A4BX,866.304,13.31492258,0.0,Primary
LUSC,TCGA-56-A4BY-01,TCGA-56-A4BY,573.371,17.85185916,1.0,Primary
LUSC,TCGA-56-A4ZJ-01,TCGA-56-A4ZJ,847.564,21.04086531,0.0,Primary
LUSC,TCGA-56-A4ZK-01,TCGA-56-A4ZK,495.327,18.73952066,0.0,Primary
LUSC,TCGA-56-A5DR-01,TCGA-56-A5DR,2920.52,0.131505408,0.0,Primary
LUSC,TCGA-56-A5DS-01,TCGA-56-A5DS,2193.6,0.263010816,0.0,Primary
LUSC,TCGA-56-A62T-01,TCGA-56-A62T,25.8408,14.4655949,0.0,Primary
LUSC,TCGA-58-8386-01,TCGA-58-8386,290.894,0.032876352,1.0,Primary
LUSC,TCGA-58-8387-01,TCGA-58-8387,44.9846,13.24916987,1.0,Primary
LUSC,TCGA-58-8388-01,TCGA-58-8388,315.314,13.54505704,1.0,Primary
LUSC,TCGA-58-8390-01,TCGA-58-8390,98.4888,29.95035671,0.0,Primary
LUSC,TCGA-58-8391-01,TCGA-58-8391,99.1511,71.24305487,0.0,Primary
LUSC,TCGA-58-8392-01,TCGA-58-8392,455.303,16.47105237,1.0,Primary
LUSC,TCGA-58-8393-01,TCGA-58-8393,347.089,34.78318046,0.0,Primary
LUSC,TCGA-58-A46J-01,TCGA-58-A46J,327.983,85.11687543,0.0,Primary
LUSC,TCGA-58-A46K-01,TCGA-58-A46K,137.628,34.35578788,1.0,Primary
LUSC,TCGA-58-A46L-01,TCGA-58-A46L,738.434,56.64595457,0.0,Primary
LUSC,TCGA-58-A46M-01,TCGA-58-A46M,90.8578,35.24344939,0.0,Primary
LUSC,TCGA-58-A46N-01,TCGA-58-A46N,274.565,29.91748036,0.0,Primary
LUSC,TCGA-60-2695-01,TCGA-60-2695,76.3535,21.10661801,0.0,Primary
LUSC,TCGA-60-2697-01,TCGA-60-2697,283.731,12.23000296,1.0,Primary
LUSC,TCGA-60-2698-01,TCGA-60-2698,450.565,10.22454548,1.0,Primary
LUSC,TCGA-60-2703-01,TCGA-60-2703,27.8373,96.82085676,1.0,Primary
LUSC,TCGA-60-2704-01,TCGA-60-2704,108.311,37.93931025,1.0,Primary
LUSC,TCGA-60-2706-01,TCGA-60-2706,161.316,92.71131275,0.0,Primary
LUSC,TCGA-60-2707-01,TCGA-60-2707,18289.8,21.92852681,1.0,Primary
LUSC,TCGA-60-2708-01,TCGA-60-2708,42.1687,80.44843344,0.0,Primary
LUSC,TCGA-60-2709-01,TCGA-60-2709,136.93,49.47890982,0.0,Primary
LUSC,TCGA-60-2710-01,TCGA-60-2710,289.256,66.54173653,0.0,Primary
LUSC,TCGA-60-2711-01,TCGA-60-2711,145.115,41.42420357,0.0,Primary
LUSC,TCGA-60-2713-01,TCGA-60-2713,131.954,56.90896538,0.0,Primary
LUSC,TCGA-60-2714-01,TCGA-60-2714,23.5014,50.33369497,0.0,Primary
LUSC,TCGA-60-2716-01,TCGA-60-2716,6157.92,48.49261926,0.0,Primary
LUSC,TCGA-60-2719-01,TCGA-60-2719,851.012,42.6406286,0.0,Primary
LUSC,TCGA-60-2720-01,TCGA-60-2720,70.127,3.189006148,0.0,Primary
LUSC,TCGA-60-2721-01,TCGA-60-2721,2248.67,32.31745406,0.0,Primary
LUSC,TCGA-60-2722-01,TCGA-60-2722,391.979,29.85172765,0.0,Primary
LUSC,TCGA-60-2723-01,TCGA-60-2723,30.9781,35.90097643,0.0,Primary
LUSC,TCGA-60-2724-01,TCGA-60-2724,1528.26,23.57234441,0.0,Primary
LUSC,TCGA-60-2725-01,TCGA-60-2725,477.247,26.82710327,0.0,Primary
LUSC,TCGA-60-2726-01,TCGA-60-2726,396.265,11.76973403,1.0,Primary
LUSC,TCGA-63-5128-01,TCGA-63-5128,424.168,,1.0,Primary
LUSC,TCGA-63-5131-01,TCGA-63-5131,2186.25,,1.0,Primary
LUSC,TCGA-63-6202-01,TCGA-63-6202,379.476,52.66791597,0.0,Primary
LUSC,TCGA-63-7020-01,TCGA-63-7020,256.226,70.1252589,0.0,Primary
LUSC,TCGA-63-7021-01,TCGA-63-7021,2033.48,70.42114607,0.0,Primary
LUSC,TCGA-63-7022-01,TCGA-63-7022,84.2717,68.15267778,0.0,Primary
LUSC,TCGA-63-7023-01,TCGA-63-7023,422.125,55.29802413,0.0,Primary
LUSC,TCGA-63-A5M9-01,TCGA-63-A5M9,137.552,0.0,0.0,Primary
LUSC,TCGA-63-A5MB-01,TCGA-63-A5MB,195.291,102.6728474,0.0,Primary
LUSC,TCGA-63-A5MG-01,TCGA-63-A5MG,4089.25,70.61840418,0.0,Primary
LUSC,TCGA-63-A5MH-01,TCGA-63-A5MH,257.52,66.60748923,0.0,Primary
LUSC,TCGA-63-A5MI-01,TCGA-63-A5MI,140.437,58.65141204,0.0,Primary
LUSC,TCGA-63-A5MJ-01,TCGA-63-A5MJ,6.2696,59.96646612,0.0,Primary
LUSC,TCGA-63-A5ML-01,TCGA-63-A5ML,155.763,45.56662393,0.0,Primary
LUSC,TCGA-63-A5MM-01,TCGA-63-A5MM,111.815,14.99161653,1.0,Primary
LUSC,TCGA-63-A5MN-01,TCGA-63-A5MN,362.416,11.34234145,1.0,Primary
LUSC,TCGA-63-A5MP-01,TCGA-63-A5MP,685.531,25.28191472,0.0,Primary
LUSC,TCGA-63-A5MR-01,TCGA-63-A5MR,1748.85,89.29217214,0.0,Primary
LUSC,TCGA-63-A5MS-01,TCGA-63-A5MS,191.464,78.27859421,0.0,Primary
LUSC,TCGA-63-A5MT-01,TCGA-63-A5MT,100.966,16.37242332,0.0,Primary
LUSC,TCGA-63-A5MU-01,TCGA-63-A5MU,740.668,,1.0,Primary
LUSC,TCGA-63-A5MV-01,TCGA-63-A5MV,453.973,36.16398724,0.0,Primary
LUSC,TCGA-63-A5MW-01,TCGA-63-A5MW,234.171,53.88434099,0.0,Primary
LUSC,TCGA-63-A5MY-01,TCGA-63-A5MY,443.366,34.58592235,0.0,Primary
LUSC,TCGA-66-2727-01,TCGA-66-2727,51.0182,16.96419765,1.0,Primary
LUSC,TCGA-66-2734-01,TCGA-66-2734,913.074,43.10089752,0.0,Primary
LUSC,TCGA-66-2737-01,TCGA-66-2737,229.452,2.005457474,0.0,Primary
LUSC,TCGA-66-2742-01,TCGA-66-2742,147.782,21.07374166,0.0,Primary
LUSC,TCGA-66-2744-01,TCGA-66-2744,227.335,0.986290561,0.0,Primary
LUSC,TCGA-66-2753-01,TCGA-66-2753,153.122,1.019166913,0.0,Primary
LUSC,TCGA-66-2754-01,TCGA-66-2754,1.363,2.005457474,0.0,Primary
LUSC,TCGA-66-2755-01,TCGA-66-2755,16.72,0.920537857,0.0,Primary
LUSC,TCGA-66-2756-01,TCGA-66-2756,5.4348,0.986290561,0.0,Primary
LUSC,TCGA-66-2757-01,TCGA-66-2757,101.313,43.98855903,1.0,Primary
LUSC,TCGA-66-2758-01,TCGA-66-2758,104.613,21.00798895,0.0,Primary
LUSC,TCGA-66-2759-01,TCGA-66-2759,286.556,25.05178025,0.0,Primary
LUSC,TCGA-66-2763-01,TCGA-66-2763,4004.21,0.986290561,0.0,Primary
LUSC,TCGA-66-2765-01,TCGA-66-2765,172.22,2.005457474,0.0,Primary
LUSC,TCGA-66-2766-01,TCGA-66-2766,115.293,1.019166913,0.0,Primary
LUSC,TCGA-66-2767-01,TCGA-66-2767,210.447,2.005457474,0.0,Primary
LUSC,TCGA-66-2768-01,TCGA-66-2768,566.254,2.005457474,0.0,Primary
LUSC,TCGA-66-2769-01,TCGA-66-2769,25.7283,7.068415689,1.0,Primary
LUSC,TCGA-66-2770-01,TCGA-66-2770,759.297,23.01344643,0.0,Primary
LUSC,TCGA-66-2771-01,TCGA-66-2771,2019.23,19.00253148,0.0,Primary
LUSC,TCGA-66-2773-01,TCGA-66-2773,421.803,3.024624388,1.0,Primary
LUSC,TCGA-66-2777-01,TCGA-66-2777,197.999,2.005457474,0.0,Primary
LUSC,TCGA-66-2778-01,TCGA-66-2778,199.16,19.00253148,0.0,Primary
LUSC,TCGA-66-2780-01,TCGA-66-2780,533.722,12.03274485,1.0,Primary
LUSC,TCGA-66-2781-01,TCGA-66-2781,112.79,3.978038597,0.0,Primary
LUSC,TCGA-66-2782-01,TCGA-66-2782,105.251,11.9998685,1.0,Primary
LUSC,TCGA-66-2783-01,TCGA-66-2783,169.255,24.9531512,0.0,Primary
LUSC,TCGA-66-2785-01,TCGA-66-2785,17.9226,1.972581122,0.0,Primary
LUSC,TCGA-66-2786-01,TCGA-66-2786,862.305,25.97231811,0.0,Primary
LUSC,TCGA-66-2787-01,TCGA-66-2787,16.7526,40.01052043,0.0,Primary
LUSC,TCGA-66-2788-01,TCGA-66-2788,550.271,22.98057008,0.0,Primary
LUSC,TCGA-66-2789-01,TCGA-66-2789,302.951,4.043791301,1.0,Primary
LUSC,TCGA-66-2790-01,TCGA-66-2790,426.905,22.98057008,0.0,Primary
LUSC,TCGA-66-2791-01,TCGA-66-2791,61.7476,5.030081862,1.0,Primary
LUSC,TCGA-66-2792-01,TCGA-66-2792,194.043,30.01610941,0.0,Primary
LUSC,TCGA-66-2793-01,TCGA-66-2793,136.691,10.06016372,1.0,Primary
LUSC,TCGA-66-2794-01,TCGA-66-2794,41.1846,54.08159911,0.0,Primary
LUSC,TCGA-66-2795-01,TCGA-66-2795,33.9676,4.010914949,0.0,Primary
LUSC,TCGA-66-2800-01,TCGA-66-2800,36.044,49.05151724,0.0,Primary
LUSC,TCGA-68-7755-01,TCGA-68-7755,181.804,2.728737219,0.0,Primary
LUSC,TCGA-68-7756-01,TCGA-68-7756,471.795,6.641023112,0.0,Primary
LUSC,TCGA-68-7757-01,TCGA-68-7757,5095.94,6.93691028,0.0,Primary
LUSC,TCGA-68-8250-01,TCGA-68-8250,695.958,8.021829898,0.0,Primary
LUSC,TCGA-68-8251-01,TCGA-68-8251,31.3152,13.34779893,0.0,Primary
LUSC,TCGA-68-A59I-01,TCGA-68-A59I,122.668,16.1751652,0.0,Primary
LUSC,TCGA-68-A59J-01,TCGA-68-A59J,683.905,14.72860571,0.0,Primary
LUSC,TCGA-6A-AB49-01,TCGA-6A-AB49,120.041,,1.0,Primary
LUSC,TCGA-70-6722-01,TCGA-70-6722,53.7099,12.0656212,0.0,Primary
LUSC,TCGA-70-6723-01,TCGA-70-6723,377.676,12.32863202,0.0,Primary
LUSC,TCGA-77-6842-01,TCGA-77-6842,908.662,29.55584048,1.0,Primary
LUSC,TCGA-77-6843-01,TCGA-77-6843,222.814,73.11700694,1.0,Primary
LUSC,TCGA-77-6844-01,TCGA-77-6844,2356.55,75.08958806,1.0,Primary
LUSC,TCGA-77-6845-01,TCGA-77-6845,111.886,23.27645724,1.0,Primary
LUSC,TCGA-77-7138-01,TCGA-77-7138,88.1101,11.17795969,1.0,Primary
LUSC,TCGA-77-7139-01,TCGA-77-7139,176.575,140.086136,0.0,Primary
LUSC,TCGA-77-7140-01,TCGA-77-7140,306.05,20.77785449,1.0,Primary
LUSC,TCGA-77-7141-01,TCGA-77-7141,150.217,0.493145281,0.0,Primary
LUSC,TCGA-77-7142-01,TCGA-77-7142,197.066,73.21563599,0.0,Primary
LUSC,TCGA-77-7335-01,TCGA-77-7335,166.151,70.1252589,1.0,Primary
LUSC,TCGA-77-7337-01,TCGA-77-7337,69.5356,106.9467732,1.0,Primary
LUSC,TCGA-77-7338-01,TCGA-77-7338,244.42,0.16438176,1.0,Primary
LUSC,TCGA-77-7463-01,TCGA-77-7463,112.459,46.78304895,1.0,Primary
LUSC,TCGA-77-7465-01,TCGA-77-7465,236.665,32.54758852,0.0,Primary
LUSC,TCGA-77-8007-01,TCGA-77-8007,1.8677,6.509517704,1.0,Primary
LUSC,TCGA-77-8008-01,TCGA-77-8008,1512.33,86.76069303,1.0,Primary
LUSC,TCGA-77-8009-01,TCGA-77-8009,46.1019,55.72541671,1.0,Primary
LUSC,TCGA-77-8128-01,TCGA-77-8128,138.338,37.80780485,1.0,Primary
LUSC,TCGA-77-8130-01,TCGA-77-8130,216.428,156.6558175,0.0,Primary
LUSC,TCGA-77-8131-01,TCGA-77-8131,119.806,12.59164283,1.0,Primary
LUSC,TCGA-77-8133-01,TCGA-77-8133,379.891,53.91721735,1.0,Primary
LUSC,TCGA-77-8136-01,TCGA-77-8136,1166.25,39.08998258,1.0,Primary
LUSC,TCGA-77-8138-01,TCGA-77-8138,67.4866,17.72035375,1.0,Primary
LUSC,TCGA-77-8139-01,TCGA-77-8139,423.339,104.0865306,0.0,Primary
LUSC,TCGA-77-8140-01,TCGA-77-8140,140.311,11.53959957,1.0,Primary
LUSC,TCGA-77-8143-01,TCGA-77-8143,1007.45,26.39971069,1.0,Primary
LUSC,TCGA-77-8144-01,TCGA-77-8144,197.502,27.38600125,0.0,Primary
LUSC,TCGA-77-8145-01,TCGA-77-8145,135.021,6.969786633,1.0,Primary
LUSC,TCGA-77-8148-01,TCGA-77-8148,486.686,66.50886018,0.0,Primary
LUSC,TCGA-77-8150-01,TCGA-77-8150,312.263,54.41036263,1.0,Primary
LUSC,TCGA-77-8153-01,TCGA-77-8153,173.711,65.48969326,0.0,Primary
LUSC,TCGA-77-8154-01,TCGA-77-8154,926.807,60.52536411,0.0,Primary
LUSC,TCGA-77-8156-01,TCGA-77-8156,67.6203,36.36124536,0.0,Primary
LUSC,TCGA-77-A5FZ-01,TCGA-77-A5FZ,171.94,126.1794391,1.0,Primary
LUSC,TCGA-77-A5G1-01,TCGA-77-A5G1,54.6388,132.3601933,0.0,Primary
LUSC,TCGA-77-A5G3-01,TCGA-77-A5G3,220.99,150.2449288,0.0,Primary
LUSC,TCGA-77-A5G6-01,TCGA-77-A5G6,349.429,22.29016668,1.0,Primary
LUSC,TCGA-77-A5G7-01,TCGA-77-A5G7,261.606,5.917743367,1.0,Primary
LUSC,TCGA-77-A5G8-01,TCGA-77-A5G8,527.086,61.93904724,0.0,Primary
LUSC,TCGA-77-A5GB-01,TCGA-77-A5GB,83.1135,30.80514186,1.0,Primary
LUSC,TCGA-77-A5GF-01,TCGA-77-A5GF,263.058,27.61613571,1.0,Primary
LUSC,TCGA-77-A5GH-01,TCGA-77-A5GH,179.57,38.85984811,0.0,Primary
LUSC,TCGA-79-5596-01,TCGA-79-5596,425.108,,0.0,Primary
LUSC,TCGA-85-6175-01,TCGA-85-6175,83.7079,9.6656475,1.0,Primary
LUSC,TCGA-85-6560-01,TCGA-85-6560,8.5283,41.39132722,0.0,Primary
LUSC,TCGA-85-6561-01,TCGA-85-6561,567.039,40.2406549,0.0,Primary
LUSC,TCGA-85-6798-01,TCGA-85-6798,243.522,6.410888648,1.0,Primary
LUSC,TCGA-85-7696-01,TCGA-85-7696,453.233,36.52562712,0.0,Primary
LUSC,TCGA-85-7697-01,TCGA-85-7697,4620.54,34.94756222,0.0,Primary
LUSC,TCGA-85-7698-01,TCGA-85-7698,204.482,31.29828714,0.0,Primary
LUSC,TCGA-85-7699-01,TCGA-85-7699,60.9823,32.90922839,1.0,Primary
LUSC,TCGA-85-7710-01,TCGA-85-7710,639.667,1.380806786,0.0,Primary
LUSC,TCGA-85-7843-01,TCGA-85-7843,714.584,1.150672321,0.0,Primary
LUSC,TCGA-85-7844-01,TCGA-85-7844,283.365,29.95035671,0.0,Primary
LUSC,TCGA-85-7950-01,TCGA-85-7950,914.328,18.93677878,0.0,Primary
LUSC,TCGA-85-8048-01,TCGA-85-8048,263.786,25.15040931,0.0,Primary
LUSC,TCGA-85-8049-01,TCGA-85-8049,96.7239,19.03540783,0.0,Primary
LUSC,TCGA-85-8052-01,TCGA-85-8052,366.571,24.1312424,0.0,Primary
LUSC,TCGA-85-8070-01,TCGA-85-8070,622.538,31.56129796,0.0,Primary
LUSC,TCGA-85-8071-01,TCGA-85-8071,1115.74,26.79422691,0.0,Primary
LUSC,TCGA-85-8072-01,TCGA-85-8072,159.148,30.6407601,0.0,Primary
LUSC,TCGA-85-8276-01,TCGA-85-8276,17.809,34.52016964,0.0,Primary
LUSC,TCGA-85-8277-01,TCGA-85-8277,126.984,10.09304008,1.0,Primary
LUSC,TCGA-85-8287-01,TCGA-85-8287,189.499,0.756156097,1.0,Primary
LUSC,TCGA-85-8288-01,TCGA-85-8288,49.1193,13.21629352,1.0,Primary
LUSC,TCGA-85-8350-01,TCGA-85-8350,334.307,22.45454844,0.0,Primary
LUSC,TCGA-85-8351-01,TCGA-85-8351,77.4679,16.76693954,0.0,Primary
LUSC,TCGA-85-8352-01,TCGA-85-8352,5.6719,5.293092678,1.0,Primary
LUSC,TCGA-85-8353-01,TCGA-85-8353,180.936,3.090377092,1.0,Primary
LUSC,TCGA-85-8354-01,TCGA-85-8354,99.4303,32.71197028,0.0,Primary
LUSC,TCGA-85-8355-01,TCGA-85-8355,145.087,2.005457474,0.0,Primary
LUSC,TCGA-85-8479-01,TCGA-85-8479,372.03,15.38613276,0.0,Primary
LUSC,TCGA-85-8481-01,TCGA-85-8481,765.44,7.758819081,1.0,Primary
LUSC,TCGA-85-8580-01,TCGA-85-8580,214.89,36.59137982,0.0,Primary
LUSC,TCGA-85-8582-01,TCGA-85-8582,738.502,38.13656837,0.0,Primary
LUSC,TCGA-85-8584-01,TCGA-85-8584,445.306,12.59164283,1.0,Primary
LUSC,TCGA-85-8664-01,TCGA-85-8664,96.6381,18.08199362,1.0,Primary
LUSC,TCGA-85-8666-01,TCGA-85-8666,376.32,22.58605385,1.0,Primary
LUSC,TCGA-85-A4CL-01,TCGA-85-A4CL,437.625,30.27912023,1.0,Primary
LUSC,TCGA-85-A4CN-01,TCGA-85-A4CN,237.647,34.12565342,0.0,Primary
LUSC,TCGA-85-A4JB-01,TCGA-85-A4JB,80.4067,30.96952362,0.0,Primary
LUSC,TCGA-85-A4JC-01,TCGA-85-A4JC,2914.11,19.85731663,1.0,Primary
LUSC,TCGA-85-A4PA-01,TCGA-85-A4PA,31.6429,24.36137686,0.0,Primary
LUSC,TCGA-85-A4QQ-01,TCGA-85-A4QQ,167.942,30.47637834,1.0,Primary
LUSC,TCGA-85-A4QR-01,TCGA-85-A4QR,3859.66,19.72581122,0.0,Primary
LUSC,TCGA-85-A50M-01,TCGA-85-A50M,366.699,27.15586679,1.0,Primary
LUSC,TCGA-85-A50Z-01,TCGA-85-A50Z,461.421,16.20804156,0.0,Primary
LUSC,TCGA-85-A510-01,TCGA-85-A510,24.8756,15.84640168,0.0,Primary
LUSC,TCGA-85-A511-01,TCGA-85-A511,214.024,14.95874018,1.0,Primary
LUSC,TCGA-85-A512-01,TCGA-85-A512,441.466,15.2875037,0.0,Primary
LUSC,TCGA-85-A513-01,TCGA-85-A513,51.6129,29.91748036,0.0,Primary
LUSC,TCGA-85-A53L-01,TCGA-85-A53L,176.953,12.39438472,0.0,Primary
LUSC,TCGA-85-A5B5-01,TCGA-85-A5B5,359.672,3.649275076,0.0,Primary
LUSC,TCGA-90-6837-01,TCGA-90-6837,392.471,24.92027485,0.0,Primary
LUSC,TCGA-90-7766-01,TCGA-90-7766,21547.0,9.50126574,0.0,Primary
LUSC,TCGA-90-7767-01,TCGA-90-7767,40.2887,2.925995332,0.0,Primary
LUSC,TCGA-90-7769-01,TCGA-90-7769,1905.1,11.76973403,0.0,Primary
LUSC,TCGA-90-7964-01,TCGA-90-7964,1964.76,14.07107867,0.0,Primary
LUSC,TCGA-90-A4ED-01,TCGA-90-A4ED,379.663,20.21895651,0.0,Primary
LUSC,TCGA-90-A4EE-01,TCGA-90-A4EE,394.392,22.6189302,0.0,Primary
LUSC,TCGA-90-A59Q-01,TCGA-90-A59Q,1666.0,10.58618536,1.0,Primary
LUSC,TCGA-92-7340-01,TCGA-92-7340,388.471,2.695860867,0.0,Primary
LUSC,TCGA-92-7341-01,TCGA-92-7341,119.319,3.484893316,0.0,Primary
LUSC,TCGA-92-8063-01,TCGA-92-8063,151.741,4.010914949,0.0,Primary
LUSC,TCGA-92-8064-01,TCGA-92-8064,1359.1,5.260216326,0.0,Primary
LUSC,TCGA-92-8065-01,TCGA-92-8065,474.519,2.301344643,0.0,Primary
LUSC,TCGA-94-7033-01,TCGA-94-7033,1034.91,21.04086531,0.0,Primary
LUSC,TCGA-94-7557-01,TCGA-94-7557,66.8812,0.16438176,1.0,Primary
LUSC,TCGA-94-7943-01,TCGA-94-7943,417.887,18.37788079,0.0,Primary
LUSC,TCGA-94-8035-01,TCGA-94-8035,206.025,4.010914949,0.0,Primary
LUSC,TCGA-94-8490-01,TCGA-94-8490,2019.15,5.030081862,0.0,Primary
LUSC,TCGA-94-8491-01,TCGA-94-8491,646.106,26.62984515,0.0,Primary
LUSC,TCGA-94-A4VJ-01,TCGA-94-A4VJ,372.447,14.13683138,0.0,Primary
LUSC,TCGA-94-A5I4-01,TCGA-94-A5I4,491.455,16.14228885,0.0,Primary
LUSC,TCGA-94-A5I6-01,TCGA-94-A5I6,251.48,17.6874774,0.0,Primary
LUSC,TCGA-96-7544-01,TCGA-96-7544,3454.57,71.01292041,1.0,Primary
LUSC,TCGA-96-7545-01,TCGA-96-7545,109.551,57.07334714,1.0,Primary
LUSC,TCGA-96-8169-01,TCGA-96-8169,324.17,18.31212809,0.0,Primary
LUSC,TCGA-96-8170-01,TCGA-96-8170,3557.64,17.45734293,0.0,Primary
LUSC,TCGA-96-A4JL-01,TCGA-96-A4JL,71.8763,27.68188842,0.0,Primary
LUSC,TCGA-98-7454-01,TCGA-98-7454,31.3778,21.43538153,0.0,Primary
LUSC,TCGA-98-8020-01,TCGA-98-8020,327.044,2.761613571,1.0,Primary
LUSC,TCGA-98-8021-01,TCGA-98-8021,203.61,30.80514186,0.0,Primary
LUSC,TCGA-98-8022-01,TCGA-98-8022,285.536,30.67363645,1.0,Primary
LUSC,TCGA-98-8023-01,TCGA-98-8023,102.11,21.33675247,0.0,Primary
LUSC,TCGA-98-A538-01,TCGA-98-A538,98.2069,27.15586679,0.0,Primary
LUSC,TCGA-98-A539-01,TCGA-98-A539,176.246,5.687608903,0.0,Primary
LUSC,TCGA-98-A53A-01,TCGA-98-A53A,207.473,18.14774633,1.0,Primary
LUSC,TCGA-98-A53B-01,TCGA-98-A53B,3030.82,2.005457474,1.0,Primary
LUSC,TCGA-98-A53C-01,TCGA-98-A53C,158.146,27.02436138,0.0,Primary
LUSC,TCGA-98-A53D-01,TCGA-98-A53D,276.627,21.20524707,1.0,Primary
LUSC,TCGA-98-A53H-01,TCGA-98-A53H,295.914,20.31758556,0.0,Primary
LUSC,TCGA-98-A53I-01,TCGA-98-A53I,178.97,18.5751389,0.0,Primary
LUSC,TCGA-98-A53J-01,TCGA-98-A53J,1949.27,20.71210179,0.0,Primary
LUSC,TCGA-J1-A4AH-01,TCGA-J1-A4AH,331.843,19.10116054,0.0,Primary
LUSC,TCGA-L3-A4E7-01,TCGA-L3-A4E7,948.984,12.88753,0.0,Primary
LUSC,TCGA-L3-A524-01,TCGA-L3-A524,75.365,16.1094125,1.0,Primary
LUSC,TCGA-LA-A446-01,TCGA-LA-A446,273.554,13.18341717,0.0,Primary
LUSC,TCGA-LA-A7SW-01,TCGA-LA-A7SW,60.6193,13.41355163,1.0,Primary
LUSC,TCGA-MF-A522-01,TCGA-MF-A522,100.683,11.83548673,1.0,Primary
LUSC,TCGA-NC-A5HD-01,TCGA-NC-A5HD,178.449,0.065752704,1.0,Primary
LUSC,TCGA-NC-A5HE-01,TCGA-NC-A5HE,352.393,76.79915837,0.0,Primary
LUSC,TCGA-NC-A5HF-01,TCGA-NC-A5HF,169.407,4.536936582,1.0,Primary
LUSC,TCGA-NC-A5HG-01,TCGA-NC-A5HG,220.977,64.53627905,0.0,Primary
LUSC,TCGA-NC-A5HH-01,TCGA-NC-A5HH,189.438,1.216425026,0.0,Primary
LUSC,TCGA-NC-A5HI-01,TCGA-NC-A5HI,2399.82,57.30348161,0.0,Primary
LUSC,TCGA-NC-A5HJ-01,TCGA-NC-A5HJ,144.116,13.74231515,1.0,Primary
LUSC,TCGA-NC-A5HK-01,TCGA-NC-A5HK,72.314,4.208173061,0.0,Primary
LUSC,TCGA-NC-A5HL-01,TCGA-NC-A5HL,105.755,2.89311898,1.0,Primary
LUSC,TCGA-NC-A5HM-01,TCGA-NC-A5HM,180.141,39.84613867,0.0,Primary
LUSC,TCGA-NC-A5HN-01,TCGA-NC-A5HN,444.896,49.28165171,0.0,Primary
LUSC,TCGA-NC-A5HO-01,TCGA-NC-A5HO,3282.05,43.92280633,0.0,Primary
LUSC,TCGA-NC-A5HP-01,TCGA-NC-A5HP,464.72,25.31479107,1.0,Primary
LUSC,TCGA-NC-A5HQ-01,TCGA-NC-A5HQ,3496.28,14.72860571,1.0,Primary
LUSC,TCGA-NC-A5HR-01,TCGA-NC-A5HR,237.791,40.89818194,0.0,Primary
LUSC,TCGA-NC-A5HT-01,TCGA-NC-A5HT,885.785,26.43258704,0.0,Primary
LUSC,TCGA-NK-A5CR-01,TCGA-NK-A5CR,64.0,83.57168689,0.0,Primary
LUSC,TCGA-NK-A5CT-01,TCGA-NK-A5CT,1562.3,65.65407502,0.0,Primary
LUSC,TCGA-NK-A5CX-01,TCGA-NK-A5CX,2029.1,3.649275076,0.0,Primary
LUSC,TCGA-NK-A7XE-01,TCGA-NK-A7XE,171.302,0.427392577,0.0,Primary
LUSC,TCGA-O2-A52N-01,TCGA-O2-A52N,84.6995,33.07361015,1.0,Primary
LUSC,TCGA-O2-A52Q-01,TCGA-O2-A52Q,6.4616,3.715027781,1.0,Primary
LUSC,TCGA-O2-A52S-01,TCGA-O2-A52S,24.8344,12.72314824,1.0,Primary
LUSC,TCGA-O2-A52V-01,TCGA-O2-A52V,1013.97,43.88992997,1.0,Primary
LUSC,TCGA-O2-A52W-01,TCGA-O2-A52W,90.8114,8.580727882,1.0,Primary
LUSC,TCGA-O2-A5IB-01,TCGA-O2-A5IB,19.4356,11.17795969,1.0,Primary
LUSC,TCGA-XC-AA0X-01,TCGA-XC-AA0X,855.018,0.197258112,1.0,Primary
HNSC,TCGA-4P-AA8J-01,TCGA-4P-AA8J,288.399,3.353387908,0.0,Primary
HNSC,TCGA-BA-4074-01,TCGA-BA-4074,319.096,15.18887464,1.0,Primary
HNSC,TCGA-BA-4076-01,TCGA-BA-4076,305.916,13.6436861,1.0,Primary
HNSC,TCGA-BA-4078-01,TCGA-BA-4078,276.772,9.073873163,1.0,Primary
HNSC,TCGA-BA-5149-01,TCGA-BA-5149,131.759,26.49833974,1.0,Primary
HNSC,TCGA-BA-5151-01,TCGA-BA-5151,443.762,23.73672617,0.0,Primary
HNSC,TCGA-BA-5152-01,TCGA-BA-5152,3836.91,42.34474143,0.0,Primary
HNSC,TCGA-BA-5153-01,TCGA-BA-5153,2089.43,57.92813229,1.0,Primary
HNSC,TCGA-BA-5555-01,TCGA-BA-5555,1822.94,17.09570306,0.0,Primary
HNSC,TCGA-BA-5556-01,TCGA-BA-5556,3900.81,23.83535523,0.0,Primary
HNSC,TCGA-BA-5557-01,TCGA-BA-5557,1121.49,20.48196732,0.0,Primary
HNSC,TCGA-BA-5558-01,TCGA-BA-5558,539.335,65.58832232,0.0,Primary
HNSC,TCGA-BA-5559-01,TCGA-BA-5559,409.107,68.4814413,1.0,Primary
HNSC,TCGA-BA-6868-01,TCGA-BA-6868,313.461,15.51763816,1.0,Primary
HNSC,TCGA-BA-6869-01,TCGA-BA-6869,6162.65,21.17237071,0.0,Primary
HNSC,TCGA-BA-6870-01,TCGA-BA-6870,564.505,14.82723477,1.0,Primary
HNSC,TCGA-BA-6871-01,TCGA-BA-6871,338.264,3.55064602,1.0,Primary
HNSC,TCGA-BA-6872-01,TCGA-BA-6872,168.305,12.62451918,1.0,Primary
HNSC,TCGA-BA-6873-01,TCGA-BA-6873,114.158,4.010914949,0.0,Primary
HNSC,TCGA-BA-7269-01,TCGA-BA-7269,312.913,41.85159615,0.0,Primary
HNSC,TCGA-BA-A4IF-01,TCGA-BA-A4IF,713.751,29.42433508,0.0,Primary
HNSC,TCGA-BA-A4IG-01,TCGA-BA-A4IG,535.324,28.10928099,0.0,Primary
HNSC,TCGA-BA-A4IH-01,TCGA-BA-A4IH,1079.98,20.44909097,0.0,Primary
HNSC,TCGA-BA-A4II-01,TCGA-BA-A4II,103.479,30.18049117,0.0,Primary
HNSC,TCGA-BA-A6D8-01,TCGA-BA-A6D8,37.6712,27.94489923,0.0,Primary
HNSC,TCGA-BA-A6DA-01,TCGA-BA-A6DA,483.171,11.53959957,0.0,Primary
HNSC,TCGA-BA-A6DB-01,TCGA-BA-A6DB,889.53,7.101292041,0.0,Primary
HNSC,TCGA-BA-A6DD-01,TCGA-BA-A6DD,2263.02,5.687608903,1.0,Primary
HNSC,TCGA-BA-A6DE-01,TCGA-BA-A6DE,717.784,14.4655949,0.0,Primary
HNSC,TCGA-BA-A6DG-01,TCGA-BA-A6DG,139.744,2.268468291,1.0,Primary
HNSC,TCGA-BA-A6DI-01,TCGA-BA-A6DI,2058.18,11.04645429,1.0,Primary
HNSC,TCGA-BA-A6DJ-01,TCGA-BA-A6DJ,236.389,13.38067528,1.0,Primary
HNSC,TCGA-BA-A6DL-01,TCGA-BA-A6DL,10760.5,20.48196732,0.0,Primary
HNSC,TCGA-BA-A8YP-01,TCGA-BA-A8YP,83.0281,16.40529967,0.0,Primary
HNSC,TCGA-BB-4217-01,TCGA-BB-4217,566.818,6.147877832,0.0,Primary
HNSC,TCGA-BB-4223-01,TCGA-BB-4223,906.66,105.8947299,0.0,Primary
HNSC,TCGA-BB-4224-01,TCGA-BB-4224,713.239,9.139625867,0.0,Primary
HNSC,TCGA-BB-4225-01,TCGA-BB-4225,204.393,4.799947398,0.0,Primary
HNSC,TCGA-BB-4227-01,TCGA-BB-4227,3785.23,4.405431173,0.0,Primary
HNSC,TCGA-BB-4228-01,TCGA-BB-4228,185.955,18.37788079,0.0,Primary
HNSC,TCGA-BB-7861-01,TCGA-BB-7861,1201.72,22.42167209,0.0,Primary
HNSC,TCGA-BB-7862-01,TCGA-BB-7862,515.396,36.72288523,0.0,Primary
HNSC,TCGA-BB-7863-01,TCGA-BB-7863,674.694,33.69826084,0.0,Primary
HNSC,TCGA-BB-7864-01,TCGA-BB-7864,367.276,50.20218957,0.0,Primary
HNSC,TCGA-BB-7866-01,TCGA-BB-7866,1818.09,44.97484959,0.0,Primary
HNSC,TCGA-BB-7870-01,TCGA-BB-7870,179.368,66.27872571,0.0,Primary
HNSC,TCGA-BB-7871-01,TCGA-BB-7871,46.3974,24.65726403,0.0,Primary
HNSC,TCGA-BB-7872-01,TCGA-BB-7872,531.046,38.39957918,0.0,Primary
HNSC,TCGA-BB-8596-01,TCGA-BB-8596,342.763,71.04579676,0.0,Primary
HNSC,TCGA-BB-8601-01,TCGA-BB-8601,156.735,20.51484367,0.0,Primary
HNSC,TCGA-BB-A5HU-01,TCGA-BB-A5HU,116.037,25.7093073,0.0,Primary
HNSC,TCGA-BB-A5HY-01,TCGA-BB-A5HY,552.729,10.55330901,1.0,Primary
HNSC,TCGA-BB-A5HZ-01,TCGA-BB-A5HZ,264.643,27.18874314,0.0,Primary
HNSC,TCGA-BB-A6UM-01,TCGA-BB-A6UM,11790.1,12.92040635,0.0,Primary
HNSC,TCGA-BB-A6UO-01,TCGA-BB-A6UO,175.167,8.810862347,1.0,Primary
HNSC,TCGA-C9-A47Z-01,TCGA-C9-A47Z,272.213,6.27938324,1.0,Primary
HNSC,TCGA-C9-A480-01,TCGA-C9-A480,140.596,12.69027189,0.0,Primary
HNSC,TCGA-CN-4722-01,TCGA-CN-4722,545.823,48.75563008,0.0,Primary
HNSC,TCGA-CN-4723-01,TCGA-CN-4723,799.308,55.85692212,0.0,Primary
HNSC,TCGA-CN-4725-01,TCGA-CN-4725,116.467,38.03793931,0.0,Primary
HNSC,TCGA-CN-4726-01,TCGA-CN-4726,110.741,4.66844199,1.0,Primary
HNSC,TCGA-CN-4727-01,TCGA-CN-4727,994.812,51.28710918,0.0,Primary
HNSC,TCGA-CN-4728-01,TCGA-CN-4728,203.39,56.67883092,0.0,Primary
HNSC,TCGA-CN-4729-01,TCGA-CN-4729,1572.67,12.88753,0.0,Primary
HNSC,TCGA-CN-4730-01,TCGA-CN-4730,85.8819,26.85997962,0.0,Primary
HNSC,TCGA-CN-4731-01,TCGA-CN-4731,17097.7,32.81059934,1.0,Primary
HNSC,TCGA-CN-4733-01,TCGA-CN-4733,276.049,52.14189434,0.0,Primary
HNSC,TCGA-CN-4734-01,TCGA-CN-4734,152.262,55.56103495,0.0,Primary
HNSC,TCGA-CN-4735-01,TCGA-CN-4735,172.755,57.10622349,0.0,Primary
HNSC,TCGA-CN-4736-01,TCGA-CN-4736,563.839,12.98615906,1.0,Primary
HNSC,TCGA-CN-4737-01,TCGA-CN-4737,484.849,20.54772003,0.0,Primary
HNSC,TCGA-CN-4738-01,TCGA-CN-4738,3929.93,14.33408949,1.0,Primary
HNSC,TCGA-CN-4739-01,TCGA-CN-4739,13482.1,45.82963474,1.0,Primary
HNSC,TCGA-CN-4740-01,TCGA-CN-4740,571.701,27.58325936,1.0,Primary
HNSC,TCGA-CN-4741-01,TCGA-CN-4741,3199.86,73.61015222,0.0,Primary
HNSC,TCGA-CN-4742-01,TCGA-CN-4742,118.398,13.05191176,1.0,Primary
HNSC,TCGA-CN-5355-01,TCGA-CN-5355,274.671,42.01597791,0.0,Primary
HNSC,TCGA-CN-5356-01,TCGA-CN-5356,443.034,46.32278002,0.0,Primary
HNSC,TCGA-CN-5358-01,TCGA-CN-5358,407.234,8.580727882,1.0,Primary
HNSC,TCGA-CN-5359-01,TCGA-CN-5359,285.069,12.39438472,1.0,Primary
HNSC,TCGA-CN-5360-01,TCGA-CN-5360,700.348,71.30880758,0.0,Primary
HNSC,TCGA-CN-5361-01,TCGA-CN-5361,215.167,69.69786633,1.0,Primary
HNSC,TCGA-CN-5363-01,TCGA-CN-5363,105.403,8.317717066,1.0,Primary
HNSC,TCGA-CN-5364-01,TCGA-CN-5364,837.052,16.20804156,1.0,Primary
HNSC,TCGA-CN-5365-01,TCGA-CN-5365,552.731,11.53959957,1.0,Primary
HNSC,TCGA-CN-5366-01,TCGA-CN-5366,428.166,11.83548673,1.0,Primary
HNSC,TCGA-CN-5367-01,TCGA-CN-5367,275.646,11.57247592,1.0,Primary
HNSC,TCGA-CN-5369-01,TCGA-CN-5369,777.406,12.49301378,1.0,Primary
HNSC,TCGA-CN-5370-01,TCGA-CN-5370,302.756,8.514975178,1.0,Primary
HNSC,TCGA-CN-5373-01,TCGA-CN-5373,433.908,52.07614163,0.0,Primary
HNSC,TCGA-CN-5374-01,TCGA-CN-5374,520.353,56.94184173,1.0,Primary
HNSC,TCGA-CN-6010-01,TCGA-CN-6010,469.448,50.07068416,0.0,Primary
HNSC,TCGA-CN-6011-01,TCGA-CN-6011,418.275,30.67363645,0.0,Primary
HNSC,TCGA-CN-6012-01,TCGA-CN-6012,1711.86,47.99947398,0.0,Primary
HNSC,TCGA-CN-6013-01,TCGA-CN-6013,840.375,23.90110793,1.0,Primary
HNSC,TCGA-CN-6016-01,TCGA-CN-6016,88.3264,47.44057599,0.0,Primary
HNSC,TCGA-CN-6017-01,TCGA-CN-6017,1557.06,28.04352829,1.0,Primary
HNSC,TCGA-CN-6018-01,TCGA-CN-6018,277.029,19.06828418,1.0,Primary
HNSC,TCGA-CN-6019-01,TCGA-CN-6019,99.8613,34.12565342,0.0,Primary
HNSC,TCGA-CN-6020-01,TCGA-CN-6020,4834.87,6.739652168,1.0,Primary
HNSC,TCGA-CN-6021-01,TCGA-CN-6021,312.0,9.073873163,1.0,Primary
HNSC,TCGA-CN-6022-01,TCGA-CN-6022,430.741,9.238254923,1.0,Primary
HNSC,TCGA-CN-6023-01,TCGA-CN-6023,107.087,52.07614163,0.0,Primary
HNSC,TCGA-CN-6024-01,TCGA-CN-6024,120.267,11.07933064,1.0,Primary
HNSC,TCGA-CN-6988-01,TCGA-CN-6988,15741.6,10.45467995,0.0,Primary
HNSC,TCGA-CN-6989-01,TCGA-CN-6989,113.007,32.218825,1.0,Primary
HNSC,TCGA-CN-6992-01,TCGA-CN-6992,454.15,35.04619128,0.0,Primary
HNSC,TCGA-CN-6994-01,TCGA-CN-6994,556.765,38.89272446,0.0,Primary
HNSC,TCGA-CN-6995-01,TCGA-CN-6995,1295.48,3.682151429,1.0,Primary
HNSC,TCGA-CN-6996-01,TCGA-CN-6996,777.487,17.42446658,1.0,Primary
HNSC,TCGA-CN-6997-01,TCGA-CN-6997,426.132,32.48183582,1.0,Primary
HNSC,TCGA-CN-6998-01,TCGA-CN-6998,241.058,11.73685768,1.0,Primary
HNSC,TCGA-CN-A497-01,TCGA-CN-A497,207.101,35.01331492,0.0,Primary
HNSC,TCGA-CN-A498-01,TCGA-CN-A498,512.369,25.41342013,1.0,Primary
HNSC,TCGA-CN-A499-01,TCGA-CN-A499,1755.48,23.57234441,0.0,Primary
HNSC,TCGA-CN-A49A-01,TCGA-CN-A49A,423.927,17.29296117,1.0,Primary
HNSC,TCGA-CN-A49B-01,TCGA-CN-A49B,841.245,29.72022224,0.0,Primary
HNSC,TCGA-CN-A49C-01,TCGA-CN-A49C,7591.48,21.20524707,0.0,Primary
HNSC,TCGA-CN-A63T-01,TCGA-CN-A63T,1416.06,7.397179209,0.0,Primary
HNSC,TCGA-CN-A63U-01,TCGA-CN-A63U,1013.57,31.69280337,0.0,Primary
HNSC,TCGA-CN-A63V-01,TCGA-CN-A63V,371.284,22.32304304,0.0,Primary
HNSC,TCGA-CN-A63W-01,TCGA-CN-A63W,2903.25,12.39438472,1.0,Primary
HNSC,TCGA-CN-A641-01,TCGA-CN-A641,1284.95,12.0656212,0.0,Primary
HNSC,TCGA-CN-A642-01,TCGA-CN-A642,149.971,2.695860867,1.0,Primary
HNSC,TCGA-CN-A6UY-01,TCGA-CN-A6UY,289.967,23.44083901,0.0,Primary
HNSC,TCGA-CN-A6V1-01,TCGA-CN-A6V1,1291.85,19.82444028,0.0,Primary
HNSC,TCGA-CN-A6V3-01,TCGA-CN-A6V3,3911.7,24.39425321,0.0,Primary
HNSC,TCGA-CN-A6V6-01,TCGA-CN-A6V6,3146.1,20.87648355,0.0,Primary
HNSC,TCGA-CN-A6V7-01,TCGA-CN-A6V7,2958.46,19.52855311,0.0,Primary
HNSC,TCGA-CQ-5323-01,TCGA-CQ-5323,2696.23,48.19673209,0.0,Primary
HNSC,TCGA-CQ-5324-01,TCGA-CQ-5324,830.178,52.3720288,0.0,Primary
HNSC,TCGA-CQ-5325-01,TCGA-CQ-5325,193.122,21.50113423,1.0,Primary
HNSC,TCGA-CQ-5326-01,TCGA-CQ-5326,56.8495,2.925995332,1.0,Primary
HNSC,TCGA-CQ-5327-01,TCGA-CQ-5327,3500.66,54.57474439,0.0,Primary
HNSC,TCGA-CQ-5329-01,TCGA-CQ-5329,81.1688,70.45402242,0.0,Primary
HNSC,TCGA-CQ-5330-01,TCGA-CQ-5330,425.978,62.36643982,0.0,Primary
HNSC,TCGA-CQ-5331-01,TCGA-CQ-5331,352.925,45.9940165,0.0,Primary
HNSC,TCGA-CQ-5332-01,TCGA-CQ-5332,185.773,10.4218036,1.0,Primary
HNSC,TCGA-CQ-5333-01,TCGA-CQ-5333,740.537,11.21083605,1.0,Primary
HNSC,TCGA-CQ-5334-01,TCGA-CQ-5334,11.3211,4.241049413,1.0,Primary
HNSC,TCGA-CQ-6218-01,TCGA-CQ-6218,239.949,41.19406911,0.0,Primary
HNSC,TCGA-CQ-6219-01,TCGA-CQ-6219,77.7538,15.74777263,1.0,Primary
HNSC,TCGA-CQ-6220-01,TCGA-CQ-6220,389.956,32.38320676,1.0,Primary
HNSC,TCGA-CQ-6222-01,TCGA-CQ-6222,4980.67,66.27872571,0.0,Primary
HNSC,TCGA-CQ-6223-01,TCGA-CQ-6223,2295.6,46.94743071,0.0,Primary
HNSC,TCGA-CQ-6224-01,TCGA-CQ-6224,353.732,56.58020186,0.0,Primary
HNSC,TCGA-CQ-6225-01,TCGA-CQ-6225,2966.07,13.24916987,1.0,Primary
HNSC,TCGA-CQ-6227-01,TCGA-CQ-6227,55.2054,4.241049413,1.0,Primary
HNSC,TCGA-CQ-6228-01,TCGA-CQ-6228,638.363,14.99161653,1.0,Primary
HNSC,TCGA-CQ-6229-01,TCGA-CQ-6229,308.596,38.76121906,0.0,Primary
HNSC,TCGA-CQ-7063-01,TCGA-CQ-7063,591.736,70.1252589,0.0,Primary
HNSC,TCGA-CQ-7065-01,TCGA-CQ-7065,302.283,53.52270112,0.0,Primary
HNSC,TCGA-CQ-7067-01,TCGA-CQ-7067,456.439,16.73406319,0.0,Primary
HNSC,TCGA-CQ-7068-01,TCGA-CQ-7068,214.201,43.03514482,0.0,Primary
HNSC,TCGA-CQ-7069-01,TCGA-CQ-7069,395.325,41.8844725,0.0,Primary
HNSC,TCGA-CQ-7071-01,TCGA-CQ-7071,1000.0,43.10089752,0.0,Primary
HNSC,TCGA-CQ-7072-01,TCGA-CQ-7072,56.0185,77.55531446,0.0,Primary
HNSC,TCGA-CQ-A4C6-01,TCGA-CQ-A4C6,256.967,44.48170431,0.0,Primary
HNSC,TCGA-CQ-A4C9-01,TCGA-CQ-A4C9,2898.25,23.24358089,0.0,Primary
HNSC,TCGA-CQ-A4CA-01,TCGA-CQ-A4CA,163.462,,0.0,Primary
HNSC,TCGA-CQ-A4CB-01,TCGA-CQ-A4CB,266.699,29.35858237,0.0,Primary
HNSC,TCGA-CQ-A4CD-01,TCGA-CQ-A4CD,2897.88,33.59963179,0.0,Primary
HNSC,TCGA-CQ-A4CE-01,TCGA-CQ-A4CE,1420.51,29.49008778,0.0,Primary
HNSC,TCGA-CQ-A4CG-01,TCGA-CQ-A4CG,191.438,14.13683138,1.0,Primary
HNSC,TCGA-CQ-A4CH-01,TCGA-CQ-A4CH,56.7721,12.46013742,1.0,Primary
HNSC,TCGA-CQ-A4CI-01,TCGA-CQ-A4CI,406.076,31.23253444,0.0,Primary
HNSC,TCGA-CR-5243-01,TCGA-CR-5243,274.622,84.22921393,0.0,Primary
HNSC,TCGA-CR-5247-01,TCGA-CR-5247,196.644,11.76973403,0.0,Primary
HNSC,TCGA-CR-5248-01,TCGA-CR-5248,389.839,54.67337344,0.0,Primary
HNSC,TCGA-CR-5249-01,TCGA-CR-5249,1500.37,37.87355755,0.0,Primary
HNSC,TCGA-CR-5250-01,TCGA-CR-5250,507.776,26.26820528,0.0,Primary
HNSC,TCGA-CR-6467-01,TCGA-CR-6467,1604.45,58.42127758,0.0,Primary
HNSC,TCGA-CR-6470-01,TCGA-CR-6470,1047.29,50.00493145,0.0,Primary
HNSC,TCGA-CR-6471-01,TCGA-CR-6471,2425.39,39.51737515,1.0,Primary
HNSC,TCGA-CR-6472-01,TCGA-CR-6472,2005.51,34.52016964,0.0,Primary
HNSC,TCGA-CR-6473-01,TCGA-CR-6473,3246.5,36.98589605,0.0,Primary
HNSC,TCGA-CR-6474-01,TCGA-CR-6474,98.8468,18.54226255,1.0,Primary
HNSC,TCGA-CR-6477-01,TCGA-CR-6477,231.256,16.89844495,0.0,Primary
HNSC,TCGA-CR-6478-01,TCGA-CR-6478,213.931,6.016372423,1.0,Primary
HNSC,TCGA-CR-6480-01,TCGA-CR-6480,22423.8,11.90123944,0.0,Primary
HNSC,TCGA-CR-6481-01,TCGA-CR-6481,2946.71,10.22454548,0.0,Primary
HNSC,TCGA-CR-6482-01,TCGA-CR-6482,390.403,11.34234145,0.0,Primary
HNSC,TCGA-CR-6484-01,TCGA-CR-6484,18631.9,11.63822862,0.0,Primary
HNSC,TCGA-CR-6487-01,TCGA-CR-6487,466.737,7.693066377,0.0,Primary
HNSC,TCGA-CR-6488-01,TCGA-CR-6488,420.996,12.46013742,0.0,Primary
HNSC,TCGA-CR-6491-01,TCGA-CR-6491,515.627,22.78331196,0.0,Primary
HNSC,TCGA-CR-6492-01,TCGA-CR-6492,3150.38,15.74777263,0.0,Primary
HNSC,TCGA-CR-6493-01,TCGA-CR-6493,475.952,9.271131275,1.0,Primary
HNSC,TCGA-CR-7364-01,TCGA-CR-7364,14476.2,47.17756518,0.0,Primary
HNSC,TCGA-CR-7365-01,TCGA-CR-7365,250.943,39.15573528,0.0,Primary
HNSC,TCGA-CR-7367-01,TCGA-CR-7367,300.801,47.34194694,0.0,Primary
HNSC,TCGA-CR-7368-01,TCGA-CR-7368,2494.7,40.93105829,0.0,Primary
HNSC,TCGA-CR-7369-01,TCGA-CR-7369,1152.26,35.83522372,1.0,Primary
HNSC,TCGA-CR-7370-01,TCGA-CR-7370,388.355,3.452016964,0.0,Primary
HNSC,TCGA-CR-7371-01,TCGA-CR-7371,2605.62,3.090377092,1.0,Primary
HNSC,TCGA-CR-7372-01,TCGA-CR-7372,141.639,24.9531512,0.0,Primary
HNSC,TCGA-CR-7373-01,TCGA-CR-7373,412.944,29.22707696,0.0,Primary
HNSC,TCGA-CR-7374-01,TCGA-CR-7374,672.467,0.986290561,0.0,Primary
HNSC,TCGA-CR-7376-01,TCGA-CR-7376,278.94,31.95581418,0.0,Primary
HNSC,TCGA-CR-7377-01,TCGA-CR-7377,574.117,9.172502219,1.0,Primary
HNSC,TCGA-CR-7379-01,TCGA-CR-7379,158.753,34.05990071,0.0,Primary
HNSC,TCGA-CR-7380-01,TCGA-CR-7380,1063.8,19.92306934,1.0,Primary
HNSC,TCGA-CR-7382-01,TCGA-CR-7382,463.088,26.16957622,0.0,Primary
HNSC,TCGA-CR-7383-01,TCGA-CR-7383,174.51,17.12857941,1.0,Primary
HNSC,TCGA-CR-7385-01,TCGA-CR-7385,23419.3,32.77772298,0.0,Primary
HNSC,TCGA-CR-7386-01,TCGA-CR-7386,186.273,47.01318342,0.0,Primary
HNSC,TCGA-CR-7388-01,TCGA-CR-7388,1765.73,27.05723773,1.0,Primary
HNSC,TCGA-CR-7389-01,TCGA-CR-7389,3000.42,12.88753,0.0,Primary
HNSC,TCGA-CR-7390-01,TCGA-CR-7390,565.799,49.57753888,0.0,Primary
HNSC,TCGA-CR-7391-01,TCGA-CR-7391,2463.1,30.01610941,0.0,Primary
HNSC,TCGA-CR-7392-01,TCGA-CR-7392,203.383,46.84880166,0.0,Primary
HNSC,TCGA-CR-7393-01,TCGA-CR-7393,1164.33,32.64621758,0.0,Primary
HNSC,TCGA-CR-7394-01,TCGA-CR-7394,3608.58,44.25156985,0.0,Primary
HNSC,TCGA-CR-7395-01,TCGA-CR-7395,587.726,30.5750074,0.0,Primary
HNSC,TCGA-CR-7397-01,TCGA-CR-7397,912.032,24.78876944,0.0,Primary
HNSC,TCGA-CR-7398-01,TCGA-CR-7398,192.093,5.128710918,0.0,Primary
HNSC,TCGA-CR-7399-01,TCGA-CR-7399,272.813,5.950619719,0.0,Primary
HNSC,TCGA-CR-7401-01,TCGA-CR-7401,179.652,35.40783115,0.0,Primary
HNSC,TCGA-CR-7402-01,TCGA-CR-7402,1346.51,29.95035671,0.0,Primary
HNSC,TCGA-CR-7404-01,TCGA-CR-7404,1367.83,48.3939902,0.0,Primary
HNSC,TCGA-CV-5430-01,TCGA-CV-5430,2325.49,139.428609,0.0,Primary
HNSC,TCGA-CV-5431-01,TCGA-CV-5431,70.3625,17.16145577,1.0,Primary
HNSC,TCGA-CV-5432-01,TCGA-CV-5432,331.238,129.2040635,0.0,Primary
HNSC,TCGA-CV-5434-01,TCGA-CV-5434,248.21,108.9522307,1.0,Primary
HNSC,TCGA-CV-5435-01,TCGA-CV-5435,479.1,76.24026038,1.0,Primary
HNSC,TCGA-CV-5436-01,TCGA-CV-5436,216.23,19.19978959,1.0,Primary
HNSC,TCGA-CV-5439-01,TCGA-CV-5439,305.191,17.95048821,1.0,Primary
HNSC,TCGA-CV-5440-01,TCGA-CV-5440,103.037,107.5056712,0.0,Primary
HNSC,TCGA-CV-5441-01,TCGA-CV-5441,41.6862,94.88115199,0.0,Primary
HNSC,TCGA-CV-5442-01,TCGA-CV-5442,123.625,76.5032712,0.0,Primary
HNSC,TCGA-CV-5443-01,TCGA-CV-5443,401.093,91.52776408,0.0,Primary
HNSC,TCGA-CV-5444-01,TCGA-CV-5444,827.5,80.11966992,0.0,Primary
HNSC,TCGA-CV-5966-01,TCGA-CV-5966,42.7827,17.91761186,1.0,Primary
HNSC,TCGA-CV-5970-01,TCGA-CV-5970,187.648,13.34779893,1.0,Primary
HNSC,TCGA-CV-5971-01,TCGA-CV-5971,98.2393,23.04632278,0.0,Primary
HNSC,TCGA-CV-5973-01,TCGA-CV-5973,466.844,86.82644574,0.0,Primary
HNSC,TCGA-CV-5976-01,TCGA-CV-5976,621.749,48.59124832,0.0,Primary
HNSC,TCGA-CV-5977-01,TCGA-CV-5977,265.172,60.49248775,0.0,Primary
HNSC,TCGA-CV-5978-01,TCGA-CV-5978,79.4504,7.068415689,1.0,Primary
HNSC,TCGA-CV-5979-01,TCGA-CV-5979,534.499,43.23240293,0.0,Primary
HNSC,TCGA-CV-6003-01,TCGA-CV-6003,162.375,54.73912615,0.0,Primary
HNSC,TCGA-CV-6433-01,TCGA-CV-6433,762.957,21.07374166,0.0,Primary
HNSC,TCGA-CV-6436-01,TCGA-CV-6436,484.016,62.43219252,0.0,Primary
HNSC,TCGA-CV-6441-01,TCGA-CV-6441,12030.4,9.599894796,1.0,Primary
HNSC,TCGA-CV-6933-01,TCGA-CV-6933,226.599,90.11408094,1.0,Primary
HNSC,TCGA-CV-6934-01,TCGA-CV-6934,572.614,2.136962883,1.0,Primary
HNSC,TCGA-CV-6935-01,TCGA-CV-6935,558.991,9.698523852,1.0,Primary
HNSC,TCGA-CV-6936-01,TCGA-CV-6936,557.67,5.457474439,1.0,Primary
HNSC,TCGA-CV-6937-01,TCGA-CV-6937,72.1185,20.51484367,1.0,Primary
HNSC,TCGA-CV-6938-01,TCGA-CV-6938,2322.59,4.734194694,1.0,Primary
HNSC,TCGA-CV-6939-01,TCGA-CV-6939,1834.43,21.89565046,1.0,Primary
HNSC,TCGA-CV-6940-01,TCGA-CV-6940,485.571,26.43258704,1.0,Primary
HNSC,TCGA-CV-6941-01,TCGA-CV-6941,712.765,11.2437124,1.0,Primary
HNSC,TCGA-CV-6942-01,TCGA-CV-6942,417.488,140.7765394,0.0,Primary
HNSC,TCGA-CV-6943-01,TCGA-CV-6943,13895.8,19.79156393,1.0,Primary
HNSC,TCGA-CV-6945-01,TCGA-CV-6945,1127.34,12.03274485,1.0,Primary
HNSC,TCGA-CV-6948-01,TCGA-CV-6948,393.769,42.37761778,1.0,Primary
HNSC,TCGA-CV-6950-01,TCGA-CV-6950,95.4495,15.09024559,1.0,Primary
HNSC,TCGA-CV-6951-01,TCGA-CV-6951,1181.0,30.08186212,1.0,Primary
HNSC,TCGA-CV-6952-01,TCGA-CV-6952,684.036,6.082125127,1.0,Primary
HNSC,TCGA-CV-6953-01,TCGA-CV-6953,532.645,53.9500937,1.0,Primary
HNSC,TCGA-CV-6954-01,TCGA-CV-6954,63.7403,65.81845678,1.0,Primary
HNSC,TCGA-CV-6955-01,TCGA-CV-6955,9399.21,10.98070158,1.0,Primary
HNSC,TCGA-CV-6956-01,TCGA-CV-6956,354.034,7.134168393,1.0,Primary
HNSC,TCGA-CV-6959-01,TCGA-CV-6959,548.078,8.416346122,1.0,Primary
HNSC,TCGA-CV-6960-01,TCGA-CV-6960,135.392,28.33941546,1.0,Primary
HNSC,TCGA-CV-6961-01,TCGA-CV-6961,1764.05,2.498602755,1.0,Primary
HNSC,TCGA-CV-6962-01,TCGA-CV-6962,107.4,4.142420357,1.0,Primary
HNSC,TCGA-CV-7089-01,TCGA-CV-7089,2251.72,64.83216622,1.0,Primary
HNSC,TCGA-CV-7090-01,TCGA-CV-7090,316.288,172.6666009,0.0,Primary
HNSC,TCGA-CV-7091-01,TCGA-CV-7091,1479.39,111.1549463,0.0,Primary
HNSC,TCGA-CV-7095-01,TCGA-CV-7095,314.439,18.80527337,1.0,Primary
HNSC,TCGA-CV-7097-01,TCGA-CV-7097,7.1807,12.65739554,1.0,Primary
HNSC,TCGA-CV-7099-01,TCGA-CV-7099,6109.53,7.988953546,1.0,Primary
HNSC,TCGA-CV-7100-01,TCGA-CV-7100,912.057,9.008120459,1.0,Primary
HNSC,TCGA-CV-7101-01,TCGA-CV-7101,8221.25,5.260216326,1.0,Primary
HNSC,TCGA-CV-7102-01,TCGA-CV-7102,73.2808,1.841075714,1.0,Primary
HNSC,TCGA-CV-7103-01,TCGA-CV-7103,265.453,52.3062761,1.0,Primary
HNSC,TCGA-CV-7104-01,TCGA-CV-7104,2093.96,12.92040635,1.0,Primary
HNSC,TCGA-CV-7177-01,TCGA-CV-7177,154.064,21.7970214,1.0,Primary
HNSC,TCGA-CV-7178-01,TCGA-CV-7178,255.735,71.21017852,1.0,Primary
HNSC,TCGA-CV-7180-01,TCGA-CV-7180,1227.74,10.75056712,1.0,Primary
HNSC,TCGA-CV-7183-01,TCGA-CV-7183,645.54,130.8807575,0.0,Primary
HNSC,TCGA-CV-7235-01,TCGA-CV-7235,366.769,77.16079824,0.0,Primary
HNSC,TCGA-CV-7236-01,TCGA-CV-7236,2632.14,4.734194694,1.0,Primary
HNSC,TCGA-CV-7238-01,TCGA-CV-7238,409.736,89.65381201,0.0,Primary
HNSC,TCGA-CV-7242-01,TCGA-CV-7242,2496.66,35.99960548,0.0,Primary
HNSC,TCGA-CV-7243-01,TCGA-CV-7243,21.6173,31.36403985,0.0,Primary
HNSC,TCGA-CV-7245-01,TCGA-CV-7245,1191.79,26.20245258,0.0,Primary
HNSC,TCGA-CV-7247-01,TCGA-CV-7247,183.564,18.96965513,1.0,Primary
HNSC,TCGA-CV-7248-01,TCGA-CV-7248,300.438,17.12857941,1.0,Primary
HNSC,TCGA-CV-7250-01,TCGA-CV-7250,15883.3,95.34142092,1.0,Primary
HNSC,TCGA-CV-7252-01,TCGA-CV-7252,152.882,4.964329158,1.0,Primary
HNSC,TCGA-CV-7253-01,TCGA-CV-7253,2897.96,11.86836309,1.0,Primary
HNSC,TCGA-CV-7254-01,TCGA-CV-7254,88.4392,47.96659763,1.0,Primary
HNSC,TCGA-CV-7255-01,TCGA-CV-7255,664.302,2.104086531,1.0,Primary
HNSC,TCGA-CV-7261-01,TCGA-CV-7261,218.498,49.70904428,0.0,Primary
HNSC,TCGA-CV-7263-01,TCGA-CV-7263,392.176,18.41075714,1.0,Primary
HNSC,TCGA-CV-7406-01,TCGA-CV-7406,785.264,57.46786337,1.0,Primary
HNSC,TCGA-CV-7407-01,TCGA-CV-7407,261.658,35.53933656,1.0,Primary
HNSC,TCGA-CV-7409-01,TCGA-CV-7409,365.938,17.85185916,1.0,Primary
HNSC,TCGA-CV-7410-01,TCGA-CV-7410,599.141,210.967551,1.0,Primary
HNSC,TCGA-CV-7411-01,TCGA-CV-7411,486.185,89.32504849,1.0,Primary
HNSC,TCGA-CV-7413-01,TCGA-CV-7413,1399.21,9.6656475,1.0,Primary
HNSC,TCGA-CV-7414-01,TCGA-CV-7414,649.302,0.460268929,1.0,Primary
HNSC,TCGA-CV-7415-01,TCGA-CV-7415,237.563,22.84906467,1.0,Primary
HNSC,TCGA-CV-7416-01,TCGA-CV-7416,207.387,25.08465661,1.0,Primary
HNSC,TCGA-CV-7418-01,TCGA-CV-7418,525.457,25.93944176,1.0,Primary
HNSC,TCGA-CV-7421-01,TCGA-CV-7421,803.451,0.065752704,1.0,Primary
HNSC,TCGA-CV-7422-01,TCGA-CV-7422,589.049,34.09277707,1.0,Primary
HNSC,TCGA-CV-7423-01,TCGA-CV-7423,345.925,100.5687609,1.0,Primary
HNSC,TCGA-CV-7424-01,TCGA-CV-7424,205.353,14.89298747,1.0,Primary
HNSC,TCGA-CV-7425-01,TCGA-CV-7425,75.9734,56.48157281,1.0,Primary
HNSC,TCGA-CV-7427-01,TCGA-CV-7427,11640.5,156.4914357,1.0,Primary
HNSC,TCGA-CV-7428-01,TCGA-CV-7428,223.289,54.93638426,1.0,Primary
HNSC,TCGA-CV-7429-01,TCGA-CV-7429,61.6695,3.517769668,1.0,Primary
HNSC,TCGA-CV-7430-01,TCGA-CV-7430,2406.39,16.27379426,1.0,Primary
HNSC,TCGA-CV-7432-01,TCGA-CV-7432,76.1831,84.49222474,1.0,Primary
HNSC,TCGA-CV-7433-01,TCGA-CV-7433,375.097,19.75868758,1.0,Primary
HNSC,TCGA-CV-7434-01,TCGA-CV-7434,315.854,7.167044745,1.0,Primary
HNSC,TCGA-CV-7435-01,TCGA-CV-7435,466.157,153.8613276,1.0,Primary
HNSC,TCGA-CV-7437-01,TCGA-CV-7437,205.48,16.63543413,1.0,Primary
HNSC,TCGA-CV-7438-01,TCGA-CV-7438,333.627,6.378012296,1.0,Primary
HNSC,TCGA-CV-7440-01,TCGA-CV-7440,78.2642,22.19153763,1.0,Primary
HNSC,TCGA-CV-7446-01,TCGA-CV-7446,429.249,35.93385278,1.0,Primary
HNSC,TCGA-CV-7568-01,TCGA-CV-7568,117.483,30.47637834,1.0,Primary
HNSC,TCGA-CV-A45O-01,TCGA-CV-A45O,2865.72,27.97777559,0.0,Primary
HNSC,TCGA-CV-A45P-01,TCGA-CV-A45P,3648.73,21.00798895,0.0,Primary
HNSC,TCGA-CV-A45Q-01,TCGA-CV-A45Q,323.625,169.3789657,1.0,Primary
HNSC,TCGA-CV-A45R-01,TCGA-CV-A45R,1671.32,180.1624092,0.0,Primary
HNSC,TCGA-CV-A45T-01,TCGA-CV-A45T,305.77,159.6475655,1.0,Primary
HNSC,TCGA-CV-A45U-01,TCGA-CV-A45U,250.441,35.47358385,1.0,Primary
HNSC,TCGA-CV-A45V-01,TCGA-CV-A45V,8899.88,1.052043265,1.0,Primary
HNSC,TCGA-CV-A45W-01,TCGA-CV-A45W,383.866,45.96114015,1.0,Primary
HNSC,TCGA-CV-A45X-01,TCGA-CV-A45X,433.146,6.509517704,1.0,Primary
HNSC,TCGA-CV-A45Y-01,TCGA-CV-A45Y,192.944,88.86477956,1.0,Primary
HNSC,TCGA-CV-A45Z-01,TCGA-CV-A45Z,2297.39,48.19673209,1.0,Primary
HNSC,TCGA-CV-A460-01,TCGA-CV-A460,67.5477,60.42673505,1.0,Primary
HNSC,TCGA-CV-A461-01,TCGA-CV-A461,7407.21,67.85679061,1.0,Primary
HNSC,TCGA-CV-A463-01,TCGA-CV-A463,148.746,0.756156097,1.0,Primary
HNSC,TCGA-CV-A464-01,TCGA-CV-A464,94.3309,56.61307821,0.0,Primary
HNSC,TCGA-CV-A465-01,TCGA-CV-A465,282.104,7.068415689,1.0,Primary
HNSC,TCGA-CV-A468-01,TCGA-CV-A468,1068.59,15.25462735,1.0,Primary
HNSC,TCGA-CV-A6JD-01,TCGA-CV-A6JD,393.435,5.983496071,1.0,Primary
HNSC,TCGA-CV-A6JE-01,TCGA-CV-A6JE,117.704,35.34207844,0.0,Primary
HNSC,TCGA-CV-A6JM-01,TCGA-CV-A6JM,51.0697,6.378012296,1.0,Primary
HNSC,TCGA-CV-A6JN-01,TCGA-CV-A6JN,204.0,29.78597495,0.0,Primary
HNSC,TCGA-CV-A6JO-01,TCGA-CV-A6JO,686.334,6.476641352,1.0,Primary
HNSC,TCGA-CV-A6JT-01,TCGA-CV-A6JT,232.838,28.01065194,0.0,Primary
HNSC,TCGA-CV-A6JU-01,TCGA-CV-A6JU,118.092,3.616398724,0.0,Primary
HNSC,TCGA-CV-A6JY-01,TCGA-CV-A6JY,1488.93,21.23812342,0.0,Primary
HNSC,TCGA-CV-A6JZ-01,TCGA-CV-A6JZ,53.3379,23.47371536,0.0,Primary
HNSC,TCGA-CV-A6K0-01,TCGA-CV-A6K0,388.322,19.92306934,0.0,Primary
HNSC,TCGA-CV-A6K1-01,TCGA-CV-A6K1,192.52,22.52030115,0.0,Primary
HNSC,TCGA-CV-A6K2-01,TCGA-CV-A6K2,1172.09,10.4218036,1.0,Primary
HNSC,TCGA-CX-7085-01,TCGA-CX-7085,4742.84,10.55330901,0.0,Primary
HNSC,TCGA-CX-7086-01,TCGA-CX-7086,2582.09,18.83814972,0.0,Primary
HNSC,TCGA-CX-7219-01,TCGA-CX-7219,482.814,34.35578788,0.0,Primary
HNSC,TCGA-CX-A4AQ-01,TCGA-CX-A4AQ,234.607,51.12272742,0.0,Primary
HNSC,TCGA-D6-6515-01,TCGA-D6-6515,22614.6,13.24916987,1.0,Primary
HNSC,TCGA-D6-6516-01,TCGA-D6-6516,188.709,25.41342013,0.0,Primary
HNSC,TCGA-D6-6517-01,TCGA-D6-6517,54.1932,9.599894796,0.0,Primary
HNSC,TCGA-D6-6823-01,TCGA-D6-6823,270.884,23.04632278,0.0,Primary
HNSC,TCGA-D6-6824-01,TCGA-D6-6824,8386.72,2.531479107,0.0,Primary
HNSC,TCGA-D6-6825-01,TCGA-D6-6825,1060.38,16.14228885,0.0,Primary
HNSC,TCGA-D6-6826-01,TCGA-D6-6826,742.006,11.44097051,1.0,Primary
HNSC,TCGA-D6-6827-01,TCGA-D6-6827,325.352,18.67376796,0.0,Primary
HNSC,TCGA-D6-8568-01,TCGA-D6-8568,1722.15,24.9531512,0.0,Primary
HNSC,TCGA-D6-8569-01,TCGA-D6-8569,933.373,25.31479107,0.0,Primary
HNSC,TCGA-D6-A4Z9-01,TCGA-D6-A4Z9,697.729,17.72035375,0.0,Primary
HNSC,TCGA-D6-A4ZB-01,TCGA-D6-A4ZB,566.727,12.36150837,0.0,Primary
HNSC,TCGA-D6-A6EK-01,TCGA-D6-A6EK,833.641,28.76680804,0.0,Primary
HNSC,TCGA-D6-A6EM-01,TCGA-D6-A6EM,63.4432,7.627313673,0.0,Primary
HNSC,TCGA-D6-A6EN-01,TCGA-D6-A6EN,175.499,22.58605385,0.0,Primary
HNSC,TCGA-D6-A6EO-01,TCGA-D6-A6EO,809.147,24.9531512,0.0,Primary
HNSC,TCGA-D6-A6EP-01,TCGA-D6-A6EP,116.885,13.93957327,0.0,Primary
HNSC,TCGA-D6-A6EQ-01,TCGA-D6-A6EQ,212.983,12.09849755,0.0,Primary
HNSC,TCGA-D6-A6ES-01,TCGA-D6-A6ES,40.8429,12.78890094,0.0,Primary
HNSC,TCGA-D6-A74Q-01,TCGA-D6-A74Q,1394.21,23.34220995,0.0,Primary
HNSC,TCGA-DQ-5624-01,TCGA-DQ-5624,312.761,58.45415393,0.0,Primary
HNSC,TCGA-DQ-5625-01,TCGA-DQ-5625,68.3794,37.24890686,1.0,Primary
HNSC,TCGA-DQ-5629-01,TCGA-DQ-5629,332.106,30.93664727,1.0,Primary
HNSC,TCGA-DQ-5630-01,TCGA-DQ-5630,2134.33,33.8626426,0.0,Primary
HNSC,TCGA-DQ-5631-01,TCGA-DQ-5631,184.279,18.01624092,1.0,Primary
HNSC,TCGA-DQ-7588-01,TCGA-DQ-7588,88.9548,14.03820232,1.0,Primary
HNSC,TCGA-DQ-7589-01,TCGA-DQ-7589,612.851,46.32278002,0.0,Primary
HNSC,TCGA-DQ-7590-01,TCGA-DQ-7590,13.2259,46.45428543,0.0,Primary
HNSC,TCGA-DQ-7591-01,TCGA-DQ-7591,661.882,20.44909097,0.0,Primary
HNSC,TCGA-DQ-7592-01,TCGA-DQ-7592,126.795,37.57767038,0.0,Primary
HNSC,TCGA-DQ-7593-01,TCGA-DQ-7593,1065.48,40.2406549,0.0,Primary
HNSC,TCGA-DQ-7594-01,TCGA-DQ-7594,14555.1,40.04339679,0.0,Primary
HNSC,TCGA-DQ-7595-01,TCGA-DQ-7595,4328.06,39.12285893,0.0,Primary
HNSC,TCGA-DQ-7596-01,TCGA-DQ-7596,4006.29,41.58858533,0.0,Primary
HNSC,TCGA-F7-7848-01,TCGA-F7-7848,1983.12,37.18315416,0.0,Primary
HNSC,TCGA-F7-8298-01,TCGA-F7-8298,389.105,32.71197028,0.0,Primary
HNSC,TCGA-F7-8489-01,TCGA-F7-8489,2241.87,21.63263964,0.0,Primary
HNSC,TCGA-F7-A50G-01,TCGA-F7-A50G,831.399,20.25183286,0.0,Primary
HNSC,TCGA-F7-A50I-01,TCGA-F7-A50I,3105.81,3.024624388,0.0,Primary
HNSC,TCGA-F7-A50J-01,TCGA-F7-A50J,695.016,31.13390538,0.0,Primary
HNSC,TCGA-F7-A61S-01,TCGA-F7-A61S,1127.73,18.93677878,0.0,Primary
HNSC,TCGA-F7-A61V-01,TCGA-F7-A61V,269.886,24.9531512,0.0,Primary
HNSC,TCGA-F7-A61W-01,TCGA-F7-A61W,154.188,0.460268929,0.0,Primary
HNSC,TCGA-F7-A620-01,TCGA-F7-A620,1197.4,17.85185916,0.0,Primary
HNSC,TCGA-F7-A622-01,TCGA-F7-A622,331.995,11.80261038,1.0,Primary
HNSC,TCGA-F7-A623-01,TCGA-F7-A623,886.677,20.25183286,0.0,Primary
HNSC,TCGA-F7-A624-01,TCGA-F7-A624,2.5688,12.42726107,0.0,Primary
HNSC,TCGA-H7-7774-01,TCGA-H7-7774,3122.45,13.38067528,0.0,Primary
HNSC,TCGA-H7-8501-01,TCGA-H7-8501,195.832,15.15599829,0.0,Primary
HNSC,TCGA-H7-8502-01,TCGA-H7-8502,587.342,15.05736923,0.0,Primary
HNSC,TCGA-H7-A6C4-01,TCGA-H7-A6C4,1771.68,13.61080975,0.0,Primary
HNSC,TCGA-H7-A76A-01,TCGA-H7-A76A,329.465,20.94223625,0.0,Primary
HNSC,TCGA-HD-7229-01,TCGA-HD-7229,1323.1,33.76401355,0.0,Primary
HNSC,TCGA-HD-7753-01,TCGA-HD-7753,333.899,28.47092087,0.0,Primary
HNSC,TCGA-HD-7754-01,TCGA-HD-7754,4812.92,25.74218365,0.0,Primary
HNSC,TCGA-HD-7831-01,TCGA-HD-7831,151.869,21.92852681,0.0,Primary
HNSC,TCGA-HD-7832-01,TCGA-HD-7832,445.458,27.48463031,0.0,Primary
HNSC,TCGA-HD-7917-01,TCGA-HD-7917,4096.38,27.48463031,1.0,Primary
HNSC,TCGA-HD-8224-01,TCGA-HD-8224,4208.51,14.66285301,1.0,Primary
HNSC,TCGA-HD-8314-01,TCGA-HD-8314,451.785,22.02715587,0.0,Primary
HNSC,TCGA-HD-8634-01,TCGA-HD-8634,824.052,12.65739554,1.0,Primary
HNSC,TCGA-HD-8635-01,TCGA-HD-8635,392.067,22.84906467,0.0,Primary
HNSC,TCGA-HD-A4C1-01,TCGA-HD-A4C1,118.33,0.361639872,0.0,Primary
HNSC,TCGA-HD-A633-01,TCGA-HD-A633,270.578,13.84094421,0.0,Primary
HNSC,TCGA-HD-A634-01,TCGA-HD-A634,9.7436,4.273925765,1.0,Primary
HNSC,TCGA-HD-A6HZ-01,TCGA-HD-A6HZ,1033.11,3.649275076,0.0,Primary
HNSC,TCGA-HD-A6I0-01,TCGA-HD-A6I0,77.3967,6.904033928,0.0,Primary
HNSC,TCGA-HL-7533-01,TCGA-HL-7533,724.578,34.75030411,0.0,Primary
HNSC,TCGA-IQ-7630-01,TCGA-IQ-7630,486.395,15.94503074,0.0,Primary
HNSC,TCGA-IQ-7631-01,TCGA-IQ-7631,191.184,38.53108459,0.0,Primary
HNSC,TCGA-IQ-7632-01,TCGA-IQ-7632,2880.07,14.49847125,0.0,Primary
HNSC,TCGA-IQ-A61E-01,TCGA-IQ-A61E,244.136,37.70917579,0.0,Primary
HNSC,TCGA-IQ-A61G-01,TCGA-IQ-A61G,157.193,11.83548673,0.0,Primary
HNSC,TCGA-IQ-A61H-01,TCGA-IQ-A61H,250.282,37.41328862,0.0,Primary
HNSC,TCGA-IQ-A61I-01,TCGA-IQ-A61I,1106.33,0.065752704,1.0,Primary
HNSC,TCGA-IQ-A61J-01,TCGA-IQ-A61J,626.617,33.56675543,0.0,Primary
HNSC,TCGA-IQ-A61O-01,TCGA-IQ-A61O,83.2726,13.84094421,1.0,Primary
HNSC,TCGA-IQ-A6SG-01,TCGA-IQ-A6SG,540.12,19.03540783,0.0,Primary
HNSC,TCGA-IQ-A6SH-01,TCGA-IQ-A6SH,126.825,15.48476181,0.0,Primary
HNSC,TCGA-KU-A66S-01,TCGA-KU-A66S,119.443,13.34779893,1.0,Primary
HNSC,TCGA-KU-A66T-01,TCGA-KU-A66T,968.837,18.14774633,0.0,Primary
HNSC,TCGA-KU-A6H7-01,TCGA-KU-A6H7,2104.71,19.2655423,0.0,Primary
HNSC,TCGA-KU-A6H8-01,TCGA-KU-A6H8,347.032,10.75056712,1.0,Primary
HNSC,TCGA-MT-A51W-01,TCGA-MT-A51W,927.334,14.36696584,0.0,Primary
HNSC,TCGA-MT-A51X-01,TCGA-MT-A51X,700.161,7.956077194,0.0,Primary
HNSC,TCGA-MT-A67A-01,TCGA-MT-A67A,874.874,30.04898577,0.0,Primary
HNSC,TCGA-MT-A67D-01,TCGA-MT-A67D,1590.44,1.841075714,0.0,Primary
HNSC,TCGA-MT-A67F-01,TCGA-MT-A67F,1219.2,12.62451918,0.0,Primary
HNSC,TCGA-MT-A7BN-01,TCGA-MT-A7BN,5.5556,15.41900911,0.0,Primary
HNSC,TCGA-MZ-A5BI-01,TCGA-MZ-A5BI,629.289,7.134168393,1.0,Primary
HNSC,TCGA-MZ-A6I9-01,TCGA-MZ-A6I9,2393.4,16.07653615,1.0,Primary
HNSC,TCGA-MZ-A7D7-01,TCGA-MZ-A7D7,846.253,17.98336457,0.0,Primary
HNSC,TCGA-P3-A5Q5-01,TCGA-P3-A5Q5,1449.36,29.91748036,0.0,Primary
HNSC,TCGA-P3-A5Q6-01,TCGA-P3-A5Q6,143.139,15.78064898,1.0,Primary
HNSC,TCGA-P3-A5QA-01,TCGA-P3-A5QA,88.172,71.73620015,0.0,Primary
HNSC,TCGA-P3-A5QE-01,TCGA-P3-A5QE,1738.19,51.25423283,0.0,Primary
HNSC,TCGA-P3-A5QF-01,TCGA-P3-A5QF,3224.24,10.84919617,1.0,Primary
HNSC,TCGA-P3-A6SW-01,TCGA-P3-A6SW,172.743,36.82151429,0.0,Primary
HNSC,TCGA-P3-A6SX-01,TCGA-P3-A6SX,305.821,47.01318342,1.0,Primary
HNSC,TCGA-P3-A6T0-01,TCGA-P3-A6T0,356.613,19.00253148,0.0,Primary
HNSC,TCGA-P3-A6T2-01,TCGA-P3-A6T2,206.629,75.54985699,0.0,Primary
HNSC,TCGA-P3-A6T3-01,TCGA-P3-A6T3,86.2488,18.96965513,1.0,Primary
HNSC,TCGA-P3-A6T4-01,TCGA-P3-A6T4,500.283,2.038333827,1.0,Primary
HNSC,TCGA-P3-A6T5-01,TCGA-P3-A6T5,259.59,28.9969425,1.0,Primary
HNSC,TCGA-P3-A6T6-01,TCGA-P3-A6T6,380.101,12.98615906,1.0,Primary
HNSC,TCGA-P3-A6T7-01,TCGA-P3-A6T7,322.809,16.01078344,1.0,Primary
HNSC,TCGA-P3-A6T8-01,TCGA-P3-A6T8,352.418,13.15054082,0.0,Primary
HNSC,TCGA-QK-A64Z-01,TCGA-QK-A64Z,350.225,21.07374166,1.0,Primary
HNSC,TCGA-QK-A652-01,TCGA-QK-A652,753.386,21.20524707,0.0,Primary
HNSC,TCGA-QK-A6IF-01,TCGA-QK-A6IF,192.364,23.14495184,0.0,Primary
HNSC,TCGA-QK-A6IG-01,TCGA-QK-A6IG,173.759,7.298550153,1.0,Primary
HNSC,TCGA-QK-A6IH-01,TCGA-QK-A6IH,93.2203,21.46825788,0.0,Primary
HNSC,TCGA-QK-A6II-01,TCGA-QK-A6II,52.2228,9.336883979,1.0,Primary
HNSC,TCGA-QK-A6IJ-01,TCGA-QK-A6IJ,712.271,12.72314824,0.0,Primary
HNSC,TCGA-QK-A6V9-01,TCGA-QK-A6V9,443.237,27.38600125,0.0,Primary
HNSC,TCGA-QK-A6VB-01,TCGA-QK-A6VB,1236.58,21.07374166,0.0,Primary
HNSC,TCGA-QK-A6VC-01,TCGA-QK-A6VC,2674.92,19.72581122,0.0,Primary
HNSC,TCGA-QK-A8Z7-01,TCGA-QK-A8Z7,609.49,12.88753,0.0,Primary
HNSC,TCGA-QK-A8Z8-01,TCGA-QK-A8Z8,9634.62,5.621856199,1.0,Primary
HNSC,TCGA-QK-A8Z9-01,TCGA-QK-A8Z9,148.074,14.76148207,1.0,Primary
HNSC,TCGA-QK-A8ZA-01,TCGA-QK-A8ZA,632.477,12.19712661,1.0,Primary
HNSC,TCGA-QK-A8ZB-01,TCGA-QK-A8ZB,557.257,17.81898281,0.0,Primary
HNSC,TCGA-QK-AA3J-01,TCGA-QK-AA3J,2448.16,15.32038005,0.0,Primary
HNSC,TCGA-QK-AA3K-01,TCGA-QK-AA3K,40.9315,8.317717066,0.0,Primary
HNSC,TCGA-RS-A6TO-01,TCGA-RS-A6TO,386.4,12.72314824,1.0,Primary
HNSC,TCGA-RS-A6TP-01,TCGA-RS-A6TP,263.038,16.96419765,0.0,Primary
HNSC,TCGA-T2-A6WX-01,TCGA-T2-A6WX,2106.58,6.871157576,1.0,Primary
HNSC,TCGA-T2-A6WZ-01,TCGA-T2-A6WZ,189.25,15.91215439,1.0,Primary
HNSC,TCGA-T2-A6X0-01,TCGA-T2-A6X0,864.695,7.101292041,0.0,Primary
HNSC,TCGA-T2-A6X2-01,TCGA-T2-A6X2,204.832,32.44895946,0.0,Primary
HNSC,TCGA-T3-A92M-01,TCGA-T3-A92M,426.211,13.7094388,0.0,Primary
HNSC,TCGA-T3-A92N-01,TCGA-T3-A92N,255.713,3.123253444,1.0,Primary
HNSC,TCGA-TN-A7HI-01,TCGA-TN-A7HI,76.3317,13.54505704,0.0,Primary
HNSC,TCGA-TN-A7HJ-01,TCGA-TN-A7HJ,2055.05,13.24916987,0.0,Primary
HNSC,TCGA-TN-A7HL-01,TCGA-TN-A7HL,1524.42,20.35046191,0.0,Primary
HNSC,TCGA-UF-A718-01,TCGA-UF-A718,164.449,64.79928987,0.0,Primary
HNSC,TCGA-UF-A719-01,TCGA-UF-A719,4464.72,54.67337344,0.0,Primary
HNSC,TCGA-UF-A71A-01,TCGA-UF-A71A,84.7115,2.827366275,1.0,Primary
HNSC,TCGA-UF-A71B-01,TCGA-UF-A71B,391.632,49.51178617,0.0,Primary
HNSC,TCGA-UF-A71D-01,TCGA-UF-A71D,3841.48,48.03235033,0.0,Primary
HNSC,TCGA-UF-A71E-01,TCGA-UF-A71E,826.243,49.44603347,1.0,Primary
HNSC,TCGA-UF-A7J9-01,TCGA-UF-A7J9,158.541,44.64608607,0.0,Primary
HNSC,TCGA-UF-A7JA-01,TCGA-UF-A7JA,308.0,74.46493737,0.0,Primary
HNSC,TCGA-UF-A7JC-01,TCGA-UF-A7JC,342.672,17.95048821,1.0,Primary
HNSC,TCGA-UF-A7JD-01,TCGA-UF-A7JD,36.4697,24.29562416,1.0,Primary
HNSC,TCGA-UF-A7JF-01,TCGA-UF-A7JF,1550.07,55.42952954,0.0,Primary
HNSC,TCGA-UF-A7JH-01,TCGA-UF-A7JH,275.038,29.45721143,0.0,Primary
HNSC,TCGA-UF-A7JJ-01,TCGA-UF-A7JJ,2169.29,18.04911727,0.0,Primary
HNSC,TCGA-UF-A7JK-01,TCGA-UF-A7JK,321.846,13.93957327,1.0,Primary
HNSC,TCGA-UF-A7JO-01,TCGA-UF-A7JO,1910.17,20.74497814,1.0,Primary
HNSC,TCGA-UF-A7JS-01,TCGA-UF-A7JS,337.818,22.35591939,1.0,Primary
HNSC,TCGA-UF-A7JT-01,TCGA-UF-A7JT,462.771,32.64621758,1.0,Primary
HNSC,TCGA-UF-A7JV-01,TCGA-UF-A7JV,457.56,2.958871684,1.0,Primary
HNSC,TCGA-UP-A6WW-01,TCGA-UP-A6WW,70.0593,17.02995036,0.0,Primary
HNSC,TCGA-WA-A7GZ-01,TCGA-WA-A7GZ,707.127,20.54772003,1.0,Primary
HNSC,TCGA-WA-A7H4-01,TCGA-WA-A7H4,240.385,14.56422395,0.0,Primary
UCEC,TCGA-2E-A9G8-01,TCGA-2E-A9G8,10.3146,41.0625637,0.0,Primary
UCEC,TCGA-4E-A92E-01,TCGA-4E-A92E,24.1348,0.427392577,0.0,Primary
UCEC,TCGA-5B-A90C-01,TCGA-5B-A90C,7.592,39.51737515,0.0,Primary
UCEC,TCGA-5S-A9Q8-01,TCGA-5S-A9Q8,292.599,10.29029819,0.0,Primary
UCEC,TCGA-A5-A0G1-01,TCGA-A5-A0G1,54.016,106.8810205,1.0,Primary
UCEC,TCGA-A5-A0G2-01,TCGA-A5-A0G2,1.8556,149.5545254,0.0,Primary
UCEC,TCGA-A5-A0G3-01,TCGA-A5-A0G3,129.4168,46.94743071,0.0,Primary
UCEC,TCGA-A5-A0G5-01,TCGA-A5-A0G5,1.5716,37.0187724,0.0,Primary
UCEC,TCGA-A5-A0G9-01,TCGA-A5-A0G9,130.1654,83.50593418,0.0,Primary
UCEC,TCGA-A5-A0GA-01,TCGA-A5-A0GA,16.4596,17.85185916,1.0,Primary
UCEC,TCGA-A5-A0GB-01,TCGA-A5-A0GB,13.2211,32.77772298,0.0,Primary
UCEC,TCGA-A5-A0GD-01,TCGA-A5-A0GD,13.0634,112.535753,1.0,Primary
UCEC,TCGA-A5-A0GE-01,TCGA-A5-A0GE,14.1696,105.3687083,0.0,Primary
UCEC,TCGA-A5-A0GG-01,TCGA-A5-A0GG,9.8621,123.6808364,0.0,Primary
UCEC,TCGA-A5-A0GH-01,TCGA-A5-A0GH,71.0466,74.1032975,0.0,Primary
UCEC,TCGA-A5-A0GI-01,TCGA-A5-A0GI,234.3945,88.17437617,0.0,Primary
UCEC,TCGA-A5-A0GJ-01,TCGA-A5-A0GJ,202.4251,65.75270408,0.0,Primary
UCEC,TCGA-A5-A0GM-01,TCGA-A5-A0GM,36.3,60.52536411,0.0,Primary
UCEC,TCGA-A5-A0GN-01,TCGA-A5-A0GN,493.9613,60.52536411,0.0,Primary
UCEC,TCGA-A5-A0GP-01,TCGA-A5-A0GP,88.3678,46.55291449,0.0,Primary
UCEC,TCGA-A5-A0GQ-01,TCGA-A5-A0GQ,106.331,73.87316303,0.0,Primary
UCEC,TCGA-A5-A0GR-01,TCGA-A5-A0GR,24.0608,36.82151429,0.0,Primary
UCEC,TCGA-A5-A0GU-01,TCGA-A5-A0GU,57.5382,28.27366275,0.0,Primary
UCEC,TCGA-A5-A0GV-01,TCGA-A5-A0GV,14.741,54.0158464,0.0,Primary
UCEC,TCGA-A5-A0GW-01,TCGA-A5-A0GW,13.2231,23.21070454,0.0,Primary
UCEC,TCGA-A5-A0GX-01,TCGA-A5-A0GX,44.5087,68.64582306,0.0,Primary
UCEC,TCGA-A5-A0R6-01,TCGA-A5-A0R6,13.6134,37.9064339,0.0,Primary
UCEC,TCGA-A5-A0R7-01,TCGA-A5-A0R7,46.068,17.58884834,0.0,Primary
UCEC,TCGA-A5-A0R8-01,TCGA-A5-A0R8,89.5242,19.59430582,0.0,Primary
UCEC,TCGA-A5-A0R9-01,TCGA-A5-A0R9,4.6423,24.62438768,0.0,Primary
UCEC,TCGA-A5-A0RA-01,TCGA-A5-A0RA,24.9957,29.0626952,0.0,Primary
UCEC,TCGA-A5-A0VO-01,TCGA-A5-A0VO,23.3128,28.76680804,1.0,Primary
UCEC,TCGA-A5-A0VP-01,TCGA-A5-A0VP,40.91,42.34474143,0.0,Primary
UCEC,TCGA-A5-A0VQ-01,TCGA-A5-A0VQ,45.9481,15.94503074,0.0,Primary
UCEC,TCGA-A5-A1OF-01,TCGA-A5-A1OF,0.1249,31.98869054,0.0,Primary
UCEC,TCGA-A5-A1OG-01,TCGA-A5-A1OG,15.6022,31.98869054,1.0,Primary
UCEC,TCGA-A5-A1OH-01,TCGA-A5-A1OH,74.2115,36.328369,0.0,Primary
UCEC,TCGA-A5-A1OJ-01,TCGA-A5-A1OJ,799.3337,33.07361015,0.0,Primary
UCEC,TCGA-A5-A1OK-01,TCGA-A5-A1OK,153.8766,30.14761482,0.0,Primary
UCEC,TCGA-A5-A2K2-01,TCGA-A5-A2K2,6.5698,118.1904856,0.0,Primary
UCEC,TCGA-A5-A2K3-01,TCGA-A5-A2K3,0.9251,66.1472203,0.0,Primary
UCEC,TCGA-A5-A2K4-01,TCGA-A5-A2K4,41.5318,28.63530263,1.0,Primary
UCEC,TCGA-A5-A2K5-01,TCGA-A5-A2K5,0.0,24.72301673,0.0,Primary
UCEC,TCGA-A5-A2K7-01,TCGA-A5-A2K7,3.2668,34.94756222,0.0,Primary
UCEC,TCGA-A5-A3LO-01,TCGA-A5-A3LO,39.9493,25.51204918,0.0,Primary
UCEC,TCGA-A5-A3LP-01,TCGA-A5-A3LP,278.525,14.95874018,0.0,Primary
UCEC,TCGA-A5-A7WJ-01,TCGA-A5-A7WJ,37.1116,11.21083605,0.0,Primary
UCEC,TCGA-A5-A7WK-01,TCGA-A5-A7WK,6.5857,18.41075714,0.0,Primary
UCEC,TCGA-A5-AB3J-01,TCGA-A5-AB3J,173.949,16.83269224,0.0,Primary
UCEC,TCGA-AJ-A23M-01,TCGA-AJ-A23M,21.5128,20.25183286,1.0,Primary
UCEC,TCGA-AJ-A23N-01,TCGA-AJ-A23N,14.1693,14.43271855,1.0,Primary
UCEC,TCGA-AJ-A23O-01,TCGA-AJ-A23O,5.2757,10.25742184,1.0,Primary
UCEC,TCGA-AJ-A2QK-01,TCGA-AJ-A2QK,60.8489,21.13949436,0.0,Primary
UCEC,TCGA-AJ-A2QL-01,TCGA-AJ-A2QL,28.3174,19.79156393,0.0,Primary
UCEC,TCGA-AJ-A2QM-01,TCGA-AJ-A2QM,18.8616,29.39145872,0.0,Primary
UCEC,TCGA-AJ-A2QN-01,TCGA-AJ-A2QN,50.0358,35.14482033,0.0,Primary
UCEC,TCGA-AJ-A2QO-01,TCGA-AJ-A2QO,7.7019,34.35578788,1.0,Primary
UCEC,TCGA-AJ-A3BD-01,TCGA-AJ-A3BD,12.6192,34.15852977,0.0,Primary
UCEC,TCGA-AJ-A3BF-01,TCGA-AJ-A3BF,14.5387,18.11486997,0.0,Primary
UCEC,TCGA-AJ-A3BG-01,TCGA-AJ-A3BG,0.5223,18.08199362,0.0,Primary
UCEC,TCGA-AJ-A3BH-01,TCGA-AJ-A3BH,1.1044,,0.0,Primary
UCEC,TCGA-AJ-A3BI-01,TCGA-AJ-A3BI,0.0,18.90390242,0.0,Primary
UCEC,TCGA-AJ-A3BK-01,TCGA-AJ-A3BK,5.8357,33.89551895,0.0,Primary
UCEC,TCGA-AJ-A3EJ-01,TCGA-AJ-A3EJ,39.2268,1.643817602,1.0,Primary
UCEC,TCGA-AJ-A3EK-01,TCGA-AJ-A3EK,0.0,14.66285301,0.0,Primary
UCEC,TCGA-AJ-A3EL-01,TCGA-AJ-A3EL,3.9046,22.4874248,0.0,Primary
UCEC,TCGA-AJ-A3EM-01,TCGA-AJ-A3EM,3.0499,22.25729033,0.0,Primary
UCEC,TCGA-AJ-A3I9-01,TCGA-AJ-A3I9,9.1561,17.06282671,1.0,Primary
UCEC,TCGA-AJ-A3IA-01,TCGA-AJ-A3IA,28.5242,20.81073084,0.0,Primary
UCEC,TCGA-AJ-A3NC-01,TCGA-AJ-A3NC,96.831,36.98589605,0.0,Primary
UCEC,TCGA-AJ-A3NE-01,TCGA-AJ-A3NE,88.1369,20.64634908,0.0,Primary
UCEC,TCGA-AJ-A3NF-01,TCGA-AJ-A3NF,9.9426,21.20524707,0.0,Primary
UCEC,TCGA-AJ-A3NG-01,TCGA-AJ-A3NG,25.9723,15.61626722,0.0,Primary
UCEC,TCGA-AJ-A3NH-01,TCGA-AJ-A3NH,49.7216,10.19166913,1.0,Primary
UCEC,TCGA-AJ-A3OJ-01,TCGA-AJ-A3OJ,2.0154,15.3532564,0.0,Primary
UCEC,TCGA-AJ-A3OK-01,TCGA-AJ-A3OK,2.5906,15.94503074,0.0,Primary
UCEC,TCGA-AJ-A3OL-01,TCGA-AJ-A3OL,28.4248,14.76148207,1.0,Primary
UCEC,TCGA-AJ-A3QS-01,TCGA-AJ-A3QS,6.7891,16.8655686,0.0,Primary
UCEC,TCGA-AJ-A3TW-01,TCGA-AJ-A3TW,0.4299,16.8655686,0.0,Primary
UCEC,TCGA-AJ-A5DV-01,TCGA-AJ-A5DV,33.4274,22.32304304,0.0,Primary
UCEC,TCGA-AJ-A5DW-01,TCGA-AJ-A5DW,6.2474,12.8217773,0.0,Primary
UCEC,TCGA-AJ-A6NU-01,TCGA-AJ-A6NU,136.582,20.77785449,0.0,Primary
UCEC,TCGA-AJ-A8CT-01,TCGA-AJ-A8CT,19.7694,2.695860867,0.0,Primary
UCEC,TCGA-AJ-A8CV-01,TCGA-AJ-A8CV,2.3335,35.11194398,0.0,Primary
UCEC,TCGA-AJ-A8CW-01,TCGA-AJ-A8CW,19.8102,0.131505408,0.0,Primary
UCEC,TCGA-AP-A051-01,TCGA-AP-A051,24.8009,129.7958379,0.0,Primary
UCEC,TCGA-AP-A052-01,TCGA-AP-A052,15.6918,21.99427952,1.0,Primary
UCEC,TCGA-AP-A054-01,TCGA-AP-A054,239.0932,23.3093336,1.0,Primary
UCEC,TCGA-AP-A056-01,TCGA-AP-A056,2.2798,86.07028964,0.0,Primary
UCEC,TCGA-AP-A059-01,TCGA-AP-A059,1.8377,48.03235033,0.0,Primary
UCEC,TCGA-AP-A05A-01,TCGA-AP-A05A,6.1934,63.91162837,1.0,Primary
UCEC,TCGA-AP-A05D-01,TCGA-AP-A05D,38.3354,57.79662689,0.0,Primary
UCEC,TCGA-AP-A05H-01,TCGA-AP-A05H,66.8706,45.53374758,0.0,Primary
UCEC,TCGA-AP-A05J-01,TCGA-AP-A05J,1.68,36.88726699,0.0,Primary
UCEC,TCGA-AP-A05N-01,TCGA-AP-A05N,36.5098,23.86823158,1.0,Primary
UCEC,TCGA-AP-A05O-01,TCGA-AP-A05O,46.3712,12.62451918,0.0,Primary
UCEC,TCGA-AP-A05P-01,TCGA-AP-A05P,53.0634,20.9093599,0.0,Primary
UCEC,TCGA-AP-A0L8-01,TCGA-AP-A0L8,115.2061,48.78850643,1.0,Primary
UCEC,TCGA-AP-A0L9-01,TCGA-AP-A0L9,190.5215,125.423283,0.0,Primary
UCEC,TCGA-AP-A0LD-01,TCGA-AP-A0LD,626.5671,117.9932275,0.0,Primary
UCEC,TCGA-AP-A0LE-01,TCGA-AP-A0LE,10.289,110.3659138,0.0,Primary
UCEC,TCGA-AP-A0LF-01,TCGA-AP-A0LF,27.8934,93.99349048,0.0,Primary
UCEC,TCGA-AP-A0LG-01,TCGA-AP-A0LG,21.7127,66.24584936,0.0,Primary
UCEC,TCGA-AP-A0LH-01,TCGA-AP-A0LH,951.7687,36.36124536,1.0,Primary
UCEC,TCGA-AP-A0LI-01,TCGA-AP-A0LI,4.8861,97.70851826,0.0,Primary
UCEC,TCGA-AP-A0LJ-01,TCGA-AP-A0LJ,49.6992,46.71729625,0.0,Primary
UCEC,TCGA-AP-A0LL-01,TCGA-AP-A0LL,312.1104,83.96620311,0.0,Primary
UCEC,TCGA-AP-A0LM-01,TCGA-AP-A0LM,9.9882,27.12299043,0.0,Primary
UCEC,TCGA-AP-A0LN-01,TCGA-AP-A0LN,8.1093,82.51964362,0.0,Primary
UCEC,TCGA-AP-A0LO-01,TCGA-AP-A0LO,21.4502,33.40237367,1.0,Primary
UCEC,TCGA-AP-A0LP-01,TCGA-AP-A0LP,65.722,61.64316008,0.0,Primary
UCEC,TCGA-AP-A0LS-01,TCGA-AP-A0LS,3.0767,95.47292632,0.0,Primary
UCEC,TCGA-AP-A0LT-01,TCGA-AP-A0LT,2.8144,49.215899,0.0,Primary
UCEC,TCGA-AP-A0LV-01,TCGA-AP-A0LV,11.8575,25.08465661,0.0,Primary
UCEC,TCGA-AP-A1DH-01,TCGA-AP-A1DH,2.7616,71.67044745,0.0,Primary
UCEC,TCGA-AP-A1DK-01,TCGA-AP-A1DK,38.9538,90.9688661,0.0,Primary
UCEC,TCGA-AP-A1DM-01,TCGA-AP-A1DM,6.1093,55.88979847,0.0,Primary
UCEC,TCGA-AP-A1DO-01,TCGA-AP-A1DO,21.348,31.29828714,0.0,Primary
UCEC,TCGA-AP-A1DP-01,TCGA-AP-A1DP,35.5926,35.53933656,1.0,Primary
UCEC,TCGA-AP-A1DQ-01,TCGA-AP-A1DQ,69.353,46.78304895,1.0,Primary
UCEC,TCGA-AP-A1DR-01,TCGA-AP-A1DR,1.0729,49.1501463,0.0,Primary
UCEC,TCGA-AP-A1DV-01,TCGA-AP-A1DV,12.82,6.706775816,0.0,Primary
UCEC,TCGA-AP-A1E0-01,TCGA-AP-A1E0,5.3331,60.22947694,0.0,Primary
UCEC,TCGA-AP-A1E1-01,TCGA-AP-A1E1,403.8609,45.8625111,0.0,Primary
UCEC,TCGA-AP-A1E3-01,TCGA-AP-A1E3,12.897,27.84627018,0.0,Primary
UCEC,TCGA-AP-A1E4-01,TCGA-AP-A1E4,105.4272,51.12272742,0.0,Primary
UCEC,TCGA-AP-A3K1-01,TCGA-AP-A3K1,4.322,21.89565046,1.0,Primary
UCEC,TCGA-AP-A5FX-01,TCGA-AP-A5FX,169.082,36.13111089,1.0,Primary
UCEC,TCGA-AW-A1PO-01,TCGA-AW-A1PO,314.2405,0.558897985,0.0,Primary
UCEC,TCGA-AX-A05S-01,TCGA-AX-A05S,144.7238,13.57793339,1.0,Primary
UCEC,TCGA-AX-A05T-01,TCGA-AX-A05T,38.8951,33.20511556,0.0,Primary
UCEC,TCGA-AX-A05U-01,TCGA-AX-A05U,9.6433,29.68734589,0.0,Primary
UCEC,TCGA-AX-A05W-01,TCGA-AX-A05W,238.482,80.5470625,0.0,Primary
UCEC,TCGA-AX-A05Y-01,TCGA-AX-A05Y,444.5717,88.24012888,0.0,Primary
UCEC,TCGA-AX-A05Z-01,TCGA-AX-A05Z,16.9662,71.50606569,0.0,Primary
UCEC,TCGA-AX-A060-01,TCGA-AX-A060,80.406,35.34207844,0.0,Primary
UCEC,TCGA-AX-A062-01,TCGA-AX-A062,66.748,45.9940165,0.0,Primary
UCEC,TCGA-AX-A063-01,TCGA-AX-A063,617.7895,79.46214288,0.0,Primary
UCEC,TCGA-AX-A064-01,TCGA-AX-A064,105.0648,49.87342605,0.0,Primary
UCEC,TCGA-AX-A06B-01,TCGA-AX-A06B,49.2548,67.6595325,0.0,Primary
UCEC,TCGA-AX-A06F-01,TCGA-AX-A06F,1.9072,57.46786337,0.0,Primary
UCEC,TCGA-AX-A06H-01,TCGA-AX-A06H,9.2542,27.38600125,0.0,Primary
UCEC,TCGA-AX-A06J-01,TCGA-AX-A06J,10.8706,30.01610941,0.0,Primary
UCEC,TCGA-AX-A06L-01,TCGA-AX-A06L,88.9814,60.65686951,0.0,Primary
UCEC,TCGA-AX-A0IS-01,TCGA-AX-A0IS,169.8744,61.08426209,1.0,Primary
UCEC,TCGA-AX-A0IU-01,TCGA-AX-A0IU,2.3542,35.73659467,0.0,Primary
UCEC,TCGA-AX-A0IW-01,TCGA-AX-A0IW,16.2292,37.77492849,0.0,Primary
UCEC,TCGA-AX-A0IZ-01,TCGA-AX-A0IZ,20.6921,43.82417727,0.0,Primary
UCEC,TCGA-AX-A0J0-01,TCGA-AX-A0J0,0.9779,40.10914949,0.0,Primary
UCEC,TCGA-AX-A0J1-01,TCGA-AX-A0J1,49.8745,77.3909327,0.0,Primary
UCEC,TCGA-AX-A1C4-01,TCGA-AX-A1C4,6.5701,13.28204622,0.0,Primary
UCEC,TCGA-AX-A1C5-01,TCGA-AX-A1C5,42.9817,32.90922839,0.0,Primary
UCEC,TCGA-AX-A1C7-01,TCGA-AX-A1C7,0.0,34.65167505,0.0,Primary
UCEC,TCGA-AX-A1C8-01,TCGA-AX-A1C8,26.9316,25.51204918,0.0,Primary
UCEC,TCGA-AX-A1C9-01,TCGA-AX-A1C9,21.4467,26.36683434,0.0,Primary
UCEC,TCGA-AX-A1CA-01,TCGA-AX-A1CA,563.9066,32.02156689,0.0,Primary
UCEC,TCGA-AX-A1CC-01,TCGA-AX-A1CC,2.4888,25.90656541,0.0,Primary
UCEC,TCGA-AX-A1CE-01,TCGA-AX-A1CE,8.0131,34.09277707,0.0,Primary
UCEC,TCGA-AX-A1CF-01,TCGA-AX-A1CF,26.5186,76.83203472,0.0,Primary
UCEC,TCGA-AX-A1CI-01,TCGA-AX-A1CI,120.7528,85.4785153,0.0,Primary
UCEC,TCGA-AX-A1CJ-01,TCGA-AX-A1CJ,68.5041,73.41289411,0.0,Primary
UCEC,TCGA-AX-A1CK-01,TCGA-AX-A1CK,1135.5721,80.25117533,0.0,Primary
UCEC,TCGA-AX-A1CN-01,TCGA-AX-A1CN,59.0599,37.57767038,0.0,Primary
UCEC,TCGA-AX-A2H2-01,TCGA-AX-A2H2,5.5907,4.767071046,1.0,Primary
UCEC,TCGA-AX-A2H4-01,TCGA-AX-A2H4,4.9929,30.11473847,1.0,Primary
UCEC,TCGA-AX-A2H5-01,TCGA-AX-A2H5,9.1052,71.24305487,0.0,Primary
UCEC,TCGA-AX-A2H7-01,TCGA-AX-A2H7,55.6809,40.79955288,1.0,Primary
UCEC,TCGA-AX-A2HA-01,TCGA-AX-A2HA,100.8869,81.3689713,0.0,Primary
UCEC,TCGA-AX-A2HC-01,TCGA-AX-A2HC,5.599,34.32291153,0.0,Primary
UCEC,TCGA-AX-A2HD-01,TCGA-AX-A2HD,60.2779,46.48716179,0.0,Primary
UCEC,TCGA-AX-A2HG-01,TCGA-AX-A2HG,9.4697,38.23519742,0.0,Primary
UCEC,TCGA-AX-A2HH-01,TCGA-AX-A2HH,29.2023,17.7532301,0.0,Primary
UCEC,TCGA-AX-A2HJ-01,TCGA-AX-A2HJ,3.0857,30.73938916,0.0,Primary
UCEC,TCGA-AX-A2HK-01,TCGA-AX-A2HK,53.3881,2.958871684,1.0,Primary
UCEC,TCGA-AX-A2IN-01,TCGA-AX-A2IN,4.4039,31.13390538,1.0,Primary
UCEC,TCGA-AX-A2IO-01,TCGA-AX-A2IO,41.7154,64.93079528,0.0,Primary
UCEC,TCGA-AX-A3FS-01,TCGA-AX-A3FS,5.7082,0.230134464,0.0,Primary
UCEC,TCGA-AX-A3FT-01,TCGA-AX-A3FT,1.8579,0.197258112,0.0,Primary
UCEC,TCGA-AX-A3FV-01,TCGA-AX-A3FV,4.0896,0.0,0.0,Primary
UCEC,TCGA-AX-A3FW-01,TCGA-AX-A3FW,1.7678,0.558897985,0.0,Primary
UCEC,TCGA-AX-A3FX-01,TCGA-AX-A3FX,83.167,43.82417727,1.0,Primary
UCEC,TCGA-AX-A3FZ-01,TCGA-AX-A3FZ,7.6184,0.197258112,0.0,Primary
UCEC,TCGA-AX-A3G1-01,TCGA-AX-A3G1,94.306,20.51484367,1.0,Primary
UCEC,TCGA-AX-A3G4-01,TCGA-AX-A3G4,44.7403,0.295887168,0.0,Primary
UCEC,TCGA-AX-A3G6-01,TCGA-AX-A3G6,31.322,0.263010816,0.0,Primary
UCEC,TCGA-AX-A3G7-01,TCGA-AX-A3G7,24.0175,0.295887168,0.0,Primary
UCEC,TCGA-AX-A3G8-01,TCGA-AX-A3G8,29.3921,1.183548673,0.0,Primary
UCEC,TCGA-AX-A3G9-01,TCGA-AX-A3G9,3.1851,18.34500444,0.0,Primary
UCEC,TCGA-AX-A3GB-01,TCGA-AX-A3GB,18.9913,14.4655949,0.0,Primary
UCEC,TCGA-AX-A3GI-01,TCGA-AX-A3GI,9.5059,0.394516225,0.0,Primary
UCEC,TCGA-B5-A0JN-01,TCGA-B5-A0JN,14.691,80.38268074,0.0,Primary
UCEC,TCGA-B5-A0JR-01,TCGA-B5-A0JR,5.2306,56.90896538,0.0,Primary
UCEC,TCGA-B5-A0JS-01,TCGA-B5-A0JS,45.1767,86.36617681,0.0,Primary
UCEC,TCGA-B5-A0JT-01,TCGA-B5-A0JT,38.7798,55.29802413,0.0,Primary
UCEC,TCGA-B5-A0JU-01,TCGA-B5-A0JU,12.372,59.24318638,0.0,Primary
UCEC,TCGA-B5-A0JV-01,TCGA-B5-A0JV,177.2944,86.00453694,0.0,Primary
UCEC,TCGA-B5-A0JX-01,TCGA-B5-A0JX,8.6828,58.7500411,0.0,Primary
UCEC,TCGA-B5-A0JY-01,TCGA-B5-A0JY,10.5533,69.27047375,0.0,Primary
UCEC,TCGA-B5-A0JZ-01,TCGA-B5-A0JZ,11.919,71.44031298,0.0,Primary
UCEC,TCGA-B5-A0K0-01,TCGA-B5-A0K0,420.7942,48.59124832,0.0,Primary
UCEC,TCGA-B5-A0K1-01,TCGA-B5-A0K1,58.7703,36.49275076,0.0,Primary
UCEC,TCGA-B5-A0K2-01,TCGA-B5-A0K2,30.4846,72.62386166,0.0,Primary
UCEC,TCGA-B5-A0K3-01,TCGA-B5-A0K3,7.668,27.28737219,1.0,Primary
UCEC,TCGA-B5-A0K4-01,TCGA-B5-A0K4,16.2757,57.76375053,0.0,Primary
UCEC,TCGA-B5-A0K6-01,TCGA-B5-A0K6,118.4195,64.20751553,0.0,Primary
UCEC,TCGA-B5-A0K7-01,TCGA-B5-A0K7,209.6586,63.54998849,0.0,Primary
UCEC,TCGA-B5-A0K8-01,TCGA-B5-A0K8,73.7348,27.84627018,0.0,Primary
UCEC,TCGA-B5-A0K9-01,TCGA-B5-A0K9,289.192,13.44642798,1.0,Primary
UCEC,TCGA-B5-A11E-01,TCGA-B5-A11E,22.9283,59.83496071,0.0,Primary
UCEC,TCGA-B5-A11F-01,TCGA-B5-A11F,3.6565,185.7842654,0.0,Primary
UCEC,TCGA-B5-A11G-01,TCGA-B5-A11G,9.8515,113.3576618,0.0,Primary
UCEC,TCGA-B5-A11H-01,TCGA-B5-A11H,11.1662,88.33875793,0.0,Primary
UCEC,TCGA-B5-A11I-01,TCGA-B5-A11I,35.7875,75.71423875,0.0,Primary
UCEC,TCGA-B5-A11J-01,TCGA-B5-A11J,20.6349,54.44323898,0.0,Primary
UCEC,TCGA-B5-A11L-01,TCGA-B5-A11L,390.9782,73.64302857,1.0,Primary
UCEC,TCGA-B5-A11M-01,TCGA-B5-A11M,54.5469,44.77759148,0.0,Primary
UCEC,TCGA-B5-A11N-01,TCGA-B5-A11N,297.3122,61.67603643,0.0,Primary
UCEC,TCGA-B5-A11O-01,TCGA-B5-A11O,90.1561,85.77440247,0.0,Primary
UCEC,TCGA-B5-A11P-01,TCGA-B5-A11P,125.3627,52.04326528,0.0,Primary
UCEC,TCGA-B5-A11Q-01,TCGA-B5-A11Q,908.6115,32.08731959,0.0,Primary
UCEC,TCGA-B5-A11R-01,TCGA-B5-A11R,94.4917,77.22655094,0.0,Primary
UCEC,TCGA-B5-A11S-01,TCGA-B5-A11S,115.2211,73.2813887,0.0,Primary
UCEC,TCGA-B5-A11U-01,TCGA-B5-A11U,12.576,16.73406319,0.0,Primary
UCEC,TCGA-B5-A11V-01,TCGA-B5-A11V,31.2487,19.56142946,0.0,Primary
UCEC,TCGA-B5-A11W-01,TCGA-B5-A11W,24.1737,19.49567676,0.0,Primary
UCEC,TCGA-B5-A11X-01,TCGA-B5-A11X,45.0108,19.59430582,0.0,Primary
UCEC,TCGA-B5-A11Y-01,TCGA-B5-A11Y,27.803,18.41075714,0.0,Primary
UCEC,TCGA-B5-A11Z-01,TCGA-B5-A11Z,97.701,17.35871388,0.0,Primary
UCEC,TCGA-B5-A121-01,TCGA-B5-A121,38.3848,16.56968143,0.0,Primary
UCEC,TCGA-B5-A1MR-01,TCGA-B5-A1MR,1.619,225.4988986,0.0,Primary
UCEC,TCGA-B5-A1MS-01,TCGA-B5-A1MS,24.4413,102.3112076,1.0,Primary
UCEC,TCGA-B5-A1MU-01,TCGA-B5-A1MU,8.7777,50.89259296,1.0,Primary
UCEC,TCGA-B5-A1MV-01,TCGA-B5-A1MV,70.7678,51.45149094,0.0,Primary
UCEC,TCGA-B5-A1MW-01,TCGA-B5-A1MW,12.7644,14.69572936,0.0,Primary
UCEC,TCGA-B5-A1MX-01,TCGA-B5-A1MX,12.57,48.42686656,0.0,Primary
UCEC,TCGA-B5-A1MY-01,TCGA-B5-A1MY,715.2534,11.86836309,1.0,Primary
UCEC,TCGA-B5-A1MZ-01,TCGA-B5-A1MZ,32.3412,52.53641056,0.0,Primary
UCEC,TCGA-B5-A1N2-01,TCGA-B5-A1N2,18.81,31.36403985,1.0,Primary
UCEC,TCGA-B5-A3F9-01,TCGA-B5-A3F9,23.3581,136.6012427,0.0,Primary
UCEC,TCGA-B5-A3FA-01,TCGA-B5-A3FA,5.9553,96.29483513,0.0,Primary
UCEC,TCGA-B5-A3FB-01,TCGA-B5-A3FB,4.8465,93.5003452,0.0,Primary
UCEC,TCGA-B5-A3FC-01,TCGA-B5-A3FC,3.5129,71.83482921,0.0,Primary
UCEC,TCGA-B5-A3FD-01,TCGA-B5-A3FD,24.1358,39.35299339,1.0,Primary
UCEC,TCGA-B5-A3FH-01,TCGA-B5-A3FH,201.666,27.64901207,0.0,Primary
UCEC,TCGA-B5-A3S1-01,TCGA-B5-A3S1,15.3231,29.65446954,0.0,Primary
UCEC,TCGA-B5-A5OC-01,TCGA-B5-A5OC,169.896,41.0625637,0.0,Primary
UCEC,TCGA-B5-A5OD-01,TCGA-B5-A5OD,11.0149,34.12565342,0.0,Primary
UCEC,TCGA-B5-A5OE-01,TCGA-B5-A5OE,12.1898,34.94756222,0.0,Primary
UCEC,TCGA-BG-A0LW-01,TCGA-BG-A0LW,97.1215,18.60801526,0.0,Primary
UCEC,TCGA-BG-A0LX-01,TCGA-BG-A0LX,75.7483,20.18608015,0.0,Primary
UCEC,TCGA-BG-A0M0-01,TCGA-BG-A0M0,15.5691,19.331295,0.0,Primary
UCEC,TCGA-BG-A0M2-01,TCGA-BG-A0M2,284.1958,20.94223625,0.0,Primary
UCEC,TCGA-BG-A0M3-01,TCGA-BG-A0M3,37.0077,35.21057304,0.0,Primary
UCEC,TCGA-BG-A0M4-01,TCGA-BG-A0M4,117.5427,71.24305487,0.0,Primary
UCEC,TCGA-BG-A0M6-01,TCGA-BG-A0M6,9.9904,22.06003222,1.0,Primary
UCEC,TCGA-BG-A0M7-01,TCGA-BG-A0M7,43.3706,63.6814939,0.0,Primary
UCEC,TCGA-BG-A0M9-01,TCGA-BG-A0M9,160.9693,74.62931913,0.0,Primary
UCEC,TCGA-BG-A0MA-01,TCGA-BG-A0MA,6.8944,10.71769077,1.0,Primary
UCEC,TCGA-BG-A0MC-01,TCGA-BG-A0MC,97.9127,41.52283263,0.0,Primary
UCEC,TCGA-BG-A0MG-01,TCGA-BG-A0MG,15.1037,48.55837196,0.0,Primary
UCEC,TCGA-BG-A0MI-01,TCGA-BG-A0MI,72.2004,23.47371536,1.0,Primary
UCEC,TCGA-BG-A0MK-01,TCGA-BG-A0MK,18.1901,43.29815564,1.0,Primary
UCEC,TCGA-BG-A0MO-01,TCGA-BG-A0MO,70.0394,43.03514482,0.0,Primary
UCEC,TCGA-BG-A0MQ-01,TCGA-BG-A0MQ,122.1401,59.73633166,0.0,Primary
UCEC,TCGA-BG-A0MT-01,TCGA-BG-A0MT,175.2929,21.17237071,0.0,Primary
UCEC,TCGA-BG-A0MU-01,TCGA-BG-A0MU,150.971,20.28470921,0.0,Primary
UCEC,TCGA-BG-A0RY-01,TCGA-BG-A0RY,110.9339,15.41900911,0.0,Primary
UCEC,TCGA-BG-A0VT-01,TCGA-BG-A0VT,56.2784,51.55012,0.0,Primary
UCEC,TCGA-BG-A0VV-01,TCGA-BG-A0VV,20.2684,51.05697472,0.0,Primary
UCEC,TCGA-BG-A0VW-01,TCGA-BG-A0VW,26.7383,52.01038893,0.0,Primary
UCEC,TCGA-BG-A0VX-01,TCGA-BG-A0VX,51.6928,34.29003518,0.0,Primary
UCEC,TCGA-BG-A0VZ-01,TCGA-BG-A0VZ,155.6263,52.63503962,0.0,Primary
UCEC,TCGA-BG-A0W1-01,TCGA-BG-A0W1,409.5147,52.83229773,0.0,Primary
UCEC,TCGA-BG-A0W2-01,TCGA-BG-A0W2,16.9364,56.58020186,0.0,Primary
UCEC,TCGA-BG-A0YU-01,TCGA-BG-A0YU,83.8256,14.82723477,0.0,Primary
UCEC,TCGA-BG-A0YV-01,TCGA-BG-A0YV,170.7029,12.55876648,0.0,Primary
UCEC,TCGA-BG-A186-01,TCGA-BG-A186,138.3644,13.77519151,0.0,Primary
UCEC,TCGA-BG-A187-01,TCGA-BG-A187,40.2627,14.72860571,0.0,Primary
UCEC,TCGA-BG-A18A-01,TCGA-BG-A18A,55.4346,14.00532597,0.0,Primary
UCEC,TCGA-BG-A18B-01,TCGA-BG-A18B,18.2498,15.45188546,0.0,Primary
UCEC,TCGA-BG-A18C-01,TCGA-BG-A18C,24.3566,15.45188546,0.0,Primary
UCEC,TCGA-BG-A222-01,TCGA-BG-A222,17.4045,9.567018444,0.0,Primary
UCEC,TCGA-BG-A2AD-01,TCGA-BG-A2AD,7.2787,20.02169839,0.0,Primary
UCEC,TCGA-BG-A2AE-01,TCGA-BG-A2AE,6.0427,23.70384982,0.0,Primary
UCEC,TCGA-BG-A2L7-01,TCGA-BG-A2L7,1148.0082,20.12032745,0.0,Primary
UCEC,TCGA-BG-A3EW-01,TCGA-BG-A3EW,131.48,11.3094651,0.0,Primary
UCEC,TCGA-BG-A3PP-01,TCGA-BG-A3PP,1.5944,22.38879574,0.0,Primary
UCEC,TCGA-BK-A0C9-01,TCGA-BK-A0C9,30.6992,35.90097643,0.0,Primary
UCEC,TCGA-BK-A0CA-01,TCGA-BK-A0CA,79.1876,34.98043857,0.0,Primary
UCEC,TCGA-BK-A0CB-01,TCGA-BK-A0CB,31.5642,35.90097643,0.0,Primary
UCEC,TCGA-BK-A0CC-01,TCGA-BK-A0CC,138.5515,35.07906763,0.0,Primary
UCEC,TCGA-BK-A139-01,TCGA-BK-A139,14.4116,31.00239997,1.0,Primary
UCEC,TCGA-BK-A13B-01,TCGA-BK-A13B,6.8527,31.75855607,0.0,Primary
UCEC,TCGA-BK-A13C-01,TCGA-BK-A13C,116.4769,24.98602755,0.0,Primary
UCEC,TCGA-BK-A26L-01,TCGA-BK-A26L,21.4361,24.1312424,0.0,Primary
UCEC,TCGA-BK-A4ZD-01,TCGA-BK-A4ZD,75.743,16.63543413,0.0,Primary
UCEC,TCGA-BK-A56F-01,TCGA-BK-A56F,26.5711,13.18341717,0.0,Primary
UCEC,TCGA-BK-A6W3-01,TCGA-BK-A6W3,52.3243,10.02728737,0.0,Primary
UCEC,TCGA-BK-A6W4-01,TCGA-BK-A6W4,109.749,9.862905612,0.0,Primary
UCEC,TCGA-BS-A0T9-01,TCGA-BS-A0T9,128.2794,46.94743071,1.0,Primary
UCEC,TCGA-BS-A0TA-01,TCGA-BS-A0TA,7.6883,24.32850051,1.0,Primary
UCEC,TCGA-BS-A0TC-01,TCGA-BS-A0TC,44.7113,85.54426801,0.0,Primary
UCEC,TCGA-BS-A0TD-01,TCGA-BS-A0TD,59.8942,78.2128415,0.0,Primary
UCEC,TCGA-BS-A0TE-01,TCGA-BS-A0TE,451.5154,4.799947398,1.0,Primary
UCEC,TCGA-BS-A0TG-01,TCGA-BS-A0TG,223.6697,77.94983069,0.0,Primary
UCEC,TCGA-BS-A0TI-01,TCGA-BS-A0TI,8.9537,61.87329454,0.0,Primary
UCEC,TCGA-BS-A0TJ-01,TCGA-BS-A0TJ,227.2225,67.98829602,0.0,Primary
UCEC,TCGA-BS-A0U5-01,TCGA-BS-A0U5,141.0145,96.49209324,0.0,Primary
UCEC,TCGA-BS-A0U7-01,TCGA-BS-A0U7,2217.1255,30.73938916,1.0,Primary
UCEC,TCGA-BS-A0U8-01,TCGA-BS-A0U8,35.0569,97.41263109,0.0,Primary
UCEC,TCGA-BS-A0U9-01,TCGA-BS-A0U9,345.6458,92.87569451,0.0,Primary
UCEC,TCGA-BS-A0UA-01,TCGA-BS-A0UA,92.4255,114.9028504,0.0,Primary
UCEC,TCGA-BS-A0UF-01,TCGA-BS-A0UF,10.277,85.84015518,0.0,Primary
UCEC,TCGA-BS-A0UJ-01,TCGA-BS-A0UJ,21.3003,82.38813821,0.0,Primary
UCEC,TCGA-BS-A0UL-01,TCGA-BS-A0UL,9.9681,81.56622941,0.0,Primary
UCEC,TCGA-BS-A0UM-01,TCGA-BS-A0UM,421.682,86.92507479,0.0,Primary
UCEC,TCGA-BS-A0UT-01,TCGA-BS-A0UT,97.8426,72.72249071,0.0,Primary
UCEC,TCGA-BS-A0UV-01,TCGA-BS-A0UV,29.6771,73.24851235,0.0,Primary
UCEC,TCGA-BS-A0V4-01,TCGA-BS-A0V4,47.3295,59.50619719,0.0,Primary
UCEC,TCGA-BS-A0V6-01,TCGA-BS-A0V6,42.4114,89.58805931,0.0,Primary
UCEC,TCGA-BS-A0V7-01,TCGA-BS-A0V7,177.57,63.58286485,0.0,Primary
UCEC,TCGA-BS-A0V8-01,TCGA-BS-A0V8,66.4785,83.63743959,0.0,Primary
UCEC,TCGA-BS-A0VI-01,TCGA-BS-A0VI,6.6602,86.9908275,0.0,Primary
UCEC,TCGA-BS-A0WQ-01,TCGA-BS-A0WQ,27.3548,66.47598383,0.0,Primary
UCEC,TCGA-D1-A0ZN-01,TCGA-D1-A0ZN,89.7502,16.83269224,0.0,Primary
UCEC,TCGA-D1-A0ZO-01,TCGA-D1-A0ZO,76.6348,19.79156393,0.0,Primary
UCEC,TCGA-D1-A0ZP-01,TCGA-D1-A0ZP,8.4077,29.95035671,0.0,Primary
UCEC,TCGA-D1-A0ZQ-01,TCGA-D1-A0ZQ,3.6708,8.54785153,0.0,Primary
UCEC,TCGA-D1-A0ZR-01,TCGA-D1-A0ZR,137.6268,0.558897985,0.0,Primary
UCEC,TCGA-D1-A0ZS-01,TCGA-D1-A0ZS,63.3016,4.865700102,0.0,Primary
UCEC,TCGA-D1-A0ZU-01,TCGA-D1-A0ZU,128.7131,28.66817898,0.0,Primary
UCEC,TCGA-D1-A0ZV-01,TCGA-D1-A0ZV,321.0917,23.93398429,0.0,Primary
UCEC,TCGA-D1-A0ZZ-01,TCGA-D1-A0ZZ,133.1934,22.5531775,0.0,Primary
UCEC,TCGA-D1-A101-01,TCGA-D1-A101,114.6635,1.742446658,0.0,Primary
UCEC,TCGA-D1-A102-01,TCGA-D1-A102,79.9582,4.438307525,0.0,Primary
UCEC,TCGA-D1-A103-01,TCGA-D1-A103,78.9348,21.99427952,0.0,Primary
UCEC,TCGA-D1-A15V-01,TCGA-D1-A15V,41.3728,39.4844988,0.0,Primary
UCEC,TCGA-D1-A15W-01,TCGA-D1-A15W,93.719,30.08186212,0.0,Primary
UCEC,TCGA-D1-A15X-01,TCGA-D1-A15X,384.1722,29.884604,0.0,Primary
UCEC,TCGA-D1-A15Z-01,TCGA-D1-A15Z,8.4843,1.906828418,1.0,Primary
UCEC,TCGA-D1-A160-01,TCGA-D1-A160,20.8455,3.682151429,0.0,Primary
UCEC,TCGA-D1-A161-01,TCGA-D1-A161,34.1902,29.32570602,0.0,Primary
UCEC,TCGA-D1-A163-01,TCGA-D1-A163,72.1357,32.58046487,0.0,Primary
UCEC,TCGA-D1-A165-01,TCGA-D1-A165,44.1474,0.657527041,0.0,Primary
UCEC,TCGA-D1-A167-01,TCGA-D1-A167,2.7479,15.71489628,0.0,Primary
UCEC,TCGA-D1-A168-01,TCGA-D1-A168,1613.5354,36.09823454,0.0,Primary
UCEC,TCGA-D1-A169-01,TCGA-D1-A169,23.5587,37.31465957,0.0,Primary
UCEC,TCGA-D1-A16B-01,TCGA-D1-A16B,271.7743,36.36124536,0.0,Primary
UCEC,TCGA-D1-A16D-01,TCGA-D1-A16D,529.8979,37.51191768,0.0,Primary
UCEC,TCGA-D1-A16E-01,TCGA-D1-A16E,113.882,36.78863793,0.0,Primary
UCEC,TCGA-D1-A16F-01,TCGA-D1-A16F,410.8622,2.630108163,0.0,Primary
UCEC,TCGA-D1-A16G-01,TCGA-D1-A16G,1824.7548,27.4188776,1.0,Primary
UCEC,TCGA-D1-A16I-01,TCGA-D1-A16I,40.8294,11.50672321,1.0,Primary
UCEC,TCGA-D1-A16J-01,TCGA-D1-A16J,254.7917,29.91748036,0.0,Primary
UCEC,TCGA-D1-A16N-01,TCGA-D1-A16N,31.0796,31.06815268,0.0,Primary
UCEC,TCGA-D1-A16O-01,TCGA-D1-A16O,3.2858,33.63250814,0.0,Primary
UCEC,TCGA-D1-A16Q-01,TCGA-D1-A16Q,40.5187,10.65193806,0.0,Primary
UCEC,TCGA-D1-A16R-01,TCGA-D1-A16R,251.7656,0.690403393,0.0,Primary
UCEC,TCGA-D1-A16S-01,TCGA-D1-A16S,96.6305,18.67376796,0.0,Primary
UCEC,TCGA-D1-A16V-01,TCGA-D1-A16V,72.1611,3.945162245,1.0,Primary
UCEC,TCGA-D1-A16X-01,TCGA-D1-A16X,137.3779,3.649275076,0.0,Primary
UCEC,TCGA-D1-A16Y-01,TCGA-D1-A16Y,24.7592,17.49021929,0.0,Primary
UCEC,TCGA-D1-A174-01,TCGA-D1-A174,17.2492,19.52855311,0.0,Primary
UCEC,TCGA-D1-A175-01,TCGA-D1-A175,508.8119,6.641023112,0.0,Primary
UCEC,TCGA-D1-A176-01,TCGA-D1-A176,488.3172,30.14761482,0.0,Primary
UCEC,TCGA-D1-A177-01,TCGA-D1-A177,14.0401,18.01624092,0.0,Primary
UCEC,TCGA-D1-A179-01,TCGA-D1-A179,13.0296,14.72860571,1.0,Primary
UCEC,TCGA-D1-A17A-01,TCGA-D1-A17A,1665.4544,1.578064898,0.0,Primary
UCEC,TCGA-D1-A17B-01,TCGA-D1-A17B,335.8383,7.002662985,0.0,Primary
UCEC,TCGA-D1-A17C-01,TCGA-D1-A17C,31.0818,0.986290561,0.0,Primary
UCEC,TCGA-D1-A17D-01,TCGA-D1-A17D,37.6811,30.44350199,0.0,Primary
UCEC,TCGA-D1-A17F-01,TCGA-D1-A17F,13.5271,1.28217773,0.0,Primary
UCEC,TCGA-D1-A17H-01,TCGA-D1-A17H,133.9106,28.01065194,0.0,Primary
UCEC,TCGA-D1-A17K-01,TCGA-D1-A17K,34.7159,28.07640464,0.0,Primary
UCEC,TCGA-D1-A17L-01,TCGA-D1-A17L,771.4835,26.36683434,0.0,Primary
UCEC,TCGA-D1-A17M-01,TCGA-D1-A17M,71.0638,10.22454548,0.0,Primary
UCEC,TCGA-D1-A17N-01,TCGA-D1-A17N,46.696,1.512312194,0.0,Primary
UCEC,TCGA-D1-A17Q-01,TCGA-D1-A17Q,38.1971,1.77532301,0.0,Primary
UCEC,TCGA-D1-A17R-01,TCGA-D1-A17R,56.3635,11.14508334,1.0,Primary
UCEC,TCGA-D1-A17S-01,TCGA-D1-A17S,79.7239,24.29562416,0.0,Primary
UCEC,TCGA-D1-A17T-01,TCGA-D1-A17T,33.2458,2.334220995,0.0,Primary
UCEC,TCGA-D1-A17U-01,TCGA-D1-A17U,15.0731,22.91481737,0.0,Primary
UCEC,TCGA-D1-A1NS-01,TCGA-D1-A1NS,54.2057,1.413683138,0.0,Primary
UCEC,TCGA-D1-A1NU-01,TCGA-D1-A1NU,65.6694,13.21629352,0.0,Primary
UCEC,TCGA-D1-A1NW-01,TCGA-D1-A1NW,89.4235,0.723279745,0.0,Primary
UCEC,TCGA-D1-A1NX-01,TCGA-D1-A1NX,37.5815,18.24637538,0.0,Primary
UCEC,TCGA-D1-A1NY-01,TCGA-D1-A1NY,426.0971,16.8655686,0.0,Primary
UCEC,TCGA-D1-A1NZ-01,TCGA-D1-A1NZ,144.2305,18.01624092,0.0,Primary
UCEC,TCGA-D1-A1O0-01,TCGA-D1-A1O0,361.0413,2.071210179,0.0,Primary
UCEC,TCGA-D1-A1O5-01,TCGA-D1-A1O5,198.2926,15.05736923,0.0,Primary
UCEC,TCGA-D1-A1O7-01,TCGA-D1-A1O7,69.7024,1.052043265,0.0,Primary
UCEC,TCGA-D1-A1O8-01,TCGA-D1-A1O8,1.8648,3.945162245,1.0,Primary
UCEC,TCGA-D1-A2G0-01,TCGA-D1-A2G0,13.8975,48.78850643,0.0,Primary
UCEC,TCGA-D1-A2G5-01,TCGA-D1-A2G5,144.2057,47.83509222,0.0,Primary
UCEC,TCGA-D1-A2G6-01,TCGA-D1-A2G6,42.6409,8.482098826,1.0,Primary
UCEC,TCGA-D1-A2G7-01,TCGA-D1-A2G7,23.224,58.94729921,1.0,Primary
UCEC,TCGA-D1-A3DA-01,TCGA-D1-A3DA,318.037,15.87927804,0.0,Primary
UCEC,TCGA-D1-A3DG-01,TCGA-D1-A3DG,3.6397,4.273925765,1.0,Primary
UCEC,TCGA-D1-A3DH-01,TCGA-D1-A3DH,82.4901,18.83814972,0.0,Primary
UCEC,TCGA-D1-A3JQ-01,TCGA-D1-A3JQ,10.2401,17.29296117,0.0,Primary
UCEC,TCGA-DF-A2KN-01,TCGA-DF-A2KN,3.3027,2.202715587,0.0,Primary
UCEC,TCGA-DF-A2KR-01,TCGA-DF-A2KR,3.5953,71.60469474,0.0,Primary
UCEC,TCGA-DF-A2KS-01,TCGA-DF-A2KS,118.771,109.0837361,0.0,Primary
UCEC,TCGA-DF-A2KU-01,TCGA-DF-A2KU,0.0,100.8317717,0.0,Primary
UCEC,TCGA-DF-A2KV-01,TCGA-DF-A2KV,0.5765,89.32504849,0.0,Primary
UCEC,TCGA-DF-A2KY-01,TCGA-DF-A2KY,0.0,10.91494888,0.0,Primary
UCEC,TCGA-DF-A2KZ-01,TCGA-DF-A2KZ,12.9032,27.15586679,0.0,Primary
UCEC,TCGA-DF-A2L0-01,TCGA-DF-A2L0,0.0,25.90656541,1.0,Primary
UCEC,TCGA-DI-A0WH-01,TCGA-DI-A0WH,187.2641,16.30667061,0.0,Primary
UCEC,TCGA-DI-A1BU-01,TCGA-DI-A1BU,2.1413,39.28724069,0.0,Primary
UCEC,TCGA-DI-A1BY-01,TCGA-DI-A1BY,20.694,36.62425617,0.0,Primary
UCEC,TCGA-DI-A1C3-01,TCGA-DI-A1C3,101.351,24.29562416,0.0,Primary
UCEC,TCGA-DI-A1NN-01,TCGA-DI-A1NN,13.0172,35.3749548,0.0,Primary
UCEC,TCGA-DI-A1NO-01,TCGA-DI-A1NO,23.2402,9.369760331,1.0,Primary
UCEC,TCGA-DI-A2QT-01,TCGA-DI-A2QT,30.0613,12.39438472,1.0,Primary
UCEC,TCGA-DI-A2QU-01,TCGA-DI-A2QU,12.0711,31.10102903,1.0,Primary
UCEC,TCGA-DI-A2QY-01,TCGA-DI-A2QY,45.283,110.102903,1.0,Primary
UCEC,TCGA-E6-A1LX-01,TCGA-E6-A1LX,0.1249,23.3750863,0.0,Primary
UCEC,TCGA-E6-A1LZ-01,TCGA-E6-A1LZ,10.8617,79.10050301,0.0,Primary
UCEC,TCGA-E6-A1M0-01,TCGA-E6-A1M0,3.301,58.94729921,0.0,Primary
UCEC,TCGA-E6-A2P8-01,TCGA-E6-A2P8,3.1949,2.367097347,1.0,Primary
UCEC,TCGA-E6-A2P9-01,TCGA-E6-A2P9,104.757,45.56662393,0.0,Primary
UCEC,TCGA-E6-A8L9-01,TCGA-E6-A8L9,39.3996,33.30374462,0.0,Primary
UCEC,TCGA-EC-A1NJ-01,TCGA-EC-A1NJ,11.4025,16.0436598,0.0,Primary
UCEC,TCGA-EC-A1QX-01,TCGA-EC-A1QX,52.9259,7.364302857,0.0,Primary
UCEC,TCGA-EC-A24G-01,TCGA-EC-A24G,17.4603,16.79981589,0.0,Primary
UCEC,TCGA-EO-A1Y5-01,TCGA-EO-A1Y5,3.2402,10.91494888,0.0,Primary
UCEC,TCGA-EO-A1Y7-01,TCGA-EO-A1Y7,7.7519,49.1501463,0.0,Primary
UCEC,TCGA-EO-A1Y8-01,TCGA-EO-A1Y8,32.8017,37.70917579,0.0,Primary
UCEC,TCGA-EO-A22R-01,TCGA-EO-A22R,6.3259,61.74178913,0.0,Primary
UCEC,TCGA-EO-A22S-01,TCGA-EO-A22S,46.472,61.54453102,0.0,Primary
UCEC,TCGA-EO-A22T-01,TCGA-EO-A22T,11.7053,66.9033764,0.0,Primary
UCEC,TCGA-EO-A22U-01,TCGA-EO-A22U,133.428,46.25702732,0.0,Primary
UCEC,TCGA-EO-A22X-01,TCGA-EO-A22X,1.4556,57.59936877,0.0,Primary
UCEC,TCGA-EO-A22Y-01,TCGA-EO-A22Y,19.0375,51.51724365,0.0,Primary
UCEC,TCGA-EO-A2CG-01,TCGA-EO-A2CG,46.2257,51.41861459,0.0,Primary
UCEC,TCGA-EO-A2CH-01,TCGA-EO-A2CH,11.8338,19.3970477,1.0,Primary
UCEC,TCGA-EO-A3AS-01,TCGA-EO-A3AS,64.3467,34.38866423,0.0,Primary
UCEC,TCGA-EO-A3AU-01,TCGA-EO-A3AU,73.026,50.7282112,0.0,Primary
UCEC,TCGA-EO-A3AV-01,TCGA-EO-A3AV,1.5909,35.14482033,0.0,Primary
UCEC,TCGA-EO-A3AY-01,TCGA-EO-A3AY,1.2399,38.07081566,0.0,Primary
UCEC,TCGA-EO-A3AZ-01,TCGA-EO-A3AZ,0.0,27.15586679,0.0,Primary
UCEC,TCGA-EO-A3B0-01,TCGA-EO-A3B0,1.7666,46.42140908,0.0,Primary
UCEC,TCGA-EO-A3B1-01,TCGA-EO-A3B1,2.9762,26.95860867,0.0,Primary
UCEC,TCGA-EO-A3KU-01,TCGA-EO-A3KU,61.7792,22.25729033,0.0,Primary
UCEC,TCGA-EO-A3KW-01,TCGA-EO-A3KW,2.425,16.33954696,0.0,Primary
UCEC,TCGA-EO-A3KX-01,TCGA-EO-A3KX,32.3047,38.46533189,0.0,Primary
UCEC,TCGA-EO-A3L0-01,TCGA-EO-A3L0,1.3246,51.08985107,0.0,Primary
UCEC,TCGA-EY-A1GC-01,TCGA-EY-A1GC,50.8568,54.14735181,0.0,Primary
UCEC,TCGA-EY-A1GD-01,TCGA-EY-A1GD,108.2363,53.88434099,0.0,Primary
UCEC,TCGA-EY-A1GE-01,TCGA-EY-A1GE,214.8367,24.36137686,0.0,Primary
UCEC,TCGA-EY-A1GF-01,TCGA-EY-A1GF,55.8173,27.15586679,0.0,Primary
UCEC,TCGA-EY-A1GH-01,TCGA-EY-A1GH,7.1715,23.34220995,0.0,Primary
UCEC,TCGA-EY-A1GI-01,TCGA-EY-A1GI,46.8905,23.34220995,0.0,Primary
UCEC,TCGA-EY-A1GK-01,TCGA-EY-A1GK,24.0029,22.78331196,0.0,Primary
UCEC,TCGA-EY-A1GL-01,TCGA-EY-A1GL,197.835,33.33662097,0.0,Primary
UCEC,TCGA-EY-A1GM-01,TCGA-EY-A1GM,60.2528,32.71197028,1.0,Primary
UCEC,TCGA-EY-A1GO-01,TCGA-EY-A1GO,3.7797,19.2655423,0.0,Primary
UCEC,TCGA-EY-A1GP-01,TCGA-EY-A1GP,23.9294,18.83814972,0.0,Primary
UCEC,TCGA-EY-A1GQ-01,TCGA-EY-A1GQ,146.6736,17.88473551,0.0,Primary
UCEC,TCGA-EY-A1GR-01,TCGA-EY-A1GR,38.8449,17.62172469,0.0,Primary
UCEC,TCGA-EY-A1GS-01,TCGA-EY-A1GS,0.1249,22.02715587,1.0,Primary
UCEC,TCGA-EY-A1GT-01,TCGA-EY-A1GT,604.2625,16.1094125,0.0,Primary
UCEC,TCGA-EY-A1GU-01,TCGA-EY-A1GU,527.0846,32.77772298,1.0,Primary
UCEC,TCGA-EY-A1GV-01,TCGA-EY-A1GV,145.7122,15.81352533,0.0,Primary
UCEC,TCGA-EY-A1GW-01,TCGA-EY-A1GW,8.6662,11.07933064,1.0,Primary
UCEC,TCGA-EY-A1GX-01,TCGA-EY-A1GX,1.9247,37.05164875,1.0,Primary
UCEC,TCGA-EY-A1H0-01,TCGA-EY-A1H0,73.9632,19.331295,0.0,Primary
UCEC,TCGA-EY-A210-01,TCGA-EY-A210,7.8363,12.59164283,0.0,Primary
UCEC,TCGA-EY-A212-01,TCGA-EY-A212,11.0604,10.19166913,1.0,Primary
UCEC,TCGA-EY-A214-01,TCGA-EY-A214,36.3962,14.39984219,0.0,Primary
UCEC,TCGA-EY-A215-01,TCGA-EY-A215,8.4068,18.87102607,0.0,Primary
UCEC,TCGA-EY-A2OM-01,TCGA-EY-A2OM,32.7107,22.81618832,0.0,Primary
UCEC,TCGA-EY-A2ON-01,TCGA-EY-A2ON,2.3824,20.05457474,1.0,Primary
UCEC,TCGA-EY-A2OO-01,TCGA-EY-A2OO,63.4101,45.76388204,0.0,Primary
UCEC,TCGA-EY-A2OP-01,TCGA-EY-A2OP,27.2392,31.03527633,0.0,Primary
UCEC,TCGA-EY-A2OQ-01,TCGA-EY-A2OQ,0.4571,29.09557156,0.0,Primary
UCEC,TCGA-EY-A3L3-01,TCGA-EY-A3L3,25.2876,27.3531249,0.0,Primary
UCEC,TCGA-EY-A3QX-01,TCGA-EY-A3QX,13.6364,32.51471217,1.0,Primary
UCEC,TCGA-EY-A4KR-01,TCGA-EY-A4KR,351.356,11.37521781,1.0,Primary
UCEC,TCGA-EY-A547-01,TCGA-EY-A547,3.1348,17.91761186,0.0,Primary
UCEC,TCGA-EY-A548-01,TCGA-EY-A548,7.1339,14.13683138,0.0,Primary
UCEC,TCGA-EY-A549-01,TCGA-EY-A549,120.73,19.89019298,0.0,Primary
UCEC,TCGA-EY-A54A-01,TCGA-EY-A54A,78.5362,14.69572936,0.0,Primary
UCEC,TCGA-EY-A5W2-01,TCGA-EY-A5W2,0.4687,16.96419765,0.0,Primary
UCEC,TCGA-EY-A72D-01,TCGA-EY-A72D,0.7166,5.884867015,0.0,Primary
UCEC,TCGA-FI-A2CX-01,TCGA-FI-A2CX,7.8125,66.77187099,0.0,Primary
UCEC,TCGA-FI-A2CY-01,TCGA-FI-A2CY,6.7437,68.38281224,0.0,Primary
UCEC,TCGA-FI-A2D0-01,TCGA-FI-A2D0,117.5816,39.87901502,0.0,Primary
UCEC,TCGA-FI-A2D2-01,TCGA-FI-A2D2,20.7223,77.32518,1.0,Primary
UCEC,TCGA-FI-A2D4-01,TCGA-FI-A2D4,4.8569,7.988953546,1.0,Primary
UCEC,TCGA-FI-A2D5-01,TCGA-FI-A2D5,3.0257,13.84094421,1.0,Primary
UCEC,TCGA-FI-A2D6-01,TCGA-FI-A2D6,6.252,25.21616202,1.0,Primary
UCEC,TCGA-FI-A2EU-01,TCGA-FI-A2EU,3.0795,96.68935135,0.0,Primary
UCEC,TCGA-FI-A2EW-01,TCGA-FI-A2EW,17.0909,59.01305191,0.0,Primary
UCEC,TCGA-FI-A2EX-01,TCGA-FI-A2EX,8.5346,9.336883979,0.0,Primary
UCEC,TCGA-FI-A2EY-01,TCGA-FI-A2EY,23.0,28.9311898,1.0,Primary
UCEC,TCGA-FI-A2F4-01,TCGA-FI-A2F4,38.9966,73.31426505,0.0,Primary
UCEC,TCGA-FI-A2F8-01,TCGA-FI-A2F8,23.3583,30.67363645,0.0,Primary
UCEC,TCGA-FI-A2F9-01,TCGA-FI-A2F9,8.3825,59.27606273,0.0,Primary
UCEC,TCGA-FI-A3PV-01,TCGA-FI-A3PV,12.6398,41.0625637,1.0,Primary
UCEC,TCGA-FI-A3PX-01,TCGA-FI-A3PX,31.4438,78.37722326,0.0,Primary
UCEC,TCGA-H5-A2HR-01,TCGA-H5-A2HR,12.1212,1.742446658,0.0,Primary
UCEC,TCGA-JU-AAVI-01,TCGA-JU-AAVI,3.7707,17.7532301,1.0,Primary
UCEC,TCGA-K6-A3WQ-01,TCGA-K6-A3WQ,49.9262,14.03820232,1.0,Primary
UCEC,TCGA-KP-A3VZ-01,TCGA-KP-A3VZ,57.1429,23.73672617,0.0,Primary
UCEC,TCGA-KP-A3W0-01,TCGA-KP-A3W0,0.8823,13.28204622,0.0,Primary
UCEC,TCGA-KP-A3W1-01,TCGA-KP-A3W1,0.0,9.468389388,0.0,Primary
UCEC,TCGA-KP-A3W3-01,TCGA-KP-A3W3,20.241,26.10382352,0.0,Primary
UCEC,TCGA-KP-A3W4-01,TCGA-KP-A3W4,54.0258,18.21349903,1.0,Primary
UCEC,TCGA-PG-A5BC-01,TCGA-PG-A5BC,24.6582,23.24358089,0.0,Primary
UCEC,TCGA-PG-A6IB-01,TCGA-PG-A6IB,4.5558,21.30387612,0.0,Primary
UCEC,TCGA-PG-A7D5-01,TCGA-PG-A7D5,151.208,38.69546635,0.0,Primary
UCEC,TCGA-PG-A914-01,TCGA-PG-A914,2.2903,22.58605385,0.0,Primary
UCEC,TCGA-PG-A915-01,TCGA-PG-A915,22.7727,8.186211658,0.0,Primary
UCEC,TCGA-PG-A916-01,TCGA-PG-A916,13.8844,17.16145577,0.0,Primary
UCEC,TCGA-PG-A917-01,TCGA-PG-A917,1.084,6.969786633,0.0,Primary
UCEC,TCGA-QF-A5YS-01,TCGA-QF-A5YS,67.7309,22.65180656,0.0,Primary
UCEC,TCGA-QF-A5YT-01,TCGA-QF-A5YT,0.4803,39.94476773,0.0,Primary
UCEC,TCGA-QS-A5YQ-01,TCGA-QS-A5YQ,7.4074,24.9531512,0.0,Primary
UCEC,TCGA-QS-A5YR-01,TCGA-QS-A5YR,3.088,23.63809712,0.0,Primary
UCEC,TCGA-QS-A744-01,TCGA-QS-A744,408.576,14.82723477,0.0,Primary
UCEC,TCGA-QS-A8F1-01,TCGA-QS-A8F1,11.0063,4.438307525,1.0,Primary
UCEC,TCGA-SJ-A6ZI-01,TCGA-SJ-A6ZI,5.597,20.74497814,0.0,Primary
UCEC,TCGA-SJ-A6ZJ-01,TCGA-SJ-A6ZJ,8.8038,18.27925173,0.0,Primary
UCEC,TCGA-SL-A6J9-01,TCGA-SL-A6J9,24.8774,0.065752704,0.0,Primary
UCEC,TCGA-SL-A6JA-01,TCGA-SL-A6JA,2.3476,0.230134464,0.0,Primary
THCA,TCGA-4C-A93U-01,TCGA-4C-A93U,4525.12,4.241049413,0.0,Primary
THCA,TCGA-BJ-A0YZ-01,TCGA-BJ-A0YZ,10723.4,24.78876944,0.0,Primary
THCA,TCGA-BJ-A0Z0-01,TCGA-BJ-A0Z0,42477.5,13.77519151,0.0,Primary
THCA,TCGA-BJ-A0Z2-01,TCGA-BJ-A0Z2,78511.9,49.77479699,0.0,Primary
THCA,TCGA-BJ-A0Z3-01,TCGA-BJ-A0Z3,9896.04,16.33954696,0.0,Primary
THCA,TCGA-BJ-A0Z5-01,TCGA-BJ-A0Z5,8433.14,14.72860571,0.0,Primary
THCA,TCGA-BJ-A0Z9-01,TCGA-BJ-A0Z9,938.155,41.32557451,0.0,Primary
THCA,TCGA-BJ-A0ZA-01,TCGA-BJ-A0ZA,9738.23,18.87102607,0.0,Primary
THCA,TCGA-BJ-A0ZB-01,TCGA-BJ-A0ZB,9352.0,4.010914949,0.0,Primary
THCA,TCGA-BJ-A0ZC-01,TCGA-BJ-A0ZC,17000.4,11.57247592,0.0,Primary
THCA,TCGA-BJ-A0ZE-01,TCGA-BJ-A0ZE,18923.6,16.73406319,0.0,Primary
THCA,TCGA-BJ-A0ZG-01,TCGA-BJ-A0ZG,14079.3,25.47917283,0.0,Primary
THCA,TCGA-BJ-A0ZH-01,TCGA-BJ-A0ZH,7647.03,15.12312194,0.0,Primary
THCA,TCGA-BJ-A0ZJ-01,TCGA-BJ-A0ZJ,14883.7,42.08173061,0.0,Primary
THCA,TCGA-BJ-A18Y-01,TCGA-BJ-A18Y,44168.5,51.38573824,0.0,Primary
THCA,TCGA-BJ-A18Z-01,TCGA-BJ-A18Z,5491.63,41.52283263,0.0,Primary
THCA,TCGA-BJ-A190-01,TCGA-BJ-A190,6500.16,20.58059638,0.0,Primary
THCA,TCGA-BJ-A191-01,TCGA-BJ-A191,6357.71,4.83282375,0.0,Primary
THCA,TCGA-BJ-A192-01,TCGA-BJ-A192,6020.6,44.3501989,0.0,Primary
THCA,TCGA-BJ-A28R-01,TCGA-BJ-A28R,3810.5,42.14748332,0.0,Primary
THCA,TCGA-BJ-A28S-01,TCGA-BJ-A28S,20077.0,21.04086531,0.0,Primary
THCA,TCGA-BJ-A28T-01,TCGA-BJ-A28T,3336.28,35.53933656,0.0,Primary
THCA,TCGA-BJ-A28V-01,TCGA-BJ-A28V,23372.1,32.44895946,0.0,Primary
THCA,TCGA-BJ-A28W-01,TCGA-BJ-A28W,1882.82,11.3094651,0.0,Primary
THCA,TCGA-BJ-A28X-01,TCGA-BJ-A28X,2509.85,30.96952362,0.0,Primary
THCA,TCGA-BJ-A28Z-01,TCGA-BJ-A28Z,4942.97,11.07933064,0.0,Primary
THCA,TCGA-BJ-A290-01,TCGA-BJ-A290,8207.83,30.21336753,0.0,Primary
THCA,TCGA-BJ-A291-01,TCGA-BJ-A291,12077.5,22.88194102,0.0,Primary
THCA,TCGA-BJ-A2N7-01,TCGA-BJ-A2N7,14760.6,18.37788079,0.0,Primary
THCA,TCGA-BJ-A2N8-01,TCGA-BJ-A2N8,28232.9,16.56968143,0.0,Primary
THCA,TCGA-BJ-A2N9-01,TCGA-BJ-A2N9,8861.78,20.48196732,0.0,Primary
THCA,TCGA-BJ-A2NA-01,TCGA-BJ-A2NA,6279.94,18.96965513,0.0,Primary
THCA,TCGA-BJ-A2P4-01,TCGA-BJ-A2P4,31196.4,12.8217773,0.0,Primary
THCA,TCGA-BJ-A3EZ-01,TCGA-BJ-A3EZ,1684.27,16.01078344,0.0,Primary
THCA,TCGA-BJ-A3F0-01,TCGA-BJ-A3F0,4202.29,13.93957327,0.0,Primary
THCA,TCGA-BJ-A3PR-01,TCGA-BJ-A3PR,911.731,36.39412171,0.0,Primary
THCA,TCGA-BJ-A3PT-01,TCGA-BJ-A3PT,11684.9,23.3093336,0.0,Primary
THCA,TCGA-BJ-A3PU-01,TCGA-BJ-A3PU,1275.54,18.64089161,0.0,Primary
THCA,TCGA-BJ-A45C-01,TCGA-BJ-A45C,10868.0,7.988953546,1.0,Primary
THCA,TCGA-BJ-A45D-01,TCGA-BJ-A45D,26345.7,10.88207253,0.0,Primary
THCA,TCGA-BJ-A45E-01,TCGA-BJ-A45E,1519.02,21.00798895,0.0,Primary
THCA,TCGA-BJ-A45F-01,TCGA-BJ-A45F,42301.3,3.452016964,0.0,Primary
THCA,TCGA-BJ-A45G-01,TCGA-BJ-A45G,22526.1,23.83535523,0.0,Primary
THCA,TCGA-BJ-A45H-01,TCGA-BJ-A45H,14515.6,28.43804452,0.0,Primary
THCA,TCGA-BJ-A45I-01,TCGA-BJ-A45I,1780.0,15.45188546,0.0,Primary
THCA,TCGA-BJ-A45J-01,TCGA-BJ-A45J,6251.35,21.63263964,0.0,Primary
THCA,TCGA-BJ-A45K-01,TCGA-BJ-A45K,23941.1,23.17782819,0.0,Primary
THCA,TCGA-BJ-A4O8-01,TCGA-BJ-A4O8,3851.64,19.42992406,0.0,Primary
THCA,TCGA-BJ-A4O9-01,TCGA-BJ-A4O9,9076.41,23.47371536,0.0,Primary
THCA,TCGA-CE-A13K-01,TCGA-CE-A13K,36170.2,12.65739554,0.0,Primary
THCA,TCGA-CE-A27D-01,TCGA-CE-A27D,13705.3,12.29575566,0.0,Primary
THCA,TCGA-CE-A3MD-01,TCGA-CE-A3MD,20312.5,12.78890094,0.0,Primary
THCA,TCGA-CE-A3ME-01,TCGA-CE-A3ME,3668.19,12.46013742,0.0,Primary
THCA,TCGA-CE-A481-01,TCGA-CE-A481,28838.4,11.37521781,0.0,Primary
THCA,TCGA-CE-A482-01,TCGA-CE-A482,14497.0,10.68481441,0.0,Primary
THCA,TCGA-CE-A483-01,TCGA-CE-A483,7263.17,15.02449288,0.0,Primary
THCA,TCGA-CE-A484-01,TCGA-CE-A484,43123.7,12.42726107,0.0,Primary
THCA,TCGA-CE-A485-01,TCGA-CE-A485,8385.7,12.65739554,0.0,Primary
THCA,TCGA-DE-A0XZ-01,TCGA-DE-A0XZ,22152.6,35.83522372,0.0,Primary
THCA,TCGA-DE-A0Y2-01,TCGA-DE-A0Y2,3409.17,21.63263964,0.0,Primary
THCA,TCGA-DE-A0Y3-01,TCGA-DE-A0Y3,3371.83,50.16931321,0.0,Primary
THCA,TCGA-DE-A2OL-01,TCGA-DE-A2OL,23736.4,37.64342309,0.0,Primary
THCA,TCGA-DE-A3KN-01,TCGA-DE-A3KN,20816.9,27.32024855,0.0,Primary
THCA,TCGA-DE-A4M8-01,TCGA-DE-A4M8,18458.9,18.54226255,0.0,Primary
THCA,TCGA-DE-A4M9-01,TCGA-DE-A4M9,34842.4,18.83814972,0.0,Primary
THCA,TCGA-DE-A4MA-01,TCGA-DE-A4MA,1901.11,30.11473847,0.0,Primary
THCA,TCGA-DE-A4MB-01,TCGA-DE-A4MB,7479.02,11.57247592,0.0,Primary
THCA,TCGA-DE-A4MC-01,TCGA-DE-A4MC,6403.32,30.01610941,0.0,Primary
THCA,TCGA-DE-A4MD-01,TCGA-DE-A4MD,1568.19,25.11753296,0.0,Primary
THCA,TCGA-DE-A69J-01,TCGA-DE-A69J,4553.17,14.69572936,0.0,Primary
THCA,TCGA-DE-A69K-01,TCGA-DE-A69K,17755.3,14.26833679,0.0,Primary
THCA,TCGA-DE-A7U5-01,TCGA-DE-A7U5,2084.73,2.761613571,0.0,Primary
THCA,TCGA-DJ-A13L-01,TCGA-DJ-A13L,1740.36,9.961534668,0.0,Primary
THCA,TCGA-DJ-A13M-01,TCGA-DJ-A13M,45372.7,48.78850643,0.0,Primary
THCA,TCGA-DJ-A13O-01,TCGA-DJ-A13O,4983.39,38.16944472,0.0,Primary
THCA,TCGA-DJ-A13P-01,TCGA-DJ-A13P,24315.7,169.313213,0.0,Primary
THCA,TCGA-DJ-A13R-01,TCGA-DJ-A13R,2910.04,18.5751389,0.0,Primary
THCA,TCGA-DJ-A13S-01,TCGA-DJ-A13S,20734.6,8.712233291,0.0,Primary
THCA,TCGA-DJ-A13T-01,TCGA-DJ-A13T,18199.1,56.18568564,0.0,Primary
THCA,TCGA-DJ-A13U-01,TCGA-DJ-A13U,5069.86,52.27339974,0.0,Primary
THCA,TCGA-DJ-A13V-01,TCGA-DJ-A13V,10340.1,43.16665023,0.0,Primary
THCA,TCGA-DJ-A13W-01,TCGA-DJ-A13W,22854.7,52.3720288,0.0,Primary
THCA,TCGA-DJ-A13X-01,TCGA-DJ-A13X,11844.4,8.317717066,0.0,Primary
THCA,TCGA-DJ-A1QD-01,TCGA-DJ-A1QD,2850.66,48.06522668,0.0,Primary
THCA,TCGA-DJ-A1QE-01,TCGA-DJ-A1QE,3878.62,135.9108393,0.0,Primary
THCA,TCGA-DJ-A1QF-01,TCGA-DJ-A1QF,8524.05,30.60788375,0.0,Primary
THCA,TCGA-DJ-A1QG-01,TCGA-DJ-A1QG,43399.3,44.97484959,0.0,Primary
THCA,TCGA-DJ-A1QH-01,TCGA-DJ-A1QH,3809.86,42.50912319,0.0,Primary
THCA,TCGA-DJ-A1QI-01,TCGA-DJ-A1QI,13537.8,14.95874018,0.0,Primary
THCA,TCGA-DJ-A1QL-01,TCGA-DJ-A1QL,25052.4,17.58884834,0.0,Primary
THCA,TCGA-DJ-A1QM-01,TCGA-DJ-A1QM,8133.41,6.016372423,0.0,Primary
THCA,TCGA-DJ-A1QN-01,TCGA-DJ-A1QN,13993.9,42.57487589,0.0,Primary
THCA,TCGA-DJ-A1QO-01,TCGA-DJ-A1QO,2249.89,47.40769964,0.0,Primary
THCA,TCGA-DJ-A1QQ-01,TCGA-DJ-A1QQ,11930.8,17.55597199,0.0,Primary
THCA,TCGA-DJ-A2PN-01,TCGA-DJ-A2PN,5831.86,10.09304008,0.0,Primary
THCA,TCGA-DJ-A2PO-01,TCGA-DJ-A2PO,6937.06,7.988953546,0.0,Primary
THCA,TCGA-DJ-A2PP-01,TCGA-DJ-A2PP,15799.1,30.5750074,0.0,Primary
THCA,TCGA-DJ-A2PQ-01,TCGA-DJ-A2PQ,11510.5,35.40783115,0.0,Primary
THCA,TCGA-DJ-A2PR-01,TCGA-DJ-A2PR,8943.97,27.45175395,0.0,Primary
THCA,TCGA-DJ-A2PS-01,TCGA-DJ-A2PS,6191.64,26.20245258,0.0,Primary
THCA,TCGA-DJ-A2PT-01,TCGA-DJ-A2PT,896.375,38.82697176,0.0,Primary
THCA,TCGA-DJ-A2PU-01,TCGA-DJ-A2PU,14617.8,33.96127166,0.0,Primary
THCA,TCGA-DJ-A2PV-01,TCGA-DJ-A2PV,12471.2,31.98869054,0.0,Primary
THCA,TCGA-DJ-A2PW-01,TCGA-DJ-A2PW,9605.55,34.84893316,0.0,Primary
THCA,TCGA-DJ-A2PX-01,TCGA-DJ-A2PX,16492.3,28.96406615,0.0,Primary
THCA,TCGA-DJ-A2PY-01,TCGA-DJ-A2PY,4074.07,8.777985995,0.0,Primary
THCA,TCGA-DJ-A2PZ-01,TCGA-DJ-A2PZ,2471.86,8.416346122,0.0,Primary
THCA,TCGA-DJ-A2Q0-01,TCGA-DJ-A2Q0,1340.54,34.35578788,0.0,Primary
THCA,TCGA-DJ-A2Q1-01,TCGA-DJ-A2Q1,208.12,37.74205214,0.0,Primary
THCA,TCGA-DJ-A2Q2-01,TCGA-DJ-A2Q2,2618.06,43.95568268,0.0,Primary
THCA,TCGA-DJ-A2Q3-01,TCGA-DJ-A2Q3,6133.08,40.2406549,0.0,Primary
THCA,TCGA-DJ-A2Q4-01,TCGA-DJ-A2Q4,7254.1,33.92839531,0.0,Primary
THCA,TCGA-DJ-A2Q5-01,TCGA-DJ-A2Q5,10812.8,37.47904133,0.0,Primary
THCA,TCGA-DJ-A2Q6-01,TCGA-DJ-A2Q6,14482.6,36.45987441,0.0,Primary
THCA,TCGA-DJ-A2Q7-01,TCGA-DJ-A2Q7,23814.7,35.11194398,0.0,Primary
THCA,TCGA-DJ-A2Q9-01,TCGA-DJ-A2Q9,908.952,35.90097643,0.0,Primary
THCA,TCGA-DJ-A2QA-01,TCGA-DJ-A2QA,9685.71,33.53387908,0.0,Primary
THCA,TCGA-DJ-A2QB-01,TCGA-DJ-A2QB,80068.7,35.17769668,0.0,Primary
THCA,TCGA-DJ-A2QC-01,TCGA-DJ-A2QC,9060.45,39.94476773,0.0,Primary
THCA,TCGA-DJ-A3UK-01,TCGA-DJ-A3UK,13218.2,36.92014334,0.0,Primary
THCA,TCGA-DJ-A3UM-01,TCGA-DJ-A3UM,10157.3,31.03527633,0.0,Primary
THCA,TCGA-DJ-A3UN-01,TCGA-DJ-A3UN,23728.2,32.41608311,0.0,Primary
THCA,TCGA-DJ-A3UO-01,TCGA-DJ-A3UO,15417.0,31.4626689,0.0,Primary
THCA,TCGA-DJ-A3UP-01,TCGA-DJ-A3UP,70260.2,16.40529967,0.0,Primary
THCA,TCGA-DJ-A3UQ-01,TCGA-DJ-A3UQ,2504.45,19.56142946,0.0,Primary
THCA,TCGA-DJ-A3UR-01,TCGA-DJ-A3UR,11284.0,36.328369,0.0,Primary
THCA,TCGA-DJ-A3US-01,TCGA-DJ-A3US,21977.7,32.81059934,0.0,Primary
THCA,TCGA-DJ-A3UT-01,TCGA-DJ-A3UT,15995.7,36.328369,0.0,Primary
THCA,TCGA-DJ-A3UU-01,TCGA-DJ-A3UU,8413.57,23.44083901,0.0,Primary
THCA,TCGA-DJ-A3UW-01,TCGA-DJ-A3UW,3427.46,59.5719499,0.0,Primary
THCA,TCGA-DJ-A3UX-01,TCGA-DJ-A3UX,6877.61,11.34234145,0.0,Primary
THCA,TCGA-DJ-A3UY-01,TCGA-DJ-A3UY,4914.35,35.86810008,0.0,Primary
THCA,TCGA-DJ-A3UZ-01,TCGA-DJ-A3UZ,9787.61,40.96393464,0.0,Primary
THCA,TCGA-DJ-A3V0-01,TCGA-DJ-A3V0,2462.72,36.98589605,0.0,Primary
THCA,TCGA-DJ-A3V2-01,TCGA-DJ-A3V2,13781.4,20.21895651,0.0,Primary
THCA,TCGA-DJ-A3V3-01,TCGA-DJ-A3V3,15601.5,30.60788375,0.0,Primary
THCA,TCGA-DJ-A3V4-01,TCGA-DJ-A3V4,5823.45,42.54199954,0.0,Primary
THCA,TCGA-DJ-A3V5-01,TCGA-DJ-A3V5,2638.19,19.19978959,0.0,Primary
THCA,TCGA-DJ-A3V7-01,TCGA-DJ-A3V7,3820.15,23.21070454,0.0,Primary
THCA,TCGA-DJ-A3V8-01,TCGA-DJ-A3V8,3240.22,21.27099977,0.0,Primary
THCA,TCGA-DJ-A3V9-01,TCGA-DJ-A3V9,6578.38,20.48196732,0.0,Primary
THCA,TCGA-DJ-A3VA-01,TCGA-DJ-A3VA,4600.53,24.82164579,0.0,Primary
THCA,TCGA-DJ-A3VB-01,TCGA-DJ-A3VB,3063.94,22.91481737,0.0,Primary
THCA,TCGA-DJ-A3VD-01,TCGA-DJ-A3VD,1967.94,40.70092383,0.0,Primary
THCA,TCGA-DJ-A3VE-01,TCGA-DJ-A3VE,7449.48,18.96965513,0.0,Primary
THCA,TCGA-DJ-A3VF-01,TCGA-DJ-A3VF,877.899,9.599894796,0.0,Primary
THCA,TCGA-DJ-A3VG-01,TCGA-DJ-A3VG,24509.0,35.67084196,0.0,Primary
THCA,TCGA-DJ-A3VI-01,TCGA-DJ-A3VI,3404.27,3.123253444,0.0,Primary
THCA,TCGA-DJ-A3VJ-01,TCGA-DJ-A3VJ,4242.41,36.42699806,0.0,Primary
THCA,TCGA-DJ-A3VK-01,TCGA-DJ-A3VK,31088.9,24.75589309,0.0,Primary
THCA,TCGA-DJ-A3VL-01,TCGA-DJ-A3VL,41568.1,23.44083901,0.0,Primary
THCA,TCGA-DJ-A3VM-01,TCGA-DJ-A3VM,57562.9,27.61613571,0.0,Primary
THCA,TCGA-DJ-A4UL-01,TCGA-DJ-A4UL,8382.18,30.87089457,0.0,Primary
THCA,TCGA-DJ-A4UP-01,TCGA-DJ-A4UP,19700.7,30.11473847,0.0,Primary
THCA,TCGA-DJ-A4UQ-01,TCGA-DJ-A4UQ,6317.89,33.0407338,0.0,Primary
THCA,TCGA-DJ-A4UR-01,TCGA-DJ-A4UR,23442.8,34.78318046,0.0,Primary
THCA,TCGA-DJ-A4UT-01,TCGA-DJ-A4UT,5442.59,27.05723773,0.0,Primary
THCA,TCGA-DJ-A4UW-01,TCGA-DJ-A4UW,7891.32,26.92573232,0.0,Primary
THCA,TCGA-DJ-A4V0-01,TCGA-DJ-A4V0,17340.4,35.53933656,0.0,Primary
THCA,TCGA-DJ-A4V2-01,TCGA-DJ-A4V2,4960.58,3.123253444,0.0,Primary
THCA,TCGA-DJ-A4V4-01,TCGA-DJ-A4V4,5570.73,15.81352533,0.0,Primary
THCA,TCGA-DJ-A4V5-01,TCGA-DJ-A4V5,11606.2,35.3749548,0.0,Primary
THCA,TCGA-DO-A1JZ-01,TCGA-DO-A1JZ,5901.28,54.90350791,0.0,Primary
THCA,TCGA-DO-A1K0-01,TCGA-DO-A1K0,7539.85,21.53401059,0.0,Primary
THCA,TCGA-DO-A2HM-01,TCGA-DO-A2HM,948.655,2.334220995,0.0,Primary
THCA,TCGA-E3-A3DY-01,TCGA-E3-A3DY,11073.9,92.54693099,0.0,Primary
THCA,TCGA-E3-A3DZ-01,TCGA-E3-A3DZ,37487.6,47.21044153,0.0,Primary
THCA,TCGA-E3-A3E0-01,TCGA-E3-A3E0,17843.3,66.37735477,0.0,Primary
THCA,TCGA-E3-A3E1-01,TCGA-E3-A3E1,4696.33,80.51418615,0.0,Primary
THCA,TCGA-E3-A3E2-01,TCGA-E3-A3E2,14325.4,63.18834862,0.0,Primary
THCA,TCGA-E3-A3E3-01,TCGA-E3-A3E3,4091.76,52.4377815,0.0,Primary
THCA,TCGA-E3-A3E5-01,TCGA-E3-A3E5,16010.4,39.94476773,0.0,Primary
THCA,TCGA-E8-A242-01,TCGA-E8-A242,2316.27,31.23253444,0.0,Primary
THCA,TCGA-E8-A2EA-01,TCGA-E8-A2EA,1720.18,35.67084196,0.0,Primary
THCA,TCGA-E8-A3X7-01,TCGA-E8-A3X7,5110.62,31.26541079,0.0,Primary
THCA,TCGA-E8-A413-01,TCGA-E8-A413,2913.59,29.98323306,0.0,Primary
THCA,TCGA-E8-A414-01,TCGA-E8-A414,5105.34,31.49554525,0.0,Primary
THCA,TCGA-E8-A415-01,TCGA-E8-A415,5092.14,31.03527633,0.0,Primary
THCA,TCGA-E8-A416-01,TCGA-E8-A416,8699.08,31.29828714,0.0,Primary
THCA,TCGA-E8-A417-01,TCGA-E8-A417,2823.81,30.83801821,0.0,Primary
THCA,TCGA-E8-A418-01,TCGA-E8-A418,2501.56,3.024624388,0.0,Primary
THCA,TCGA-E8-A419-01,TCGA-E8-A419,2698.01,25.44629648,0.0,Primary
THCA,TCGA-E8-A432-01,TCGA-E8-A432,37398.8,30.60788375,0.0,Primary
THCA,TCGA-E8-A433-01,TCGA-E8-A433,2318.66,31.26541079,0.0,Primary
THCA,TCGA-E8-A434-01,TCGA-E8-A434,7590.63,31.33116349,0.0,Primary
THCA,TCGA-E8-A436-01,TCGA-E8-A436,4771.01,14.95874018,0.0,Primary
THCA,TCGA-E8-A437-01,TCGA-E8-A437,6235.93,39.87901502,0.0,Primary
THCA,TCGA-E8-A438-01,TCGA-E8-A438,23088.3,33.50100273,0.0,Primary
THCA,TCGA-E8-A44K-01,TCGA-E8-A44K,2604.99,31.00239997,0.0,Primary
THCA,TCGA-E8-A44M-01,TCGA-E8-A44M,14926.7,30.14761482,0.0,Primary
THCA,TCGA-EL-A3CL-01,TCGA-EL-A3CL,34651.5,31.65992701,1.0,Primary
THCA,TCGA-EL-A3CM-01,TCGA-EL-A3CM,4092.7,26.72847421,1.0,Primary
THCA,TCGA-EL-A3CN-01,TCGA-EL-A3CN,2710.53,155.5380215,0.0,Primary
THCA,TCGA-EL-A3CO-01,TCGA-EL-A3CO,3722.68,97.74139462,1.0,Primary
THCA,TCGA-EL-A3CP-01,TCGA-EL-A3CP,16613.5,158.8256567,0.0,Primary
THCA,TCGA-EL-A3CR-01,TCGA-EL-A3CR,6284.97,7.660190025,1.0,Primary
THCA,TCGA-EL-A3CS-01,TCGA-EL-A3CS,6192.68,45.53374758,1.0,Primary
THCA,TCGA-EL-A3CT-01,TCGA-EL-A3CT,2035.93,60.95275668,1.0,Primary
THCA,TCGA-EL-A3CU-01,TCGA-EL-A3CU,4714.09,157.1489628,0.0,Primary
THCA,TCGA-EL-A3CV-01,TCGA-EL-A3CV,2571.13,37.93931025,0.0,Primary
THCA,TCGA-EL-A3CW-01,TCGA-EL-A3CW,7061.17,57.00759444,1.0,Primary
THCA,TCGA-EL-A3CX-01,TCGA-EL-A3CX,29.1667,106.6180097,0.0,Primary
THCA,TCGA-EL-A3CY-01,TCGA-EL-A3CY,3255.28,4.175296709,0.0,Primary
THCA,TCGA-EL-A3CZ-01,TCGA-EL-A3CZ,27764.0,79.49501923,0.0,Primary
THCA,TCGA-EL-A3D1-01,TCGA-EL-A3D1,11869.5,98.53042706,0.0,Primary
THCA,TCGA-EL-A3D4-01,TCGA-EL-A3D4,27714.8,69.56636092,0.0,Primary
THCA,TCGA-EL-A3D6-01,TCGA-EL-A3D6,1428.63,108.3604563,0.0,Primary
THCA,TCGA-EL-A3GO-01,TCGA-EL-A3GO,4160.86,64.86504258,0.0,Primary
THCA,TCGA-EL-A3GP-01,TCGA-EL-A3GP,10776.2,49.51178617,0.0,Primary
THCA,TCGA-EL-A3GQ-01,TCGA-EL-A3GQ,11646.1,50.23506592,0.0,Primary
THCA,TCGA-EL-A3GR-01,TCGA-EL-A3GR,6286.11,115.1001085,0.0,Primary
THCA,TCGA-EL-A3GS-01,TCGA-EL-A3GS,3719.54,65.39106421,0.0,Primary
THCA,TCGA-EL-A3GU-01,TCGA-EL-A3GU,4673.92,136.0094684,0.0,Primary
THCA,TCGA-EL-A3GV-01,TCGA-EL-A3GV,7777.95,50.36657133,0.0,Primary
THCA,TCGA-EL-A3GW-01,TCGA-EL-A3GW,41555.8,50.20218957,0.0,Primary
THCA,TCGA-EL-A3GX-01,TCGA-EL-A3GX,2926.53,147.7463261,0.0,Primary
THCA,TCGA-EL-A3GY-01,TCGA-EL-A3GY,4843.0,101.1276589,0.0,Primary
THCA,TCGA-EL-A3GZ-01,TCGA-EL-A3GZ,4470.45,139.987507,0.0,Primary
THCA,TCGA-EL-A3H1-01,TCGA-EL-A3H1,33629.3,49.31452806,1.0,Primary
THCA,TCGA-EL-A3H2-01,TCGA-EL-A3H2,9228.89,33.50100273,1.0,Primary
THCA,TCGA-EL-A3H3-01,TCGA-EL-A3H3,6086.56,43.36390834,0.0,Primary
THCA,TCGA-EL-A3H4-01,TCGA-EL-A3H4,9355.58,49.70904428,0.0,Primary
THCA,TCGA-EL-A3H5-01,TCGA-EL-A3H5,2477.57,83.57168689,0.0,Primary
THCA,TCGA-EL-A3H7-01,TCGA-EL-A3H7,1194.06,139.0012164,0.0,Primary
THCA,TCGA-EL-A3H8-01,TCGA-EL-A3H8,10398.7,150.4750633,0.0,Primary
THCA,TCGA-EL-A3MW-01,TCGA-EL-A3MW,8154.47,108.6563435,0.0,Primary
THCA,TCGA-EL-A3MX-01,TCGA-EL-A3MX,4045.31,57.63224513,1.0,Primary
THCA,TCGA-EL-A3MY-01,TCGA-EL-A3MY,986.628,17.52309564,1.0,Primary
THCA,TCGA-EL-A3MZ-01,TCGA-EL-A3MZ,1666.12,52.50353421,1.0,Primary
THCA,TCGA-EL-A3N2-01,TCGA-EL-A3N2,5106.5,29.65446954,0.0,Primary
THCA,TCGA-EL-A3N3-01,TCGA-EL-A3N3,1463.87,178.2884571,0.0,Primary
THCA,TCGA-EL-A3T0-01,TCGA-EL-A3T0,15984.8,142.5189861,0.0,Primary
THCA,TCGA-EL-A3T1-01,TCGA-EL-A3T1,2718.82,129.5657034,0.0,Primary
THCA,TCGA-EL-A3T2-01,TCGA-EL-A3T2,68422.1,32.48183582,0.0,Primary
THCA,TCGA-EL-A3T3-01,TCGA-EL-A3T3,3994.93,132.0643061,0.0,Primary
THCA,TCGA-EL-A3T6-01,TCGA-EL-A3T6,2716.38,98.2345399,0.0,Primary
THCA,TCGA-EL-A3T7-01,TCGA-EL-A3T7,12498.8,41.29269816,0.0,Primary
THCA,TCGA-EL-A3T8-01,TCGA-EL-A3T8,10922.1,107.4727948,0.0,Primary
THCA,TCGA-EL-A3T9-01,TCGA-EL-A3T9,943.888,5.720485255,1.0,Primary
THCA,TCGA-EL-A3TA-01,TCGA-EL-A3TA,6505.74,66.9033764,0.0,Primary
THCA,TCGA-EL-A3TB-01,TCGA-EL-A3TB,15269.7,82.81553079,0.0,Primary
THCA,TCGA-EL-A3ZG-01,TCGA-EL-A3ZG,4347.87,89.55518296,0.0,Primary
THCA,TCGA-EL-A3ZH-01,TCGA-EL-A3ZH,15008.0,91.16612421,0.0,Primary
THCA,TCGA-EL-A3ZK-01,TCGA-EL-A3ZK,4118.61,51.78025446,0.0,Primary
THCA,TCGA-EL-A3ZL-01,TCGA-EL-A3ZL,9641.28,62.30068712,0.0,Primary
THCA,TCGA-EL-A3ZM-01,TCGA-EL-A3ZM,275.573,36.03248184,0.0,Primary
THCA,TCGA-EL-A3ZN-01,TCGA-EL-A3ZN,17648.4,53.06243219,0.0,Primary
THCA,TCGA-EL-A3ZO-01,TCGA-EL-A3ZO,1815.79,72.68961436,0.0,Primary
THCA,TCGA-EL-A3ZP-01,TCGA-EL-A3ZP,7778.04,65.48969326,0.0,Primary
THCA,TCGA-EL-A3ZQ-01,TCGA-EL-A3ZQ,2588.65,61.2157675,0.0,Primary
THCA,TCGA-EL-A3ZR-01,TCGA-EL-A3ZR,25912.1,60.16372423,0.0,Primary
THCA,TCGA-EL-A3ZS-01,TCGA-EL-A3ZS,5504.18,7.068415689,0.0,Primary
THCA,TCGA-EL-A3ZT-01,TCGA-EL-A3ZT,6010.96,59.44044449,0.0,Primary
THCA,TCGA-EL-A4JV-01,TCGA-EL-A4JV,75009.0,57.46786337,0.0,Primary
THCA,TCGA-EL-A4JW-01,TCGA-EL-A4JW,2703.25,34.71742775,0.0,Primary
THCA,TCGA-EL-A4JX-01,TCGA-EL-A4JX,1947.48,45.96114015,0.0,Primary
THCA,TCGA-EL-A4JZ-01,TCGA-EL-A4JZ,10201.9,61.01850939,0.0,Primary
THCA,TCGA-EL-A4K0-01,TCGA-EL-A4K0,16366.6,31.03527633,0.0,Primary
THCA,TCGA-EL-A4K1-01,TCGA-EL-A4K1,2545.01,34.38866423,0.0,Primary
THCA,TCGA-EL-A4K2-01,TCGA-EL-A4K2,19243.1,30.50925469,0.0,Primary
THCA,TCGA-EL-A4K4-01,TCGA-EL-A4K4,1890.68,53.35831936,0.0,Primary
THCA,TCGA-EL-A4K6-01,TCGA-EL-A4K6,15425.9,44.15294079,0.0,Primary
THCA,TCGA-EL-A4K7-01,TCGA-EL-A4K7,8422.74,41.1283164,0.0,Primary
THCA,TCGA-EL-A4K9-01,TCGA-EL-A4K9,16524.2,47.83509222,0.0,Primary
THCA,TCGA-EL-A4KD-01,TCGA-EL-A4KD,16774.9,43.59404281,0.0,Primary
THCA,TCGA-EL-A4KG-01,TCGA-EL-A4KG,2755.02,24.29562416,0.0,Primary
THCA,TCGA-EL-A4KH-01,TCGA-EL-A4KH,6414.67,27.05723773,0.0,Primary
THCA,TCGA-EL-A4KI-01,TCGA-EL-A4KI,24766.5,23.90110793,0.0,Primary
THCA,TCGA-EM-A1CS-01,TCGA-EM-A1CS,36275.5,26.85997962,0.0,Primary
THCA,TCGA-EM-A1CT-01,TCGA-EM-A1CT,5246.12,18.18062268,0.0,Primary
THCA,TCGA-EM-A1CU-01,TCGA-EM-A1CU,8862.82,20.9093599,0.0,Primary
THCA,TCGA-EM-A1CV-01,TCGA-EM-A1CV,17052.4,48.49261926,0.0,Primary
THCA,TCGA-EM-A1CW-01,TCGA-EM-A1CW,18346.8,18.04911727,0.0,Primary
THCA,TCGA-EM-A1YA-01,TCGA-EM-A1YA,3470.36,19.79156393,0.0,Primary
THCA,TCGA-EM-A1YB-01,TCGA-EM-A1YB,1552.49,19.46280041,0.0,Primary
THCA,TCGA-EM-A1YC-01,TCGA-EM-A1YC,14187.1,78.60735773,0.0,Primary
THCA,TCGA-EM-A1YD-01,TCGA-EM-A1YD,11005.3,57.00759444,0.0,Primary
THCA,TCGA-EM-A1YE-01,TCGA-EM-A1YE,29738.7,54.08159911,0.0,Primary
THCA,TCGA-EM-A22I-01,TCGA-EM-A22I,3602.21,14.72860571,0.0,Primary
THCA,TCGA-EM-A22J-01,TCGA-EM-A22J,32247.5,14.49847125,0.0,Primary
THCA,TCGA-EM-A22K-01,TCGA-EM-A22K,61883.0,15.74777263,0.0,Primary
THCA,TCGA-EM-A22L-01,TCGA-EM-A22L,60850.2,10.45467995,0.0,Primary
THCA,TCGA-EM-A22M-01,TCGA-EM-A22M,11919.4,14.5313476,0.0,Primary
THCA,TCGA-EM-A22N-01,TCGA-EM-A22N,8238.55,10.65193806,0.0,Primary
THCA,TCGA-EM-A22O-01,TCGA-EM-A22O,6094.45,44.18581714,0.0,Primary
THCA,TCGA-EM-A22P-01,TCGA-EM-A22P,10214.6,41.29269816,0.0,Primary
THCA,TCGA-EM-A22Q-01,TCGA-EM-A22Q,29783.2,14.23546043,0.0,Primary
THCA,TCGA-EM-A2CJ-01,TCGA-EM-A2CJ,10024.4,47.5720814,0.0,Primary
THCA,TCGA-EM-A2CK-01,TCGA-EM-A2CK,56809.7,17.88473551,0.0,Primary
THCA,TCGA-EM-A2CL-01,TCGA-EM-A2CL,13804.7,13.18341717,0.0,Primary
THCA,TCGA-EM-A2CN-01,TCGA-EM-A2CN,9019.53,23.50659171,0.0,Primary
THCA,TCGA-EM-A2CO-01,TCGA-EM-A2CO,6833.98,6.049248775,0.0,Primary
THCA,TCGA-EM-A2CP-01,TCGA-EM-A2CP,1948.06,2.991748036,0.0,Primary
THCA,TCGA-EM-A2CQ-01,TCGA-EM-A2CQ,17708.7,12.29575566,0.0,Primary
THCA,TCGA-EM-A2CR-01,TCGA-EM-A2CR,23403.8,13.6436861,0.0,Primary
THCA,TCGA-EM-A2CT-01,TCGA-EM-A2CT,11833.4,48.45974291,0.0,Primary
THCA,TCGA-EM-A2CU-01,TCGA-EM-A2CU,24421.0,13.15054082,0.0,Primary
THCA,TCGA-EM-A2OV-01,TCGA-EM-A2OV,5972.16,22.15866128,0.0,Primary
THCA,TCGA-EM-A2OW-01,TCGA-EM-A2OW,8737.15,40.33928395,0.0,Primary
THCA,TCGA-EM-A2OX-01,TCGA-EM-A2OX,10277.7,19.72581122,0.0,Primary
THCA,TCGA-EM-A2OY-01,TCGA-EM-A2OY,2312.98,32.31745406,0.0,Primary
THCA,TCGA-EM-A2OZ-01,TCGA-EM-A2OZ,4901.48,33.96127166,0.0,Primary
THCA,TCGA-EM-A2P0-01,TCGA-EM-A2P0,13673.1,17.58884834,0.0,Primary
THCA,TCGA-EM-A2P1-01,TCGA-EM-A2P1,1091.99,17.45734293,0.0,Primary
THCA,TCGA-EM-A2P2-01,TCGA-EM-A2P2,42376.2,17.29296117,0.0,Primary
THCA,TCGA-EM-A2P3-01,TCGA-EM-A2P3,4427.81,14.59710031,0.0,Primary
THCA,TCGA-EM-A3AI-01,TCGA-EM-A3AI,7518.15,22.52030115,0.0,Primary
THCA,TCGA-EM-A3AJ-01,TCGA-EM-A3AJ,10108.1,30.93664727,0.0,Primary
THCA,TCGA-EM-A3AK-01,TCGA-EM-A3AK,15550.5,15.68201992,0.0,Primary
THCA,TCGA-EM-A3AL-01,TCGA-EM-A3AL,12069.1,14.13683138,0.0,Primary
THCA,TCGA-EM-A3AN-01,TCGA-EM-A3AN,14942.6,33.07361015,0.0,Primary
THCA,TCGA-EM-A3AO-01,TCGA-EM-A3AO,18115.4,44.51458066,0.0,Primary
THCA,TCGA-EM-A3AP-01,TCGA-EM-A3AP,104383.0,8.350593418,0.0,Primary
THCA,TCGA-EM-A3AQ-01,TCGA-EM-A3AQ,9250.21,29.72022224,0.0,Primary
THCA,TCGA-EM-A3AR-01,TCGA-EM-A3AR,7074.63,37.24890686,0.0,Primary
THCA,TCGA-EM-A3FJ-01,TCGA-EM-A3FJ,8853.44,27.94489923,0.0,Primary
THCA,TCGA-EM-A3FK-01,TCGA-EM-A3FK,6017.06,23.76960253,0.0,Primary
THCA,TCGA-EM-A3FL-01,TCGA-EM-A3FL,4838.33,47.37482329,0.0,Primary
THCA,TCGA-EM-A3FM-01,TCGA-EM-A3FM,2172.44,21.00798895,0.0,Primary
THCA,TCGA-EM-A3FN-01,TCGA-EM-A3FN,7447.83,12.0656212,0.0,Primary
THCA,TCGA-EM-A3FO-01,TCGA-EM-A3FO,9288.58,17.49021929,0.0,Primary
THCA,TCGA-EM-A3FP-01,TCGA-EM-A3FP,53856.4,17.39159023,0.0,Primary
THCA,TCGA-EM-A3FQ-01,TCGA-EM-A3FQ,4256.77,16.1751652,0.0,Primary
THCA,TCGA-EM-A3FR-01,TCGA-EM-A3FR,12644.5,15.02449288,0.0,Primary
THCA,TCGA-EM-A3O3-01,TCGA-EM-A3O3,393.637,14.49847125,0.0,Primary
THCA,TCGA-EM-A3O6-01,TCGA-EM-A3O6,11070.2,15.05736923,0.0,Primary
THCA,TCGA-EM-A3O7-01,TCGA-EM-A3O7,17501.0,7.331426505,0.0,Primary
THCA,TCGA-EM-A3O8-01,TCGA-EM-A3O8,38883.1,12.52589013,0.0,Primary
THCA,TCGA-EM-A3O9-01,TCGA-EM-A3O9,2897.52,9.238254923,0.0,Primary
THCA,TCGA-EM-A3OA-01,TCGA-EM-A3OA,11260.6,27.02436138,0.0,Primary
THCA,TCGA-EM-A3OB-01,TCGA-EM-A3OB,23129.5,38.66259,0.0,Primary
THCA,TCGA-EM-A3ST-01,TCGA-EM-A3ST,14507.2,38.85984811,0.0,Primary
THCA,TCGA-EM-A3SU-01,TCGA-EM-A3SU,1493.78,29.95035671,0.0,Primary
THCA,TCGA-EM-A3SX-01,TCGA-EM-A3SX,19158.3,29.85172765,0.0,Primary
THCA,TCGA-EM-A3SY-01,TCGA-EM-A3SY,1484.09,13.51218069,0.0,Primary
THCA,TCGA-EM-A3SZ-01,TCGA-EM-A3SZ,2684.86,12.78890094,0.0,Primary
THCA,TCGA-EM-A4FF-01,TCGA-EM-A4FF,7459.08,84.5908538,0.0,Primary
THCA,TCGA-EM-A4FH-01,TCGA-EM-A4FH,9410.78,29.32570602,0.0,Primary
THCA,TCGA-EM-A4FK-01,TCGA-EM-A4FK,15578.8,21.33675247,0.0,Primary
THCA,TCGA-EM-A4FM-01,TCGA-EM-A4FM,1523.38,5.325969031,0.0,Primary
THCA,TCGA-EM-A4FN-01,TCGA-EM-A4FN,4161.9,26.36683434,0.0,Primary
THCA,TCGA-EM-A4FO-01,TCGA-EM-A4FO,16186.5,26.36683434,0.0,Primary
THCA,TCGA-EM-A4FQ-01,TCGA-EM-A4FQ,3691.58,22.45454844,0.0,Primary
THCA,TCGA-EM-A4FR-01,TCGA-EM-A4FR,45179.2,21.53401059,0.0,Primary
THCA,TCGA-EM-A4FU-01,TCGA-EM-A4FU,53059.0,60.49248775,0.0,Primary
THCA,TCGA-EM-A4FV-01,TCGA-EM-A4FV,17835.8,24.46000592,0.0,Primary
THCA,TCGA-EM-A4G1-01,TCGA-EM-A4G1,3369.39,13.67656245,0.0,Primary
THCA,TCGA-ET-A25G-01,TCGA-ET-A25G,2466.24,81.92786928,0.0,Primary
THCA,TCGA-ET-A25I-01,TCGA-ET-A25I,22713.8,81.69773482,0.0,Primary
THCA,TCGA-ET-A25J-01,TCGA-ET-A25J,6463.57,77.55531446,0.0,Primary
THCA,TCGA-ET-A25K-01,TCGA-ET-A25K,13825.1,70.42114607,0.0,Primary
THCA,TCGA-ET-A25L-01,TCGA-ET-A25L,6847.6,56.58020186,0.0,Primary
THCA,TCGA-ET-A25M-01,TCGA-ET-A25M,9980.79,60.19660059,0.0,Primary
THCA,TCGA-ET-A25N-01,TCGA-ET-A25N,8122.25,63.38560673,0.0,Primary
THCA,TCGA-ET-A25O-01,TCGA-ET-A25O,18795.3,65.29243515,0.0,Primary
THCA,TCGA-ET-A25P-01,TCGA-ET-A25P,32554.5,18.37788079,0.0,Primary
THCA,TCGA-ET-A25R-01,TCGA-ET-A25R,5025.28,63.45135944,0.0,Primary
THCA,TCGA-ET-A2MX-01,TCGA-ET-A2MX,706.686,88.40451064,0.0,Primary
THCA,TCGA-ET-A2MY-01,TCGA-ET-A2MY,3008.17,58.7500411,0.0,Primary
THCA,TCGA-ET-A2MZ-01,TCGA-ET-A2MZ,13931.0,37.24890686,0.0,Primary
THCA,TCGA-ET-A2N0-01,TCGA-ET-A2N0,2184.76,52.60216326,0.0,Primary
THCA,TCGA-ET-A2N3-01,TCGA-ET-A2N3,12423.3,83.34155242,0.0,Primary
THCA,TCGA-ET-A2N4-01,TCGA-ET-A2N4,25302.6,2.662984515,0.0,Primary
THCA,TCGA-ET-A2N5-01,TCGA-ET-A2N5,23290.3,80.87582602,0.0,Primary
THCA,TCGA-ET-A39I-01,TCGA-ET-A39I,34374.3,33.23799191,1.0,Primary
THCA,TCGA-ET-A39J-01,TCGA-ET-A39J,7123.33,106.091988,0.0,Primary
THCA,TCGA-ET-A39K-01,TCGA-ET-A39K,6347.55,107.4070421,0.0,Primary
THCA,TCGA-ET-A39L-01,TCGA-ET-A39L,25670.5,108.4590854,0.0,Primary
THCA,TCGA-ET-A39M-01,TCGA-ET-A39M,11523.9,84.88674097,0.0,Primary
THCA,TCGA-ET-A39N-01,TCGA-ET-A39N,13193.7,123.3191965,0.0,Primary
THCA,TCGA-ET-A39O-01,TCGA-ET-A39O,2321.49,100.5687609,0.0,Primary
THCA,TCGA-ET-A39P-01,TCGA-ET-A39P,5257.55,95.34142092,0.0,Primary
THCA,TCGA-ET-A39R-01,TCGA-ET-A39R,9039.97,94.12499589,0.0,Primary
THCA,TCGA-ET-A39S-01,TCGA-ET-A39S,9175.43,55.10076602,0.0,Primary
THCA,TCGA-ET-A39T-01,TCGA-ET-A39T,4732.17,98.20166354,0.0,Primary
THCA,TCGA-ET-A3BN-01,TCGA-ET-A3BN,6323.22,28.2407864,0.0,Primary
THCA,TCGA-ET-A3BO-01,TCGA-ET-A3BO,5932.17,50.39944768,0.0,Primary
THCA,TCGA-ET-A3BP-01,TCGA-ET-A3BP,14893.2,79.10050301,0.0,Primary
THCA,TCGA-ET-A3BQ-01,TCGA-ET-A3BQ,10285.2,76.63477661,0.0,Primary
THCA,TCGA-ET-A3BS-01,TCGA-ET-A3BS,7428.17,5.786237959,0.0,Primary
THCA,TCGA-ET-A3BT-01,TCGA-ET-A3BT,10376.9,87.61547819,0.0,Primary
THCA,TCGA-ET-A3BU-01,TCGA-ET-A3BU,11942.6,77.81832528,0.0,Primary
THCA,TCGA-ET-A3BV-01,TCGA-ET-A3BV,842.404,75.41835158,0.0,Primary
THCA,TCGA-ET-A3BW-01,TCGA-ET-A3BW,15295.0,46.65154355,0.0,Primary
THCA,TCGA-ET-A3BX-01,TCGA-ET-A3BX,1705.93,52.47065786,0.0,Primary
THCA,TCGA-ET-A3DO-01,TCGA-ET-A3DO,1516.13,116.7768025,0.0,Primary
THCA,TCGA-ET-A3DP-01,TCGA-ET-A3DP,7256.51,94.58526482,0.0,Primary
THCA,TCGA-ET-A3DQ-01,TCGA-ET-A3DQ,14997.8,84.85386462,0.0,Primary
THCA,TCGA-ET-A3DR-01,TCGA-ET-A3DR,5267.67,80.57993885,0.0,Primary
THCA,TCGA-ET-A3DS-01,TCGA-ET-A3DS,10479.2,66.8376237,0.0,Primary
THCA,TCGA-ET-A3DT-01,TCGA-ET-A3DT,7801.08,43.72554821,0.0,Primary
THCA,TCGA-ET-A3DU-01,TCGA-ET-A3DU,1611.35,62.82670875,0.0,Primary
THCA,TCGA-ET-A3DV-01,TCGA-ET-A3DV,9369.26,166.6173521,0.0,Primary
THCA,TCGA-ET-A3DW-01,TCGA-ET-A3DW,3156.28,24.72301673,0.0,Primary
THCA,TCGA-ET-A40P-01,TCGA-ET-A40P,26094.1,43.98855903,0.0,Primary
THCA,TCGA-ET-A40Q-01,TCGA-ET-A40Q,2539.27,46.25702732,0.0,Primary
THCA,TCGA-ET-A40R-01,TCGA-ET-A40R,22229.5,44.38307525,0.0,Primary
THCA,TCGA-ET-A40S-01,TCGA-ET-A40S,6696.73,40.20777855,0.0,Primary
THCA,TCGA-ET-A40T-01,TCGA-ET-A40T,9700.26,37.47904133,0.0,Primary
THCA,TCGA-ET-A4KN-01,TCGA-ET-A4KN,366.292,33.17223921,0.0,Primary
THCA,TCGA-ET-A4KQ-01,TCGA-ET-A4KQ,23926.6,31.3969162,0.0,Primary
THCA,TCGA-FE-A22Z-01,TCGA-FE-A22Z,1174.84,73.74165763,0.0,Primary
THCA,TCGA-FE-A230-01,TCGA-FE-A230,4623.1,71.44031298,0.0,Primary
THCA,TCGA-FE-A231-01,TCGA-FE-A231,7526.13,31.59417431,0.0,Primary
THCA,TCGA-FE-A232-01,TCGA-FE-A232,5221.93,79.69227735,0.0,Primary
THCA,TCGA-FE-A233-01,TCGA-FE-A233,6250.77,24.69014038,0.0,Primary
THCA,TCGA-FE-A234-01,TCGA-FE-A234,2226.18,68.21843048,0.0,Primary
THCA,TCGA-FE-A235-01,TCGA-FE-A235,7141.93,117.4014531,0.0,Primary
THCA,TCGA-FE-A236-01,TCGA-FE-A236,5370.56,66.77187099,0.0,Primary
THCA,TCGA-FE-A237-01,TCGA-FE-A237,6849.13,112.7987639,0.0,Primary
THCA,TCGA-FE-A238-01,TCGA-FE-A238,6303.45,39.94476773,0.0,Primary
THCA,TCGA-FE-A239-01,TCGA-FE-A239,2728.57,33.63250814,1.0,Primary
THCA,TCGA-FE-A23A-01,TCGA-FE-A23A,1415.87,81.82924023,0.0,Primary
THCA,TCGA-FE-A3PA-01,TCGA-FE-A3PA,23903.9,106.3549989,0.0,Primary
THCA,TCGA-FE-A3PB-01,TCGA-FE-A3PB,1880.7,85.14975178,0.0,Primary
THCA,TCGA-FE-A3PC-01,TCGA-FE-A3PC,8935.26,85.67577342,0.0,Primary
THCA,TCGA-FE-A3PD-01,TCGA-FE-A3PD,27099.2,78.77173949,0.0,Primary
THCA,TCGA-FK-A3S3-01,TCGA-FK-A3S3,19035.9,71.07867311,0.0,Primary
THCA,TCGA-FK-A3SB-01,TCGA-FK-A3SB,20179.1,4.109544005,0.0,Primary
THCA,TCGA-FK-A3SD-01,TCGA-FK-A3SD,8486.83,1.052043265,0.0,Primary
THCA,TCGA-FK-A3SE-01,TCGA-FK-A3SE,2963.46,22.02715587,0.0,Primary
THCA,TCGA-FK-A3SG-01,TCGA-FK-A3SG,9291.36,0.920537857,0.0,Primary
THCA,TCGA-FK-A3SH-01,TCGA-FK-A3SH,5942.77,48.09810303,0.0,Primary
THCA,TCGA-FK-A4UB-01,TCGA-FK-A4UB,16416.6,116.0863991,0.0,Primary
THCA,TCGA-FY-A2QD-01,TCGA-FY-A2QD,16522.5,1.249301378,0.0,Primary
THCA,TCGA-FY-A3BL-01,TCGA-FY-A3BL,5328.81,20.41621462,0.0,Primary
THCA,TCGA-FY-A3I4-01,TCGA-FY-A3I4,7351.48,17.81898281,0.0,Primary
THCA,TCGA-FY-A3I5-01,TCGA-FY-A3I5,4230.64,7.824571786,0.0,Primary
THCA,TCGA-FY-A3NM-01,TCGA-FY-A3NM,12469.8,29.09557156,0.0,Primary
THCA,TCGA-FY-A3NN-01,TCGA-FY-A3NN,6990.28,0.0,0.0,Primary
THCA,TCGA-FY-A3NP-01,TCGA-FY-A3NP,44820.1,16.14228885,0.0,Primary
THCA,TCGA-FY-A3ON-01,TCGA-FY-A3ON,5932.86,19.56142946,0.0,Primary
THCA,TCGA-FY-A3R6-01,TCGA-FY-A3R6,7636.15,13.90669691,0.0,Primary
THCA,TCGA-FY-A3R7-01,TCGA-FY-A3R7,14923.8,16.27379426,0.0,Primary
THCA,TCGA-FY-A3R8-01,TCGA-FY-A3R8,3553.06,15.68201992,0.0,Primary
THCA,TCGA-FY-A3R9-01,TCGA-FY-A3R9,10878.5,16.56968143,0.0,Primary
THCA,TCGA-FY-A3RA-01,TCGA-FY-A3RA,6973.5,18.08199362,0.0,Primary
THCA,TCGA-FY-A3TY-01,TCGA-FY-A3TY,2305.93,23.3093336,0.0,Primary
THCA,TCGA-FY-A3W9-01,TCGA-FY-A3W9,34278.1,21.63263964,0.0,Primary
THCA,TCGA-FY-A3WA-01,TCGA-FY-A3WA,18643.0,17.06282671,0.0,Primary
THCA,TCGA-FY-A3YR-01,TCGA-FY-A3YR,4237.23,17.35871388,0.0,Primary
THCA,TCGA-FY-A40K-01,TCGA-FY-A40K,18306.6,15.15599829,0.0,Primary
THCA,TCGA-FY-A40L-01,TCGA-FY-A40L,3811.2,23.86823158,0.0,Primary
THCA,TCGA-FY-A40M-01,TCGA-FY-A40M,7371.5,22.4874248,0.0,Primary
THCA,TCGA-FY-A40N-01,TCGA-FY-A40N,18438.9,19.03540783,0.0,Primary
THCA,TCGA-FY-A4B0-01,TCGA-FY-A4B0,14358.8,13.80806786,0.0,Primary
THCA,TCGA-FY-A4B3-01,TCGA-FY-A4B3,3010.01,14.03820232,0.0,Primary
THCA,TCGA-FY-A4B4-01,TCGA-FY-A4B4,8665.56,21.59976329,0.0,Primary
THCA,TCGA-FY-A76V-01,TCGA-FY-A76V,21407.1,1.676693954,0.0,Primary
THCA,TCGA-GE-A2C6-01,TCGA-GE-A2C6,16305.1,12.52589013,0.0,Primary
THCA,TCGA-H2-A26U-01,TCGA-H2-A26U,5035.39,16.99707401,0.0,Primary
THCA,TCGA-H2-A2K9-01,TCGA-H2-A2K9,82302.0,21.66551599,0.0,Primary
THCA,TCGA-H2-A3RH-01,TCGA-H2-A3RH,26614.7,12.46013742,0.0,Primary
THCA,TCGA-H2-A3RI-01,TCGA-H2-A3RI,7277.56,11.01357793,0.0,Primary
THCA,TCGA-H2-A421-01,TCGA-H2-A421,4878.65,20.05457474,0.0,Primary
THCA,TCGA-H2-A422-01,TCGA-H2-A422,4580.69,18.60801526,0.0,Primary
THCA,TCGA-IM-A3EB-01,TCGA-IM-A3EB,2501.63,48.92001184,0.0,Primary
THCA,TCGA-IM-A3ED-01,TCGA-IM-A3ED,11504.7,47.40769964,0.0,Primary
THCA,TCGA-IM-A3U2-01,TCGA-IM-A3U2,2078.38,18.5093862,0.0,Primary
THCA,TCGA-IM-A3U3-01,TCGA-IM-A3U3,6711.52,16.89844495,0.0,Primary
THCA,TCGA-IM-A41Y-01,TCGA-IM-A41Y,6816.79,21.82989776,0.0,Primary
THCA,TCGA-IM-A41Z-01,TCGA-IM-A41Z,13341.1,31.10102903,0.0,Primary
THCA,TCGA-IM-A420-01,TCGA-IM-A420,1559.28,8.21908801,0.0,Primary
THCA,TCGA-IM-A4EB-01,TCGA-IM-A4EB,1735.54,25.64355459,0.0,Primary
THCA,TCGA-J8-A3NZ-01,TCGA-J8-A3NZ,4453.39,17.22720847,0.0,Primary
THCA,TCGA-J8-A3O0-01,TCGA-J8-A3O0,54453.1,43.16665023,0.0,Primary
THCA,TCGA-J8-A3O1-01,TCGA-J8-A3O1,1347.16,27.18874314,0.0,Primary
THCA,TCGA-J8-A3O2-01,TCGA-J8-A3O2,3385.76,11.2437124,0.0,Primary
THCA,TCGA-J8-A3YD-01,TCGA-J8-A3YD,6807.86,31.82430878,0.0,Primary
THCA,TCGA-J8-A3YE-01,TCGA-J8-A3YE,3255.25,27.84627018,0.0,Primary
THCA,TCGA-J8-A3YF-01,TCGA-J8-A3YF,2191.23,24.69014038,0.0,Primary
THCA,TCGA-J8-A3YG-01,TCGA-J8-A3YG,2702.41,22.29016668,0.0,Primary
THCA,TCGA-J8-A3YH-01,TCGA-J8-A3YH,9657.46,5.753361607,0.0,Primary
THCA,TCGA-J8-A3YH-06,TCGA-J8-A3YH,7606.37,5.753361607,0.0,Metastasis
THCA,TCGA-J8-A42S-01,TCGA-J8-A42S,10324.5,2.465726403,0.0,Primary
THCA,TCGA-J8-A4HW-01,TCGA-J8-A4HW,3180.04,2.597231811,0.0,Primary
THCA,TCGA-J8-A4HY-01,TCGA-J8-A4HY,8302.03,0.197258112,0.0,Primary
THCA,TCGA-KS-A41F-01,TCGA-KS-A41F,2198.77,143.5710294,0.0,Primary
THCA,TCGA-KS-A41I-01,TCGA-KS-A41I,10826.1,15.97790709,0.0,Primary
THCA,TCGA-KS-A41J-01,TCGA-KS-A41J,4877.1,15.68201992,0.0,Primary
THCA,TCGA-KS-A41L-01,TCGA-KS-A41L,20071.1,113.8508071,0.0,Primary
THCA,TCGA-KS-A4I1-01,TCGA-KS-A4I1,6925.49,26.69559786,0.0,Primary
THCA,TCGA-KS-A4I3-01,TCGA-KS-A4I3,3948.59,43.69267186,0.0,Primary
THCA,TCGA-KS-A4I5-01,TCGA-KS-A4I5,9415.5,18.64089161,0.0,Primary
THCA,TCGA-KS-A4I7-01,TCGA-KS-A4I7,13441.5,32.44895946,0.0,Primary
THCA,TCGA-KS-A4I9-01,TCGA-KS-A4I9,4272.03,87.38534372,0.0,Primary
THCA,TCGA-KS-A4IB-01,TCGA-KS-A4IB,16780.8,84.72235921,0.0,Primary
THCA,TCGA-KS-A4IC-01,TCGA-KS-A4IC,6000.21,35.27632574,0.0,Primary
THCA,TCGA-KS-A4ID-01,TCGA-KS-A4ID,14166.7,33.23799191,0.0,Primary
THCA,TCGA-L6-A4EP-01,TCGA-L6-A4EP,5895.35,33.40237367,0.0,Primary
THCA,TCGA-L6-A4EQ-01,TCGA-L6-A4EQ,10182.1,40.37216031,0.0,Primary
THCA,TCGA-L6-A4ET-01,TCGA-L6-A4ET,11544.8,21.82989776,0.0,Primary
THCA,TCGA-L6-A4EU-01,TCGA-L6-A4EU,1202.13,9.50126574,0.0,Primary
THCA,TCGA-MK-A4N6-01,TCGA-MK-A4N6,4437.72,36.09823454,0.0,Primary
THCA,TCGA-MK-A4N7-01,TCGA-MK-A4N7,16243.3,32.44895946,0.0,Primary
THCA,TCGA-MK-A4N9-01,TCGA-MK-A4N9,14565.6,30.21336753,0.0,Primary
THCA,TCGA-MK-A84Z-01,TCGA-MK-A84Z,43551.8,23.93398429,0.0,Primary
THCA,TCGA-QD-A8IV-01,TCGA-QD-A8IV,66299.3,12.88753,0.0,Primary
PRAD,TCGA-2A-A8VL-01,TCGA-2A-A8VL,64.3666,20.41621462,0.0,Primary
PRAD,TCGA-2A-A8VO-01,TCGA-2A-A8VO,3.9877,55.92267482,0.0,Primary
PRAD,TCGA-2A-A8VT-01,TCGA-2A-A8VT,50.0,45.13923135,0.0,Primary
PRAD,TCGA-2A-A8VV-01,TCGA-2A-A8VV,5.6477,22.06003222,0.0,Primary
PRAD,TCGA-2A-A8VX-01,TCGA-2A-A8VX,1.5115,45.30361311,0.0,Primary
PRAD,TCGA-2A-A8W1-01,TCGA-2A-A8W1,2.8332,3.682151429,0.0,Primary
PRAD,TCGA-2A-A8W3-01,TCGA-2A-A8W3,22.0814,28.37229181,0.0,Primary
PRAD,TCGA-2A-AAYF-01,TCGA-2A-AAYF,11.0357,44.84334418,0.0,Primary
PRAD,TCGA-2A-AAYO-01,TCGA-2A-AAYO,6.817,41.8187198,0.0,Primary
PRAD,TCGA-2A-AAYU-01,TCGA-2A-AAYU,8.887,20.21895651,0.0,Primary
PRAD,TCGA-4L-AA1F-01,TCGA-4L-AA1F,12.1265,11.50672321,0.0,Primary
PRAD,TCGA-CH-5737-01,TCGA-CH-5737,2988.04,2.991748036,0.0,Primary
PRAD,TCGA-CH-5738-01,TCGA-CH-5738,90.4192,6.969786633,0.0,Primary
PRAD,TCGA-CH-5739-01,TCGA-CH-5739,7.5517,22.06003222,0.0,Primary
PRAD,TCGA-CH-5740-01,TCGA-CH-5740,27.6285,1.019166913,0.0,Primary
PRAD,TCGA-CH-5741-01,TCGA-CH-5741,11.804,12.98615906,0.0,Primary
PRAD,TCGA-CH-5743-01,TCGA-CH-5743,1211.25,13.97244962,0.0,Primary
PRAD,TCGA-CH-5744-01,TCGA-CH-5744,135.46,1.972581122,0.0,Primary
PRAD,TCGA-CH-5745-01,TCGA-CH-5745,32.4624,2.991748036,0.0,Primary
PRAD,TCGA-CH-5746-01,TCGA-CH-5746,167.281,24.03261334,0.0,Primary
PRAD,TCGA-CH-5748-01,TCGA-CH-5748,15.8465,1.019166913,0.0,Primary
PRAD,TCGA-CH-5750-01,TCGA-CH-5750,9.5826,13.01903541,0.0,Primary
PRAD,TCGA-CH-5751-01,TCGA-CH-5751,1.0384,35.01331492,0.0,Primary
PRAD,TCGA-CH-5752-01,TCGA-CH-5752,2.9014,31.00239997,0.0,Primary
PRAD,TCGA-CH-5753-01,TCGA-CH-5753,29.9748,1.019166913,0.0,Primary
PRAD,TCGA-CH-5754-01,TCGA-CH-5754,85.1574,2.038333827,0.0,Primary
PRAD,TCGA-CH-5761-01,TCGA-CH-5761,7.4656,0.920537857,0.0,Primary
PRAD,TCGA-CH-5762-01,TCGA-CH-5762,58.5331,44.02143538,0.0,Primary
PRAD,TCGA-CH-5763-01,TCGA-CH-5763,76.9319,11.9998685,0.0,Primary
PRAD,TCGA-CH-5764-01,TCGA-CH-5764,26.9013,1.019166913,0.0,Primary
PRAD,TCGA-CH-5765-01,TCGA-CH-5765,10.4969,23.01344643,0.0,Primary
PRAD,TCGA-CH-5766-01,TCGA-CH-5766,74.5599,1.019166913,0.0,Primary
PRAD,TCGA-CH-5767-01,TCGA-CH-5767,4.1229,15.05736923,0.0,Primary
PRAD,TCGA-CH-5768-01,TCGA-CH-5768,30.3342,24.03261334,0.0,Primary
PRAD,TCGA-CH-5769-01,TCGA-CH-5769,47.825,2.038333827,0.0,Primary
PRAD,TCGA-CH-5771-01,TCGA-CH-5771,75.2663,13.01903541,0.0,Primary
PRAD,TCGA-CH-5772-01,TCGA-CH-5772,9.4862,15.97790709,0.0,Primary
PRAD,TCGA-CH-5788-01,TCGA-CH-5788,2.1645,26.99148503,0.0,Primary
PRAD,TCGA-CH-5789-01,TCGA-CH-5789,62.5359,9.99441102,0.0,Primary
PRAD,TCGA-CH-5790-01,TCGA-CH-5790,40.2559,32.02156689,0.0,Primary
PRAD,TCGA-CH-5791-01,TCGA-CH-5791,37.6122,33.00785745,0.0,Primary
PRAD,TCGA-CH-5792-01,TCGA-CH-5792,57.6795,2.991748036,0.0,Primary
PRAD,TCGA-CH-5794-01,TCGA-CH-5794,30.5933,28.9969425,0.0,Primary
PRAD,TCGA-EJ-5494-01,TCGA-EJ-5494,76.7233,48.55837196,0.0,Primary
PRAD,TCGA-EJ-5495-01,TCGA-EJ-5495,96.6043,57.86237959,0.0,Primary
PRAD,TCGA-EJ-5496-01,TCGA-EJ-5496,23.4674,19.56142946,0.0,Primary
PRAD,TCGA-EJ-5497-01,TCGA-EJ-5497,86.8255,13.31492258,0.0,Primary
PRAD,TCGA-EJ-5498-01,TCGA-EJ-5498,239.55,56.54732551,0.0,Primary
PRAD,TCGA-EJ-5499-01,TCGA-EJ-5499,125.971,46.52003814,0.0,Primary
PRAD,TCGA-EJ-5501-01,TCGA-EJ-5501,39.0435,44.87622054,0.0,Primary
PRAD,TCGA-EJ-5502-01,TCGA-EJ-5502,275.958,38.49820824,0.0,Primary
PRAD,TCGA-EJ-5503-01,TCGA-EJ-5503,88.361,45.73100569,0.0,Primary
PRAD,TCGA-EJ-5504-01,TCGA-EJ-5504,4.4258,46.91455436,0.0,Primary
PRAD,TCGA-EJ-5505-01,TCGA-EJ-5505,66.4286,30.31199658,0.0,Primary
PRAD,TCGA-EJ-5506-01,TCGA-EJ-5506,302.244,45.40224217,0.0,Primary
PRAD,TCGA-EJ-5507-01,TCGA-EJ-5507,22.5394,47.90084492,0.0,Primary
PRAD,TCGA-EJ-5508-01,TCGA-EJ-5508,54.8502,64.60203176,0.0,Primary
PRAD,TCGA-EJ-5509-01,TCGA-EJ-5509,31.0028,48.13097939,0.0,Primary
PRAD,TCGA-EJ-5510-01,TCGA-EJ-5510,1247.84,62.0376763,0.0,Primary
PRAD,TCGA-EJ-5511-01,TCGA-EJ-5511,6.6139,48.52549561,0.0,Primary
PRAD,TCGA-EJ-5512-01,TCGA-EJ-5512,19.2635,56.97471809,0.0,Primary
PRAD,TCGA-EJ-5514-01,TCGA-EJ-5514,21.8066,60.13084788,0.0,Primary
PRAD,TCGA-EJ-5515-01,TCGA-EJ-5515,38.3056,60.22947694,0.0,Primary
PRAD,TCGA-EJ-5516-01,TCGA-EJ-5516,74.0977,62.103429,0.0,Primary
PRAD,TCGA-EJ-5517-01,TCGA-EJ-5517,6.6121,62.103429,0.0,Primary
PRAD,TCGA-EJ-5518-01,TCGA-EJ-5518,8.7868,69.63211362,0.0,Primary
PRAD,TCGA-EJ-5519-01,TCGA-EJ-5519,28.9256,64.5034027,0.0,Primary
PRAD,TCGA-EJ-5521-01,TCGA-EJ-5521,30.4524,74.9252063,0.0,Primary
PRAD,TCGA-EJ-5522-01,TCGA-EJ-5522,50.2779,68.34993589,0.0,Primary
PRAD,TCGA-EJ-5524-01,TCGA-EJ-5524,19.5518,61.87329454,0.0,Primary
PRAD,TCGA-EJ-5525-01,TCGA-EJ-5525,0.0,36.65713253,0.0,Primary
PRAD,TCGA-EJ-5526-01,TCGA-EJ-5526,45.9154,62.76095604,0.0,Primary
PRAD,TCGA-EJ-5527-01,TCGA-EJ-5527,70.1945,58.45415393,0.0,Primary
PRAD,TCGA-EJ-5530-01,TCGA-EJ-5530,6.0192,60.22947694,0.0,Primary
PRAD,TCGA-EJ-5531-01,TCGA-EJ-5531,118.917,41.85159615,0.0,Primary
PRAD,TCGA-EJ-5532-01,TCGA-EJ-5532,8.7772,60.09797153,0.0,Primary
PRAD,TCGA-EJ-5542-01,TCGA-EJ-5542,15.5436,49.74192064,0.0,Primary
PRAD,TCGA-EJ-7115-01,TCGA-EJ-7115,272.282,88.33875793,0.0,Primary
PRAD,TCGA-EJ-7123-01,TCGA-EJ-7123,13.8541,84.55797745,0.0,Primary
PRAD,TCGA-EJ-7125-01,TCGA-EJ-7125,2.8977,93.69760331,0.0,Primary
PRAD,TCGA-EJ-7218-01,TCGA-EJ-7218,10.6212,83.57168689,0.0,Primary
PRAD,TCGA-EJ-7314-01,TCGA-EJ-7314,64.4407,37.80780485,0.0,Primary
PRAD,TCGA-EJ-7315-01,TCGA-EJ-7315,3.7572,33.13936286,0.0,Primary
PRAD,TCGA-EJ-7317-01,TCGA-EJ-7317,18.419,25.34766742,0.0,Primary
PRAD,TCGA-EJ-7318-01,TCGA-EJ-7318,24.0087,33.82976625,0.0,Primary
PRAD,TCGA-EJ-7321-01,TCGA-EJ-7321,11.4455,27.09011408,0.0,Primary
PRAD,TCGA-EJ-7325-01,TCGA-EJ-7325,20.6508,35.17769668,0.0,Primary
PRAD,TCGA-EJ-7327-01,TCGA-EJ-7327,55.5556,30.34487293,0.0,Primary
PRAD,TCGA-EJ-7328-01,TCGA-EJ-7328,53.6994,27.68188842,0.0,Primary
PRAD,TCGA-EJ-7330-01,TCGA-EJ-7330,310.595,6.27938324,0.0,Primary
PRAD,TCGA-EJ-7331-01,TCGA-EJ-7331,31.108,24.39425321,0.0,Primary
PRAD,TCGA-EJ-7781-01,TCGA-EJ-7781,77.8032,35.27632574,0.0,Primary
PRAD,TCGA-EJ-7782-01,TCGA-EJ-7782,17.5074,38.36670283,0.0,Primary
PRAD,TCGA-EJ-7783-01,TCGA-EJ-7783,296.025,25.87368906,0.0,Primary
PRAD,TCGA-EJ-7784-01,TCGA-EJ-7784,21.6584,25.67643094,0.0,Primary
PRAD,TCGA-EJ-7785-01,TCGA-EJ-7785,82.7089,38.69546635,0.0,Primary
PRAD,TCGA-EJ-7786-01,TCGA-EJ-7786,30.5941,36.03248184,0.0,Primary
PRAD,TCGA-EJ-7788-01,TCGA-EJ-7788,20.7792,28.2407864,0.0,Primary
PRAD,TCGA-EJ-7789-01,TCGA-EJ-7789,13.5837,36.328369,0.0,Primary
PRAD,TCGA-EJ-7791-01,TCGA-EJ-7791,90.5512,36.75576158,0.0,Primary
PRAD,TCGA-EJ-7792-01,TCGA-EJ-7792,15.7017,45.89538745,0.0,Primary
PRAD,TCGA-EJ-7793-01,TCGA-EJ-7793,24.0536,3.747904133,0.0,Primary
PRAD,TCGA-EJ-7794-01,TCGA-EJ-7794,69.3059,42.93651576,0.0,Primary
PRAD,TCGA-EJ-7797-01,TCGA-EJ-7797,205.473,32.31745406,0.0,Primary
PRAD,TCGA-EJ-8468-01,TCGA-EJ-8468,34.2418,77.16079824,0.0,Primary
PRAD,TCGA-EJ-8469-01,TCGA-EJ-8469,7.2375,76.40464214,0.0,Primary
PRAD,TCGA-EJ-8470-01,TCGA-EJ-8470,51.6804,38.10369201,0.0,Primary
PRAD,TCGA-EJ-8472-01,TCGA-EJ-8472,51.838,24.85452214,0.0,Primary
PRAD,TCGA-EJ-8474-01,TCGA-EJ-8474,10.4439,25.18328566,0.0,Primary
PRAD,TCGA-EJ-A46B-01,TCGA-EJ-A46B,80.2228,21.59976329,0.0,Primary
PRAD,TCGA-EJ-A46D-01,TCGA-EJ-A46D,45.4545,20.58059638,0.0,Primary
PRAD,TCGA-EJ-A46E-01,TCGA-EJ-A46E,306.773,17.22720847,0.0,Primary
PRAD,TCGA-EJ-A46F-01,TCGA-EJ-A46F,1.1636,25.74218365,0.0,Primary
PRAD,TCGA-EJ-A46G-01,TCGA-EJ-A46G,6.5217,21.96140316,0.0,Primary
PRAD,TCGA-EJ-A46H-01,TCGA-EJ-A46H,2566.67,23.80247888,0.0,Primary
PRAD,TCGA-EJ-A46I-01,TCGA-EJ-A46I,307.649,21.96140316,0.0,Primary
PRAD,TCGA-EJ-A65B-01,TCGA-EJ-A65B,98.6946,23.34220995,0.0,Primary
PRAD,TCGA-EJ-A65D-01,TCGA-EJ-A65D,0.7951,12.92040635,0.0,Primary
PRAD,TCGA-EJ-A65E-01,TCGA-EJ-A65E,58.8582,13.7094388,0.0,Primary
PRAD,TCGA-EJ-A65F-01,TCGA-EJ-A65F,20.0619,18.41075714,0.0,Primary
PRAD,TCGA-EJ-A65G-01,TCGA-EJ-A65G,5.2113,21.89565046,0.0,Primary
PRAD,TCGA-EJ-A65J-01,TCGA-EJ-A65J,15.3521,14.82723477,0.0,Primary
PRAD,TCGA-EJ-A65M-01,TCGA-EJ-A65M,22.8045,7.561560969,0.0,Primary
PRAD,TCGA-EJ-A6RA-01,TCGA-EJ-A6RA,89.9497,11.60535227,0.0,Primary
PRAD,TCGA-EJ-A6RC-01,TCGA-EJ-A6RC,22.736,28.70105533,0.0,Primary
PRAD,TCGA-EJ-A7NF-01,TCGA-EJ-A7NF,15.0412,8.21908801,0.0,Primary
PRAD,TCGA-EJ-A7NG-01,TCGA-EJ-A7NG,80.4586,14.20258408,0.0,Primary
PRAD,TCGA-EJ-A7NH-01,TCGA-EJ-A7NH,164.245,15.58339087,0.0,Primary
PRAD,TCGA-EJ-A7NJ-01,TCGA-EJ-A7NJ,304.023,6.476641352,0.0,Primary
PRAD,TCGA-EJ-A7NK-01,TCGA-EJ-A7NK,341.256,15.64914357,0.0,Primary
PRAD,TCGA-EJ-A7NM-01,TCGA-EJ-A7NM,25.2845,4.208173061,0.0,Primary
PRAD,TCGA-EJ-A7NN-01,TCGA-EJ-A7NN,24.8507,6.476641352,0.0,Primary
PRAD,TCGA-EJ-A8FN-01,TCGA-EJ-A8FN,7.9444,10.81631982,0.0,Primary
PRAD,TCGA-EJ-A8FO-01,TCGA-EJ-A8FO,60.7051,9.271131275,0.0,Primary
PRAD,TCGA-EJ-A8FP-01,TCGA-EJ-A8FP,112.082,9.83002926,0.0,Primary
PRAD,TCGA-EJ-A8FS-01,TCGA-EJ-A8FS,24.0326,8.745109643,0.0,Primary
PRAD,TCGA-EJ-A8FU-01,TCGA-EJ-A8FU,505.359,4.536936582,0.0,Primary
PRAD,TCGA-EJ-AB20-01,TCGA-EJ-AB20,110.137,4.306802117,0.0,Primary
PRAD,TCGA-EJ-AB27-01,TCGA-EJ-AB27,54.5525,4.767071046,0.0,Primary
PRAD,TCGA-FC-7708-01,TCGA-FC-7708,71.0625,28.40516816,0.0,Primary
PRAD,TCGA-FC-7961-01,TCGA-FC-7961,5.8618,15.41900911,0.0,Primary
PRAD,TCGA-FC-A4JI-01,TCGA-FC-A4JI,38.3234,28.83256074,0.0,Primary
PRAD,TCGA-FC-A5OB-01,TCGA-FC-A5OB,6.1205,22.35591939,0.0,Primary
PRAD,TCGA-FC-A66V-01,TCGA-FC-A66V,1227.2201,17.22720847,0.0,Primary
PRAD,TCGA-FC-A6HD-01,TCGA-FC-A6HD,113.4092,25.93944176,0.0,Primary
PRAD,TCGA-FC-A8O0-01,TCGA-FC-A8O0,311.719,20.25183286,0.0,Primary
PRAD,TCGA-G9-6329-01,TCGA-G9-6329,371.326,41.62146168,0.0,Primary
PRAD,TCGA-G9-6332-01,TCGA-G9-6332,11.8525,87.35246737,0.0,Primary
PRAD,TCGA-G9-6333-01,TCGA-G9-6333,481.426,81.04020778,0.0,Primary
PRAD,TCGA-G9-6336-01,TCGA-G9-6336,98.6468,67.98829602,0.0,Primary
PRAD,TCGA-G9-6338-01,TCGA-G9-6338,6.3966,66.67324194,0.0,Primary
PRAD,TCGA-G9-6339-01,TCGA-G9-6339,254.253,83.86757405,0.0,Primary
PRAD,TCGA-G9-6342-01,TCGA-G9-6342,123.887,55.75829306,0.0,Primary
PRAD,TCGA-G9-6343-01,TCGA-G9-6343,5.4041,80.5470625,0.0,Primary
PRAD,TCGA-G9-6347-01,TCGA-G9-6347,2.7204,68.67869941,0.0,Primary
PRAD,TCGA-G9-6348-01,TCGA-G9-6348,54.1146,49.80767334,0.0,Primary
PRAD,TCGA-G9-6351-01,TCGA-G9-6351,33.5377,67.33076898,0.0,Primary
PRAD,TCGA-G9-6353-01,TCGA-G9-6353,51.4053,50.69533485,0.0,Primary
PRAD,TCGA-G9-6354-01,TCGA-G9-6354,12.5142,67.92254332,0.0,Primary
PRAD,TCGA-G9-6356-01,TCGA-G9-6356,652.455,47.14468883,0.0,Primary
PRAD,TCGA-G9-6361-01,TCGA-G9-6361,6.1434,46.52003814,0.0,Primary
PRAD,TCGA-G9-6362-01,TCGA-G9-6362,15.045,47.44057599,0.0,Primary
PRAD,TCGA-G9-6363-01,TCGA-G9-6363,41.11,45.30361311,0.0,Primary
PRAD,TCGA-G9-6364-01,TCGA-G9-6364,6.646,39.38586974,0.0,Primary
PRAD,TCGA-G9-6365-01,TCGA-G9-6365,32.9134,44.81046783,0.0,Primary
PRAD,TCGA-G9-6366-01,TCGA-G9-6366,85.1745,64.01025742,0.0,Primary
PRAD,TCGA-G9-6367-01,TCGA-G9-6367,135.86,40.17490219,0.0,Primary
PRAD,TCGA-G9-6369-01,TCGA-G9-6369,2.3804,39.94476773,0.0,Primary
PRAD,TCGA-G9-6370-01,TCGA-G9-6370,319.307,38.00506296,0.0,Primary
PRAD,TCGA-G9-6371-01,TCGA-G9-6371,4.6997,40.3064076,0.0,Primary
PRAD,TCGA-G9-6373-01,TCGA-G9-6373,72.6329,26.6627215,0.0,Primary
PRAD,TCGA-G9-6377-01,TCGA-G9-6377,17.2414,31.49554525,0.0,Primary
PRAD,TCGA-G9-6378-01,TCGA-G9-6378,23.118,37.97218661,0.0,Primary
PRAD,TCGA-G9-6379-01,TCGA-G9-6379,172.8315,58.45415393,0.0,Primary
PRAD,TCGA-G9-6384-01,TCGA-G9-6384,20.3255,25.15040931,0.0,Primary
PRAD,TCGA-G9-6385-01,TCGA-G9-6385,135.881,27.28737219,0.0,Primary
PRAD,TCGA-G9-6494-01,TCGA-G9-6494,21.7481,58.22401946,0.0,Primary
PRAD,TCGA-G9-6496-01,TCGA-G9-6496,18.6782,56.74458362,0.0,Primary
PRAD,TCGA-G9-6498-01,TCGA-G9-6498,98.1293,64.17463918,0.0,Primary
PRAD,TCGA-G9-6499-01,TCGA-G9-6499,12.281,50.7282112,0.0,Primary
PRAD,TCGA-G9-7509-01,TCGA-G9-7509,37.6557,52.93092678,0.0,Primary
PRAD,TCGA-G9-7510-01,TCGA-G9-7510,95.8549,38.95847717,0.0,Primary
PRAD,TCGA-G9-7519-01,TCGA-G9-7519,1.4839,27.91202288,0.0,Primary
PRAD,TCGA-G9-7521-01,TCGA-G9-7521,15.0644,30.96952362,0.0,Primary
PRAD,TCGA-G9-7522-01,TCGA-G9-7522,31.3758,35.4407075,0.0,Primary
PRAD,TCGA-G9-7523-01,TCGA-G9-7523,3.9412,28.1750337,0.0,Primary
PRAD,TCGA-G9-7525-01,TCGA-G9-7525,9.2677,32.67909393,0.0,Primary
PRAD,TCGA-G9-A9S0-01,TCGA-G9-A9S0,9.1803,26.00519446,1.0,Primary
PRAD,TCGA-G9-A9S7-01,TCGA-G9-A9S7,15.5229,23.93398429,0.0,Primary
PRAD,TCGA-H9-7775-01,TCGA-H9-7775,5.9697,6.082125127,0.0,Primary
PRAD,TCGA-H9-A6BX-01,TCGA-H9-A6BX,111.751,30.93664727,0.0,Primary
PRAD,TCGA-H9-A6BY-01,TCGA-H9-A6BY,4.1734,3.682151429,0.0,Primary
PRAD,TCGA-HC-7075-01,TCGA-HC-7075,0.3097,19.75868758,0.0,Primary
PRAD,TCGA-HC-7077-01,TCGA-HC-7077,6.8286,69.53348457,0.0,Primary
PRAD,TCGA-HC-7078-01,TCGA-HC-7078,70.0219,65.2595588,0.0,Primary
PRAD,TCGA-HC-7079-01,TCGA-HC-7079,302.969,38.92560082,0.0,Primary
PRAD,TCGA-HC-7080-01,TCGA-HC-7080,20.1686,36.36124536,0.0,Primary
PRAD,TCGA-HC-7081-01,TCGA-HC-7081,5.9435,37.34753592,0.0,Primary
PRAD,TCGA-HC-7209-01,TCGA-HC-7209,118.08,14.4655949,0.0,Primary
PRAD,TCGA-HC-7210-01,TCGA-HC-7210,25.8375,28.53667357,0.0,Primary
PRAD,TCGA-HC-7211-01,TCGA-HC-7211,204.954,40.14202584,0.0,Primary
PRAD,TCGA-HC-7212-01,TCGA-HC-7212,2.8616,28.60242628,0.0,Primary
PRAD,TCGA-HC-7213-01,TCGA-HC-7213,17.094,40.07627314,0.0,Primary
PRAD,TCGA-HC-7230-01,TCGA-HC-7230,3.1586,32.90922839,0.0,Primary
PRAD,TCGA-HC-7231-01,TCGA-HC-7231,11.9479,30.87089457,0.0,Primary
PRAD,TCGA-HC-7232-01,TCGA-HC-7232,12.883,38.16944472,0.0,Primary
PRAD,TCGA-HC-7233-01,TCGA-HC-7233,5.6403,44.54745701,0.0,Primary
PRAD,TCGA-HC-7736-01,TCGA-HC-7736,159.916,36.2626163,0.0,Primary
PRAD,TCGA-HC-7737-01,TCGA-HC-7737,64.5657,35.83522372,0.0,Primary
PRAD,TCGA-HC-7738-01,TCGA-HC-7738,13.5689,31.69280337,0.0,Primary
PRAD,TCGA-HC-7740-01,TCGA-HC-7740,377.534,23.57234441,0.0,Primary
PRAD,TCGA-HC-7742-01,TCGA-HC-7742,9.3809,30.83801821,0.0,Primary
PRAD,TCGA-HC-7744-01,TCGA-HC-7744,10.4608,17.45734293,0.0,Primary
PRAD,TCGA-HC-7745-01,TCGA-HC-7745,939.028,23.70384982,0.0,Primary
PRAD,TCGA-HC-7747-01,TCGA-HC-7747,70.6612,24.59151133,0.0,Primary
PRAD,TCGA-HC-7748-01,TCGA-HC-7748,96.8062,26.03807082,0.0,Primary
PRAD,TCGA-HC-7749-01,TCGA-HC-7749,21.3195,23.80247888,0.0,Primary
PRAD,TCGA-HC-7750-01,TCGA-HC-7750,21.9358,17.16145577,0.0,Primary
PRAD,TCGA-HC-7752-01,TCGA-HC-7752,17.791,25.7093073,0.0,Primary
PRAD,TCGA-HC-7817-01,TCGA-HC-7817,35.0069,30.50925469,0.0,Primary
PRAD,TCGA-HC-7818-01,TCGA-HC-7818,57.0957,30.83801821,0.0,Primary
PRAD,TCGA-HC-7819-01,TCGA-HC-7819,8.413,17.85185916,0.0,Primary
PRAD,TCGA-HC-7820-01,TCGA-HC-7820,27.049,24.55863497,0.0,Primary
PRAD,TCGA-HC-7821-01,TCGA-HC-7821,0.7026,31.42979255,0.0,Primary
PRAD,TCGA-HC-8213-01,TCGA-HC-8213,1.4859,19.36417135,0.0,Primary
PRAD,TCGA-HC-8216-01,TCGA-HC-8216,23.3395,22.42167209,0.0,Primary
PRAD,TCGA-HC-8256-01,TCGA-HC-8256,18.2196,28.27366275,0.0,Primary
PRAD,TCGA-HC-8257-01,TCGA-HC-8257,111.581,23.86823158,0.0,Primary
PRAD,TCGA-HC-8258-01,TCGA-HC-8258,625.149,27.84627018,0.0,Primary
PRAD,TCGA-HC-8259-01,TCGA-HC-8259,2.0387,30.37774929,0.0,Primary
PRAD,TCGA-HC-8260-01,TCGA-HC-8260,268.577,22.5531775,0.0,Primary
PRAD,TCGA-HC-8261-01,TCGA-HC-8261,39.3608,17.95048821,0.0,Primary
PRAD,TCGA-HC-8262-01,TCGA-HC-8262,262.094,22.32304304,0.0,Primary
PRAD,TCGA-HC-8264-01,TCGA-HC-8264,4.8565,1.578064898,0.0,Primary
PRAD,TCGA-HC-8265-01,TCGA-HC-8265,52.161,15.87927804,0.0,Primary
PRAD,TCGA-HC-8266-01,TCGA-HC-8266,63.1373,15.55051452,0.0,Primary
PRAD,TCGA-HC-A48F-01,TCGA-HC-A48F,9.1286,22.35591939,0.0,Primary
PRAD,TCGA-HC-A4ZV-01,TCGA-HC-A4ZV,7.623,0.756156097,0.0,Primary
PRAD,TCGA-HC-A631-01,TCGA-HC-A631,2.3844,1.77532301,0.0,Primary
PRAD,TCGA-HC-A632-01,TCGA-HC-A632,5.2008,2.005457474,0.0,Primary
PRAD,TCGA-HC-A6AL-01,TCGA-HC-A6AL,9.0877,2.202715587,0.0,Primary
PRAD,TCGA-HC-A6AN-01,TCGA-HC-A6AN,14.4501,1.61094125,0.0,Primary
PRAD,TCGA-HC-A6AO-01,TCGA-HC-A6AO,16.0111,17.42446658,0.0,Primary
PRAD,TCGA-HC-A6AP-01,TCGA-HC-A6AP,25.4599,2.334220995,0.0,Primary
PRAD,TCGA-HC-A6AQ-01,TCGA-HC-A6AQ,36.2076,3.484893316,0.0,Primary
PRAD,TCGA-HC-A6AS-01,TCGA-HC-A6AS,39.3368,1.44655949,0.0,Primary
PRAD,TCGA-HC-A6HX-01,TCGA-HC-A6HX,421.9172,1.249301378,0.0,Primary
PRAD,TCGA-HC-A6HY-01,TCGA-HC-A6HY,285.9114,4.405431173,0.0,Primary
PRAD,TCGA-HC-A76W-01,TCGA-HC-A76W,48.6409,7.002662985,0.0,Primary
PRAD,TCGA-HC-A76X-01,TCGA-HC-A76X,4.1866,4.931452806,0.0,Primary
PRAD,TCGA-HC-A8CY-01,TCGA-HC-A8CY,64.9208,9.534142092,0.0,Primary
PRAD,TCGA-HC-A8D0-01,TCGA-HC-A8D0,57.8609,25.47917283,0.0,Primary
PRAD,TCGA-HC-A8D1-01,TCGA-HC-A8D1,217.066,18.83814972,0.0,Primary
PRAD,TCGA-HC-A9TE-01,TCGA-HC-A9TE,27.7778,19.29841865,0.0,Primary
PRAD,TCGA-HC-A9TH-01,TCGA-HC-A9TH,17.8951,27.74764112,0.0,Primary
PRAD,TCGA-HI-7168-01,TCGA-HI-7168,42.2257,109.2481178,0.0,Primary
PRAD,TCGA-HI-7169-01,TCGA-HI-7169,11.474,88.24012888,0.0,Primary
PRAD,TCGA-HI-7170-01,TCGA-HI-7170,113.212,82.91415985,0.0,Primary
PRAD,TCGA-HI-7171-01,TCGA-HI-7171,2.2718,43.69267186,1.0,Primary
PRAD,TCGA-J4-8198-01,TCGA-J4-8198,10.7725,20.18608015,0.0,Primary
PRAD,TCGA-J4-8200-01,TCGA-J4-8200,6.5153,40.04339679,0.0,Primary
PRAD,TCGA-J4-A67K-01,TCGA-J4-A67K,34.1797,33.00785745,0.0,Primary
PRAD,TCGA-J4-A67L-01,TCGA-J4-A67L,23.8343,25.31479107,0.0,Primary
PRAD,TCGA-J4-A67M-01,TCGA-J4-A67M,104.6895,30.93664727,0.0,Primary
PRAD,TCGA-J4-A67N-01,TCGA-J4-A67N,29.6632,30.80514186,0.0,Primary
PRAD,TCGA-J4-A67O-01,TCGA-J4-A67O,23.5429,27.58325936,0.0,Primary
PRAD,TCGA-J4-A67Q-01,TCGA-J4-A67Q,51.3381,32.05444324,0.0,Primary
PRAD,TCGA-J4-A67R-01,TCGA-J4-A67R,62.4854,29.91748036,0.0,Primary
PRAD,TCGA-J4-A67S-01,TCGA-J4-A67S,26.0781,27.38600125,0.0,Primary
PRAD,TCGA-J4-A67T-01,TCGA-J4-A67T,61.6967,6.016372423,0.0,Primary
PRAD,TCGA-J4-A6G1-01,TCGA-J4-A6G1,720.358,25.28191472,0.0,Primary
PRAD,TCGA-J4-A6G3-01,TCGA-J4-A6G3,87.9583,27.91202288,0.0,Primary
PRAD,TCGA-J4-A6M7-01,TCGA-J4-A6M7,3.059,16.83269224,0.0,Primary
PRAD,TCGA-J4-A83I-01,TCGA-J4-A83I,23.3729,22.52030115,0.0,Primary
PRAD,TCGA-J4-A83J-01,TCGA-J4-A83J,36.3714,22.88194102,0.0,Primary
PRAD,TCGA-J4-A83K-01,TCGA-J4-A83K,39.1096,10.78344347,0.0,Primary
PRAD,TCGA-J4-A83L-01,TCGA-J4-A83L,25.0936,23.67097347,0.0,Primary
PRAD,TCGA-J4-A83M-01,TCGA-J4-A83M,26.5739,17.85185916,0.0,Primary
PRAD,TCGA-J4-A83N-01,TCGA-J4-A83N,12.987,32.61334122,0.0,Primary
PRAD,TCGA-J4-AATV-01,TCGA-J4-AATV,139.417,18.18062268,0.0,Primary
PRAD,TCGA-J4-AATZ-01,TCGA-J4-AATZ,35.6055,13.54505704,0.0,Primary
PRAD,TCGA-J4-AAU2-01,TCGA-J4-AAU2,17.6793,27.12299043,0.0,Primary
PRAD,TCGA-J9-A52B-01,TCGA-J9-A52B,31.0126,13.87382056,0.0,Primary
PRAD,TCGA-J9-A52C-01,TCGA-J9-A52C,73.2505,5.851990663,0.0,Primary
PRAD,TCGA-J9-A52D-01,TCGA-J9-A52D,0.9195,6.969786633,0.0,Primary
PRAD,TCGA-J9-A52E-01,TCGA-J9-A52E,3.8257,10.61906171,0.0,Primary
PRAD,TCGA-J9-A8CK-01,TCGA-J9-A8CK,46.3835,10.55330901,0.0,Primary
PRAD,TCGA-J9-A8CL-01,TCGA-J9-A8CL,11.7713,13.31492258,0.0,Primary
PRAD,TCGA-J9-A8CM-01,TCGA-J9-A8CM,6.5898,15.221751,0.0,Primary
PRAD,TCGA-J9-A8CN-01,TCGA-J9-A8CN,4.4693,40.66804747,0.0,Primary
PRAD,TCGA-J9-A8CP-01,TCGA-J9-A8CP,126.12,12.69027189,0.0,Primary
PRAD,TCGA-KC-A4BL-01,TCGA-KC-A4BL,1265.11,30.70651281,0.0,Primary
PRAD,TCGA-KC-A4BN-01,TCGA-KC-A4BN,98.0526,59.67057895,0.0,Primary
PRAD,TCGA-KC-A4BR-01,TCGA-KC-A4BR,24.2395,44.3501989,0.0,Primary
PRAD,TCGA-KC-A4BV-01,TCGA-KC-A4BV,3.714,43.65979551,0.0,Primary
PRAD,TCGA-KC-A7F3-01,TCGA-KC-A7F3,134.996,21.86277411,0.0,Primary
PRAD,TCGA-KC-A7F5-01,TCGA-KC-A7F5,15.0977,2.991748036,0.0,Primary
PRAD,TCGA-KC-A7F6-01,TCGA-KC-A7F6,41.8627,8.646480587,0.0,Primary
PRAD,TCGA-KC-A7FA-01,TCGA-KC-A7FA,6.9273,19.66005852,0.0,Primary
PRAD,TCGA-KC-A7FD-01,TCGA-KC-A7FD,11.7692,8.876615051,0.0,Primary
PRAD,TCGA-KC-A7FE-01,TCGA-KC-A7FE,48.3166,11.57247592,0.0,Primary
PRAD,TCGA-KK-A59V-01,TCGA-KK-A59V,23.1852,113.094651,0.0,Primary
PRAD,TCGA-KK-A59X-01,TCGA-KK-A59X,2.1198,83.34155242,0.0,Primary
PRAD,TCGA-KK-A59Y-01,TCGA-KK-A59Y,14.9104,64.70066082,0.0,Primary
PRAD,TCGA-KK-A59Z-01,TCGA-KK-A59Z,44.6118,86.39905316,0.0,Primary
PRAD,TCGA-KK-A5A1-01,TCGA-KK-A5A1,4.9529,81.17171319,1.0,Primary
PRAD,TCGA-KK-A6DY-01,TCGA-KK-A6DY,42.0731,141.203932,0.0,Primary
PRAD,TCGA-KK-A6E0-01,TCGA-KK-A6E0,13.0053,48.75563008,0.0,Primary
PRAD,TCGA-KK-A6E1-01,TCGA-KK-A6E1,5.5536,72.26222178,0.0,Primary
PRAD,TCGA-KK-A6E2-01,TCGA-KK-A6E2,6.7973,165.1707927,0.0,Primary
PRAD,TCGA-KK-A6E3-01,TCGA-KK-A6E3,31.5469,67.59377979,0.0,Primary
PRAD,TCGA-KK-A6E4-01,TCGA-KK-A6E4,14.7739,115.1329848,1.0,Primary
PRAD,TCGA-KK-A6E5-01,TCGA-KK-A6E5,28.1652,68.15267778,0.0,Primary
PRAD,TCGA-KK-A6E6-01,TCGA-KK-A6E6,7.204,113.3247855,0.0,Primary
PRAD,TCGA-KK-A6E7-01,TCGA-KK-A6E7,106.2862,90.73873163,0.0,Primary
PRAD,TCGA-KK-A6E8-01,TCGA-KK-A6E8,4.4968,58.19114311,0.0,Primary
PRAD,TCGA-KK-A7AP-01,TCGA-KK-A7AP,9.8629,6.443765,0.0,Primary
PRAD,TCGA-KK-A7AQ-01,TCGA-KK-A7AQ,17.609,52.93092678,0.0,Primary
PRAD,TCGA-KK-A7AU-01,TCGA-KK-A7AU,14.0311,58.35552487,0.0,Primary
PRAD,TCGA-KK-A7AV-01,TCGA-KK-A7AV,105.208,27.02436138,0.0,Primary
PRAD,TCGA-KK-A7AW-01,TCGA-KK-A7AW,15.3846,34.65167505,0.0,Primary
PRAD,TCGA-KK-A7AY-01,TCGA-KK-A7AY,12.4913,57.66512148,0.0,Primary
PRAD,TCGA-KK-A7AZ-01,TCGA-KK-A7AZ,15.1001,49.93917875,0.0,Primary
PRAD,TCGA-KK-A7B0-01,TCGA-KK-A7B0,277.549,43.69267186,0.0,Primary
PRAD,TCGA-KK-A7B1-01,TCGA-KK-A7B1,24.3819,34.94756222,0.0,Primary
PRAD,TCGA-KK-A7B2-01,TCGA-KK-A7B2,209.624,36.13111089,0.0,Primary
PRAD,TCGA-KK-A7B3-01,TCGA-KK-A7B3,19.5627,29.55584048,0.0,Primary
PRAD,TCGA-KK-A7B4-01,TCGA-KK-A7B4,10.8493,32.44895946,0.0,Primary
PRAD,TCGA-KK-A8I4-01,TCGA-KK-A8I4,67.4157,74.26767926,0.0,Primary
PRAD,TCGA-KK-A8I5-01,TCGA-KK-A8I5,1.0736,101.7851859,0.0,Primary
PRAD,TCGA-KK-A8I6-01,TCGA-KK-A8I6,66.0232,21.96140316,0.0,Primary
PRAD,TCGA-KK-A8I7-01,TCGA-KK-A8I7,132.646,65.81845678,0.0,Primary
PRAD,TCGA-KK-A8I8-01,TCGA-KK-A8I8,19.1257,31.79143242,0.0,Primary
PRAD,TCGA-KK-A8I9-01,TCGA-KK-A8I9,42.7518,32.90922839,0.0,Primary
PRAD,TCGA-KK-A8IA-01,TCGA-KK-A8IA,8.5763,63.48423579,0.0,Primary
PRAD,TCGA-KK-A8IB-01,TCGA-KK-A8IB,58.5752,2.728737219,0.0,Primary
PRAD,TCGA-KK-A8IC-01,TCGA-KK-A8IC,72.8775,67.42939803,0.0,Primary
PRAD,TCGA-KK-A8ID-01,TCGA-KK-A8ID,3.1885,69.27047375,0.0,Primary
PRAD,TCGA-KK-A8IF-01,TCGA-KK-A8IF,0.6481,26.43258704,0.0,Primary
PRAD,TCGA-KK-A8IG-01,TCGA-KK-A8IG,24.1379,82.35526186,0.0,Primary
PRAD,TCGA-KK-A8IH-01,TCGA-KK-A8IH,10.0469,66.18009666,0.0,Primary
PRAD,TCGA-KK-A8II-01,TCGA-KK-A8II,6.6489,113.9823125,1.0,Primary
PRAD,TCGA-KK-A8IJ-01,TCGA-KK-A8IJ,13.6759,51.25423283,0.0,Primary
PRAD,TCGA-KK-A8IK-01,TCGA-KK-A8IK,3.8997,67.46227439,0.0,Primary
PRAD,TCGA-KK-A8IL-01,TCGA-KK-A8IL,917.9,20.64634908,1.0,Primary
PRAD,TCGA-KK-A8IM-01,TCGA-KK-A8IM,135.023,62.95821416,0.0,Primary
PRAD,TCGA-M7-A71Y-01,TCGA-M7-A71Y,140.813,16.20804156,0.0,Primary
PRAD,TCGA-M7-A71Z-01,TCGA-M7-A71Z,16.1943,21.13949436,0.0,Primary
PRAD,TCGA-M7-A720-01,TCGA-M7-A720,203.475,12.62451918,0.0,Primary
PRAD,TCGA-M7-A721-01,TCGA-M7-A721,37.9932,13.15054082,0.0,Primary
PRAD,TCGA-M7-A722-01,TCGA-M7-A722,13.2202,34.84893316,0.0,Primary
PRAD,TCGA-M7-A723-01,TCGA-M7-A723,28.2526,25.08465661,0.0,Primary
PRAD,TCGA-M7-A724-01,TCGA-M7-A724,0.778,29.22707696,0.0,Primary
PRAD,TCGA-M7-A725-01,TCGA-M7-A725,72.8205,18.83814972,0.0,Primary
PRAD,TCGA-MG-AAMC-01,TCGA-MG-AAMC,7.1895,5.687608903,0.0,Primary
PRAD,TCGA-QU-A6IL-01,TCGA-QU-A6IL,-0.1632,3.189006148,0.0,Primary
PRAD,TCGA-QU-A6IM-01,TCGA-QU-A6IM,34.7896,40.99681099,0.0,Primary
PRAD,TCGA-QU-A6IN-01,TCGA-QU-A6IN,10.391,140.1847651,0.0,Primary
PRAD,TCGA-QU-A6IO-01,TCGA-QU-A6IO,110.4549,122.1685242,0.0,Primary
PRAD,TCGA-QU-A6IP-01,TCGA-QU-A6IP,65.7769,86.13604235,0.0,Primary
PRAD,TCGA-SU-A7E7-01,TCGA-SU-A7E7,124.779,18.11486997,0.0,Primary
PRAD,TCGA-TK-A8OK-01,TCGA-TK-A8OK,19.9291,0.887661505,0.0,Primary
PRAD,TCGA-TP-A8TT-01,TCGA-TP-A8TT,51.0579,17.29296117,0.0,Primary
PRAD,TCGA-TP-A8TV-01,TCGA-TP-A8TV,2.5856,20.05457474,0.0,Primary
PRAD,TCGA-V1-A8MF-01,TCGA-V1-A8MF,109.385,47.63783411,0.0,Primary
PRAD,TCGA-V1-A8MG-01,TCGA-V1-A8MG,111.482,28.1750337,0.0,Primary
PRAD,TCGA-V1-A8MJ-01,TCGA-V1-A8MJ,102.976,58.8815465,0.0,Primary
PRAD,TCGA-V1-A8MK-01,TCGA-V1-A8MK,35.4874,16.70118684,0.0,Primary
PRAD,TCGA-V1-A8ML-01,TCGA-V1-A8ML,25.5649,14.72860571,0.0,Primary
PRAD,TCGA-V1-A8MM-01,TCGA-V1-A8MM,12.2669,39.28724069,0.0,Primary
PRAD,TCGA-V1-A8MU-01,TCGA-V1-A8MU,181.775,61.67603643,0.0,Primary
PRAD,TCGA-V1-A8WL-01,TCGA-V1-A8WL,13.8221,64.04313377,0.0,Primary
PRAD,TCGA-V1-A8WN-01,TCGA-V1-A8WN,58.2173,30.37774929,0.0,Primary
PRAD,TCGA-V1-A8WS-01,TCGA-V1-A8WS,18.4332,15.58339087,0.0,Primary
PRAD,TCGA-V1-A8WV-01,TCGA-V1-A8WV,111.968,22.5531775,0.0,Primary
PRAD,TCGA-V1-A8WW-01,TCGA-V1-A8WW,5.8565,35.4407075,0.0,Primary
PRAD,TCGA-V1-A8X3-01,TCGA-V1-A8X3,4.4679,6.641023112,0.0,Primary
PRAD,TCGA-V1-A9O5-01,TCGA-V1-A9O5,25.1796,63.51711214,0.0,Primary
PRAD,TCGA-V1-A9O7-01,TCGA-V1-A9O7,58.1506,82.15800375,0.0,Primary
PRAD,TCGA-V1-A9O9-01,TCGA-V1-A9O9,29.1184,94.35513036,0.0,Primary
PRAD,TCGA-V1-A9OA-01,TCGA-V1-A9OA,91.8508,20.9093599,0.0,Primary
PRAD,TCGA-V1-A9OF-01,TCGA-V1-A9OF,35.5281,38.92560082,0.0,Primary
PRAD,TCGA-V1-A9OH-01,TCGA-V1-A9OH,34.5245,79.00187395,0.0,Primary
PRAD,TCGA-V1-A9OL-01,TCGA-V1-A9OL,7.0175,62.89246145,0.0,Primary
PRAD,TCGA-V1-A9OQ-01,TCGA-V1-A9OQ,2.3378,12.19712661,0.0,Primary
PRAD,TCGA-V1-A9OT-01,TCGA-V1-A9OT,39.2287,15.64914357,0.0,Primary
PRAD,TCGA-V1-A9OX-01,TCGA-V1-A9OX,98.6225,37.28178321,0.0,Primary
PRAD,TCGA-V1-A9OY-01,TCGA-V1-A9OY,127.82,35.07906763,0.0,Primary
PRAD,TCGA-V1-A9Z7-01,TCGA-V1-A9Z7,7.2993,28.73393168,0.0,Primary
PRAD,TCGA-V1-A9Z8-01,TCGA-V1-A9Z8,27.0416,27.18874314,0.0,Primary
PRAD,TCGA-V1-A9Z9-01,TCGA-V1-A9Z9,28.6659,17.7532301,0.0,Primary
PRAD,TCGA-V1-A9ZG-01,TCGA-V1-A9ZG,447.175,49.87342605,0.0,Primary
PRAD,TCGA-V1-A9ZI-01,TCGA-V1-A9ZI,19.9307,53.91721735,0.0,Primary
PRAD,TCGA-V1-A9ZK-01,TCGA-V1-A9ZK,138.961,45.46799487,0.0,Primary
PRAD,TCGA-V1-A9ZR-01,TCGA-V1-A9ZR,35.327,44.74471513,0.0,Primary
PRAD,TCGA-VN-A88I-01,TCGA-VN-A88I,71.2644,8.843738699,0.0,Primary
PRAD,TCGA-VN-A88K-01,TCGA-VN-A88K,5.8535,25.51204918,0.0,Primary
PRAD,TCGA-VN-A88L-01,TCGA-VN-A88L,9.0737,24.52575862,0.0,Primary
PRAD,TCGA-VN-A88M-01,TCGA-VN-A88M,16.3456,6.213630536,0.0,Primary
PRAD,TCGA-VN-A88N-01,TCGA-VN-A88N,42.8301,25.18328566,0.0,Primary
PRAD,TCGA-VN-A88O-01,TCGA-VN-A88O,10.1161,15.81352533,0.0,Primary
PRAD,TCGA-VN-A88P-01,TCGA-VN-A88P,2.1677,41.42420357,0.0,Primary
PRAD,TCGA-VN-A88Q-01,TCGA-VN-A88Q,155.204,44.90909689,0.0,Primary
PRAD,TCGA-VN-A88R-01,TCGA-VN-A88R,6.8471,25.77506,0.0,Primary
PRAD,TCGA-VN-A943-01,TCGA-VN-A943,2.87,16.30667061,0.0,Primary
PRAD,TCGA-VP-A872-01,TCGA-VP-A872,17.8811,119.3740343,0.0,Primary
PRAD,TCGA-VP-A875-01,TCGA-VP-A875,5.1095,75.91149686,0.0,Primary
PRAD,TCGA-VP-A876-01,TCGA-VP-A876,7.7665,109.5768814,0.0,Primary
PRAD,TCGA-VP-A878-01,TCGA-VP-A878,77.0213,102.9029819,0.0,Primary
PRAD,TCGA-VP-A879-01,TCGA-VP-A879,44.419,23.93398429,1.0,Primary
PRAD,TCGA-VP-A87B-01,TCGA-VP-A87B,2.7964,89.48943025,0.0,Primary
PRAD,TCGA-VP-A87C-01,TCGA-VP-A87C,35.6338,55.56103495,0.0,Primary
PRAD,TCGA-VP-A87D-01,TCGA-VP-A87D,86.7195,60.91988033,0.0,Primary
PRAD,TCGA-VP-A87E-01,TCGA-VP-A87E,33.4093,66.96912911,0.0,Primary
PRAD,TCGA-VP-A87H-01,TCGA-VP-A87H,25.0178,21.7970214,0.0,Primary
PRAD,TCGA-VP-A87J-01,TCGA-VP-A87J,2.2455,58.32264852,0.0,Primary
PRAD,TCGA-VP-A87K-01,TCGA-VP-A87K,17.7601,42.93651576,0.0,Primary
PRAD,TCGA-VP-AA1N-01,TCGA-VP-AA1N,32.43,44.87622054,0.0,Primary
PRAD,TCGA-WW-A8ZI-01,TCGA-WW-A8ZI,10.768,14.76148207,0.0,Primary
PRAD,TCGA-X4-A8KQ-01,TCGA-X4-A8KQ,36.6748,45.46799487,0.0,Primary
PRAD,TCGA-X4-A8KS-01,TCGA-X4-A8KS,200.165,32.18594865,0.0,Primary
PRAD,TCGA-XA-A8JR-01,TCGA-XA-A8JR,35.2877,12.36150837,0.0,Primary
PRAD,TCGA-XJ-A83F-01,TCGA-XJ-A83F,5.9567,37.05164875,0.0,Primary
PRAD,TCGA-XJ-A83G-01,TCGA-XJ-A83G,94.3953,48.03235033,0.0,Primary
PRAD,TCGA-XJ-A83H-01,TCGA-XJ-A83H,329.56,42.08173061,0.0,Primary
PRAD,TCGA-XJ-A9DI-01,TCGA-XJ-A9DI,495.354,48.03235033,0.0,Primary
PRAD,TCGA-XJ-A9DK-01,TCGA-XJ-A9DK,132.726,9.040996811,0.0,Primary
PRAD,TCGA-XJ-A9DQ-01,TCGA-XJ-A9DQ,93.2762,2.991748036,0.0,Primary
PRAD,TCGA-XJ-A9DX-01,TCGA-XJ-A9DX,47.1976,31.98869054,0.0,Primary
PRAD,TCGA-XK-AAIR-01,TCGA-XK-AAIR,76.0968,31.95581418,0.0,Primary
PRAD,TCGA-XK-AAIV-01,TCGA-XK-AAIV,9.5187,37.24890686,0.0,Primary
PRAD,TCGA-XK-AAIW-01,TCGA-XK-AAIW,5.1957,40.04339679,0.0,Primary
PRAD,TCGA-XK-AAJA-01,TCGA-XK-AAJA,71.3447,30.5750074,0.0,Primary
PRAD,TCGA-XK-AAJP-01,TCGA-XK-AAJP,21.2135,41.39132722,0.0,Primary
PRAD,TCGA-XK-AAJR-01,TCGA-XK-AAJR,107.648,36.95301969,0.0,Primary
PRAD,TCGA-XK-AAJT-01,TCGA-XK-AAJT,58.7139,47.14468883,0.0,Primary
PRAD,TCGA-XK-AAJU-01,TCGA-XK-AAJU,110.903,51.81313082,0.0,Primary
PRAD,TCGA-XQ-A8TA-01,TCGA-XQ-A8TA,6.6383,4.799947398,1.0,Primary
PRAD,TCGA-XQ-A8TB-01,TCGA-XQ-A8TB,12.8854,25.31479107,0.0,Primary
PRAD,TCGA-Y6-A8TL-01,TCGA-Y6-A8TL,27.1616,32.61334122,0.0,Primary
PRAD,TCGA-Y6-A9XI-01,TCGA-Y6-A9XI,106.373,17.29296117,0.0,Primary
PRAD,TCGA-YJ-A8SW-01,TCGA-YJ-A8SW,5.3957,4.865700102,0.0,Primary
PRAD,TCGA-YL-A8HJ-01,TCGA-YL-A8HJ,49.2494,52.96380314,0.0,Primary
PRAD,TCGA-YL-A8HK-01,TCGA-YL-A8HK,14.943,49.01864089,0.0,Primary
PRAD,TCGA-YL-A8HL-01,TCGA-YL-A8HL,14.2498,51.45149094,0.0,Primary
PRAD,TCGA-YL-A8HM-01,TCGA-YL-A8HM,1.6577,48.72275372,0.0,Primary
PRAD,TCGA-YL-A8HO-01,TCGA-YL-A8HO,57.9039,75.7471151,0.0,Primary
PRAD,TCGA-YL-A8S8-01,TCGA-YL-A8S8,7.7394,62.13630536,0.0,Primary
PRAD,TCGA-YL-A8S9-01,TCGA-YL-A8S9,3.6368,60.55824046,0.0,Primary
PRAD,TCGA-YL-A8SA-01,TCGA-YL-A8SA,17.593,16.83269224,0.0,Primary
PRAD,TCGA-YL-A8SB-01,TCGA-YL-A8SB,115.033,56.51444916,0.0,Primary
PRAD,TCGA-YL-A8SC-01,TCGA-YL-A8SC,32.9087,41.45707992,0.0,Primary
PRAD,TCGA-YL-A8SF-01,TCGA-YL-A8SF,19.5163,45.13923135,0.0,Primary
PRAD,TCGA-YL-A8SH-01,TCGA-YL-A8SH,29.0698,28.76680804,1.0,Primary
PRAD,TCGA-YL-A8SI-01,TCGA-YL-A8SI,17.4002,53.06243219,0.0,Primary
PRAD,TCGA-YL-A8SJ-01,TCGA-YL-A8SJ,46.5777,45.8625111,0.0,Primary
PRAD,TCGA-YL-A8SK-01,TCGA-YL-A8SK,293.761,46.28990367,0.0,Primary
PRAD,TCGA-YL-A8SL-01,TCGA-YL-A8SL,0.9063,32.44895946,0.0,Primary
PRAD,TCGA-YL-A8SO-01,TCGA-YL-A8SO,35.7333,114.3768288,0.0,Primary
PRAD,TCGA-YL-A8SP-01,TCGA-YL-A8SP,2.116,77.78544893,0.0,Primary
PRAD,TCGA-YL-A8SQ-01,TCGA-YL-A8SQ,18.6813,68.4814413,0.0,Primary
PRAD,TCGA-YL-A8SR-01,TCGA-YL-A8SR,17.005,8.975244107,0.0,Primary
PRAD,TCGA-YL-A9WH-01,TCGA-YL-A9WH,2.3864,14.03820232,0.0,Primary
PRAD,TCGA-YL-A9WI-01,TCGA-YL-A9WI,0.9838,53.35831936,0.0,Primary
PRAD,TCGA-YL-A9WJ-01,TCGA-YL-A9WJ,29.5877,60.98563303,1.0,Primary
PRAD,TCGA-YL-A9WK-01,TCGA-YL-A9WK,3.6597,70.22388796,0.0,Primary
PRAD,TCGA-YL-A9WL-01,TCGA-YL-A9WL,2.9767,24.32850051,0.0,Primary
PRAD,TCGA-YL-A9WX-01,TCGA-YL-A9WX,129.632,49.9063024,0.0,Primary
PRAD,TCGA-YL-A9WY-01,TCGA-YL-A9WY,27.2516,36.09823454,0.0,Primary
PRAD,TCGA-ZG-A8QW-01,TCGA-ZG-A8QW,31.0526,3.090377092,0.0,Primary
PRAD,TCGA-ZG-A8QX-01,TCGA-ZG-A8QX,1.6432,14.5313476,0.0,Primary
PRAD,TCGA-ZG-A8QY-01,TCGA-ZG-A8QY,7.1617,13.28204622,0.0,Primary
PRAD,TCGA-ZG-A8QZ-01,TCGA-ZG-A8QZ,82.5243,10.12591643,0.0,Primary
PRAD,TCGA-ZG-A9KY-01,TCGA-ZG-A9KY,1.548,4.273925765,0.0,Primary
PRAD,TCGA-ZG-A9L0-01,TCGA-ZG-A9L0,25.5906,11.67110497,0.0,Primary
PRAD,TCGA-ZG-A9L1-01,TCGA-ZG-A9L1,5.868,42.80501036,0.0,Primary
PRAD,TCGA-ZG-A9L2-01,TCGA-ZG-A9L2,1.615,37.93931025,0.0,Primary
PRAD,TCGA-ZG-A9L4-01,TCGA-ZG-A9L4,18.982,36.42699806,0.0,Primary
PRAD,TCGA-ZG-A9L5-01,TCGA-ZG-A9L5,5.9106,29.85172765,0.0,Primary
PRAD,TCGA-ZG-A9L6-01,TCGA-ZG-A9L6,100.107,22.58605385,0.0,Primary
PRAD,TCGA-ZG-A9L9-01,TCGA-ZG-A9L9,4.5924,20.28470921,0.0,Primary
PRAD,TCGA-ZG-A9LB-01,TCGA-ZG-A9LB,19.2837,19.16691324,0.0,Primary
PRAD,TCGA-ZG-A9LM-01,TCGA-ZG-A9LM,16.2715,12.42726107,0.0,Primary
PRAD,TCGA-ZG-A9LN-01,TCGA-ZG-A9LN,12.6373,3.780780485,0.0,Primary
PRAD,TCGA-ZG-A9LS-01,TCGA-ZG-A9LS,16.2075,16.96419765,0.0,Primary
PRAD,TCGA-ZG-A9LU-01,TCGA-ZG-A9LU,727.101,19.03540783,0.0,Primary
PRAD,TCGA-ZG-A9LY-01,TCGA-ZG-A9LY,364.522,12.16425026,0.0,Primary
PRAD,TCGA-ZG-A9LZ-01,TCGA-ZG-A9LZ,19.3741,22.75043561,0.0,Primary
PRAD,TCGA-ZG-A9M4-01,TCGA-ZG-A9M4,16.6595,17.98336457,0.0,Primary
PRAD,TCGA-ZG-A9MC-01,TCGA-ZG-A9MC,92.0921,14.95874018,0.0,Primary
PRAD,TCGA-ZG-A9N3-01,TCGA-ZG-A9N3,28.7641,11.47384686,0.0,Primary
PRAD,TCGA-ZG-A9ND-01,TCGA-ZG-A9ND,15.217,13.47930434,0.0,Primary
PRAD,TCGA-ZG-A9NI-01,TCGA-ZG-A9NI,2.2545,4.339678469,0.0,Primary
GBM,TCGA-02-0047-01,TCGA-02-0047,1.2293,14.72860571,1.0,Primary
GBM,TCGA-02-0055-01,TCGA-02-0055,2.8031,2.498602755,1.0,Primary
GBM,TCGA-02-2483-01,TCGA-02-2483,0.8443,15.32038005,0.0,Primary
GBM,TCGA-02-2485-01,TCGA-02-2485,7.619,15.45188546,0.0,Primary
GBM,TCGA-02-2486-01,TCGA-02-2486,1.8293,20.31758556,1.0,Primary
GBM,TCGA-06-0125-01,TCGA-06-0125,2.0371,47.60495775,1.0,Primary
GBM,TCGA-06-0125-02,TCGA-06-0125,3.1209,47.60495775,1.0,Recurrence
GBM,TCGA-06-0129-01,TCGA-06-0129,3.7084,33.66538449,1.0,Primary
GBM,TCGA-06-0130-01,TCGA-06-0130,4.6416,12.9532827,1.0,Primary
GBM,TCGA-06-0132-01,TCGA-06-0132,2.4125,25.34766742,1.0,Primary
GBM,TCGA-06-0138-01,TCGA-06-0138,0.6911,24.22987145,1.0,Primary
GBM,TCGA-06-0141-01,TCGA-06-0141,11.2936,10.29029819,1.0,Primary
GBM,TCGA-06-0157-01,TCGA-06-0157,2.4169,3.189006148,1.0,Primary
GBM,TCGA-06-0158-01,TCGA-06-0158,3.5231,10.81631982,1.0,Primary
GBM,TCGA-06-0168-01,TCGA-06-0168,0.0,19.66005852,1.0,Primary
GBM,TCGA-06-0171-02,TCGA-06-0171,6.8729,13.11766446,1.0,Recurrence
GBM,TCGA-06-0174-01,TCGA-06-0174,1.5129,3.2218825,1.0,Primary
GBM,TCGA-06-0178-01,TCGA-06-0178,4.6127,88.14149982,1.0,Primary
GBM,TCGA-06-0184-01,TCGA-06-0184,1.9617,69.89512444,1.0,Primary
GBM,TCGA-06-0187-01,TCGA-06-0187,1.5114,27.22161949,1.0,Primary
GBM,TCGA-06-0190-01,TCGA-06-0190,3.3081,10.4218036,1.0,Primary
GBM,TCGA-06-0190-02,TCGA-06-0190,1.663,10.4218036,1.0,Recurrence
GBM,TCGA-06-0210-01,TCGA-06-0210,3.3882,7.397179209,1.0,Primary
GBM,TCGA-06-0210-02,TCGA-06-0210,0.0,7.397179209,1.0,Recurrence
GBM,TCGA-06-0211-01,TCGA-06-0211,1.3624,11.83548673,1.0,Primary
GBM,TCGA-06-0211-02,TCGA-06-0211,0.5336,11.83548673,1.0,Recurrence
GBM,TCGA-06-0219-01,TCGA-06-0219,1.3048,0.723279745,1.0,Primary
GBM,TCGA-06-0221-02,TCGA-06-0221,3.5088,19.82444028,1.0,Recurrence
GBM,TCGA-06-0238-01,TCGA-06-0238,1.7301,13.31492258,1.0,Primary
GBM,TCGA-06-0644-01,TCGA-06-0644,0.0,12.62451918,1.0,Primary
GBM,TCGA-06-0645-01,TCGA-06-0645,0.5227,5.753361607,1.0,Primary
GBM,TCGA-06-0646-01,TCGA-06-0646,2.0069,5.753361607,1.0,Primary
GBM,TCGA-06-0649-01,TCGA-06-0649,3.2389,2.104086531,1.0,Primary
GBM,TCGA-06-0686-01,TCGA-06-0686,0.0,14.20258408,1.0,Primary
GBM,TCGA-06-0743-01,TCGA-06-0743,2.1198,26.39971069,1.0,Primary
GBM,TCGA-06-0744-01,TCGA-06-0744,24.8443,46.88167801,1.0,Primary
GBM,TCGA-06-0745-01,TCGA-06-0745,0.4243,7.857448138,1.0,Primary
GBM,TCGA-06-0747-01,TCGA-06-0747,0.9075,2.695860867,1.0,Primary
GBM,TCGA-06-0749-01,TCGA-06-0749,1.7065,2.695860867,1.0,Primary
GBM,TCGA-06-0750-01,TCGA-06-0750,0.5456,0.920537857,1.0,Primary
GBM,TCGA-06-0878-01,TCGA-06-0878,9.5393,7.167044745,0.0,Primary
GBM,TCGA-06-0882-01,TCGA-06-0882,1.408,20.77785449,1.0,Primary
GBM,TCGA-06-1804-01,TCGA-06-1804,7.8314,13.61080975,1.0,Primary
GBM,TCGA-06-2557-01,TCGA-06-2557,2.9073,1.084919617,1.0,Primary
GBM,TCGA-06-2558-01,TCGA-06-2558,6.5657,12.49301378,1.0,Primary
GBM,TCGA-06-2559-01,TCGA-06-2559,4.1973,4.931452806,1.0,Primary
GBM,TCGA-06-2561-01,TCGA-06-2561,1.1268,17.65460105,1.0,Primary
GBM,TCGA-06-2562-01,TCGA-06-2562,0.8957,12.55876648,1.0,Primary
GBM,TCGA-06-2563-01,TCGA-06-2563,1.4159,30.6407601,0.0,Primary
GBM,TCGA-06-2564-01,TCGA-06-2564,1.6003,5.950619719,0.0,Primary
GBM,TCGA-06-2565-01,TCGA-06-2565,2.551,16.63543413,1.0,Primary
GBM,TCGA-06-2567-01,TCGA-06-2567,4.2503,4.372554821,1.0,Primary
GBM,TCGA-06-2569-01,TCGA-06-2569,6.6077,0.427392577,0.0,Primary
GBM,TCGA-06-2570-01,TCGA-06-2570,1.4572,31.49554525,0.0,Primary
GBM,TCGA-06-5408-01,TCGA-06-5408,2.6505,11.73685768,1.0,Primary
GBM,TCGA-06-5410-01,TCGA-06-5410,2.0455,3.55064602,1.0,Primary
GBM,TCGA-06-5411-01,TCGA-06-5411,2.302,8.350593418,1.0,Primary
GBM,TCGA-06-5412-01,TCGA-06-5412,0.0,4.536936582,1.0,Primary
GBM,TCGA-06-5413-01,TCGA-06-5413,0.4704,8.810862347,0.0,Primary
GBM,TCGA-06-5414-01,TCGA-06-5414,1.1769,8.975244107,0.0,Primary
GBM,TCGA-06-5415-01,TCGA-06-5415,1.4269,8.54785153,0.0,Primary
GBM,TCGA-06-5416-01,TCGA-06-5416,2.2338,6.706775816,0.0,Primary
GBM,TCGA-06-5417-01,TCGA-06-5417,30.5344,5.095834566,0.0,Primary
GBM,TCGA-06-5418-01,TCGA-06-5418,10.9183,2.728737219,1.0,Primary
GBM,TCGA-06-5856-01,TCGA-06-5856,11.5522,3.747904133,1.0,Primary
GBM,TCGA-06-5858-01,TCGA-06-5858,4.5579,6.147877832,0.0,Primary
GBM,TCGA-06-5859-01,TCGA-06-5859,0.0,4.569812934,0.0,Primary
GBM,TCGA-08-0386-01,TCGA-08-0386,4.5688,18.01624092,1.0,Primary
GBM,TCGA-12-0616-01,TCGA-12-0616,4.2428,14.72860571,1.0,Primary
GBM,TCGA-12-0618-01,TCGA-12-0618,3.535,12.98615906,1.0,Primary
GBM,TCGA-12-0619-01,TCGA-12-0619,4.56,34.91468587,1.0,Primary
GBM,TCGA-12-0821-01,TCGA-12-0821,10.8811,10.61906171,1.0,Primary
GBM,TCGA-12-1597-01,TCGA-12-1597,3.3807,22.19153763,1.0,Primary
GBM,TCGA-12-3650-01,TCGA-12-3650,0.8562,10.94782523,1.0,Primary
GBM,TCGA-12-3652-01,TCGA-12-3652,2.5707,34.91468587,1.0,Primary
GBM,TCGA-12-3653-01,TCGA-12-3653,0.0,14.5313476,1.0,Primary
GBM,TCGA-12-5295-01,TCGA-12-5295,0.0,14.92586383,1.0,Primary
GBM,TCGA-12-5299-01,TCGA-12-5299,0.8554,3.2218825,1.0,Primary
GBM,TCGA-14-0781-01,TCGA-14-0781,0.0,0.953414209,1.0,Primary
GBM,TCGA-14-0787-01,TCGA-14-0787,0.7257,2.235591939,1.0,Primary
GBM,TCGA-14-0789-01,TCGA-14-0789,5.0537,11.2437124,1.0,Primary
GBM,TCGA-14-0790-01,TCGA-14-0790,4.0956,13.77519151,1.0,Primary
GBM,TCGA-14-0817-01,TCGA-14-0817,2.2679,5.391721735,1.0,Primary
GBM,TCGA-14-0871-01,TCGA-14-0871,22.3642,28.9311898,1.0,Primary
GBM,TCGA-14-1034-01,TCGA-14-1034,0.6036,15.94503074,1.0,Primary
GBM,TCGA-14-1034-02,TCGA-14-1034,8.6321,15.94503074,1.0,Recurrence
GBM,TCGA-14-1823-01,TCGA-14-1823,3.0008,17.85185916,1.0,Primary
GBM,TCGA-14-1825-01,TCGA-14-1825,8.3612,7.627313673,1.0,Primary
GBM,TCGA-14-1829-01,TCGA-14-1829,2.9181,7.167044745,0.0,Primary
GBM,TCGA-14-2554-01,TCGA-14-2554,1.4465,17.49021929,1.0,Primary
GBM,TCGA-15-0742-01,TCGA-15-0742,1.0526,13.77519151,1.0,Primary
GBM,TCGA-15-1444-01,TCGA-15-1444,3.1546,50.53095309,1.0,Primary
GBM,TCGA-16-0846-01,TCGA-16-0846,3.4384,3.912285893,1.0,Primary
GBM,TCGA-16-1045-01,TCGA-16-1045,14.9533,29.02981885,1.0,Primary
GBM,TCGA-19-1390-01,TCGA-19-1390,5.2915,25.38054378,1.0,Primary
GBM,TCGA-19-1787-01,TCGA-19-1787,1.7227,12.65739554,1.0,Primary
GBM,TCGA-19-2619-01,TCGA-19-2619,0.0,9.6656475,0.0,Primary
GBM,TCGA-19-2620-01,TCGA-19-2620,8.2418,4.865700102,1.0,Primary
GBM,TCGA-19-2624-01,TCGA-19-2624,7.0139,0.16438176,1.0,Primary
GBM,TCGA-19-2625-01,TCGA-19-2625,10.7555,4.076667653,1.0,Primary
GBM,TCGA-19-2629-01,TCGA-19-2629,8.3247,24.22987145,1.0,Primary
GBM,TCGA-19-4065-01,TCGA-19-4065,0.9502,7.035539337,0.0,Primary
GBM,TCGA-19-5960-01,TCGA-19-5960,3.2095,14.95874018,1.0,Primary
GBM,TCGA-26-1442-01,TCGA-26-1442,6.2926,31.33116349,0.0,Primary
GBM,TCGA-26-5132-01,TCGA-26-5132,9.1976,9.402636683,0.0,Primary
GBM,TCGA-26-5133-01,TCGA-26-5133,5.5179,14.86011112,0.0,Primary
GBM,TCGA-26-5134-01,TCGA-26-5134,6.1475,5.490350791,0.0,Primary
GBM,TCGA-26-5135-01,TCGA-26-5135,2.5316,8.876615051,1.0,Primary
GBM,TCGA-26-5136-01,TCGA-26-5136,4.5249,18.96965513,1.0,Primary
GBM,TCGA-26-5139-01,TCGA-26-5139,3.4001,1.578064898,0.0,Primary
GBM,TCGA-27-1830-01,TCGA-27-1830,11.9792,5.062958214,1.0,Primary
GBM,TCGA-27-1831-01,TCGA-27-1831,0.0,16.60255778,1.0,Primary
GBM,TCGA-27-1832-01,TCGA-27-1832,3.613,9.862905612,1.0,Primary
GBM,TCGA-27-1834-01,TCGA-27-1834,0.554,40.53654207,1.0,Primary
GBM,TCGA-27-1835-01,TCGA-27-1835,8.0375,21.30387612,1.0,Primary
GBM,TCGA-27-1837-01,TCGA-27-1837,1.1751,14.03820232,1.0,Primary
GBM,TCGA-27-2519-01,TCGA-27-2519,3.7675,18.08199362,1.0,Primary
GBM,TCGA-27-2521-01,TCGA-27-2521,0.4406,16.76693954,1.0,Primary
GBM,TCGA-27-2523-01,TCGA-27-2523,0.3933,16.07653615,1.0,Primary
GBM,TCGA-27-2524-01,TCGA-27-2524,1.7967,7.594437321,1.0,Primary
GBM,TCGA-27-2526-01,TCGA-27-2526,0.5618,2.860242628,1.0,Primary
GBM,TCGA-27-2528-01,TCGA-27-2528,0.9519,15.78064898,1.0,Primary
GBM,TCGA-28-1747-01,TCGA-28-1747,0.0,2.531479107,1.0,Primary
GBM,TCGA-28-1753-01,TCGA-28-1753,2.1436,1.216425026,0.0,Primary
GBM,TCGA-28-2499-01,TCGA-28-2499,1.5066,3.123253444,0.0,Primary
GBM,TCGA-28-2509-01,TCGA-28-2509,3.006,4.767071046,0.0,Primary
GBM,TCGA-28-2510-01,TCGA-28-2510,5.1813,,,Primary
GBM,TCGA-28-2513-01,TCGA-28-2513,2.9837,7.298550153,0.0,Primary
GBM,TCGA-28-2514-01,TCGA-28-2514,0.9215,5.260216326,0.0,Primary
GBM,TCGA-28-5204-01,TCGA-28-5204,1.4933,14.92586383,1.0,Primary
GBM,TCGA-28-5207-01,TCGA-28-5207,0.54,11.27658875,1.0,Primary
GBM,TCGA-28-5208-01,TCGA-28-5208,1.9157,17.88473551,1.0,Primary
GBM,TCGA-28-5209-01,TCGA-28-5209,0.8905,14.5313476,0.0,Primary
GBM,TCGA-28-5213-01,TCGA-28-5213,2.7248,31.26541079,0.0,Primary
GBM,TCGA-28-5215-01,TCGA-28-5215,3.878,11.01357793,1.0,Primary
GBM,TCGA-28-5216-01,TCGA-28-5216,9.0656,13.6436861,0.0,Primary
GBM,TCGA-28-5218-01,TCGA-28-5218,9.0221,5.16158727,1.0,Primary
GBM,TCGA-28-5220-01,TCGA-28-5220,1.1435,12.75602459,1.0,Primary
GBM,TCGA-32-1970-01,TCGA-32-1970,0.9794,15.38613276,1.0,Primary
GBM,TCGA-32-1980-01,TCGA-32-1980,2.1222,1.183548673,1.0,Primary
GBM,TCGA-32-1982-01,TCGA-32-1982,3.3798,4.66844199,1.0,Primary
GBM,TCGA-32-2615-01,TCGA-32-2615,0.432,15.94503074,1.0,Primary
GBM,TCGA-32-2616-01,TCGA-32-2616,0.3679,7.364302857,1.0,Primary
GBM,TCGA-32-2632-01,TCGA-32-2632,1.1053,8.843738699,1.0,Primary
GBM,TCGA-32-2634-01,TCGA-32-2634,18.9988,22.78331196,0.0,Primary
GBM,TCGA-32-2638-01,TCGA-32-2638,3.1447,25.18328566,1.0,Primary
GBM,TCGA-32-4213-01,TCGA-32-4213,4.1958,19.85731663,0.0,Primary
GBM,TCGA-32-5222-01,TCGA-32-5222,0.5028,19.23266594,1.0,Primary
GBM,TCGA-41-2571-01,TCGA-41-2571,4.7105,0.854785153,1.0,Primary
GBM,TCGA-41-2572-01,TCGA-41-2572,1.8305,13.34779893,1.0,Primary
GBM,TCGA-41-3915-01,TCGA-41-3915,6.5876,11.83548673,1.0,Primary
GBM,TCGA-41-4097-01,TCGA-41-4097,66.769,0.197258112,1.0,Primary
GBM,TCGA-41-5651-01,TCGA-41-5651,1.8284,15.12312194,1.0,Primary
GBM,TCGA-76-4925-01,TCGA-76-4925,0.4286,4.799947398,1.0,Primary
GBM,TCGA-76-4926-01,TCGA-76-4926,0.4708,4.536936582,1.0,Primary
GBM,TCGA-76-4927-01,TCGA-76-4927,1.6064,17.58884834,1.0,Primary
GBM,TCGA-76-4928-01,TCGA-76-4928,1.7528,3.090377092,1.0,Primary
GBM,TCGA-76-4929-01,TCGA-76-4929,1.675,3.649275076,1.0,Primary
GBM,TCGA-76-4931-01,TCGA-76-4931,4.7059,9.172502219,1.0,Primary
GBM,TCGA-76-4932-01,TCGA-76-4932,0.4975,47.93372127,1.0,Primary
CESC,TCGA-2W-A8YY-01,TCGA-2W-A8YY,11.0873,17.52309564,0.0,Primary
CESC,TCGA-4J-AA1J-01,TCGA-4J-AA1J,893.635,17.81898281,0.0,Primary
CESC,TCGA-BI-A0VR-01,TCGA-BI-A0VR,4211.81,49.47890982,0.0,Primary
CESC,TCGA-BI-A0VS-01,TCGA-BI-A0VS,170.528,57.04047079,0.0,Primary
CESC,TCGA-BI-A20A-01,TCGA-BI-A20A,1605.03,23.67097347,0.0,Primary
CESC,TCGA-C5-A0TN-01,TCGA-C5-A0TN,231.179,11.44097051,1.0,Primary
CESC,TCGA-C5-A1BE-01,TCGA-C5-A1BE,326.923,68.84308117,1.0,Primary
CESC,TCGA-C5-A1BF-01,TCGA-C5-A1BF,211.741,18.73952066,1.0,Primary
CESC,TCGA-C5-A1BI-01,TCGA-C5-A1BI,1500.62,36.55850347,0.0,Primary
CESC,TCGA-C5-A1BJ-01,TCGA-C5-A1BJ,1455.57,144.1628037,0.0,Primary
CESC,TCGA-C5-A1BK-01,TCGA-C5-A1BK,9790.68,177.0391557,0.0,Primary
CESC,TCGA-C5-A1BL-01,TCGA-C5-A1BL,1634.64,173.2912516,0.0,Primary
CESC,TCGA-C5-A1BM-01,TCGA-C5-A1BM,2653.01,82.84840714,1.0,Primary
CESC,TCGA-C5-A1BN-01,TCGA-C5-A1BN,102.362,5.457474439,1.0,Primary
CESC,TCGA-C5-A1BQ-01,TCGA-C5-A1BQ,130.352,19.85731663,1.0,Primary
CESC,TCGA-C5-A1M5-01,TCGA-C5-A1M5,6321.5,67.46227439,1.0,Primary
CESC,TCGA-C5-A1M6-01,TCGA-C5-A1M6,218.072,31.3969162,1.0,Primary
CESC,TCGA-C5-A1M7-01,TCGA-C5-A1M7,1079.47,46.32278002,0.0,Primary
CESC,TCGA-C5-A1M8-01,TCGA-C5-A1M8,2513.82,30.21336753,0.0,Primary
CESC,TCGA-C5-A1M9-01,TCGA-C5-A1M9,716.799,35.01331492,1.0,Primary
CESC,TCGA-C5-A1ME-01,TCGA-C5-A1ME,613.082,57.73087418,0.0,Primary
CESC,TCGA-C5-A1MF-01,TCGA-C5-A1MF,64.5574,53.16106125,0.0,Primary
CESC,TCGA-C5-A1MH-01,TCGA-C5-A1MH,601.954,38.99135352,1.0,Primary
CESC,TCGA-C5-A1MI-01,TCGA-C5-A1MI,37.4647,35.60508926,1.0,Primary
CESC,TCGA-C5-A1MJ-01,TCGA-C5-A1MJ,17.201,0.460268929,1.0,Primary
CESC,TCGA-C5-A1MK-01,TCGA-C5-A1MK,1933.48,2.432850051,1.0,Primary
CESC,TCGA-C5-A1ML-01,TCGA-C5-A1ML,123.192,20.9093599,1.0,Primary
CESC,TCGA-C5-A1MN-01,TCGA-C5-A1MN,298.439,40.93105829,1.0,Primary
CESC,TCGA-C5-A1MP-01,TCGA-C5-A1MP,1282.69,3.583522372,0.0,Primary
CESC,TCGA-C5-A1MQ-01,TCGA-C5-A1MQ,4.9388,33.89551895,0.0,Primary
CESC,TCGA-C5-A2LS-01,TCGA-C5-A2LS,146.548,44.21869349,0.0,Primary
CESC,TCGA-C5-A2LT-01,TCGA-C5-A2LT,489.831,73.18275964,0.0,Primary
CESC,TCGA-C5-A2LV-01,TCGA-C5-A2LV,59.0826,73.44577046,0.0,Primary
CESC,TCGA-C5-A2LX-01,TCGA-C5-A2LX,80.8306,83.04566525,0.0,Primary
CESC,TCGA-C5-A2LY-01,TCGA-C5-A2LY,576.057,78.34434691,0.0,Primary
CESC,TCGA-C5-A2LZ-01,TCGA-C5-A2LZ,2211.42,100.1413683,1.0,Primary
CESC,TCGA-C5-A2M1-01,TCGA-C5-A2M1,51.4877,38.43245554,0.0,Primary
CESC,TCGA-C5-A2M2-01,TCGA-C5-A2M2,27.8898,33.23799191,1.0,Primary
CESC,TCGA-C5-A3HD-01,TCGA-C5-A3HD,121.972,52.01038893,0.0,Primary
CESC,TCGA-C5-A3HE-01,TCGA-C5-A3HE,57.9381,18.01624092,0.0,Primary
CESC,TCGA-C5-A3HF-01,TCGA-C5-A3HF,4496.12,17.85185916,1.0,Primary
CESC,TCGA-C5-A3HL-01,TCGA-C5-A3HL,847.458,20.41621462,0.0,Primary
CESC,TCGA-C5-A7CG-01,TCGA-C5-A7CG,6441.67,210.6716639,0.0,Primary
CESC,TCGA-C5-A7CH-01,TCGA-C5-A7CH,162.86,154.3215965,0.0,Primary
CESC,TCGA-C5-A7CJ-01,TCGA-C5-A7CJ,4407.93,101.8180623,1.0,Primary
CESC,TCGA-C5-A7CK-01,TCGA-C5-A7CK,470.708,134.3327744,1.0,Primary
CESC,TCGA-C5-A7CL-01,TCGA-C5-A7CL,2716.86,15.48476181,1.0,Primary
CESC,TCGA-C5-A7CM-01,TCGA-C5-A7CM,617.391,20.35046191,0.0,Primary
CESC,TCGA-C5-A7CO-01,TCGA-C5-A7CO,1028.62,147.3518098,0.0,Primary
CESC,TCGA-C5-A7UC-01,TCGA-C5-A7UC,970.09,17.19433212,1.0,Primary
CESC,TCGA-C5-A7UE-01,TCGA-C5-A7UE,3616.75,155.768156,0.0,Primary
CESC,TCGA-C5-A7UH-01,TCGA-C5-A7UH,420.152,131.1108919,0.0,Primary
CESC,TCGA-C5-A7UI-01,TCGA-C5-A7UI,209.261,94.94690469,1.0,Primary
CESC,TCGA-C5-A7X3-01,TCGA-C5-A7X3,291.361,9.336883979,1.0,Primary
CESC,TCGA-C5-A7X5-01,TCGA-C5-A7X5,231.662,13.61080975,1.0,Primary
CESC,TCGA-C5-A7X8-01,TCGA-C5-A7X8,112.859,2.728737219,0.0,Primary
CESC,TCGA-C5-A7XC-01,TCGA-C5-A7XC,2340.46,50.99122201,0.0,Primary
CESC,TCGA-C5-A8XH-01,TCGA-C5-A8XH,305.764,45.82963474,1.0,Primary
CESC,TCGA-C5-A8XI-01,TCGA-C5-A8XI,1324.32,8.350593418,0.0,Primary
CESC,TCGA-C5-A8XJ-01,TCGA-C5-A8XJ,212.051,146.8586646,0.0,Primary
CESC,TCGA-C5-A8XK-01,TCGA-C5-A8XK,4962.96,99.91123385,0.0,Primary
CESC,TCGA-C5-A8YQ-01,TCGA-C5-A8YQ,1172.2,23.50659171,1.0,Primary
CESC,TCGA-C5-A8YR-01,TCGA-C5-A8YR,232.655,27.51750666,1.0,Primary
CESC,TCGA-C5-A8YT-01,TCGA-C5-A8YT,54.9448,20.81073084,1.0,Primary
CESC,TCGA-C5-A8ZZ-01,TCGA-C5-A8ZZ,318.871,20.9093599,0.0,Primary
CESC,TCGA-C5-A907-01,TCGA-C5-A907,1357.53,14.72860571,0.0,Primary
CESC,TCGA-DG-A2KH-01,TCGA-DG-A2KH,296.037,1.117795969,0.0,Primary
CESC,TCGA-DG-A2KJ-01,TCGA-DG-A2KJ,182.927,95.11128645,0.0,Primary
CESC,TCGA-DG-A2KK-01,TCGA-DG-A2KK,78.1697,82.05937469,0.0,Primary
CESC,TCGA-DG-A2KL-01,TCGA-DG-A2KL,1401.17,44.94197324,0.0,Primary
CESC,TCGA-DG-A2KM-01,TCGA-DG-A2KM,4617.46,63.97738107,0.0,Primary
CESC,TCGA-DR-A0ZL-01,TCGA-DR-A0ZL,419.332,87.7469836,0.0,Primary
CESC,TCGA-DR-A0ZM-01,TCGA-DR-A0ZM,15673.0,58.8815465,0.0,Primary
CESC,TCGA-DS-A0VK-01,TCGA-DS-A0VK,693.551,36.75576158,1.0,Primary
CESC,TCGA-DS-A0VL-01,TCGA-DS-A0VL,4819.59,2.662984515,0.0,Primary
CESC,TCGA-DS-A0VM-01,TCGA-DS-A0VM,3813.87,117.9932275,0.0,Primary
CESC,TCGA-DS-A0VN-01,TCGA-DS-A0VN,610.522,118.6507545,0.0,Primary
CESC,TCGA-DS-A1OA-01,TCGA-DS-A1OA,1443.68,28.89831344,1.0,Primary
CESC,TCGA-DS-A3LQ-01,TCGA-DS-A3LQ,129.799,22.98057008,0.0,Primary
CESC,TCGA-DS-A5RQ-01,TCGA-DS-A5RQ,8920.6,16.83269224,0.0,Primary
CESC,TCGA-DS-A7WF-01,TCGA-DS-A7WF,2.0496,16.1751652,1.0,Primary
CESC,TCGA-DS-A7WH-01,TCGA-DS-A7WH,72.0228,17.52309564,0.0,Primary
CESC,TCGA-DS-A7WI-01,TCGA-DS-A7WI,77.6432,8.284840714,1.0,Primary
CESC,TCGA-EA-A1QS-01,TCGA-EA-A1QS,566.216,39.5502515,0.0,Primary
CESC,TCGA-EA-A1QT-01,TCGA-EA-A1QT,843.29,40.86530559,0.0,Primary
CESC,TCGA-EA-A3HQ-01,TCGA-EA-A3HQ,3387.76,37.34753592,0.0,Primary
CESC,TCGA-EA-A3HR-01,TCGA-EA-A3HR,2238.61,30.90377092,0.0,Primary
CESC,TCGA-EA-A3HS-01,TCGA-EA-A3HS,584.724,31.52842161,0.0,Primary
CESC,TCGA-EA-A3HT-01,TCGA-EA-A3HT,5334.68,31.36403985,0.0,Primary
CESC,TCGA-EA-A3HU-01,TCGA-EA-A3HU,41.956,33.30374462,0.0,Primary
CESC,TCGA-EA-A3QD-01,TCGA-EA-A3QD,483.812,13.05191176,0.0,Primary
CESC,TCGA-EA-A3QE-01,TCGA-EA-A3QE,46776.4,25.0189039,0.0,Primary
CESC,TCGA-EA-A3Y4-01,TCGA-EA-A3Y4,326.611,36.88726699,0.0,Primary
CESC,TCGA-EA-A410-01,TCGA-EA-A410,1.6038,26.39971069,0.0,Primary
CESC,TCGA-EA-A411-01,TCGA-EA-A411,297.946,24.55863497,0.0,Primary
CESC,TCGA-EA-A439-01,TCGA-EA-A439,40.1519,31.72567972,0.0,Primary
CESC,TCGA-EA-A43B-01,TCGA-EA-A43B,462.849,26.00519446,0.0,Primary
CESC,TCGA-EA-A44S-01,TCGA-EA-A44S,1114.13,12.1313739,0.0,Primary
CESC,TCGA-EA-A4BA-01,TCGA-EA-A4BA,72.3722,24.82164579,0.0,Primary
CESC,TCGA-EA-A50E-01,TCGA-EA-A50E,528.644,7.462931913,1.0,Primary
CESC,TCGA-EA-A556-01,TCGA-EA-A556,11.5774,14.89298747,0.0,Primary
CESC,TCGA-EA-A5FO-01,TCGA-EA-A5FO,326.287,26.79422691,0.0,Primary
CESC,TCGA-EA-A5O9-01,TCGA-EA-A5O9,14639.5,25.90656541,0.0,Primary
CESC,TCGA-EA-A5ZD-01,TCGA-EA-A5ZD,12121.9,27.28737219,0.0,Primary
CESC,TCGA-EA-A5ZE-01,TCGA-EA-A5ZE,463.516,27.25449584,0.0,Primary
CESC,TCGA-EA-A5ZF-01,TCGA-EA-A5ZF,35.3328,27.22161949,0.0,Primary
CESC,TCGA-EA-A6QX-01,TCGA-EA-A6QX,1958.56,23.99973699,0.0,Primary
CESC,TCGA-EA-A78R-01,TCGA-EA-A78R,730.743,13.47930434,0.0,Primary
CESC,TCGA-EA-A97N-01,TCGA-EA-A97N,1378.08,0.361639872,0.0,Primary
CESC,TCGA-EK-A2GZ-01,TCGA-EK-A2GZ,907.887,12.59164283,0.0,Primary
CESC,TCGA-EK-A2H0-01,TCGA-EK-A2H0,802.962,60.72262222,0.0,Primary
CESC,TCGA-EK-A2H1-01,TCGA-EK-A2H1,1030.55,26.26820528,0.0,Primary
CESC,TCGA-EK-A2IP-01,TCGA-EK-A2IP,867.672,6.641023112,0.0,Primary
CESC,TCGA-EK-A2PG-01,TCGA-EK-A2PG,10614.4,1.512312194,0.0,Primary
CESC,TCGA-EK-A2PI-01,TCGA-EK-A2PI,255.95,19.2655423,0.0,Primary
CESC,TCGA-EK-A2PK-01,TCGA-EK-A2PK,12.5609,0.394516225,0.0,Primary
CESC,TCGA-EK-A2PL-01,TCGA-EK-A2PL,2672.67,0.427392577,0.0,Primary
CESC,TCGA-EK-A2PM-01,TCGA-EK-A2PM,72.4129,0.591774337,0.0,Primary
CESC,TCGA-EK-A2R7-01,TCGA-EK-A2R7,233.912,0.887661505,0.0,Primary
CESC,TCGA-EK-A2R8-01,TCGA-EK-A2R8,1.651,1.44655949,0.0,Primary
CESC,TCGA-EK-A2R9-01,TCGA-EK-A2R9,483.388,0.131505408,0.0,Primary
CESC,TCGA-EK-A2RA-01,TCGA-EK-A2RA,8542.81,40.96393464,0.0,Primary
CESC,TCGA-EK-A2RB-01,TCGA-EK-A2RB,5583.1,0.295887168,0.0,Primary
CESC,TCGA-EK-A2RC-01,TCGA-EK-A2RC,8196.84,4.241049413,0.0,Primary
CESC,TCGA-EK-A2RE-01,TCGA-EK-A2RE,1231.39,1.873952066,0.0,Primary
CESC,TCGA-EK-A2RJ-01,TCGA-EK-A2RJ,43.4216,1.742446658,0.0,Primary
CESC,TCGA-EK-A2RK-01,TCGA-EK-A2RK,83.6364,0.427392577,0.0,Primary
CESC,TCGA-EK-A2RL-01,TCGA-EK-A2RL,179.066,47.76933951,1.0,Primary
CESC,TCGA-EK-A2RM-01,TCGA-EK-A2RM,190.843,1.643817602,0.0,Primary
CESC,TCGA-EK-A2RN-01,TCGA-EK-A2RN,6615.25,2.334220995,0.0,Primary
CESC,TCGA-EK-A2RO-01,TCGA-EK-A2RO,229.246,0.065752704,0.0,Primary
CESC,TCGA-EK-A3GJ-01,TCGA-EK-A3GJ,94.9593,0.098629056,0.0,Primary
CESC,TCGA-EK-A3GK-01,TCGA-EK-A3GK,285.368,0.493145281,0.0,Primary
CESC,TCGA-EK-A3GM-01,TCGA-EK-A3GM,29323.5,0.0,0.0,Primary
CESC,TCGA-EK-A3GN-01,TCGA-EK-A3GN,470.812,0.887661505,0.0,Primary
CESC,TCGA-EX-A1H5-01,TCGA-EX-A1H5,594.113,20.35046191,0.0,Primary
CESC,TCGA-EX-A1H6-01,TCGA-EX-A1H6,831.052,7.923200842,0.0,Primary
CESC,TCGA-EX-A3L1-01,TCGA-EX-A3L1,3383.02,15.221751,0.0,Primary
CESC,TCGA-EX-A69L-01,TCGA-EX-A69L,8038.4,19.79156393,0.0,Primary
CESC,TCGA-EX-A69M-01,TCGA-EX-A69M,19296.3,8.317717066,1.0,Primary
CESC,TCGA-EX-A8YF-01,TCGA-EX-A8YF,24.5317,15.55051452,0.0,Primary
CESC,TCGA-FU-A23K-01,TCGA-FU-A23K,23.8389,12.23000296,0.0,Primary
CESC,TCGA-FU-A23L-01,TCGA-FU-A23L,315.342,23.83535523,0.0,Primary
CESC,TCGA-FU-A2QG-01,TCGA-FU-A2QG,2364.44,19.03540783,0.0,Primary
CESC,TCGA-FU-A3EO-01,TCGA-FU-A3EO,21.8935,16.1094125,0.0,Primary
CESC,TCGA-FU-A3HY-01,TCGA-FU-A3HY,1840.91,31.36403985,0.0,Primary
CESC,TCGA-FU-A3HZ-01,TCGA-FU-A3HZ,3.3659,36.2626163,0.0,Primary
CESC,TCGA-FU-A3NI-01,TCGA-FU-A3NI,404.845,20.9751126,1.0,Primary
CESC,TCGA-FU-A3TQ-01,TCGA-FU-A3TQ,886.026,26.13669987,0.0,Primary
CESC,TCGA-FU-A3TX-01,TCGA-FU-A3TX,8.724,1.479435842,0.0,Primary
CESC,TCGA-FU-A3WB-01,TCGA-FU-A3WB,481.008,16.14228885,0.0,Primary
CESC,TCGA-FU-A3YQ-01,TCGA-FU-A3YQ,10368.6,28.30653911,0.0,Primary
CESC,TCGA-FU-A40J-01,TCGA-FU-A40J,601.968,14.00532597,0.0,Primary
CESC,TCGA-FU-A57G-01,TCGA-FU-A57G,0.897,35.4407075,0.0,Primary
CESC,TCGA-FU-A5XV-01,TCGA-FU-A5XV,16494.3,10.55330901,0.0,Primary
CESC,TCGA-FU-A770-01,TCGA-FU-A770,1437.09,1.117795969,0.0,Primary
CESC,TCGA-GH-A9DA-01,TCGA-GH-A9DA,207.947,17.7532301,0.0,Primary
CESC,TCGA-HG-A2PA-01,TCGA-HG-A2PA,2876.84,25.41342013,1.0,Primary
CESC,TCGA-HM-A3JJ-01,TCGA-HM-A3JJ,3827.5,21.66551599,1.0,Primary
CESC,TCGA-HM-A3JK-01,TCGA-HM-A3JK,212.861,20.77785449,0.0,Primary
CESC,TCGA-HM-A4S6-01,TCGA-HM-A4S6,1092.42,14.92586383,0.0,Primary
CESC,TCGA-HM-A6W2-01,TCGA-HM-A6W2,13.6475,9.435513036,0.0,Primary
CESC,TCGA-IR-A3L7-01,TCGA-IR-A3L7,633.178,147.3846862,0.0,Primary
CESC,TCGA-IR-A3LA-01,TCGA-IR-A3LA,81.2545,137.1601407,0.0,Primary
CESC,TCGA-IR-A3LB-01,TCGA-IR-A3LB,642.917,66.80474735,1.0,Primary
CESC,TCGA-IR-A3LC-01,TCGA-IR-A3LC,312.455,129.3684453,0.0,Primary
CESC,TCGA-IR-A3LF-01,TCGA-IR-A3LF,39.7388,96.95236217,0.0,Primary
CESC,TCGA-IR-A3LH-01,TCGA-IR-A3LH,23.1558,78.70598678,0.0,Primary
CESC,TCGA-IR-A3LI-01,TCGA-IR-A3LI,228.163,81.96074564,0.0,Primary
CESC,TCGA-IR-A3LK-01,TCGA-IR-A3LK,457.59,29.85172765,1.0,Primary
CESC,TCGA-IR-A3LL-01,TCGA-IR-A3LL,5003.13,36.36124536,0.0,Primary
CESC,TCGA-JW-A5VG-01,TCGA-JW-A5VG,317.936,27.4188776,0.0,Primary
CESC,TCGA-JW-A5VH-01,TCGA-JW-A5VH,35.7837,3.287635204,1.0,Primary
CESC,TCGA-JW-A5VI-01,TCGA-JW-A5VI,633.5,24.55863497,0.0,Primary
CESC,TCGA-JW-A5VJ-01,TCGA-JW-A5VJ,2174.33,21.43538153,0.0,Primary
CESC,TCGA-JW-A5VK-01,TCGA-JW-A5VK,177.798,20.48196732,0.0,Primary
CESC,TCGA-JW-A5VL-01,TCGA-JW-A5VL,1061.69,15.58339087,0.0,Primary
CESC,TCGA-JW-A69B-01,TCGA-JW-A69B,368.883,28.37229181,0.0,Primary
CESC,TCGA-JW-A852-01,TCGA-JW-A852,210.282,8.284840714,1.0,Primary
CESC,TCGA-JW-AAVH-01,TCGA-JW-AAVH,8611.96,18.14774633,0.0,Primary
CESC,TCGA-JX-A3PZ-01,TCGA-JX-A3PZ,4162.88,21.10661801,1.0,Primary
CESC,TCGA-JX-A3Q0-01,TCGA-JX-A3Q0,712.26,209.5867443,0.0,Primary
CESC,TCGA-JX-A3Q8-01,TCGA-JX-A3Q8,2.0074,44.61320972,0.0,Primary
CESC,TCGA-JX-A5QV-01,TCGA-JX-A5QV,7945.99,20.9093599,0.0,Primary
CESC,TCGA-LP-A4AU-01,TCGA-LP-A4AU,4892.93,11.27658875,0.0,Primary
CESC,TCGA-LP-A4AV-01,TCGA-LP-A4AV,114.357,0.0,0.0,Primary
CESC,TCGA-LP-A4AW-01,TCGA-LP-A4AW,338.527,0.887661505,0.0,Primary
CESC,TCGA-LP-A4AX-01,TCGA-LP-A4AX,6.7744,12.49301378,0.0,Primary
CESC,TCGA-LP-A5U2-01,TCGA-LP-A5U2,74.555,0.295887168,0.0,Primary
CESC,TCGA-LP-A5U3-01,TCGA-LP-A5U3,5053.86,0.821908801,0.0,Primary
CESC,TCGA-LP-A7HU-01,TCGA-LP-A7HU,232.558,13.34779893,0.0,Primary
CESC,TCGA-MA-AA3W-01,TCGA-MA-AA3W,522.381,22.52030115,0.0,Primary
CESC,TCGA-MA-AA3X-01,TCGA-MA-AA3X,712.488,20.28470921,0.0,Primary
CESC,TCGA-MA-AA3Y-01,TCGA-MA-AA3Y,105.173,17.81898281,0.0,Primary
CESC,TCGA-MA-AA3Z-01,TCGA-MA-AA3Z,4662.2,19.56142946,0.0,Primary
CESC,TCGA-MA-AA41-01,TCGA-MA-AA41,847.146,9.172502219,0.0,Primary
CESC,TCGA-MA-AA42-01,TCGA-MA-AA42,763.003,8.514975178,0.0,Primary
CESC,TCGA-MA-AA43-01,TCGA-MA-AA43,351.023,11.37521781,0.0,Primary
CESC,TCGA-MU-A51Y-01,TCGA-MU-A51Y,7557.15,28.07640464,0.0,Primary
CESC,TCGA-MU-A5YI-01,TCGA-MU-A5YI,2443.36,34.6187987,0.0,Primary
CESC,TCGA-MU-A8JM-01,TCGA-MU-A8JM,6733.17,19.95594569,0.0,Primary
CESC,TCGA-MY-A5BD-01,TCGA-MY-A5BD,75.5841,54.80487885,0.0,Primary
CESC,TCGA-MY-A5BE-01,TCGA-MY-A5BE,291.304,35.04619128,0.0,Primary
CESC,TCGA-MY-A5BF-01,TCGA-MY-A5BF,1305.58,20.84360719,0.0,Primary
CESC,TCGA-MY-A913-01,TCGA-MY-A913,562.342,17.22720847,0.0,Primary
CESC,TCGA-PN-A8MA-01,TCGA-PN-A8MA,103.809,2.958871684,0.0,Primary
CESC,TCGA-Q1-A5R1-01,TCGA-Q1-A5R1,989.126,15.58339087,0.0,Primary
CESC,TCGA-Q1-A5R2-01,TCGA-Q1-A5R2,1865.28,16.40529967,0.0,Primary
CESC,TCGA-Q1-A5R3-01,TCGA-Q1-A5R3,110.332,15.94503074,0.0,Primary
CESC,TCGA-Q1-A6DT-01,TCGA-Q1-A6DT,272.622,9.040996811,1.0,Primary
CESC,TCGA-Q1-A6DV-01,TCGA-Q1-A6DV,38.3585,16.14228885,0.0,Primary
CESC,TCGA-Q1-A6DW-01,TCGA-Q1-A6DW,657.022,17.55597199,0.0,Primary
CESC,TCGA-Q1-A73O-01,TCGA-Q1-A73O,137.879,14.07107867,0.0,Primary
CESC,TCGA-Q1-A73P-01,TCGA-Q1-A73P,2013.88,15.87927804,0.0,Primary
CESC,TCGA-Q1-A73Q-01,TCGA-Q1-A73Q,443.717,9.336883979,0.0,Primary
CESC,TCGA-Q1-A73R-01,TCGA-Q1-A73R,712.547,18.64089161,0.0,Primary
CESC,TCGA-Q1-A73S-01,TCGA-Q1-A73S,15.6885,22.6189302,0.0,Primary
CESC,TCGA-R2-A69V-01,TCGA-R2-A69V,707.722,19.59430582,0.0,Primary
CESC,TCGA-RA-A741-01,TCGA-RA-A741,7613.66,14.59710031,0.0,Primary
CESC,TCGA-UC-A7PD-01,TCGA-UC-A7PD,1343.17,11.67110497,1.0,Primary
CESC,TCGA-UC-A7PF-01,TCGA-UC-A7PF,11291.7,93.99349048,1.0,Primary
CESC,TCGA-UC-A7PG-01,TCGA-UC-A7PG,2149.69,12.16425026,1.0,Primary
CESC,TCGA-UC-A7PI-01,TCGA-UC-A7PI,89.342,69.50060821,0.0,Primary
CESC,TCGA-VS-A8EB-01,TCGA-VS-A8EB,331.137,10.02728737,1.0,Primary
CESC,TCGA-VS-A8EC-01,TCGA-VS-A8EC,555.652,46.52003814,0.0,Primary
CESC,TCGA-VS-A8EG-01,TCGA-VS-A8EG,1682.82,45.56662393,0.0,Primary
CESC,TCGA-VS-A8EH-01,TCGA-VS-A8EH,1165.08,32.41608311,0.0,Primary
CESC,TCGA-VS-A8EI-01,TCGA-VS-A8EI,429.296,23.96686064,0.0,Primary
CESC,TCGA-VS-A8EJ-01,TCGA-VS-A8EJ,75.1802,19.95594569,1.0,Primary
CESC,TCGA-VS-A8EL-01,TCGA-VS-A8EL,1698.31,65.48969326,0.0,Primary
CESC,TCGA-VS-A8Q8-01,TCGA-VS-A8Q8,25667.1,32.1530723,1.0,Primary
CESC,TCGA-VS-A8Q9-01,TCGA-VS-A8Q9,1072.18,53.58845383,0.0,Primary
CESC,TCGA-VS-A8QA-01,TCGA-VS-A8QA,130.431,36.13111089,0.0,Primary
CESC,TCGA-VS-A8QC-01,TCGA-VS-A8QC,836.792,11.50672321,1.0,Primary
CESC,TCGA-VS-A8QF-01,TCGA-VS-A8QF,860.568,59.17743367,0.0,Primary
CESC,TCGA-VS-A8QH-01,TCGA-VS-A8QH,12829.2,39.78038597,1.0,Primary
CESC,TCGA-VS-A8QM-01,TCGA-VS-A8QM,2495.8,31.26541079,1.0,Primary
CESC,TCGA-VS-A94W-01,TCGA-VS-A94W,527.379,40.86530559,0.0,Primary
CESC,TCGA-VS-A94X-01,TCGA-VS-A94X,779.238,16.63543413,1.0,Primary
CESC,TCGA-VS-A94Y-01,TCGA-VS-A94Y,81.1287,4.734194694,1.0,Primary
CESC,TCGA-VS-A94Z-01,TCGA-VS-A94Z,2408.17,33.36949732,0.0,Primary
CESC,TCGA-VS-A950-01,TCGA-VS-A950,700.831,40.14202584,0.0,Primary
CESC,TCGA-VS-A952-01,TCGA-VS-A952,881.585,58.45415393,0.0,Primary
CESC,TCGA-VS-A953-01,TCGA-VS-A953,110.514,15.68201992,1.0,Primary
CESC,TCGA-VS-A954-01,TCGA-VS-A954,239.781,56.3500674,0.0,Primary
CESC,TCGA-VS-A957-01,TCGA-VS-A957,793.488,55.49528224,0.0,Primary
CESC,TCGA-VS-A958-01,TCGA-VS-A958,776.379,50.13643686,0.0,Primary
CESC,TCGA-VS-A959-01,TCGA-VS-A959,509.434,51.31998553,0.0,Primary
CESC,TCGA-VS-A9U5-01,TCGA-VS-A9U5,9832.08,50.46520038,0.0,Primary
CESC,TCGA-VS-A9U6-01,TCGA-VS-A9U6,3025.8,43.39678469,0.0,Primary
CESC,TCGA-VS-A9U7-01,TCGA-VS-A9U7,12280.5,48.3939902,0.0,Primary
CESC,TCGA-VS-A9UB-01,TCGA-VS-A9UB,707.851,29.95035671,0.0,Primary
CESC,TCGA-VS-A9UC-01,TCGA-VS-A9UC,1208.92,27.12299043,0.0,Primary
CESC,TCGA-VS-A9UD-01,TCGA-VS-A9UD,39.4737,24.29562416,0.0,Primary
CESC,TCGA-VS-A9UH-01,TCGA-VS-A9UH,95.7131,46.91455436,0.0,Primary
CESC,TCGA-VS-A9UI-01,TCGA-VS-A9UI,3543.08,45.106355,1.0,Primary
CESC,TCGA-VS-A9UJ-01,TCGA-VS-A9UJ,96.1428,1.709570306,1.0,Primary
CESC,TCGA-VS-A9UL-01,TCGA-VS-A9UL,253.899,14.5313476,1.0,Primary
CESC,TCGA-VS-A9UM-01,TCGA-VS-A9UM,13105.0,27.25449584,1.0,Primary
CESC,TCGA-VS-A9UO-01,TCGA-VS-A9UO,9589.1,47.86796857,0.0,Primary
CESC,TCGA-VS-A9UP-01,TCGA-VS-A9UP,276.036,47.47345235,0.0,Primary
CESC,TCGA-VS-A9UQ-01,TCGA-VS-A9UQ,145.407,41.52283263,0.0,Primary
CESC,TCGA-VS-A9UR-01,TCGA-VS-A9UR,36.4446,26.07094717,0.0,Primary
CESC,TCGA-VS-A9UT-01,TCGA-VS-A9UT,43.5384,15.84640168,0.0,Primary
CESC,TCGA-VS-A9UU-01,TCGA-VS-A9UU,1283.03,14.5313476,0.0,Primary
CESC,TCGA-VS-A9UV-01,TCGA-VS-A9UV,320.216,3.419140612,1.0,Primary
CESC,TCGA-VS-A9UY-01,TCGA-VS-A9UY,2452.24,18.24637538,1.0,Primary
CESC,TCGA-VS-A9UZ-01,TCGA-VS-A9UZ,8.616,67.19926357,0.0,Primary
CESC,TCGA-VS-A9V0-01,TCGA-VS-A9V0,46.6667,18.83814972,0.0,Primary
CESC,TCGA-VS-A9V1-01,TCGA-VS-A9V1,110.098,5.16158727,1.0,Primary
CESC,TCGA-VS-A9V2-01,TCGA-VS-A9V2,21981.4,18.24637538,0.0,Primary
CESC,TCGA-VS-A9V3-01,TCGA-VS-A9V3,4649.79,17.7532301,0.0,Primary
CESC,TCGA-VS-A9V4-01,TCGA-VS-A9V4,2658.59,4.339678469,1.0,Primary
CESC,TCGA-VS-A9V5-01,TCGA-VS-A9V5,362.896,16.24091791,1.0,Primary
CESC,TCGA-VS-AA62-01,TCGA-VS-AA62,10200.4,15.41900911,1.0,Primary
CESC,TCGA-WL-A834-01,TCGA-WL-A834,553.45,26.00519446,0.0,Primary
CESC,TCGA-XS-A8TJ-01,TCGA-XS-A8TJ,9246.61,29.25995332,0.0,Primary
CESC,TCGA-ZJ-A8QO-01,TCGA-ZJ-A8QO,40.289,0.0,0.0,Primary
CESC,TCGA-ZJ-A8QQ-01,TCGA-ZJ-A8QQ,601.393,67.59377979,0.0,Primary
CESC,TCGA-ZJ-A8QR-01,TCGA-ZJ-A8QR,1508.51,19.13403689,1.0,Primary
CESC,TCGA-ZJ-AAX4-01,TCGA-ZJ-AAX4,9469.69,0.690403393,0.0,Primary
CESC,TCGA-ZJ-AAX8-01,TCGA-ZJ-AAX8,6925.57,0.0,0.0,Primary
CESC,TCGA-ZJ-AAXA-01,TCGA-ZJ-AAXA,739.817,1.413683138,0.0,Primary
CESC,TCGA-ZJ-AAXB-01,TCGA-ZJ-AAXB,39.0879,0.0,0.0,Primary
CESC,TCGA-ZJ-AAXD-01,TCGA-ZJ-AAXD,269.478,0.0,0.0,Primary
CESC,TCGA-ZJ-AAXF-01,TCGA-ZJ-AAXF,2431.45,0.0,0.0,Primary
CESC,TCGA-ZJ-AAXI-01,TCGA-ZJ-AAXI,21809.6,0.0,0.0,Primary
CESC,TCGA-ZJ-AAXJ-01,TCGA-ZJ-AAXJ,402.334,0.0,0.0,Primary
CESC,TCGA-ZJ-AAXN-01,TCGA-ZJ-AAXN,853.166,0.0,0.0,Primary
CESC,TCGA-ZJ-AAXT-01,TCGA-ZJ-AAXT,275.833,0.0,0.0,Primary
CESC,TCGA-ZJ-AAXU-01,TCGA-ZJ-AAXU,1503.81,0.16438176,0.0,Primary
CESC,TCGA-ZJ-AB0H-01,TCGA-ZJ-AB0H,4047.94,0.0,0.0,Primary
CESC,TCGA-ZJ-AB0I-01,TCGA-ZJ-AB0I,1377.72,0.0,0.0,Primary
CESC,TCGA-ZX-AA5X-01,TCGA-ZX-AA5X,5761.02,3.912285893,0.0,Primary
OV,TCGA-04-1348-01,TCGA-04-1348,1.3081,48.75563008,1.0,Primary
OV,TCGA-04-1357-01,TCGA-04-1357,1.2665,,0.0,Primary
OV,TCGA-04-1362-01,TCGA-04-1362,54.3988,44.31732255,1.0,Primary
OV,TCGA-04-1364-01,TCGA-04-1364,6.2464,33.66538449,1.0,Primary
OV,TCGA-04-1365-01,TCGA-04-1365,6.5114,76.5690239,0.0,Primary
OV,TCGA-04-1514-01,TCGA-04-1514,5.369,56.54732551,1.0,Primary
OV,TCGA-04-1519-01,TCGA-04-1519,7.433,0.789032449,0.0,Primary
OV,TCGA-09-0364-01,TCGA-09-0364,2.6527,29.16132426,1.0,Primary
OV,TCGA-09-0366-01,TCGA-09-0366,10.5087,57.76375053,1.0,Primary
OV,TCGA-09-0367-01,TCGA-09-0367,1.6527,17.98336457,1.0,Primary
OV,TCGA-09-0369-01,TCGA-09-0369,2.8752,35.57221291,1.0,Primary
OV,TCGA-09-1659-01,TCGA-09-1659,3.9289,9.99441102,1.0,Primary
OV,TCGA-09-1662-01,TCGA-09-1662,1.0451,89.32504849,1.0,Primary
OV,TCGA-09-1666-01,TCGA-09-1666,28.5912,57.59936877,0.0,Primary
OV,TCGA-09-1667-01,TCGA-09-1667,4.1727,61.87329454,0.0,Primary
OV,TCGA-09-1668-01,TCGA-09-1668,17.0501,55.36377684,0.0,Primary
OV,TCGA-09-1669-01,TCGA-09-1669,2.1821,30.50925469,0.0,Primary
OV,TCGA-09-1670-01,TCGA-09-1670,20.9522,17.98336457,0.0,Primary
OV,TCGA-09-1673-01,TCGA-09-1673,46.2542,3.024624388,0.0,Primary
OV,TCGA-09-1674-01,TCGA-09-1674,45.2471,8.54785153,0.0,Primary
OV,TCGA-09-2044-01,TCGA-09-2044,8.1366,6.115001479,0.0,Primary
OV,TCGA-09-2045-01,TCGA-09-2045,31.2142,35.14482033,1.0,Primary
OV,TCGA-09-2051-01,TCGA-09-2051,16.7372,63.08971957,0.0,Primary
OV,TCGA-09-2054-01,TCGA-09-2054,13.7732,20.94223625,1.0,Primary
OV,TCGA-10-0928-01,TCGA-10-0928,25.4187,18.5093862,1.0,Primary
OV,TCGA-10-0936-01,TCGA-10-0936,68.9427,36.92014334,1.0,Primary
OV,TCGA-13-0730-01,TCGA-13-0730,10.441,17.81898281,1.0,Primary
OV,TCGA-13-0799-01,TCGA-13-0799,80.6786,83.34155242,0.0,Primary
OV,TCGA-13-0800-01,TCGA-13-0800,33.1323,87.48397278,0.0,Primary
OV,TCGA-13-0801-01,TCGA-13-0801,2.5584,45.9940165,1.0,Primary
OV,TCGA-13-0890-01,TCGA-13-0890,18.6172,145.4449814,0.0,Primary
OV,TCGA-13-0893-01,TCGA-13-0893,1.5777,43.36390834,1.0,Primary
OV,TCGA-13-0897-01,TCGA-13-0897,8.2539,71.73620015,1.0,Primary
OV,TCGA-13-0899-01,TCGA-13-0899,4.5364,66.1472203,1.0,Primary
OV,TCGA-13-0913-01,TCGA-13-0913,22.9038,109.3138705,0.0,Primary
OV,TCGA-13-0916-01,TCGA-13-0916,11.9197,58.68428839,0.0,Primary
OV,TCGA-13-0920-01,TCGA-13-0920,3.1026,48.78850643,1.0,Primary
OV,TCGA-13-0924-01,TCGA-13-0924,1.915,85.93878423,0.0,Primary
OV,TCGA-13-1403-01,TCGA-13-1403,97.874,77.09504553,1.0,Primary
OV,TCGA-13-1405-01,TCGA-13-1405,8.7274,28.53667357,1.0,Primary
OV,TCGA-13-1410-01,TCGA-13-1410,54.52,81.00733143,0.0,Primary
OV,TCGA-13-1411-01,TCGA-13-1411,7.3869,17.45734293,1.0,Primary
OV,TCGA-13-1481-01,TCGA-13-1481,10.4341,87.0565802,1.0,Primary
OV,TCGA-13-1497-01,TCGA-13-1497,1.2019,127.2643588,0.0,Primary
OV,TCGA-13-1498-01,TCGA-13-1498,52.4149,66.1472203,1.0,Primary
OV,TCGA-13-1505-01,TCGA-13-1505,43.5513,65.68695138,0.0,Primary
OV,TCGA-13-1506-01,TCGA-13-1506,34.4811,34.15852977,1.0,Primary
OV,TCGA-13-1507-01,TCGA-13-1507,0.504,65.52256962,1.0,Primary
OV,TCGA-13-1511-01,TCGA-13-1511,11.865,54.24598087,1.0,Primary
OV,TCGA-13-1512-01,TCGA-13-1512,6.9048,14.5313476,0.0,Primary
OV,TCGA-13-2060-01,TCGA-13-2060,9.7961,77.88407798,0.0,Primary
OV,TCGA-13-A5FT-01,TCGA-13-A5FT,111.0063,70.45402242,0.0,Primary
OV,TCGA-20-1682-01,TCGA-20-1682,4.0527,27.51750666,0.0,Primary
OV,TCGA-20-1683-01,TCGA-20-1683,33.1872,25.38054378,0.0,Primary
OV,TCGA-20-1684-01,TCGA-20-1684,6.6706,19.10116054,0.0,Primary
OV,TCGA-20-1685-01,TCGA-20-1685,7.5012,16.70118684,0.0,Primary
OV,TCGA-20-1687-01,TCGA-20-1687,25.9364,2.662984515,0.0,Primary
OV,TCGA-23-1023-01,TCGA-23-1023,3.2207,40.53654207,0.0,Primary
OV,TCGA-23-1026-01,TCGA-23-1026,7.4779,26.82710327,0.0,Primary
OV,TCGA-23-1027-01,TCGA-23-1027,3.3985,32.08731959,1.0,Primary
OV,TCGA-23-1029-01,TCGA-23-1029,38.1137,8.810862347,0.0,Primary
OV,TCGA-23-1109-01,TCGA-23-1109,9.746,51.35286189,1.0,Primary
OV,TCGA-23-1111-01,TCGA-23-1111,9.7425,3.2218825,0.0,Primary
OV,TCGA-23-1114-01,TCGA-23-1114,24.4375,68.67869941,1.0,Primary
OV,TCGA-23-1120-01,TCGA-23-1120,8.057,4.273925765,0.0,Primary
OV,TCGA-23-1122-01,TCGA-23-1122,18.2351,39.08998258,1.0,Primary
OV,TCGA-23-1123-01,TCGA-23-1123,75.3528,33.46812638,1.0,Primary
OV,TCGA-23-1809-01,TCGA-23-1809,47.1202,0.526021633,0.0,Primary
OV,TCGA-23-2077-01,TCGA-23-2077,12.302,115.8891409,0.0,Primary
OV,TCGA-23-2078-01,TCGA-23-2078,16.0929,87.48397278,0.0,Primary
OV,TCGA-23-2081-01,TCGA-23-2081,9.321,76.99641648,1.0,Primary
OV,TCGA-23-2084-01,TCGA-23-2084,1.9754,49.84054969,1.0,Primary
OV,TCGA-24-0975-01,TCGA-24-0975,1.8033,21.7970214,1.0,Primary
OV,TCGA-24-1103-01,TCGA-24-1103,3.2085,54.11447546,1.0,Primary
OV,TCGA-24-1413-01,TCGA-24-1413,6.5928,6.312259592,0.0,Primary
OV,TCGA-24-1416-01,TCGA-24-1416,27.6394,6.378012296,0.0,Primary
OV,TCGA-24-1417-01,TCGA-24-1417,8.6199,7.824571786,0.0,Primary
OV,TCGA-24-1418-01,TCGA-24-1418,22.9539,7.988953546,0.0,Primary
OV,TCGA-24-1419-01,TCGA-24-1419,158.6165,7.857448138,0.0,Primary
OV,TCGA-24-1423-01,TCGA-24-1423,28.5296,6.246506888,0.0,Primary
OV,TCGA-24-1424-01,TCGA-24-1424,21.001,6.016372423,0.0,Primary
OV,TCGA-24-1425-01,TCGA-24-1425,47.4461,5.950619719,0.0,Primary
OV,TCGA-24-1427-01,TCGA-24-1427,72.5203,4.83282375,0.0,Primary
OV,TCGA-24-1428-01,TCGA-24-1428,7.4823,17.39159023,0.0,Primary
OV,TCGA-24-1430-01,TCGA-24-1430,4.5386,28.37229181,1.0,Primary
OV,TCGA-24-1434-01,TCGA-24-1434,27.1169,18.67376796,1.0,Primary
OV,TCGA-24-1435-01,TCGA-24-1435,14.7693,43.5282901,1.0,Primary
OV,TCGA-24-1436-01,TCGA-24-1436,0.272,8.54785153,1.0,Primary
OV,TCGA-24-1463-01,TCGA-24-1463,9.636,72.91974883,1.0,Primary
OV,TCGA-24-1467-01,TCGA-24-1467,17.7287,105.993359,1.0,Primary
OV,TCGA-24-1469-01,TCGA-24-1469,35.4492,9.106749515,0.0,Primary
OV,TCGA-24-1474-01,TCGA-24-1474,4.7603,22.22441398,1.0,Primary
OV,TCGA-24-1544-01,TCGA-24-1544,-0.0155,26.95860867,1.0,Primary
OV,TCGA-24-1545-01,TCGA-24-1545,4.9163,57.40211066,1.0,Primary
OV,TCGA-24-1546-01,TCGA-24-1546,4.304,64.27326824,1.0,Primary
OV,TCGA-24-1548-01,TCGA-24-1548,30.5929,16.20804156,1.0,Primary
OV,TCGA-24-1549-01,TCGA-24-1549,81.4349,56.58020186,1.0,Primary
OV,TCGA-24-1550-01,TCGA-24-1550,10.424,41.0625637,1.0,Primary
OV,TCGA-24-1551-01,TCGA-24-1551,19.2391,51.91175987,1.0,Primary
OV,TCGA-24-1552-01,TCGA-24-1552,13.6095,41.39132722,1.0,Primary
OV,TCGA-24-1553-01,TCGA-24-1553,7.0043,58.09251406,1.0,Primary
OV,TCGA-24-1555-01,TCGA-24-1555,14.7296,88.50313969,1.0,Primary
OV,TCGA-24-1556-01,TCGA-24-1556,12.3764,70.61840418,1.0,Primary
OV,TCGA-24-1557-01,TCGA-24-1557,1.7418,39.87901502,1.0,Primary
OV,TCGA-24-1558-01,TCGA-24-1558,20.3428,19.52855311,1.0,Primary
OV,TCGA-24-1560-01,TCGA-24-1560,170.977,44.08718809,1.0,Primary
OV,TCGA-24-1562-01,TCGA-24-1562,35.4977,45.50087122,1.0,Primary
OV,TCGA-24-1563-01,TCGA-24-1563,16.7521,47.70358681,1.0,Primary
OV,TCGA-24-1564-01,TCGA-24-1564,12.7762,25.87368906,1.0,Primary
OV,TCGA-24-1567-01,TCGA-24-1567,88.4921,17.22720847,1.0,Primary
OV,TCGA-24-1603-01,TCGA-24-1603,6.5214,90.14695729,1.0,Primary
OV,TCGA-24-1604-01,TCGA-24-1604,13.5234,88.37163428,1.0,Primary
OV,TCGA-24-1616-01,TCGA-24-1616,8.8907,38.23519742,1.0,Primary
OV,TCGA-24-1842-01,TCGA-24-1842,0.6518,8.317717066,0.0,Primary
OV,TCGA-24-1843-01,TCGA-24-1843,43.7757,3.484893316,0.0,Primary
OV,TCGA-24-1844-01,TCGA-24-1844,5.7658,3.715027781,0.0,Primary
OV,TCGA-24-1846-01,TCGA-24-1846,9.5394,4.372554821,0.0,Primary
OV,TCGA-24-1847-01,TCGA-24-1847,2.729,11.27658875,0.0,Primary
OV,TCGA-24-1849-01,TCGA-24-1849,10.6712,5.786237959,0.0,Primary
OV,TCGA-24-1850-01,TCGA-24-1850,10.0895,5.523227143,0.0,Primary
OV,TCGA-24-1924-01,TCGA-24-1924,9.2097,30.21336753,1.0,Primary
OV,TCGA-24-1928-01,TCGA-24-1928,14.9548,11.04645429,1.0,Primary
OV,TCGA-24-1930-01,TCGA-24-1930,2.6446,81.10596048,1.0,Primary
OV,TCGA-24-2019-01,TCGA-24-2019,18.4157,4.865700102,0.0,Primary
OV,TCGA-24-2020-01,TCGA-24-2020,22.8044,152.0202518,1.0,Primary
OV,TCGA-24-2023-01,TCGA-24-2023,6.4922,44.84334418,1.0,Primary
OV,TCGA-24-2024-01,TCGA-24-2024,19.7605,58.15826676,1.0,Primary
OV,TCGA-24-2026-01,TCGA-24-2026,6.467,34.81605681,1.0,Primary
OV,TCGA-24-2027-01,TCGA-24-2027,45.8999,109.7083868,1.0,Primary
OV,TCGA-24-2033-01,TCGA-24-2033,26.4478,18.47650985,1.0,Primary
OV,TCGA-24-2035-01,TCGA-24-2035,52.4432,28.1750337,1.0,Primary
OV,TCGA-24-2038-01,TCGA-24-2038,68.8245,44.51458066,1.0,Primary
OV,TCGA-24-2254-01,TCGA-24-2254,25.084,57.07334714,1.0,Primary
OV,TCGA-24-2261-01,TCGA-24-2261,6.6006,0.789032449,1.0,Primary
OV,TCGA-24-2262-01,TCGA-24-2262,2.0119,0.361639872,1.0,Primary
OV,TCGA-24-2267-01,TCGA-24-2267,4.5905,47.53920505,1.0,Primary
OV,TCGA-24-2271-01,TCGA-24-2271,8.7963,31.62705066,1.0,Primary
OV,TCGA-24-2281-01,TCGA-24-2281,3.3182,44.61320972,0.0,Primary
OV,TCGA-24-2288-01,TCGA-24-2288,24.657,0.821908801,1.0,Primary
OV,TCGA-24-2289-01,TCGA-24-2289,21.4756,67.36364533,1.0,Primary
OV,TCGA-24-2290-01,TCGA-24-2290,9.9128,36.22973995,1.0,Primary
OV,TCGA-24-2293-01,TCGA-24-2293,25.6111,16.63543413,1.0,Primary
OV,TCGA-24-2297-01,TCGA-24-2297,10.2824,55.85692212,1.0,Primary
OV,TCGA-24-2298-01,TCGA-24-2298,6.417,53.25969031,1.0,Primary
OV,TCGA-25-1312-01,TCGA-25-1312,13.2455,1.019166913,1.0,Primary
OV,TCGA-25-1313-01,TCGA-25-1313,2.301,26.95860867,1.0,Primary
OV,TCGA-25-1314-01,TCGA-25-1314,4.874,33.00785745,1.0,Primary
OV,TCGA-25-1315-01,TCGA-25-1315,12.3278,52.04326528,1.0,Primary
OV,TCGA-25-1316-01,TCGA-25-1316,162.712,42.04885426,1.0,Primary
OV,TCGA-25-1317-01,TCGA-25-1317,61.4157,2.005457474,1.0,Primary
OV,TCGA-25-1318-01,TCGA-25-1318,5.0451,34.98043857,1.0,Primary
OV,TCGA-25-1319-01,TCGA-25-1319,20.752,64.99654798,1.0,Primary
OV,TCGA-25-1320-01,TCGA-25-1320,66.0129,37.97218661,1.0,Primary
OV,TCGA-25-1321-01,TCGA-25-1321,7.5689,33.96127166,1.0,Primary
OV,TCGA-25-1322-01,TCGA-25-1322,6.292,2.991748036,1.0,Primary
OV,TCGA-25-1323-01,TCGA-25-1323,64.015,12.98615906,1.0,Primary
OV,TCGA-25-1324-01,TCGA-25-1324,11.8805,34.02702436,1.0,Primary
OV,TCGA-25-1326-01,TCGA-25-1326,7.8278,41.0625637,1.0,Primary
OV,TCGA-25-1328-01,TCGA-25-1328,12.7362,66.04859125,1.0,Primary
OV,TCGA-25-1329-01,TCGA-25-1329,33.1142,15.02449288,1.0,Primary
OV,TCGA-25-1623-01,TCGA-25-1623,87.6155,18.5751389,1.0,Primary
OV,TCGA-25-1625-01,TCGA-25-1625,2.5699,27.61613571,1.0,Primary
OV,TCGA-25-1626-01,TCGA-25-1626,40.8551,17.02995036,1.0,Primary
OV,TCGA-25-1627-01,TCGA-25-1627,6.592,12.9532827,1.0,Primary
OV,TCGA-25-1628-01,TCGA-25-1628,7.5545,20.61347273,1.0,Primary
OV,TCGA-25-1630-01,TCGA-25-1630,298.2177,38.20232107,1.0,Primary
OV,TCGA-25-1631-01,TCGA-25-1631,24.613,0.295887168,1.0,Primary
OV,TCGA-25-1632-01,TCGA-25-1632,4.5208,59.14455732,1.0,Primary
OV,TCGA-25-1633-01,TCGA-25-1633,42.7896,62.16918171,1.0,Primary
OV,TCGA-25-1634-01,TCGA-25-1634,0.92,35.86810008,1.0,Primary
OV,TCGA-25-1635-01,TCGA-25-1635,15.91,52.04326528,1.0,Primary
OV,TCGA-25-1870-01,TCGA-25-1870,32.6866,14.95874018,1.0,Primary
OV,TCGA-25-1871-01,TCGA-25-1871,16.5534,24.98602755,1.0,Primary
OV,TCGA-25-2042-01,TCGA-25-2042,26.1221,13.01903541,1.0,Primary
OV,TCGA-25-2391-01,TCGA-25-2391,96.3795,49.05151724,1.0,Primary
OV,TCGA-25-2392-01,TCGA-25-2392,1.7265,1.019166913,1.0,Primary
OV,TCGA-25-2393-01,TCGA-25-2393,11.019,38.03793931,1.0,Primary
OV,TCGA-25-2396-01,TCGA-25-2396,71.4565,3.024624388,1.0,Primary
OV,TCGA-25-2397-01,TCGA-25-2397,10.6122,11.9998685,1.0,Primary
OV,TCGA-25-2398-01,TCGA-25-2398,37.9706,45.00772594,1.0,Primary
OV,TCGA-25-2399-01,TCGA-25-2399,68.9053,19.98882204,1.0,Primary
OV,TCGA-25-2400-01,TCGA-25-2400,32.4267,42.01597791,1.0,Primary
OV,TCGA-25-2401-01,TCGA-25-2401,21.1461,2.958871684,1.0,Primary
OV,TCGA-25-2404-01,TCGA-25-2404,25.6769,29.02981885,1.0,Primary
OV,TCGA-25-2409-01,TCGA-25-2409,30.6978,26.99148503,1.0,Primary
OV,TCGA-29-1688-01,TCGA-29-1688,6.2025,78.9032449,1.0,Primary
OV,TCGA-29-1690-01,TCGA-29-1690,12.7717,47.60495775,1.0,Primary
OV,TCGA-29-1691-01,TCGA-29-1691,56.0481,48.3282375,1.0,Primary
OV,TCGA-29-1693-01,TCGA-29-1693,4.86,101.7851859,0.0,Primary
OV,TCGA-29-1694-01,TCGA-29-1694,9.743,39.02422987,1.0,Primary
OV,TCGA-29-1695-01,TCGA-29-1695,1.4413,40.40503666,1.0,Primary
OV,TCGA-29-1696-01,TCGA-29-1696,21.3281,33.92839531,1.0,Primary
OV,TCGA-29-1697-01,TCGA-29-1697,610.0077,31.19965809,1.0,Primary
OV,TCGA-29-1698-01,TCGA-29-1698,24.7655,68.31705954,0.0,Primary
OV,TCGA-29-1699-01,TCGA-29-1699,11.5247,36.36124536,1.0,Primary
OV,TCGA-29-1701-01,TCGA-29-1701,10.5284,16.9313213,1.0,Primary
OV,TCGA-29-1702-01,TCGA-29-1702,218.3962,23.93398429,1.0,Primary
OV,TCGA-29-1703-01,TCGA-29-1703,18.9194,59.67057895,1.0,Primary
OV,TCGA-29-1705-01,TCGA-29-1705,6.2622,18.24637538,1.0,Primary
OV,TCGA-29-1710-01,TCGA-29-1710,43.7184,31.26541079,1.0,Primary
OV,TCGA-29-1711-01,TCGA-29-1711,1.3883,34.6187987,0.0,Primary
OV,TCGA-29-1761-01,TCGA-29-1761,2.6538,17.35871388,1.0,Primary
OV,TCGA-29-1762-01,TCGA-29-1762,0.9516,86.59631127,1.0,Primary
OV,TCGA-29-1763-01,TCGA-29-1763,11.0661,66.80474735,0.0,Primary
OV,TCGA-29-1770-01,TCGA-29-1770,3.6444,24.36137686,0.0,Primary
OV,TCGA-29-1776-01,TCGA-29-1776,5.3843,11.83548673,0.0,Primary
OV,TCGA-29-1778-01,TCGA-29-1778,3.6875,14.92586383,0.0,Primary
OV,TCGA-29-1781-01,TCGA-29-1781,3.0043,8.38346977,0.0,Primary
OV,TCGA-29-1783-01,TCGA-29-1783,9.8305,7.232797449,0.0,Primary
OV,TCGA-29-1784-01,TCGA-29-1784,1.9666,5.358845383,0.0,Primary
OV,TCGA-29-1785-01,TCGA-29-1785,12.1196,36.29549265,1.0,Primary
OV,TCGA-29-2425-01,TCGA-29-2425,1.3066,64.99654798,0.0,Primary
OV,TCGA-29-2427-01,TCGA-29-2427,24.6476,62.46506888,0.0,Primary
OV,TCGA-29-2428-01,TCGA-29-2428,6.8893,45.106355,0.0,Primary
OV,TCGA-29-A5NZ-01,TCGA-29-A5NZ,102.6566,35.76947102,1.0,Primary
OV,TCGA-30-1718-01,TCGA-30-1718,2.3743,51.91175987,1.0,Primary
OV,TCGA-30-1855-01,TCGA-30-1855,48.0159,2.465726403,1.0,Primary
OV,TCGA-30-1857-01,TCGA-30-1857,5.2958,0.263010816,1.0,Primary
OV,TCGA-30-1860-01,TCGA-30-1860,2.0145,44.90909689,1.0,Primary
OV,TCGA-30-1861-01,TCGA-30-1861,15.8379,34.78318046,1.0,Primary
OV,TCGA-30-1862-01,TCGA-30-1862,5.0725,6.115001479,1.0,Primary
OV,TCGA-30-1891-01,TCGA-30-1891,5.2972,30.04898577,1.0,Primary
OV,TCGA-31-1944-01,TCGA-31-1944,5.5439,45.56662393,0.0,Primary
OV,TCGA-31-1946-01,TCGA-31-1946,11.1898,30.18049117,0.0,Primary
OV,TCGA-31-1950-01,TCGA-31-1950,1.7315,18.77239702,0.0,Primary
OV,TCGA-31-1951-01,TCGA-31-1951,15.9672,22.4874248,0.0,Primary
OV,TCGA-31-1953-01,TCGA-31-1953,4.3452,6.706775816,0.0,Primary
OV,TCGA-31-1956-01,TCGA-31-1956,2.2494,44.12006444,0.0,Primary
OV,TCGA-31-1959-01,TCGA-31-1959,14.5483,2.202715587,0.0,Primary
OV,TCGA-36-1568-01,TCGA-36-1568,11.7978,28.76680804,0.0,Primary
OV,TCGA-36-1569-01,TCGA-36-1569,40.6611,29.09557156,0.0,Primary
OV,TCGA-36-1570-01,TCGA-36-1570,5.6958,21.53401059,0.0,Primary
OV,TCGA-36-1571-01,TCGA-36-1571,41.7851,22.84906467,1.0,Primary
OV,TCGA-36-1574-01,TCGA-36-1574,2.9434,22.5531775,0.0,Primary
OV,TCGA-36-1575-01,TCGA-36-1575,104.9378,8.54785153,0.0,Primary
OV,TCGA-36-1576-01,TCGA-36-1576,5.998,30.08186212,0.0,Primary
OV,TCGA-36-1577-01,TCGA-36-1577,0.8161,25.74218365,0.0,Primary
OV,TCGA-36-1578-01,TCGA-36-1578,8.8769,27.84627018,0.0,Primary
OV,TCGA-36-1580-01,TCGA-36-1580,14.8395,24.22987145,1.0,Primary
OV,TCGA-36-1581-01,TCGA-36-1581,12.7106,24.69014038,0.0,Primary
OV,TCGA-3P-A9WA-01,TCGA-3P-A9WA,0.9302,13.80806786,0.0,Primary
OV,TCGA-57-1582-01,TCGA-57-1582,1.5939,24.03261334,1.0,Primary
OV,TCGA-57-1583-01,TCGA-57-1583,48.4461,11.37521781,1.0,Primary
OV,TCGA-57-1584-01,TCGA-57-1584,8.1147,21.13949436,0.0,Primary
OV,TCGA-57-1585-01,TCGA-57-1585,6.7295,1.742446658,1.0,Primary
OV,TCGA-57-1993-01,TCGA-57-1993,39.8919,25.08465661,0.0,Primary
OV,TCGA-57-1994-01,TCGA-57-1994,47.7697,25.0189039,0.0,Primary
OV,TCGA-59-2348-01,TCGA-59-2348,0.6304,180.1952855,0.0,Primary
OV,TCGA-59-2350-01,TCGA-59-2350,49.2332,22.32304304,1.0,Primary
OV,TCGA-59-2351-01,TCGA-59-2351,12.2745,116.1192754,0.0,Primary
OV,TCGA-59-2352-01,TCGA-59-2352,71.3331,9.402636683,1.0,Primary
OV,TCGA-59-2354-01,TCGA-59-2354,37.4826,34.38866423,1.0,Primary
OV,TCGA-59-2355-01,TCGA-59-2355,41.2049,2.136962883,1.0,Primary
OV,TCGA-59-2363-01,TCGA-59-2363,12.2745,5.424598087,0.0,Primary
OV,TCGA-59-A5PD-01,TCGA-59-A5PD,5.0561,20.51484367,1.0,Primary
OV,TCGA-5X-AA5U-01,TCGA-5X-AA5U,108.0094,11.86836309,0.0,Primary
OV,TCGA-61-1721-01,TCGA-61-1721,35.2954,11.11220699,0.0,Primary
OV,TCGA-61-1724-01,TCGA-61-1724,9.9356,20.94223625,1.0,Primary
OV,TCGA-61-1725-01,TCGA-61-1725,5.873,31.42979255,0.0,Primary
OV,TCGA-61-1728-01,TCGA-61-1728,2.7012,27.87914653,0.0,Primary
OV,TCGA-61-1733-01,TCGA-61-1733,10.3578,31.79143242,0.0,Primary
OV,TCGA-61-1736-01,TCGA-61-1736,6.6762,48.78850643,1.0,Primary
OV,TCGA-61-1737-01,TCGA-61-1737,17.9639,44.84334418,0.0,Primary
OV,TCGA-61-1738-01,TCGA-61-1738,6.8727,35.80234737,1.0,Primary
OV,TCGA-61-1740-01,TCGA-61-1740,6.998,2.432850051,1.0,Primary
OV,TCGA-61-1741-01,TCGA-61-1741,105.9085,33.66538449,1.0,Primary
OV,TCGA-61-1743-01,TCGA-61-1743,1.7915,43.69267186,1.0,Primary
OV,TCGA-61-1900-01,TCGA-61-1900,6.3324,5.786237959,0.0,Primary
OV,TCGA-61-1907-01,TCGA-61-1907,6.0914,31.29828714,0.0,Primary
OV,TCGA-61-1910-01,TCGA-61-1910,5.6974,37.05164875,0.0,Primary
OV,TCGA-61-1914-01,TCGA-61-1914,3.3464,56.61307821,0.0,Primary
OV,TCGA-61-1917-01,TCGA-61-1917,2.5629,43.42966105,1.0,Primary
OV,TCGA-61-1918-01,TCGA-61-1918,8.9488,15.74777263,1.0,Primary
OV,TCGA-61-1919-01,TCGA-61-1919,3.1337,38.16944472,1.0,Primary
OV,TCGA-61-1995-01,TCGA-61-1995,26.5106,2.005457474,0.0,Primary
OV,TCGA-61-1998-01,TCGA-61-1998,6.2616,5.523227143,0.0,Primary
OV,TCGA-61-2000-01,TCGA-61-2000,3.0447,14.49847125,0.0,Primary
OV,TCGA-61-2002-01,TCGA-61-2002,3.0858,17.98336457,0.0,Primary
OV,TCGA-61-2003-01,TCGA-61-2003,11.1721,4.010914949,0.0,Primary
OV,TCGA-61-2008-01,TCGA-61-2008,4.3626,30.6407601,0.0,Primary
OV,TCGA-61-2009-01,TCGA-61-2009,11.2438,39.84613867,0.0,Primary
OV,TCGA-61-2012-01,TCGA-61-2012,19.471,30.6407601,0.0,Primary
OV,TCGA-61-2016-01,TCGA-61-2016,12.1443,1.183548673,1.0,Primary
OV,TCGA-61-2088-01,TCGA-61-2088,493.008,4.767071046,0.0,Primary
OV,TCGA-61-2092-01,TCGA-61-2092,63.1644,51.71450176,0.0,Primary
OV,TCGA-61-2094-01,TCGA-61-2094,4.1709,71.73620015,0.0,Primary
OV,TCGA-61-2095-01,TCGA-61-2095,69.2368,61.64316008,1.0,Primary
OV,TCGA-61-2097-01,TCGA-61-2097,9.9023,60.62399316,0.0,Primary
OV,TCGA-61-2098-01,TCGA-61-2098,78.9654,65.52256962,0.0,Primary
OV,TCGA-61-2101-01,TCGA-61-2101,1.151,55.49528224,1.0,Primary
OV,TCGA-61-2102-01,TCGA-61-2102,5.2988,6.476641352,1.0,Primary
OV,TCGA-61-2104-01,TCGA-61-2104,31.0726,76.86491107,0.0,Primary
OV,TCGA-61-2109-01,TCGA-61-2109,1.3928,20.67922543,1.0,Primary
OV,TCGA-61-2110-01,TCGA-61-2110,14.0557,44.51458066,1.0,Primary
OV,TCGA-61-2111-01,TCGA-61-2111,23.0383,125.7520466,0.0,Primary
OV,TCGA-61-2113-01,TCGA-61-2113,27.5065,22.22441398,1.0,Primary
OV,TCGA-OY-A56P-01,TCGA-OY-A56P,15.2401,39.68175691,0.0,Primary
OV,TCGA-OY-A56Q-01,TCGA-OY-A56Q,102.6684,18.93677878,0.0,Primary
OV,TCGA-VG-A8LO-01,TCGA-VG-A8LO,38.3535,0.789032449,1.0,Primary
OV,TCGA-WR-A838-01,TCGA-WR-A838,31.4012,9.99441102,1.0,Primary
