sample_id,DUOX2,epi,stromal,immune,ES_ratio,ESTIMATE_like,TIDE,Dysfunction,Exclusion,CAF,TAM M2,CD8,MDSC,IFNG,CD274,MSI Score
TCGA-G3-AAV1-01A,0.47936958991316364,0.8844801184646709,0.9127791622112387,0.787715273454079,-0.07473594972358916,-0.3027267088210868,1.3399318490813148,-1.5025353996985986,1.3399318490813148,0.11930692194961,-0.0046909685228073,0.19975,0.061796084927511,3.3461,0.7767,0.9992023094497828
TCGA-DD-AAE6-01A,0.06289684259693122,0.8152321335419928,0.8258398003968199,0.7285530520171339,0.7918075588321603,-3.740050936486573,1.3248229946481591,-1.4177791396324153,1.3248229946481591,0.0747158015664799,0.0044767443627931,0.0762,0.0924907679077634,1.5680333333333332,0.416,0.9989975936608572
TCGA-DD-A3A4-01A,0.0,0.8953590118969492,0.9131164744522309,0.7213256974476622,0.10566792880493912,-1.833672729716809,1.2674998778604214,-1.5396931809142842,1.2674998778604214,0.124076876905025,-0.0148219185146247,0.04445,0.0574047130478691,2.2255666666666665,0.552,0.9997535353928466
TCGA-DD-A3A6-01A,0.34994116498071964,0.8611405590051661,0.9569869526707329,0.809545978913438,-1.5294588968300997,1.2538143969020195,-0.6124838511750644,-0.6124838511750644,1.9649693287119472,0.2367484534631786,-0.0066205027119037,1.839,0.0507046475092294,3.0947666666666667,1.5344,0.9936780470168342
TCGA-ED-A5KG-01A,0.8268523327645504,0.9656334662695407,0.9667422368467347,0.9291137773140902,0.04851769412955953,4.257298033957775,-0.6323207590879072,-0.6323207590879072,0.9377198659535586,0.1138233519248619,-0.0324603335546708,5.8047,0.0297707771522189,7.643299999999999,3.9093,0.9983096102126748
TCGA-2Y-A9H3-01A,3.2427161047848383,0.9456593804163091,0.9363122364031042,0.8745650592790781,0.4256658798461593,2.2697232752314065,-0.7420912404403587,-0.7420912404403587,1.041037691500478,0.104511740279384,-0.0021081054976284,2.7771,0.0276972382091859,4.42135,1.5124,0.9984037618794338
TCGA-CC-A3M9-01A,0.1345950361385001,0.8543523987413127,0.9720688637090272,0.9172850724418193,-2.0054120918732634,4.10967364666997,-0.7466171663024308,-0.7466171663024308,1.731322209995268,0.1837237390479071,-0.0382358437219594,6.21755,0.0931469720779692,7.2192,4.7033,0.99864324018511
TCGA-CC-A9FV-01A,0.625719738128622,0.8646053140828244,0.9706538350336625,0.8625895823634225,-1.7942099330194563,2.80816548900625,-0.7874099078059046,-0.7874099078059046,1.674409248504377,0.227647491527516,-0.0040826042787094,3.1833,0.0095865792593687,4.077383333333334,2.5575,0.9997395415987328
TCGA-DD-AACC-01A,0.14615296911342823,0.9515607383849091,0.9569494735328448,0.9081992285586611,0.037482891680439945,3.5397819667028108,-0.7876028240867206,-0.7876028240867206,0.8173835747941033,0.1020249909876793,-0.0329949737661354,5.65995,0.0216504289372783,6.5966,2.6984,0.9993417768288482
TCGA-DD-AAVQ-01A,0.33268439983881803,0.9865953186262137,0.9592724152015382,0.8498830497921819,0.5890726732036173,2.2431670623550994,-0.7928023679102064,-0.7928023679102064,1.0927924843798695,0.104199314973147,-0.0130031384608384,3.74355,0.0448072940945795,5.979899999999999,1.7612,0.9963356592795743
TCGA-FV-A4ZP-01A,3.3532830744579347,0.8851717232907601,0.8765230680269298,0.8113446375852353,0.7987786613772919,-0.6165160994777868,-0.8088170800908145,-0.8088170800908145,1.335972291249797,0.0788369335185928,0.0030491776389031,2.3120000000000003,0.0938051987820291,3.4507666666666665,0.9663,0.9898912419118052
TCGA-DD-A1EC-01A,2.552283798036867,0.9862655022127989,0.9433912041817539,0.9037035167329477,0.9607379668914275,3.1133892437295523,-0.8261128266564604,-0.8261128266564604,0.8022572185914598,0.1083508948042062,-0.0500239235196469,4.57545,0.0292512448830139,6.8228333333333335,4.4369,0.999882447267188
TCGA-K7-A5RG-01A,4.664763641932452,0.9790903124842243,0.94161821149554,0.9022526236671323,0.8785965459497118,3.0376256502695043,-0.836039828122759,-0.836039828122759,0.763014476280825,0.0920513049588955,-0.036193810716873,5.583349999999999,0.0279896937385442,7.206333333333333,3.8216,0.9997462392796715
TCGA-GJ-A3OU-01A,1.7854235517559194,0.9266427718040623,0.9801253485942264,0.887173432203469,-0.9448062659689223,3.603105072094511,-0.8398165872197978,-0.8398165872197978,1.0220008054000786,0.1632079971603045,-0.0307294212975851,1.75905,-0.0051216469709148,6.070783333333333,3.6891,0.9983015979464396
TCGA-FV-A495-01A,0.193354852594512,0.9577128241371767,0.9616366604099453,0.8117157745357049,0.03265584747556949,1.4146007075291671,-0.8414021694185932,-0.8414021694185932,1.583879577296841,0.1457201690282471,-0.0046676301035135,2.2868,0.0729482252271045,4.4024,1.0199,0.9995585524539752
TCGA-ED-A627-01A,0.693529912689624,0.9798626886768641,0.9777633980269145,0.8667337891680362,0.033073105480575515,3.0731725320218803,-0.8540106845764724,-0.8540106845764724,1.4116407729522746,0.1976950248878068,-0.0402017835262387,4.241,0.0309880925435764,5.6734833333333325,2.3313,0.9995730579016012
TCGA-K7-A5RF-01A,2.4273773304383965,0.972372827166103,0.9553554628520552,0.8417236460045284,0.4358199249669188,1.9609491454994612,-0.8559284386185385,-0.8559284386185385,1.1087940888175198,0.1643039488407907,-0.0408183433050107,2.32785,0.0156975531715616,4.6361,1.8107,0.9998590535626718
TCGA-DD-A4NR-01A,3.486858361402375,0.9019267336395913,0.9562121288609249,0.8852663304932475,-0.8046424557228249,2.9906585907754133,-0.8748934028813454,-0.8748934028813454,0.9658741203071014,0.1124487764098065,-0.0348793961686288,4.4419,0.0384642373384391,6.42495,3.1207,0.999461099091362
TCGA-5C-AAPD-01A,3.320914503515402,0.9856109175963788,0.95547401930864,0.8582004438685744,0.6622825978724447,2.3457111872329155,-0.8799476894445383,-0.8799476894445383,1.2193073033254704,0.1185837273726828,-0.0256034760128048,3.2426000000000004,0.0613906034529453,6.3501666666666665,2.618,0.9978495171338332
TCGA-BC-A110-01A,0.8641832526772109,0.9641341477779461,0.9741501031823613,0.7985661212729717,-0.15347964867759156,1.4071325884740185,-0.8910913181835188,-0.8910913181835188,1.41270272091544,0.1979061531401836,-0.0412804787506763,2.0743,0.0315204901357012,4.454483333333333,3.2128,0.9994184591329408
TCGA-2Y-A9GT-01A,0.2291487160490147,0.906628300267555,0.9467375557789005,0.8252393693102461,-0.49807294376873584,1.374047737145906,-0.8912224913820731,-0.8912224913820731,0.878174116363564,0.12021355794857,-0.0344250558896772,4.0221,0.0196814902021504,5.841716666666666,2.0264,0.9997971499309232
TCGA-DD-AADS-01A,0.0,0.8973429585878474,0.8378423030853746,0.8275484581456615,1.9287334219912375,-1.160051589602177,-0.8918146194021074,-0.8918146194021074,0.8284037604057142,0.0695037106264944,-0.0130431196857711,2.5804,0.0377221508340119,4.5599333333333325,1.0437,0.9993358048040476
TCGA-KR-A7K8-01A,0.13358569256453035,0.8917007420869302,0.948058504169363,0.8544236345993123,-0.7880029712311678,2.0819505070900903,-0.9045641029230927,-0.9045641029230927,1.1357144546012057,0.1235457782783204,-0.0224722454289025,4.4104,0.0413531851101237,5.842283333333333,1.6028,0.9997827412911696
TCGA-DD-A73G-01A,1.2898781238327979,0.940116445386777,0.9145146757595645,0.7629968046697816,0.8476288614155635,-0.8344796401350932,-0.9179809078535842,-0.9179809078535842,1.4348734942581505,0.1072206435805029,0.011133574502372,0.77535,0.0734659203395208,2.4909,0.5534,0.9967040506339436
TCGA-2V-A95S-01A,8.954843230959787,0.9055950998704292,0.9340397768385046,0.8996714923818766,-0.2142364291201126,2.7977103264594323,-0.9432718320886048,-0.9432718320886048,0.7946998556380055,0.0833008639564724,-0.0506267415986813,4.95085,0.0540927720327444,7.934699999999999,3.6541,0.999783951755772
TCGA-BD-A3EP-01A,1.5191938601784263,0.8942702811853198,0.9706951385733756,0.8175773077332974,-1.281402813164717,1.7657278351588277,-0.9492515299065382,-0.9492515299065382,1.3802601664931875,0.1529194482310635,-0.0206362252801591,2.2829,0.0499409895676388,4.5458,1.3802,0.9956590602660984
TCGA-DD-A4NS-01A,7.811227608493071,0.9783330809228129,0.9776410171685046,0.8344261774015926,0.009488822155657495,2.321349176315864,-0.9534742799879804,-0.9534742799879804,1.5952091440423597,0.2023779578453633,-0.0220824562944767,3.6002,0.0409186025061786,4.980049999999999,2.0069,0.999276205701502
TCGA-CC-A7IJ-01A,0.10411378967169026,0.8471940363807697,0.9811082198633312,0.8528184906598759,-2.344190739262028,2.830086615644646,-0.96447635527717,-0.96447635527717,2.179197980608243,0.2253288175213958,-0.0233451495589479,4.9512,0.1103560527615842,6.283566666666665,5.2538,0.9991950424718798
TCGA-DD-AACI-01A,6.799275057574532,0.9024719403638077,0.9324342929522392,0.8458080221672528,-0.23017829743442536,1.5109633328315832,-0.9719499584829532,-0.9719499584829532,1.0007671684974284,0.1059730270539946,-0.0227505661623152,4.08715,0.0378459339584075,4.958483333333334,1.8378,0.9984852288933892
TCGA-UB-A7MF-01A,7.804187785942896,0.8918134854527404,0.9141788932793022,0.861650989168784,0.019014692533103672,1.4444211607145034,-0.9732990116148866,-0.9732990116148866,0.8377734788041299,0.0814922971516802,-0.0417593467707064,4.0207,0.05313950902701,8.0176,3.5848,0.9999122095871128
TCGA-ES-A2HT-01A,0.7106350091256984,0.8882881518501691,0.9577342407873985,0.8297238628906052,-1.0770279400968188,1.739310709605871,-0.9893892028900892,-0.9893892028900892,1.2779222019256788,0.1416493307571225,-0.0202942175126633,0.6399,0.046646174813777,3.4480166666666667,0.8378,0.999390352427526
TCGA-ED-A4XI-01A,2.2837870560783005,0.9589075672674037,0.9703341150410665,0.8294714523701348,-0.15332500173041252,2.032864422283578,-0.9925666701203856,-0.9925666701203856,1.2900881885369415,0.1690433502529061,-0.0235718835186428,2.341,0.0247807329640839,4.683133333333333,1.243,0.9994158879089988
TCGA-DD-A114-01A,6.959696694449386,0.9630588789607417,0.971548745060785,0.860292646627141,-0.11028816339104108,2.776186071561126,-0.9933327619745032,-0.9933327619745032,1.3491134775108666,0.1561491249140175,-0.0339986565549896,4.2521,0.0555765406311466,7.085566666666666,3.812,0.9979960453162996
TCGA-DD-A73F-01A,0.6559158235159621,0.8795884025779527,0.9256811642091062,0.8676265745274782,-0.4660431447268208,1.8562627832203213,-1.0001471837795992,-1.0001471837795992,0.9600823353466812,0.0967228711096445,-0.0217310278584557,4.1088000000000005,0.039934511574142,6.320666666666666,1.9008,0.9998301765206548
TCGA-DD-AADN-01A,0.0,0.8898396351826611,0.8381130707346064,0.8939651449116843,1.7923439224058466,0.38597239099573644,-1.001556602728304,-1.001556602728304,0.8254242350831711,0.032507204623168,-0.0092527004359146,4.4567499999999995,0.0693771938089564,4.883033333333334,1.2254,0.9993799278444572
TCGA-DD-AAD1-01A,1.163220246048662,0.9549615494640484,0.9763246580602328,0.8114278395716127,-0.3640192887449505,1.7569500133569738,-1.0036933737424103,-1.0036933737424103,1.539890766923616,0.1785052975772056,-0.0189227493868024,3.29605,0.0513364483595151,4.856433333333333,1.912,0.9979041531387192
TCGA-2Y-A9H6-01A,4.7244026839549145,0.9400508186514547,0.9688380090470049,0.8379421624663687,-0.44436714860519744,2.1936707435388696,-1.0066835901867626,-1.0066835901867626,1.3491398651720017,0.1551689516487067,-0.0074952685528241,1.5722,0.0328250963846428,3.5948166666666665,0.7533,0.9988680739726604
TCGA-UB-A7ME-01A,0.5247585581500137,0.9919632490282195,0.9536949075795054,0.810589275731383,0.8145793100771972,1.1997715270083613,-1.007992079676416,-1.007992079676416,1.281852855491694,0.120819344519274,-0.0080332769045139,3.18945,0.0559745723228736,5.5023,1.2235,0.996892996384516
TCGA-DD-A3A9-01A,2.511196755225153,0.9317179060023222,0.9686383752717235,0.7992195840648564,-0.5839469684865142,1.2913078054895455,-1.0172641636031434,-1.0172641636031434,1.711491139537883,0.1627155389738667,0.0058176770499048,1.96015,0.0696984231989661,3.4268,0.6185,0.9922303731601828
TCGA-2Y-A9GX-01A,2.2036753317911573,0.9285291197603783,0.9807487260917519,0.8571571470506298,-0.9269482895694874,2.922117527750526,-1.0288444021145815,-1.0288444021145815,1.4040241336231316,0.1916760745272823,-0.0315538772343266,2.9715,0.0282860363303227,5.2033,2.0532,0.9990049285663022
TCGA-FV-A3R3-01A,8.276999135360722,0.9655442812189745,0.9758045394119904,0.8158291311655943,-0.16837012434669796,1.8466160055440484,-1.0408074451511398,-1.0408074451511398,1.477986733525674,0.1893512841056868,-0.0125743456499396,1.7455500000000002,0.0261406218491151,3.7320166666666665,0.8869,0.9973351789008378
TCGA-MI-A75E-01A,2.370375106862116,0.9578339811870025,0.9654534134316052,0.8231144466693965,-0.05594142334279684,1.769526366224766,-1.04157830105008,-1.04157830105008,1.4072293227056685,0.1531636993908653,-0.0124260440724777,1.9506,0.0469809558454182,4.07245,1.3335,0.9993326480247984
TCGA-G3-AAUZ-01A,4.264538298456983,0.888656671210056,0.9440451768938819,0.7987465480524191,-0.7453586172424804,0.6959460623681611,-1.042602433861562,-1.042602433861562,1.2434463579879638,0.1132235009625665,-0.0108267870998282,2.1556,0.0586440821835996,3.9146833333333335,1.0928,0.9998100912356904
TCGA-MR-A8JO-01A,0.7238804652971916,0.9273343766301514,0.980207190793288,0.8444954874608063,-0.934772648688601,2.615742280369137,-1.0436087347880965,-1.0436087347880965,1.691532284220384,0.2003833573550014,-0.0217128586748603,2.33345,0.0580413552047573,4.251499999999999,1.6355,0.9968936341595804
TCGA-BC-A10S-01A,2.4254977261700246,0.9345348074107729,0.9638831140421328,0.7917220567531033,-0.422162058855432,1.0045123614075107,-1.049889717450706,-1.049889717450706,1.3010604133020267,0.1517964898886715,-0.0140189773874489,1.51165,0.0329697819776052,3.508166666666667,1.1053,0.9995080918390834
TCGA-DD-AAEK-01A,0.10308343008948613,0.8266225789624245,0.9542586244085564,0.8227311566197931,-2.0624683056377475,1.4946249935967586,-1.0516370155381156,-1.0516370155381156,1.1398572493768386,0.1331327266325594,-0.0157000878238724,3.2070499999999997,0.0272879534518947,5.423616666666667,1.5304,0.999304370992912
TCGA-G3-A25V-01A,0.9512860242102668,0.9239840476551062,0.965438880704669,0.7989325839545436,-0.6418670857166664,1.208626863922586,-1.0524306097824851,-1.0524306097824851,1.2902919904247867,0.1633264119634466,-0.0277142304256421,1.72095,0.0308560085329274,4.85675,1.8213,0.9995297243569446
TCGA-RC-A6M5-01A,1.590114494176418,0.9094721254648561,0.9795646912866357,0.7911312291644463,-1.2288742316625123,1.3634503397914397,-1.056718893197682,-1.056718893197682,1.7372009558676451,0.2118538426588276,-0.0203210841122503,0.8718,0.0546147889578896,2.584333333333334,0.7585,0.998401373685953
TCGA-DD-AAC9-01A,2.399412848509985,0.9087401349554917,0.9717055455356227,0.8054111206466197,-1.0547989745190445,1.5077160826103466,-1.0593971318967963,-1.0593971318967963,1.3670280018505678,0.1611758184654832,-0.0161524440645462,1.2331,0.0368807927334352,3.59,0.8444,0.9994626936548128
TCGA-XR-A8TD-01A,2.1501897458472587,0.9222508287478757,0.9714646082206282,0.858104153929284,-0.815072412255335,2.7234558249017455,-1.0639082402575006,-1.0639082402575006,1.2622265445776018,0.1501996001620119,-0.0338930804605163,4.31795,0.0467411611138043,6.795933333333332,2.1265,0.9997771361194948
TCGA-EP-A3RK-01A,0.08557586726143371,0.8407188651622999,0.9365080457765603,0.875082033419153,-1.3965262254265942,2.286360057676105,-1.0642320095304394,-1.0642320095304394,1.18568498918168,0.1080541754259175,-0.0059052916427789,3.7327,0.0484160996897246,5.460766666666666,2.2901,0.9995098939471716
TCGA-DD-AAVV-01A,2.1366219884832898,0.9111144765847173,0.9665303649856125,0.8490977726173851,-0.8907007295842824,2.397430921383508,-1.0651732307354715,-1.0651732307354715,1.3165146294295955,0.1547095029450663,-0.0277891305791728,1.7285,0.0457605163767018,5.420333333333333,1.6539,0.9963521200496224
TCGA-CC-5260-01A,11.138151041891993,0.9975768590034834,0.9718034502223509,0.8154692124604791,0.4815007674763754,1.7431968454549969,-1.07178653475885,-1.07178653475885,1.7779575390291011,0.1722480598854397,-0.0165301804445849,2.46845,0.0915508092223418,4.611783333333333,1.7749,0.9931897458255022
TCGA-DD-AADI-01A,0.03741730568174032,0.9486613828731049,0.9552499093616766,0.8381683970810125,0.02765282820806092,1.8760275251946577,-1.0749791911149065,-1.0749791911149065,1.3943263561823112,0.1310824277427432,-0.0007812594158026,3.2738,0.0548535543404485,5.9623333333333335,1.4089,0.998292694083194
TCGA-HP-A5MZ-01A,2.5179545269776638,0.8795799888939371,0.9759521613224476,0.8513320731504386,-1.6607545159729744,2.6731093632340244,-1.0753751072284998,-1.0753751072284998,1.3744216133715903,0.17533875499026,-0.0203825067404128,1.87065,0.0287181472529697,4.985216666666666,1.3579,0.9990042986836551
TCGA-DD-AAVR-01A,5.856772160130528,0.9449526309589917,0.9725775091517935,0.8598467213743098,-0.4483291376929254,2.790295210195352,-1.0823421656084993,-1.0823421656084993,1.3013901183250145,0.1523167474796445,-0.0133643418887014,2.2623,0.0321884046208503,4.3598833333333324,1.1152,0.9990660617414464
TCGA-DD-AAD2-01A,5.152741665524906,0.9452942265300285,0.976856249913951,0.8329752843357769,-0.544086471090171,2.269068310901953,-1.0847413129807282,-1.0847413129807282,1.5746943850298942,0.1798219486487771,-0.0170580661094911,1.56925,0.0538085200503934,4.04895,1.7744,0.9993360886117264
TCGA-DD-A1ED-01A,0.7491876150149649,0.9054688946101941,0.9356789154608328,0.8172921773305437,-0.25537233421532574,0.9270445393896238,-1.0878490716315452,-1.0878490716315452,1.1029146003350034,0.1484723547317602,-0.0267250237717571,2.008,0.0177366079641971,3.5858999999999996,1.442,0.9996710947673028
TCGA-G3-AAV0-01A,0.13240116577477484,0.9132616487455198,0.9121596091155383,0.7602371163126375,0.4384739215018608,-0.9544136595381632,-1.0922910609028529,-1.0922910609028529,1.2258176869478683,0.1068788338658328,-0.0039231041688268,1.18405,0.0550352565965329,3.3135166666666667,0.8616,0.9994590059754508
TCGA-UB-A7MD-01A,0.43806792181785137,0.886573443047773,0.954170663166574,0.8212466088179148,-1.022046607723528,1.4581218533686768,-1.0930777540300798,-1.0930777540300798,1.24310562345221,0.1429448480322082,-0.0317656844022875,1.2493500000000002,0.0503020485902472,4.5236,1.7022,0.9993880880190922
TCGA-G3-AAV3-01A,0.29313899898099005,0.8463577161896108,0.9478764626424782,0.8619164876421679,-1.5690052168055488,2.2513148352254477,-1.0933093854664704,-1.0933093854664704,1.225446240451988,0.1230380249282089,-0.0113211031561835,4.2387,0.0475192221174951,6.006566666666666,1.959,0.9996643503272338
TCGA-2Y-A9GW-01A,4.917537891312718,0.9401854375957056,0.9629208945428847,0.8378000646918815,-0.3014300271729775,2.0497712473862926,-1.0933144782326498,-1.0933144782326498,1.1278823767757198,0.1545495888364244,-0.0282187045632778,0.7658499999999999,0.0187382929596268,4.8479833333333335,2.2935,0.9983052045561672
TCGA-HP-A5N0-01A,1.433699505263229,0.8584094771736753,0.9655084848178895,0.7552309743233061,-1.7792535299416197,0.19724392533761204,-1.0935317406379728,-1.0935317406379728,1.4509082277269345,0.1630357169875912,-0.00452666528475,0.71955,0.0370296957534745,4.139466666666666,1.0693,0.9995965202044114
TCGA-O8-A75V-01A,1.972838549082031,0.9000269237888501,0.9576172140915442,0.8286169960156532,-0.8709349773629135,1.710871835142481,-1.0940823613116588,-1.0940823613116588,1.235177277886035,0.131143491922494,-0.0129395765922156,2.58715,0.0433258279901515,3.9069166666666666,0.845,0.9980135101561756
TCGA-5R-AAAM-01A,0.16003193092913504,0.8525232638363033,0.9745922040333671,0.8226114953360145,-2.097053104707299,1.9750282756306419,-1.096242275895368,-1.096242275895368,1.4237199133986351,0.1807659446204199,-0.0179795992770481,1.72615,0.0290980624027826,3.961383333333333,1.7425,0.9994801574326412
TCGA-DD-AAE4-01A,0.0,0.8509044710316859,0.9345147675452082,0.8399062902571408,-1.172749179544801,1.4235939722720947,-1.0976494970603905,-1.0976494970603905,1.1676955377804008,0.1049407854290994,-0.0072487095197023,3.43255,0.052112547982313,5.132599999999999,1.7263,0.9999086581212996
TCGA-ED-A97K-01A,10.713969409424417,0.997698016053309,0.9651428720033899,0.8016539433067273,0.6418713053082181,1.2646761526885522,-1.0985151748616122,-1.0985151748616122,1.5985223989421242,0.1686909513100061,-0.027964575280533,2.0238,0.0782639531853785,4.056133333333333,1.9452,0.9991821317988292
TCGA-2Y-A9H1-01A,1.2408485318652245,0.914091237989466,0.8386278352202933,0.8100414514165839,2.200142522342929,-1.5472112402479392,-1.102829549004664,-1.102829549004664,1.0258265883935307,0.0835439022784239,-0.0021547514399253,1.9212,0.0458574463895456,3.701,0.7499,0.9995153957224202
TCGA-2Y-A9H8-01A,0.9319966035643663,0.9541370084305114,0.9177501197037771,0.8402821014765081,1.013578626371231,1.033935260826469,-1.1076150770909956,-1.1076150770909956,1.0792871720698929,0.0930853189515306,-0.0117268041121938,3.10375,0.0540514978662309,4.838466666666666,1.1444,0.9994870512178464
TCGA-2Y-A9HB-01A,0.35703802747957686,0.9021825096336681,0.9512587636167826,0.8281654616401448,-0.6825080419416943,1.549312105210157,-1.1076903214055265,-1.1076903214055265,1.0523931857453312,0.1198549123263507,-0.0223784362067491,2.9078,0.0351106912771736,5.217783333333333,2.4227,0.9999190150250558
TCGA-DD-A116-01A,0.2689635782371956,0.8925017248052232,0.9316457012958604,0.758055167591237,-0.3841206028637604,-0.541954224339966,-1.110119133959601,-1.110119133959601,1.5551473548195482,0.1372728173056579,0.0015673387453041,1.11175,0.071990779415372,3.5056666666666665,0.4312,0.9987478048829104
TCGA-G3-A5SM-01A,1.3853863733087384,0.9119945479327578,0.9682153964298443,0.7730605056063181,-0.9154987458713411,0.674869212641448,-1.1155479461691036,-1.1155479461691036,1.3361306133750166,0.1622281819542371,-0.0274147752238196,1.11475,0.0434514496698649,4.4584,1.6029,0.9988681843552024
TCGA-DD-AAE2-01A,0.32815314460513334,0.8928248102714255,0.9495943839424075,0.7862905562940901,-0.8050308135368622,0.5390697492772242,-1.1173805554370342,-1.1173805554370342,1.0405621706909112,0.120119636191904,-0.0297973557807026,2.9679,0.0401716006845971,5.62685,4.2018,0.9998856362712596
TCGA-DD-AAEH-01A,0.16395371310461881,0.8472024500647853,0.9447006793667403,0.8767946855432343,-1.4789100536477142,2.520738282209164,-1.1199945782263452,-1.1199945782263452,1.089167783596569,0.1043019868815942,-0.005538418337094,4.26495,0.0369395441090926,5.482283333333333,1.706,0.9997009322227676
TCGA-EP-A3JL-01A,2.896331404196337,0.9051323472495667,0.9592846532873796,0.8549125631260015,-0.8221330886841709,2.3600458557591,-1.1236871440457563,-1.1236871440457563,1.2935218368667984,0.129864479565279,-0.0142868302549032,2.2217,0.0532243450524658,5.207466666666667,1.3463,0.9982648183313108
TCGA-DD-A4ND-01A,5.6816304671793745,0.9707321587830448,0.9760523606502706,0.8205052697707552,-0.08440645238777855,1.9609013507931576,-1.1249796501857112,-1.1249796501857112,1.5483428318834316,0.1914718144599888,-0.0291529650270498,3.04055,0.0503246767258571,5.30365,2.2907,0.9983499473927824
TCGA-ED-A7XO-01A,0.3048782915329743,0.9331953489154762,0.9577587169590805,0.7692930448748511,-0.2998299729057252,0.33905950604279755,-1.1275994467388937,-1.1275994467388937,1.4392270613824485,0.1413116379584122,-0.0195691261545593,1.97735,0.0695809849006759,3.7213,1.2385,0.9997798021124228
TCGA-DD-A115-01A,1.428962880777784,0.8944755750753025,0.9583300825917818,0.7753490276585838,-0.9840222743874031,0.4930189307585105,-1.1289841017342508,-1.1289841017342508,1.4746858346075091,0.1444194797058653,-0.0121876917187928,1.54535,0.0681261544359402,4.128183333333332,1.402,0.9998654081346464
TCGA-BC-4073-01B,3.793885540725046,0.9231864304104194,0.9553807039041022,0.8608255132814677,-0.41667394197954616,2.404344904998644,-1.1305016089411897,-1.1305016089411897,1.16156113696677,0.1348222264502839,-0.039718567864325,3.6754,0.052372183580019,6.3237,3.6862,0.9995228120588387
TCGA-DD-AADK-01A,2.130889027218122,0.955044003567402,0.963382117403017,0.815859046486539,-0.055043807310637405,1.5521213958693738,-1.1336148015857614,-1.1336148015857614,1.6166807804799366,0.1531242803081397,-0.0011575539141603,1.3183,0.0679609782729562,3.948733333333333,0.5359,0.9975688044238918
TCGA-FV-A3I0-01A,1.6369862081976605,0.9983980345634139,0.9549187161636048,0.7446961070818913,0.8969471449098028,-0.2986020013354822,-1.1343691788061128,-1.1343691788061128,1.7788905127817902,0.1721141119608338,-0.0255634580937956,0.9858,0.0998045348700434,3.6067,1.985,0.9899816966249692
TCGA-BC-4072-01B,7.6769216577071395,0.9910545711545258,0.9548483471700191,0.846961631731181,0.7714326407346888,2.0703193341725363,-1.136256944541718,-1.136256944541718,1.3545576975147684,0.1381953821628382,-0.0288323053928093,3.3049,0.0689674281424746,6.463966666666666,2.6271,0.9990340706107748
TCGA-G3-A25X-01A,6.144661115347963,0.9617379305702795,0.963322456734542,0.8111726244898035,0.06231074800027292,1.4420688432795221,-1.1395780635140396,-1.1395780635140396,1.780096749734286,0.1533419217047484,-0.0058544006036638,3.2464,0.0970110058148961,4.4944999999999995,1.632,0.9961074152143148
TCGA-DD-AACT-01A,1.0393804982011925,0.8588654988473252,0.9542961035464443,0.8242372060586003,-1.504920916485012,1.5304269762158444,-1.1412086685611285,-1.1412086685611285,1.2511779434187884,0.1363116755940141,-0.0200949443975123,2.04825,0.0455765846770082,3.9691166666666664,0.7792,0.9994007044866028
TCGA-BC-A69I-01A,0.20107664798093944,0.8432160465781546,0.9545416301436291,0.8000142097774486,-1.78179920598882,0.9747536314998281,-1.1428031644372578,-1.1428031644372578,1.4047241891244304,0.1519393586239476,-0.0157260921705615,1.3562,0.0524449759196749,3.3693166666666663,1.2562,0.9994203148455716
TCGA-YA-A8S7-01A,0.9607740603176101,0.8703064263718512,0.9620321035586824,0.8285150969536854,-1.4905942481434025,1.8134186423402112,-1.143183528732442,-1.143183528732442,1.4193944992999823,0.1697598872797003,-0.029476428028399,1.9892,0.0515739700869777,4.375866666666667,1.5747,0.9980296866220136
TCGA-G3-A3CI-01A,0.1170847692604059,0.9143184074578894,0.9328557420333887,0.7796259836998894,-0.0350156281711953,-0.013172504888425307,-1.1467945339566683,-1.1467945339566683,1.0825098358622731,0.1366387627888488,-0.0126805841235593,1.4498,0.0127422689282448,3.3361,1.0551,0.9997802591406646
TCGA-DD-AACB-01A,0.0,0.8270752351624683,0.9117679903686263,0.8615472203992574,-1.0449438279607082,1.384726588663101,-1.1495423843461563,-1.1495423843461563,1.2034664499139065,0.0920770295013056,-0.0079730874799648,4.41025,0.0684629369052507,6.225383333333333,2.2667,0.9990775982805687
TCGA-FV-A3I1-01A,0.028416145196568633,0.9254547596210477,0.9591515641038584,0.8171108156973168,-0.46699228674988474,1.4806097548599015,-1.149716668794829,-1.149716668794829,1.3361688187284722,0.1428462099727015,-0.0207648208221088,1.1318,0.0544636966448491,4.96425,1.7935,0.9982813057419596
TCGA-KR-A7K7-01A,0.7521137659191646,0.9099668500849782,0.8595220721526946,0.8551369280330863,1.6322095703590846,-0.00536367024513873,-1.152443393856194,-1.152443393856194,1.1893572830809538,0.0673152055072943,-0.0078201827685221,3.5646000000000004,0.0870584914414012,4.724166666666666,1.3389,0.9980755352246076
TCGA-CC-A1HT-01A,4.417837898043159,0.9478216972083396,0.9547320853545298,0.8529531096041268,0.025414520980584387,2.2064437234593157,-1.1525700794249143,-1.1525700794249143,1.485421391365167,0.1492496855526268,-0.0429918650253518,3.9934,0.0890330890429143,7.623983333333333,3.2092,0.997404796005818
TCGA-2Y-A9GV-01A,0.1575482630785243,0.8563363454322109,0.9272399903931027,0.8111651456595674,-0.9058036475636432,0.5844850967832645,-1.1539960950209645,-1.1539960950209645,0.9668279523448156,0.1263741958335376,-0.0250821740592256,1.1614,0.0170375270523772,3.93635,1.434,0.9997960901419832
TCGA-DD-A4NL-01A,2.3420662369506466,0.914522018611069,0.9572324792679175,0.7988157272321037,-0.6107418843889089,1.0109132448523175,-1.1549300705292622,-1.1549300705292622,1.2521144504743225,0.1605229116723923,-0.0222686506350976,1.04415,0.0264723282234909,2.8983833333333333,0.892,0.9995307200025628
TCGA-K7-A6G5-01A,0.30387928248914803,0.9214010466622916,0.9452116194506016,0.7820136002527844,-0.20595318110346095,0.3357810848613268,-1.155171715222962,-1.155171715222962,1.2091562467284802,0.133809061625993,-0.0231620651528084,1.62095,0.044658675374921,4.907500000000001,1.4012,0.9997217054890236
TCGA-ZP-A9CV-01A,2.8299399844179427,0.9036212496003501,0.9591668617111595,0.8285627744964411,-0.8455058352974066,1.7464384734895044,-1.1553115340080524,-1.1553115340080524,1.0721528104387754,0.1312585616475524,-0.0325452323685801,1.8505,0.0356943554259643,4.876666666666667,2.094,0.9997936186042464
TCGA-DD-A39X-01A,0.32848121259309093,0.9325390815622528,0.9480722720159339,0.81480453142324,-0.08102197643538278,1.1638763961664047,-1.1556068838611453,-1.1556068838611453,1.4994796626344482,0.1299020908590533,0.0072068560322527,1.06155,0.0645210701062143,3.16355,0.6132,0.9993543367706044
TCGA-DD-AACD-01A,2.907129292582927,0.9188500176687364,0.9322101830052761,0.8299098987927298,0.0588106520084882,1.137107193551621,-1.1565410659790496,-1.1565410659790496,1.3095521174369011,0.1161104951687309,-0.0050790654670359,1.01555,0.0611545403137319,4.3617,0.5144,0.999186542564698
TCGA-EP-A2KA-01A,6.7355536132580065,0.8945580291786562,0.9116479041513117,0.8526090834132634,0.12669207457276865,1.1746801506211413,-1.158626899292138,-1.158626899292138,1.1650722190688754,0.0930375394331946,-0.0224403137113471,3.4267499999999997,0.0779248650837414,5.492666666666667,1.4115,0.9997527297222
TCGA-DD-AAVX-01A,5.126827848564311,0.7895434735053091,0.9296149439266203,0.8223497362777488,-2.1190716333494266,0.9001873900637709,-1.1600068448723313,-1.1600068448723313,1.0256205381062466,0.1226481118737486,-0.0342922970845417,1.46605,0.0380719164521396,5.385366666666666,2.2358,0.9998788648600948
TCGA-CC-5262-01A,1.6655526327721166,0.9304642670839854,0.9754702866924585,0.8289909375274613,-0.7680030715547148,2.1437741080113026,-1.1603378272850702,-1.1603378272850702,1.6611366213886167,0.1771997775762187,-0.0230332693819674,2.5873,0.0711399277999766,4.490083333333333,1.5817,0.9992379449252564
TCGA-DD-AAW0-01A,0.4838878369609835,0.946729601023104,0.9691171903802527,0.8398623521295036,-0.33532663424325304,2.2448162685460407,-1.1652552990559153,-1.1652552990559153,1.2870504367144668,0.1578152716749095,-0.0176066983940725,1.90705,0.0284300730761677,4.391983333333333,1.6099,0.999364919456951
TCGA-BC-A69H-01A,1.3916757363706325,0.9863631009473808,0.9210926468990986,0.8273166144083404,1.4922982949527015,0.8128121773582738,-1.1657861276835857,-1.1657861276835857,1.6132145691313236,0.1028229744673251,0.0100785319780762,1.1033,0.1051284501019525,3.5914999999999995,0.8394,0.9926087552549157
TCGA-G3-A3CH-01A,3.081536102517732,0.8731822235684117,0.9469654901276893,0.8125543383759345,-1.0827655524384392,1.0854152630525051,-1.1659106589774668,-1.1659106589774668,1.2730798120991451,0.1276011491215463,-0.0117379517423106,1.76635,0.050859658786879,3.999599999999999,1.4647,0.9995265288323736
TCGA-DD-AADO-01A,0.0929063422097978,0.9512797213387854,0.8783320100903018,0.8716810353692579,1.9007649219283718,0.8251130107170044,-1.1684333450882816,-1.1684333450882816,1.136291100982424,0.0771792567344236,0.0011579125444466,3.29795,0.0633497438698533,4.3880333333333335,1.1928,0.9950066947709282
TCGA-ES-A2HS-01A,0.06005191650932874,0.878691503861881,0.9318399809085861,0.7373631140353338,-0.6279261835511186,-1.0169953597642227,-1.172579061719646,-1.172579061719646,1.4728796004000806,0.121118428497362,0.0162845891945924,0.3035,0.0618906042039287,2.093716666666667,0.278,0.9983671133289812
TCGA-DD-A1EG-01A,0.26039253436491583,0.881599273057701,0.9634731381664593,0.846210944146226,-1.3292480461936378,2.2578646001525158,-1.1734537701636467,-1.1734537701636467,1.2909145536003055,0.1433814139069018,-0.0227216536108861,2.07525,0.048324537966519,5.485733333333333,1.9881,0.996461450483265
TCGA-DD-A1EK-01A,2.3521078845995507,0.9023541487875881,0.9295545183777807,0.7985334013906886,-0.16378770806992793,0.34667057465111895,-1.1737052600730469,-1.1737052600730469,1.202840950974949,0.1354204547397398,-0.0135842541439179,0.88625,0.0335874028286587,3.6028666666666664,1.9933,0.999709382581391
TCGA-CC-5261-01A,1.2446734290981445,0.983014454709139,0.9762366968182508,0.802785116379947,0.12393904608831896,1.5545148645897195,-1.1740960083593477,-1.1740960083593477,1.6134037650554438,0.1624233844193779,-0.010133446685893,2.4678,0.0680634762404989,4.570549999999999,1.604,0.9901513424027166
TCGA-DD-A4NV-01A,0.5309490781651584,0.9068033048950813,0.9669227486128894,0.7852762399433104,-0.9746929928357613,0.9273227541704436,-1.1758291931306453,-1.1758291931306453,1.420393537161547,0.160745697099216,-0.0151046434861998,1.2918,0.0448670349881464,3.584333333333334,1.7815,0.999840891742474
TCGA-BD-A3ER-01A,4.094793440943769,0.91120702710889,0.9668753260302556,0.8032338461941168,-0.8972949256756504,1.3424669922283092,-1.1784622458920335,-1.1784622458920335,1.4036490975694835,0.1743324581629944,-0.0250441707042868,0.7251000000000001,0.0387183478852823,3.5746,1.6164,0.998667539578624
TCGA-2Y-A9H2-01A,6.110969266484669,0.9955542093661129,0.933932693587396,0.8016595524294045,1.3463737324302556,0.523173641483838,-1.1789429352452865,-1.1789429352452865,1.469080872010755,0.1319454279356519,-0.0192543627382155,1.97995,0.082518607619444,4.684366666666666,2.1951,0.996830693129167
TCGA-DD-AAE7-01A,1.473519791317555,0.9234152826156461,0.9586765733971551,0.7929915881856919,-0.4910284580147871,0.9102205420862328,-1.17941275283741,-1.17941275283741,1.3005488743521385,0.1483031206251047,-0.0171107443912992,2.03575,0.0398548055632328,3.9870333333333328,1.2118,0.999484621637345
TCGA-KR-A7K2-01A,2.1230516490450477,0.9292510138489238,0.9528535391779371,0.8168612097381849,-0.25158531585960353,1.3251667442582837,-1.1817442757617065,-1.1817442757617065,1.3744949837675535,0.1291724775401519,-0.0125444396686015,0.50595,0.0663561208797192,3.718066666666666,0.8178,0.9986178300934406
TCGA-G3-A7M5-01A,0.21853556635300417,0.8873660120820503,0.8590203106332139,0.7576999231550193,1.2526927530994874,-2.2759514690316793,-1.1823222140053868,-1.1823222140053868,1.0576159604629531,0.0873253052832739,-0.007633954427548,1.1049,0.0514268324665697,3.40325,1.0448,0.9999147455823514
TCGA-DD-AACU-01A,1.679435742222416,0.9521076278459286,0.9512350523254658,0.8008920374764184,0.1827439146525507,0.9165297259843552,-1.184390843836275,-1.184390843836275,1.3359690227624326,0.1333300861533772,-0.0148889814997424,1.78035,0.05777652866294,4.426083333333333,1.125,0.999266519287654
TCGA-DD-AAD3-01A,0.37181636714260724,0.9157453682669493,0.9697772821353012,0.7841964838279645,-0.8876499719988686,0.9701240914700716,-1.186812177910328,-1.186812177910328,1.4954720014996066,0.1724848755885311,-0.0191417805626743,1.64105,0.0485640120623018,4.916283333333333,0.9855,0.998070883362189
TCGA-DD-A4NB-01A,1.6879773362262023,0.9066535413196022,0.987916419992749,0.8326368672675907,-1.4761494214654634,2.5240410721571926,-1.186997612738263,-1.186997612738263,1.850790858379774,0.2395291217958339,-0.0216141976466895,2.5172,0.045352747599321,3.835283333333333,1.5262,0.9985023095512228
TCGA-DD-AACL-01A,0.5891462360029472,0.8816110522153229,0.8870210510374072,0.8125038562718404,0.48765032792369306,-0.34018597237254833,-1.1889727042779017,-1.1889727042779017,1.2928610332891168,0.1068816237148746,-0.0193773546953612,3.0457,0.0798741644631271,5.7449666666666666,1.6904,0.9970744500904954
TCGA-DD-A4NA-01A,12.677550857351623,0.9919868073434636,0.9596066679210705,0.8003451480153989,0.6745090011440057,1.1027831032510624,-1.191140304001575,-1.191140304001575,1.4364624276939262,0.16146215022616,-0.0334095943827743,0.768,0.0671346636276108,4.528366666666667,2.5221,0.9991395528140444
TCGA-DD-A39V-01A,0.2447535504300618,0.8563599037474547,0.9090748466032427,0.8179708811744755,-0.4737460049206032,0.310597658597117,-1.1923934246076502,-1.1923934246076502,1.3397785717181856,0.1097014777467873,-0.0004748351442122,3.41465,0.0665974376380513,4.790466666666667,0.9444,0.9986142713986044
TCGA-G3-A25T-01A,1.5315589234247253,0.998421592878658,0.9515899568148545,0.7596752691911458,0.9764548835969358,-0.030473223608286748,-1.1995240971352,-1.1995240971352,1.7442667874388738,0.1429832971529388,-0.0020581589823557,1.1891500000000002,0.0991584228107636,3.5776833333333333,1.4227,0.9996335454549884
TCGA-GJ-A6C0-01A,2.4328723122164586,0.8869806653541319,0.9247518345655557,0.814155742900253,-0.31592808937578054,0.5946845836136572,-1.200978748421092,-1.200978748421092,1.2828813251178923,0.1427489054409996,-0.0361781908075086,1.1961,0.0599685588765938,4.940683333333332,3.7938,0.999839148898844
TCGA-ED-A66X-01A,0.2744095156598702,0.9844447809918051,0.9794361913853055,0.816089020516301,0.07268382262943818,1.938937648510021,-1.2041271853531643,-1.2041271853531643,1.5936756091307729,0.1725917154329668,-0.0068714221686153,1.60385,0.0528762537905202,3.8855666666666666,0.7369,0.992790442541265
TCGA-ZS-A9CD-01A,3.307992874869023,0.7839938075285644,0.9595431828507703,0.8001684606510696,-2.9263606530839983,1.097178788967015,-1.208076792295713,-1.208076792295713,1.371887199997018,0.1561823164215312,-0.0234069354972277,1.06725,0.0491649211253572,4.0753,0.6693,0.9991307891275428
TCGA-FV-A4ZQ-01A,0.14165467189012088,0.9059905430191664,0.8641327709932889,0.8646341075792335,1.4537792590659147,0.3243500830329329,-1.2091700323751795,-1.2091700323751795,0.9987136244366182,0.0748571887071922,-0.017640883479786,5.1850000000000005,0.0620093369584637,7.00665,2.7431,0.999367507889491
TCGA-DD-A4NI-01A,0.06400411865758236,0.8799434600434146,0.9470320347194495,0.8397576485061972,-0.9672441718681468,1.717590172302732,-1.2100350150412005,-1.2100350150412005,1.020058315768206,0.1289431430950332,-0.0208750327253537,2.7497,0.0184657699762152,5.035583333333333,1.4694,0.99968836337607
TCGA-BC-A10X-01A,1.415651366890376,0.9517963215373484,0.9662052908304612,0.8153411374926848,-0.17837843402915343,1.6072015864471867,-1.2107520789872797,-1.2107520789872797,1.4470526739298537,0.1872572714997455,-0.0280257178579894,1.80345,0.0343700779479772,3.72825,1.7211,0.999742496459472
TCGA-5R-AA1D-01A,0.7265246450439655,0.9233580695643393,0.98842124103369,0.7831606658402559,-1.1988276750169016,1.3891405079880055,-1.214632530365738,-1.214632530365738,1.8548669969327616,0.2307278015432841,-0.0142589344163109,1.60185,0.0468159143262389,3.3792,1.2593,0.9989262105215204
TCGA-DD-A3A7-01A,0.3545037141098299,0.7785131337607485,0.9048136980894818,0.7620628857440408,-1.7207737703828463,-1.0866482890591918,-1.221671955190571,-1.221671955190571,1.366504278449473,0.0953028989153555,-0.0039190945998778,0.8657999999999999,0.0892824648209997,2.5664499999999997,0.4878,0.998113532734801
TCGA-UB-AA0V-01A,0.9326797519472014,0.9591582950510711,0.9631136443948801,0.7689228427781611,0.02259411932747102,0.457724515053445,-1.225854630107031,-1.225854630107031,1.4537549318422462,0.174399533076971,-0.0164855792079341,1.6873,0.0367008090671305,3.943916666666666,2.1308,0.9997378717149636
TCGA-2Y-A9GY-01A,0.5550814261304974,0.9386962155249297,0.8562881579692121,0.8645275342483684,2.206639773225854,0.13547184581206473,-1.2272675350799658,-1.2272675350799658,1.1332071625416853,0.076345086238544,-0.0173341924270812,4.3919,0.0804533787704675,5.837183333333333,2.4596,0.9991494574364468
TCGA-DD-A3A5-01A,0.09888841133779816,0.7892372154071381,0.9319355909542189,0.788771658224937,-2.1795203593110783,0.17696615175661462,-1.2277529179691005,-1.2277529179691005,1.4267410440832238,0.1225228503453049,-0.0101617538551743,1.7062,0.0788796400343119,2.8765666666666663,1.2884,0.9999051842466242
TCGA-ZP-A9CY-01A,0.4011991055135451,0.9149342891278375,0.9620757017394909,0.7977855183670722,-0.7186886570409374,1.1021193893747152,-1.2279835840004372,-1.2279835840004372,1.2921553281693172,0.1588380552931601,-0.0236287022831194,1.07115,0.0343472798235327,4.0907333333333336,1.2885,0.9998309267022106
TCGA-DD-AAVW-01A,3.6548171437020196,0.9643024214582597,0.9731809997598276,0.8248093365716668,-0.12753685661776193,1.992442153250031,-1.228832407327681,-1.228832407327681,1.4879786876903156,0.1643317990459371,-0.0037224736722496,1.4202499999999998,0.042870899015427,4.0539499999999995,0.9439,0.997491492661447
TCGA-G3-A7M8-01A,0.055387090742327,0.9254513941474414,0.9474511891595035,0.7644299355137864,-0.18902016484299233,-0.018603958303538448,-1.2317363714000304,-1.2317363714000304,1.2183994969331498,0.1402110744159109,-0.0117137178449667,0.3674,0.0299823589539157,2.585733333333333,1.735,0.9998392171187008
TCGA-DD-A1EB-01A,0.0,0.8307705251821563,0.93133592474801,0.7945275529454439,-1.4459259413432666,0.2961426352425307,-1.2352289450136469,-1.2352289450136469,1.151433376091599,0.1268436828951825,-0.0178001213120948,1.73765,0.0406594301100089,4.688266666666666,2.2205,0.9999114096132308
TCGA-DD-AAEI-01A,0.2199487979938642,0.7908206707388897,0.8913954018451975,0.8190786829032071,-1.188758259361368,-0.0838308314878965,-1.237784466792564,-1.237784466792564,1.0292687467849482,0.0930937045537145,-0.0108933829406227,1.2078,0.0438709335329916,4.213816666666666,0.5793,0.999509740233627
TCGA-DD-AADA-01A,0.6894320575661577,0.9549228465175762,0.9554640758638943,0.8329593918215252,0.1310104199964397,1.7603679148520834,-1.237859928512269,-1.237859928512269,1.2279867734112744,0.1260398932848411,-0.0040952258296088,2.11645,0.0371383725986996,3.629266666666666,0.671,0.9974946785128688
TCGA-DD-AAE3-01A,0.08198765094577831,0.7904302758005621,0.9329811824132588,0.7382521599796577,-2.183702790046047,-0.9692687660343715,-1.2382337737073013,-1.2382337737073013,1.4156586280434933,0.1394565964736414,0.003164789141376,0.58815,0.0474022211157339,3.007633333333333,1.2114,0.9998861220934728
TCGA-ED-A7PX-01A,3.942000883761793,0.9957881097817489,0.9797452030527904,0.7944387418363894,0.2618040793627485,1.4444104409703002,-1.2383630579505993,-1.2383630579505993,1.873154963685271,0.1869516116760412,-0.0167388778583936,1.53165,0.0916329679439399,3.648516666666666,0.9994,0.9939384374956366
TCGA-DD-A11D-01A,0.0,0.8838861123731638,0.9346509162501893,0.7513111324257773,-0.6047519874794645,-0.6268746591979484,-1.2383808261687408,-1.2383808261687408,1.236108144225015,0.1416479969719024,-0.020668478790623,0.58205,0.0427976837131783,3.5456833333333333,1.0801,0.9997846075611876
TCGA-2Y-A9H5-01A,1.178117246233587,0.9722449391690645,0.9641722388201263,0.7693771817150079,0.22409611376173633,0.49341131366024843,-1.2402874537877246,-1.2402874537877246,1.4882115675280898,0.1528887514421367,-0.0117469622363492,1.36495,0.0600748583418154,3.6329166666666666,0.5981,0.998115307720192
TCGA-T1-A6J8-01A,1.5975894754761646,0.9460430444074243,0.9534386726572097,0.750493135368697,0.02534351915452593,-0.19939199466592628,-1.2409013805700226,-1.2409013805700226,1.4645768718319152,0.148263745470303,-0.006853339642633,0.8149,0.0544907602541999,3.321816666666667,0.5364,0.9980577946768808
TCGA-MI-A75H-01A,0.1374658207387282,0.8611136352163158,0.9161683471088288,0.836277187885043,-0.5599722175999413,0.9035113796486738,-1.2410503037692158,-1.2410503037692158,1.1555045495646998,0.1057975230276295,-0.0058487201816968,2.244,0.0465579360632169,5.843183333333332,1.4722,0.9995388639346648
TCGA-FV-A2QQ-01A,4.313668960383223,0.9093812576774866,0.9476951859959584,0.7900383850961871,-0.47314823129030914,0.5808175701394075,-1.2426892504580642,-1.2426892504580642,1.2635262607150357,0.1208453771892146,-0.0089630758469805,2.15665,0.050353200789852,4.3033,0.6805,0.9994708143704706
TCGA-DD-AACO-01A,2.456381573269459,0.9097581907213893,0.9183008335666218,0.7913976624916097,0.23186407029219447,-0.08615726583048872,-1.2432749282403035,-1.2432749282403035,1.2993010247415575,0.1040299659923126,0.0062734536573062,1.39165,0.0579451543916868,3.4168999999999996,0.2011,0.9989273055960703
TCGA-GJ-A9DB-01A,0.5105755871311753,0.8847291635115353,0.9613375921872059,0.7726959126323051,-1.2242932972988574,0.5029836961694012,-1.244847109230777,-1.244847109230777,1.494956148407727,0.1637267259688596,-0.0188955139383221,1.0700500000000002,0.0588413547235494,4.074866666666667,1.067,0.9997953443052372
TCGA-ZP-A9D1-01A,2.1207506179618036,0.8946219731771754,0.9690506457884922,0.7886519969411584,-1.2362343151039579,1.0561395989084374,-1.2449373079965813,-1.2449373079965813,1.3383176166489492,0.1591820637788658,-0.027787017244853,1.6058,0.0468133132744218,4.0847,1.1117,0.999474654917536
TCGA-DD-AACY-01A,5.086463484661659,0.8827300721894089,0.9309657226513203,0.8010631157180705,-0.5372047749436145,0.4388450693946146,-1.2473851879291855,-1.2473851879291855,1.2142577842463091,0.1223791546195277,-0.0158084488261708,1.30835,0.0501405227252359,3.341916666666666,0.6111,0.999352321324246
TCGA-LG-A9QD-01A,5.589496887522462,0.8769128510609656,0.9289127837514936,0.7689247124857201,-0.5891743470594095,-0.3549308293344185,-1.2519821457056766,-1.2519821457056766,1.1361599091852852,0.1321193370283745,-0.0287455812413446,1.1785,0.0407764353010107,4.654483333333333,1.1577,0.9997880802685942
TCGA-K7-AAU7-01A,9.068455599285288,0.981819711578912,0.9721537654295491,0.7970787689097549,0.20026718762992357,1.3252165985290039,-1.2540278887239729,-1.2540278887239729,1.807533728801906,0.1859991231062408,-0.0312259767030621,1.20865,0.0976548437129559,4.2101999999999995,1.9885,0.9966054758399474
TCGA-DD-AAVP-01A,0.0,0.9526191798340822,0.9131149446915007,0.7560218606207804,1.097433722640528,-1.0294253449017543,-1.255655885445384,-1.255655885445384,1.4930060311883802,0.1216418094955341,0.0036359799437898,1.30815,0.0740977498228585,4.1798166666666665,3.9721,0.9991421225856748
TCGA-DD-A1EA-01A,0.03151934191891386,0.8444562236020664,0.8570423300091633,0.8211568628550808,0.5565095127613654,-0.8519726299382941,-1.2595579023549546,-1.2595579023549546,0.9086922001703552,0.0865172466372719,-0.0194425675180228,2.80265,0.0423701605831375,5.46275,1.9774,0.999743356968354
TCGA-DD-A3A3-01A,2.124612214191073,0.9450367677991485,0.8704063197475282,0.7522759015262422,1.9809731706670513,-2.1311241740804574,-1.2613189233942586,-1.2613189233942586,1.3340041519179595,0.0983233620806874,0.0023872844589435,0.63195,0.0729212385287706,2.7015499999999997,0.3629,0.9996069336854618
TCGA-2Y-A9H9-01A,0.48267361201573544,0.8446514210712304,0.9205786472937767,0.7543194918882737,-0.949892828072233,-0.8915311674533258,-1.2625949191687948,-1.2625949191687948,1.144574704586866,0.1102040582076101,-0.021479865845462,1.33335,0.0574619171832241,4.212383333333333,1.1213,0.999813431236708
TCGA-MI-A75C-01A,0.16655943187983543,0.8796203745772123,0.8680061251619634,0.7788350974024153,0.9050149551676541,-1.5724962711017836,-1.265326341437106,-1.265326341437106,1.0993578287692438,0.0772312038097417,-0.0123981280313607,1.28225,0.0717717894929892,4.06935,1.0431,0.9998294539345876
TCGA-CC-A7IG-01A,2.003486663212183,0.9252309556262306,0.9242156534296471,0.7868888627129832,0.35929682099119487,-0.0501236768966221,-1.2662477249743798,-1.2662477249743798,1.7260995543448574,0.1278566265017142,0.0019072946013366,0.3425499999999999,0.1072497168553131,3.0727166666666665,0.661,0.997093197485478
TCGA-WQ-AB4B-01A,1.4996536776106903,0.9177966244299729,0.952061888000098,0.7726454305282111,-0.4311603786311516,0.2813993622061914,-1.267227001475213,-1.267227001475213,1.3828492447762024,0.1434220150051076,-0.0158171146500817,0.5614,0.0565516979913359,3.309383333333333,0.9248,0.9982299303560612
TCGA-G3-A3CG-01A,0.9297244022123764,0.9005115519881535,0.9468431092692793,0.8040490386898586,-0.6065214607455187,0.8853477999174726,-1.2725003949309623,-1.2725003949309623,1.2666358690404833,0.1458106970974343,-0.0310040278879857,1.38295,0.0504593291156717,4.56035,1.2061,0.9996813479148418
TCGA-3K-AAZ8-01A,0.2566260586379462,0.7566106315311221,0.9049689688035895,0.7789949573987133,-2.103808357865552,-0.6904602275243474,-1.2727947779730775,-1.2727947779730775,1.02768317205555,0.1008201329259912,-0.0203899667795275,1.6559,0.0471313564837054,5.102283333333333,1.0903,0.9999025822077664
TCGA-DD-A73A-01A,1.1093097945026684,0.9080468473925993,0.8950461758276389,0.8355610898899304,0.7548134059456897,0.3849956288488181,-1.274987210753206,-1.274987210753206,0.9715246635493804,0.0964491017815782,-0.0152408354987215,2.29325,0.0358813187544228,3.939983333333333,0.9943,0.9997957798197004
TCGA-DD-A73C-01A,0.22310494628998923,0.8930502970030458,0.947481784374106,0.8021746568619201,-0.7509247563552743,0.8570747190705211,-1.2750512331288566,-1.2750512331288566,1.3088630600654287,0.139192190628196,-0.0002968882615236,1.85415,0.0349391886476512,3.3422666666666667,1.1305,0.999952374345487
TCGA-G3-A5SK-01A,0.0,0.8397310986588588,0.9262418215166967,0.8328453396604237,-1.1696826792871313,1.063329651480993,-1.2759937089998432,-1.2759937089998432,0.9189373367823628,0.1213062628779391,-0.030680727503345,1.84865,0.0185898843928608,4.600866666666667,1.3178,0.9998708164283884
TCGA-NI-A8LF-01A,0.23347207428964362,0.8932606391034378,0.9543894189509818,0.7747825062681946,-0.9114245074010707,0.38624642499666656,-1.279281441776293,-1.279281441776293,1.4486403331588775,0.1517996647727466,-0.0098918290794367,0.86225,0.055806631494639,3.3457999999999997,0.7972,0.999085310849729
TCGA-BC-A10R-01A,3.805561499817803,0.9395796523465766,0.9689489166999391,0.7446755402987418,-0.45516305735585116,0.03431418642242967,-1.2823196505435015,-1.2823196505435015,1.6643852689833074,0.1847709264717289,-0.0071696246029073,0.4703,0.0534566106113357,3.0177,0.5866,0.994687451097032
TCGA-DD-AAEA-01A,0.1215644652938445,0.8100173321890722,0.8825939234844278,0.8308325994731164,-0.6471323517148772,-0.02051132791365584,-1.2910910678506768,-1.2910910678506768,1.0737810970203396,0.0872158677907629,-0.015600267143267,2.8384,0.0593740457954218,4.7697,2.1752,0.999479964399236
TCGA-DD-A4NP-01A,0.1877138196784655,0.8622225587695829,0.8971121176936716,0.7844021516594589,-0.08794192362340947,-0.7518159009198951,-1.2957966933454417,-1.2957966933454417,1.3169094756621993,0.1309369736571451,-0.0013020054397856,0.6048,0.0429001940713984,2.5554333333333332,0.6377,0.9998578554767432
TCGA-ZP-A9CZ-01A,2.625735108983138,0.9123563363454321,0.9497550088190706,0.8328696458586912,-0.47056731874799707,1.622625706160459,-1.2966198281439494,-1.2966198281439494,1.3301680301951724,0.1188778760535193,-0.0080732565161602,2.54755,0.0612569033546519,5.10885,1.7694,0.9997069356374426
TCGA-DD-A3A1-01A,2.585150316931204,0.8711107745637504,0.8440929054286618,0.7862840123176336,1.3258695572386443,-1.9680630944007562,-1.2982279264399574,-1.2982279264399574,0.99375731536481,0.0847866771874735,-0.0158059411777758,1.4399,0.0493926123123429,3.6926166666666664,1.0248,0.9999455949341408
TCGA-2Y-A9GS-01A,0.34232070919429336,0.9245578609049758,0.9494941846145845,0.7999366169137486,-0.25304262391928406,0.8530149364689072,-1.2984362620080985,-1.2984362620080985,1.3946018290032072,0.126042223842496,-0.0088354634172262,0.984,0.0660084425370727,4.7546,1.3823,0.9994923419654942
TCGA-DD-A4NK-01A,0.032596527762029925,0.8617648543591298,0.9371681375316087,0.7350802011057451,-1.0477012625669517,-0.9433046003120911,-1.2993611970798673,-1.2993611970798673,1.1940898780419495,0.122139113143238,-0.0089022891218739,0.6338,0.0415662717044183,3.445266666666666,1.1596,0.9998485906628034
TCGA-DD-A3A2-01A,0.07516340016574381,0.8739327241826105,0.9224036518448151,0.7573802031624234,-0.48611589047075915,-0.7772148172860613,-1.3051868032507,-1.3051868032507,1.1741943266156696,0.1206945543858232,-0.0014769773462598,0.6405000000000001,0.0319834335142565,3.4660499999999996,1.0494,0.9999679152932124
TCGA-RG-A7D4-01A,0.22710464844297729,0.906562673532233,0.8934215699322469,0.8531896276103453,0.7677126791435895,0.7550339530474872,-1.30580332953238,-1.30580332953238,1.053706182582324,0.0655684384562604,-0.0127008583305078,4.4777,0.0748973782274422,5.866416666666666,1.7702,0.9988185602169732
TCGA-BD-A2L6-01A,0.045632843473034465,0.8330691436552409,0.9282817574503173,0.8093674218415498,-1.3335398223992483,0.5675674887155171,-1.307544783792859,-1.307544783792859,1.301457202132688,0.1064263140339393,-0.0019684942608375,1.58465,0.0655085623537098,3.6507,0.8507,0.9998553092282826
TCGA-G3-A25Y-01A,0.5814042216964396,0.9857808740134957,0.964427708862057,0.8024887677318391,0.45246395321900856,1.267033945145107,-1.3079744986134163,-1.3079744986134163,1.6617925998461691,0.1608214047403035,-0.0152944332883967,1.73005,0.0823843843399714,5.0337499999999995,0.9727,0.9981117403621405
TCGA-DD-A11C-01A,0.06294788185403477,0.8490164403385666,0.9598797302113976,0.7629603453723804,-1.808184791805585,0.24266328614016985,-1.3080172153472296,-1.3080172153472296,1.4612121861229614,0.1412647918445143,-0.0120482550356043,0.75815,0.0682930616394503,4.078616666666666,1.4848,0.9991884241113268
TCGA-2Y-A9H4-01A,0.912548715047252,0.8863546872633652,0.9086380999147924,0.7655442812189744,0.0561331180349392,-0.9150694350321744,-1.30866099708447,-1.30866099708447,1.2699753610929332,0.0995475215822397,-0.0056868055802965,1.30485,0.0706489730904983,4.125483333333333,1.372,0.9997858569915292
TCGA-ED-A82E-01A,1.299953753919,0.9734514614569136,0.9619953893011595,0.7731913851354509,0.29672016207549046,0.53010004774694,-1.3088714083685158,-1.3088714083685158,1.7977675345154456,0.1734035255790428,-0.0103016811217703,0.7525499999999999,0.0866970896609878,4.186483333333333,0.8499,0.9969652528219208
TCGA-G3-AAV2-01A,0.028827553087882367,0.8125919194978714,0.8848181955860284,0.7643607563341018,-0.6553955624606441,-1.5085254399695085,-1.3092172413586234,-1.3092172413586234,1.3302201955342978,0.1135120518181155,0.0042871251458016,0.2219,0.0577823345507677,3.1134666666666666,0.6463,0.9995325986710636
TCGA-KR-A7K0-01A,1.0815555389862603,0.8818718764198092,0.9507853026708092,0.7775945464369918,-1.0230316718139938,0.3657887874055487,-1.3109658455394857,-1.3109658455394857,1.385272129555141,0.1527612423263385,-0.0219787733266234,1.02735,0.0536671814673376,3.8594333333333335,1.037,0.9993778490654744
TCGA-DD-A118-01A,4.760278646126687,0.9654214414323455,0.9559482451349783,0.7454337067139328,0.30133794555722926,-0.2570396705231591,-1.311618826615791,-1.311618826615791,1.458625403505464,0.1417577517647763,-0.0019060900798073,0.9338,0.0572448489635215,3.1097666666666663,0.6024,0.9980656670760616
TCGA-WX-AA46-01A,0.08662693973384497,0.8686640752519897,0.9321030997541674,0.7879517914602976,-0.807850695769744,0.16194144131850025,-1.314484130466809,-1.314484130466809,1.2055404620808574,0.1445966804114626,-0.0212416992377396,0.8294,0.0312857643752243,3.2753666666666663,1.9202,0.99989711621778
TCGA-BW-A5NO-01A,0.3900193799277605,0.86136268026318,0.929081057431807,0.8084185452553365,-0.8624973862786237,0.5645651829559575,-1.3158412911617234,-1.3158412911617234,1.2734023761338935,0.1140087087923544,-0.0098824325775162,1.32115,0.0617009055262186,4.1634,1.3517,0.9997739340022718
TCGA-RC-A7SH-01A,0.14490562048827058,0.9614299897353055,0.924409933042373,0.7255297348941653,0.9816369824119965,-1.4678588574381295,-1.315841779768639,-1.315841779768639,1.4445484366845955,0.1091521579098208,-0.0075572641814043,0.81595,0.0925348283995003,2.631883333333333,0.4259,0.9952346203357132
TCGA-G3-A7M7-01A,1.4553935330757977,0.907133121308496,0.9348949130866441,0.7860269275282653,-0.20791853892434958,0.18366213987170416,-1.316266056542959,-1.316266056542959,1.3411580260246696,0.1299886456322062,-0.0080092073880374,0.48395,0.0539661162842402,2.6952,0.2943,0.9996788640571136
TCGA-UB-AA0U-01A,2.032494918950642,0.9196526831238326,0.9634249507034606,0.8093945326011559,-0.6690290038254638,1.4032868214915557,-1.3165316026858722,-1.3165316026858722,1.5516218830279491,0.1624694174756714,-0.013426719657592,1.8629,0.0627324998055983,4.715316666666666,1.557,0.99931992890637
TCGA-DD-AADJ-01A,0.3833193971185223,0.8971460783818802,0.8645817557675802,0.806665694418736,1.2899266954230433,-1.0087332881700766,-1.31774557273826,-1.31774557273826,1.304859296489355,0.1000388306867253,0.0031251843859302,0.746,0.0659694108210394,4.178316666666666,0.6302,0.9994147384987108
TCGA-2Y-A9H0-01A,4.197685566901631,0.8655358675349589,0.8850767251494194,0.8258844184181152,0.2554348936844384,-0.07621634089798679,-1.3193632240696416,-1.3193632240696416,1.191141251602873,0.0915203446777158,-0.0229799262544185,3.76005,0.0797990493123587,4.791766666666666,1.779,0.9997093843893876
TCGA-RC-A6M6-01A,1.074166978196259,0.980577851818197,0.9176774560690965,0.7937862138982841,1.4732530093094103,-0.045601829147248224,-1.319477525671426,-1.319477525671426,1.7659081327268442,0.1145306371216355,0.0024834401354421,1.124,0.1250360533333203,3.82595,0.2704,0.9984954046028818
TCGA-BC-A10Q-01A,1.1101043471488639,0.9978528278391977,0.9491767592630836,0.8004161969026424,1.0239476973124602,0.8565891425659838,-1.3199911608448205,-1.3199911608448205,1.6752405208163117,0.1466051415193067,-0.0083281237848172,1.35295,0.0920263126475655,3.4563333333333333,1.0962,0.9993896532438876
TCGA-BC-A10Y-01A,0.24773480507191717,0.8746361081663216,0.916257838111541,0.7862391393362164,-0.32789345375144613,-0.25428252168333654,-1.3200994938891613,-1.3200994938891613,1.1954745352525236,0.0934951986675996,-0.0173020252558789,1.98825,0.0774978138459413,5.1395833333333325,1.7516,0.9999001654018072
TCGA-G3-A5SJ-01A,5.993770954318393,0.9548959227287259,0.9407730186921462,0.8427959232896383,0.47964066940601957,1.639289714735487,-1.3213992852152008,-1.3213992852152008,1.3454399032660418,0.1213001817802645,-0.024234220835345,2.9364,0.0780577340762598,5.660699999999999,2.3229,0.9991837472759052
TCGA-DD-AAD5-01A,1.2593567127031373,0.905061672303835,0.8588306203026783,0.7796661824124088,1.5636839582997468,-1.7712642129568499,-1.3218066773633437,-1.3218066773633437,1.5770910053435507,0.1222620121752868,-0.0134208026688129,0.8544499999999999,0.1024343759710755,3.118633333333333,2.1181,0.998791927464768
TCGA-DD-AAE0-01A,0.8087282356075964,0.9975432042674207,0.9383192824810273,0.750793223431923,1.2765861324103023,-0.5517105564754063,-1.3235029027286267,-1.3235029027286267,1.893670983354189,0.1398983341415438,0.0042357239689726,1.4676,0.1218793534292081,4.642799999999999,0.5155,0.9679342093731376
TCGA-DD-AADB-01A,0.1989699866254731,0.9023423696299663,0.8944312120141288,0.8532270217615263,0.6706266022361181,0.7798924198764828,-1.324800125858819,-1.324800125858819,1.187343126379495,0.0959053616357726,-0.0170562269396041,3.8903,0.0710154624834288,5.851616666666667,1.7956,0.9948932721037772
TCGA-G3-A7M6-01A,0.7813034854163081,0.9947868813838827,0.9492417740941139,0.7569024928810885,0.9693014807439254,-0.15054705244659894,-1.325332401140612,-1.325332401140612,1.812941367255229,0.1512639247492574,-0.0082128444661036,1.83265,0.1103291788778272,4.419549999999999,1.2513,0.9843418475778692
TCGA-DD-AAEB-01A,0.0,0.861288639843842,0.8863900247362312,0.756008772667867,0.15066683660713542,-1.6647802181795996,-1.325701681573771,-1.325701681573771,1.2956556076817507,0.1068007306033439,0.0090656071355693,1.05415,0.0564700816467195,2.62255,0.838,0.999180592259738
TCGA-BC-A216-01A,4.669441699099375,0.9710098103555623,0.885403329065301,0.7939068100358422,2.0744519521453926,-0.8097209541186641,-1.3263125401788565,-1.3263125401788565,1.2438638203060794,0.0961725148628187,-0.0221464961206533,4.4419,0.0863928743509464,4.8985666666666665,1.6155,0.9998207924805624
TCGA-CC-A3MC-01A,6.818425797202827,0.9098928096656402,0.9549699631480641,0.7771832107740028,-0.6371553480782912,0.4556917949882106,-1.3268602563015888,-1.3268602563015888,1.5760849567575448,0.156337629586119,-0.0173699583888223,0.4975,0.0743482944995431,3.4288666666666665,1.2831,0.999030574201064
TCGA-5C-A9VH-01A,1.6762590161084474,0.9557743113399633,0.9695218120933705,0.7846611061563862,-0.18828971620437174,0.9748237818727877,-1.3270977970669997,-1.3270977970669997,1.6180763057423375,0.157570169904062,-0.0090094603056379,1.0527,0.0747487058978303,3.542133333333333,0.7431,0.9969665161536788
TCGA-CC-5259-01A,3.4210015219670837,0.9271778821074594,0.8627391589681456,0.7872515859794369,1.8538535410940016,-1.5025519928376758,-1.3321035653405655,-1.3321035653405655,1.2658419602051951,0.095205370950568,-0.0133425568687931,1.40165,0.0813453960075133,3.5765666666666664,0.5184,0.9910091584552656
TCGA-PD-A5DF-01A,0.520179890203617,0.900296161677352,0.968257464849923,0.8063095151287387,-1.1191110426871747,1.4466064660102353,-1.333706779552308,-1.333706779552308,1.5462505668092696,0.1772123849391464,-0.0245019323567377,0.85635,0.0574875465130206,4.5475666666666665,1.5194,0.999428684985074
TCGA-DD-AACF-01A,1.360916853153011,0.8501119019974086,0.8822910308598633,0.7995813724775309,0.05449142017290787,-0.7521362872327834,-1.3347404999779504,-1.3347404999779504,1.0707477248924868,0.0823969796377694,-0.0153097512785894,1.01835,0.0630565621364717,4.2796,1.8646,0.9998540106737284
TCGA-CC-A7IF-01A,2.777940280862791,0.9595705655678396,0.9315064930694189,0.7686152758846989,0.7808001369532614,-0.3004707342541786,-1.3381105096793455,-1.3381105096793455,1.4551645973733005,0.1148085986970641,0.0044973831635113,0.32225,0.0763410828486638,3.01435,0.8533,0.9995946765434977
TCGA-4R-AA8I-01A,2.117128282074906,0.8979352819425515,0.9338133722504464,0.7392720854531142,-0.34152230232266334,-0.9258511805886687,-1.3381337470716814,-1.3381337470716814,1.25937462262065,0.1241922156133425,-0.0221754590429879,0.8201999999999999,0.0616739724763478,5.008816666666666,2.0508,0.9999066958650266
TCGA-ED-A459-01A,4.432670460070234,0.85104077271274,0.9174487568399428,0.7669774120629792,-0.7648570281515512,-0.6724849358874898,-1.3409492584471008,-1.3409492584471008,1.3586665087173655,0.1300190137479238,-0.0268611825497535,0.487,0.0732369694783785,3.8040833333333337,0.7339,0.9984861215748622
TCGA-BC-A8YO-01A,9.943868234204727,0.8462214145085568,0.8870539408931049,0.8457304293035527,-0.12606944276011456,0.4308130800598228,-1.3413674631604389,-1.3413674631604389,0.9866131960486152,0.086644433038595,-0.028677252697918,4.18415,0.0605812227466968,6.883366666666666,2.8703,0.999760679965825
TCGA-XR-A8TE-01A,0.0,0.9391253134097296,0.9501428031641571,0.7860615171181076,-0.01615139867005544,0.5467922686355193,-1.3435963768838817,-1.3435963768838817,1.5499441673931764,0.1608350122891013,-0.0099753745846471,0.65645,0.0621459611614619,3.7934666666666663,2.1281,0.998811208283234
TCGA-DD-AADM-01A,1.668389753863061,0.8668871051878776,0.9475368557603907,0.8213316805118511,-1.205372258688711,1.3024578896563745,-1.344054851078612,-1.344054851078612,1.4441219168298896,0.122694882027611,-0.0021392891633036,0.80435,0.0706532004584034,3.474533333333333,1.0476,0.9998003122510426
TCGA-FV-A2QR-01A,0.22882842635987902,0.8573375738300772,0.959345843716584,0.743833237043394,-1.6513786923323268,-0.21340427860912659,-1.344852000650798,-1.344852000650798,1.4603240750183777,0.1538036394760078,-0.0111003326876209,1.02195,0.0541224768318983,4.541449999999999,1.2083,0.9993209231060864
TCGA-RC-A7SK-01A,0.11127201748723406,0.9191209382940414,0.9239242340105583,0.7310491116084533,0.2603979593489522,-1.3514568957352862,-1.3457128992617726,-1.3457128992617726,1.4430656815155714,0.1146439839503229,0.0029758955650627,1.1101,0.0746537603371214,2.729816666666667,0.3569,0.9998073379556492
TCGA-WQ-A9G7-01A,1.734340414502855,0.9945075470745621,0.914473372219851,0.7282202440716248,1.7906483881433983,-1.6416085262916402,-1.345820395601681,-1.345820395601681,1.636989600138899,0.1155107099369735,-0.0008167836186885,0.74655,0.1069737153085462,2.7725999999999997,0.3124,0.9986906750912948
TCGA-G3-A3CJ-01A,0.0,0.746039678933818,0.8998427405969432,0.7857810609842514,-2.1650820722637185,-0.6549652373138437,-1.3460985356335695,-1.3460985356335695,1.2190147968294034,0.1166107372727194,-0.0087060421293742,0.5198,0.0507807155366535,3.0628166666666665,0.5522,0.9996699757590995
TCGA-DD-AADU-01A,0.09523866567091731,0.897560031635452,0.8156569480967483,0.7738710238331623,2.4596730384372103,-2.9315157571091444,-1.3471457428551965,-1.3471457428551965,1.1970226744576435,0.1087175223875344,-0.0100151492010125,0.2593499999999999,0.0539784931478802,2.8856166666666665,0.8265,0.9997604295003012
TCGA-ZS-A9CE-01A,0.021752715681547338,0.9154660339576287,0.876931514141873,0.7030100421992996,1.313761595264095,-3.1180895955342516,-1.3483515910696344,-1.3483515910696344,1.2381866778555983,0.1011687283311563,-0.0060357167200286,0.19295,0.0665998705954654,2.8105833333333328,1.5204,0.9999170749708832
TCGA-WJ-A86L-01A,0.32066222312781867,0.8430494556346442,0.8695458293368333,0.759955725325002,0.23503002967198805,-1.9735473762594773,-1.3488129475796369,-1.3488129475796369,1.2201386651168658,0.1037105654141171,-0.0129542094930546,0.2733,0.0655735193747496,3.8248166666666665,1.5364,0.99980560086398
TCGA-EP-A12J-01A,0.11600336116660981,0.6864960371548285,0.8855012337520288,0.7854641455529942,-2.8555702530068494,-1.0031019450927898,-1.3516203730617826,-1.3516203730617826,1.1454820093821385,0.1051912363089094,-0.0168047427543965,1.04625,0.0582996442886432,4.758666666666667,1.7949,0.9997958925271996
TCGA-G3-A25Z-01A,0.06443020674890687,0.7968616958621503,0.9412977266225792,0.7571249880806143,-2.269934526877545,-0.3341600413478667,-1.3533315911829564,-1.3533315911829564,1.3132445429345596,0.1322006041149684,-0.0147990776517832,0.48135,0.0544882881735951,2.9832666666666663,0.6861,0.9996947583872076
TCGA-DD-A1EI-01A,0.603077794154322,0.9199353829067596,0.9692059165025999,0.7969852835318028,-0.8015030498388201,1.2530012121550018,-1.3541572154596833,-1.3541572154596833,1.7172805328221474,0.1779841610926139,-0.012584383985281,1.11915,0.072884151062073,3.7155166666666664,0.9181,0.9971778283782508
TCGA-DD-A113-01A,7.578246549459297,0.9415535026166557,0.9293915988600222,0.8087906170595857,0.5190050696562285,0.5805693407749434,-1.354474350117958,-1.354474350117958,1.3765709030677935,0.1206605664316097,-0.0065403069072851,2.09185,0.0674881112008951,4.379966666666666,1.1757,0.9987689772243368
TCGA-G3-A3CK-01A,0.12082312302840002,0.8620660642468911,0.9024861671385978,0.8198620903704451,-0.21835332857353024,0.1978737043697763,-1.3564752352821028,-1.3564752352821028,1.087617585932589,0.1093137584962601,-0.014111923725795,3.04935,0.0404128031103139,4.985166666666666,1.1898,0.9998910791937182
TCGA-DD-AACH-01A,9.170740574008523,0.8977888838406785,0.939608105896157,0.7808254010990141,-0.4817553575599198,0.17508410382621975,-1.3576607279001436,-1.3576607279001436,1.6208598105165808,0.1322586396709016,-0.0103600839477003,0.6643,0.0980248162313983,3.614116666666666,2.5045,0.9996040483840696
TCGA-DD-AACZ-01A,0.7182874985935773,0.8603395762868729,0.8945176434953809,0.8641442441987648,-0.05890338330995937,1.0350158587549572,-1.3583576419546195,-1.3583576419546195,0.8814214536162823,0.0744646012226704,-0.0188291517364641,3.1564,0.044453122940849,6.0165999999999995,2.1855,0.99813687488819
TCGA-RC-A7SF-01A,0.38372319496993273,0.8913709256735155,0.9115652970718849,0.7657060109228316,0.07345532198255006,-0.8417628308441785,-1.359352633065238,-1.359352633065238,1.326555630913117,0.1223004996524625,-0.0142238875522181,1.289,0.066125282960161,3.6212833333333334,0.8642,0.9991660952314892
TCGA-DD-AACN-01A,0.10469726428540496,0.9858784727480774,0.9563215067531288,0.76609864951023,0.6467781366237967,0.2308592273404796,-1.3605054667529528,-1.3605054667529528,1.557316305582653,0.1636795118450108,-0.0140888144916518,2.091,0.063007901011583,4.72685,2.1083,0.9976355300385013
TCGA-DD-A4NJ-01A,2.789396553823562,0.8654567789052114,0.9557294893505707,0.8091982133074566,-1.4248227252602046,1.21587242364826,-1.3629794027858,-1.3629794027858,1.3188908619611963,0.1301577222066666,-0.0145089941360491,1.2751,0.0602515239010601,4.5047,2.0932,0.9994193450201518
TCGA-BC-A112-01A,3.8774714525417906,0.9185387113601561,0.9660744962880358,0.7914014019067277,-0.7512825544099253,1.0491521032455604,-1.3630467593934257,-1.3630467593934257,1.731251956667984,0.1562603689476164,-0.008511566201692,0.65525,0.0929247988411006,3.6869666666666663,1.1191,0.9883910953128402
TCGA-ZS-A9CF-01A,1.4112178453061461,0.9046510845238697,0.896982088031611,0.7967010879828286,0.649997626081284,-0.46980693450551353,-1.3635036620395016,-1.3635036620395016,1.0594885957108544,0.0934983215153728,-0.0163232602470571,1.19505,0.0579967743316437,4.6693333333333324,1.9038,0.999899061610595
TCGA-DD-A4NO-01A,1.6567222544521865,0.8835394685917176,0.9575935028002269,0.7885491630254111,-1.1559294625662648,0.7815052233363857,-1.3648537105122982,-1.3648537105122982,1.4216163160803783,0.158302674618128,-0.0146656781888465,0.83795,0.0468143617687025,3.65545,1.1006,0.9978543102908334
TCGA-DD-A39W-01A,0.027876865855968345,0.9015649452269171,0.9064153575739219,0.7621227163859301,0.37238832157313717,-1.0472019008826696,-1.3671907741675946,-1.3671907741675946,1.2265389219633869,0.1066729748697839,0.0003307595121418,0.60415,0.0529629949862689,5.038499999999999,0.9241,0.999661306014348
TCGA-2Y-A9GZ-01A,0.2943473496658822,0.8821007286250359,0.8990526191798341,0.7560667336021973,0.2102309844044053,-1.3625414667142546,-1.368604681091139,-1.368604681091139,1.182119913640137,0.1033050828059471,-0.0067491146328526,0.4992,0.057860089325767,3.0442666666666662,1.16,0.9999091652047024
TCGA-DD-AADF-01A,0.06964216673625226,0.783764955323338,0.8638229944454388,0.8040649312041104,-0.6557712736929715,-1.0870510610937019,-1.3720228341402347,-1.3720228341402347,1.1811754838149753,0.0821825648446767,-0.0137923782097304,2.7177499999999997,0.0816602919048668,4.261666666666667,0.9741,0.9999356418151764
TCGA-DD-AAW1-01A,0.12253681303480214,0.7447237787537652,0.8908928754453516,0.7573484181339196,-1.9752017174831984,-1.526727119701528,-1.3770048257652097,-1.3770048257652097,1.1608847641069286,0.119426978873267,-0.0188012520951453,0.45535,0.0503926680440621,4.123466666666666,1.1756,0.9995130743797304
TCGA-BC-A217-01A,0.6805729978602172,0.8537567099130025,0.8909670688407626,0.8127674850376652,-0.08854610644105898,-0.24030752210071382,-1.3773264549290751,-1.3773264549290751,1.2456751635061114,0.0855077679465718,-0.0138646000572772,1.779,0.0869393255653472,5.231716666666666,2.0904,0.9999199660584835
TCGA-G3-A25S-01A,0.2848759138436763,0.8499991586315984,0.8674905957959116,0.7954661461400823,0.40423439400052463,-1.1992260535141357,-1.377415979603432,-1.377415979603432,1.165130096991314,0.0673442990522224,0.0001350356562839,1.0944,0.0746828557139006,3.4604666666666666,1.1379,0.9997794064864032
TCGA-BW-A5NQ-01A,0.11307496991786602,0.8629730593837817,0.9162869035654133,0.8503747828802096,-0.5305847325585874,1.2331216698172505,-1.3797354750773556,-1.3797354750773556,1.089261858646868,0.0743843917973132,-0.0175136193534642,4.472049999999999,0.0769253762703625,6.65625,2.3554,0.9998701573450328
TCGA-DD-AAEG-01A,1.7671369771733627,0.9177831625355477,0.9395430910651265,0.7485776199744598,-0.13391535366313534,-0.5739891701469076,-1.3806976733435228,-1.3806976733435228,1.5398244171897997,0.1381377219563848,-0.0099649272611116,0.43465,0.0803588643621463,3.3065666666666664,0.6865,0.999737602507007
TCGA-DD-A3A8-01A,0.0,0.8402561125414373,0.8768603802679222,0.7339041550511085,0.012837966700772752,-2.4036306293119427,-1.3813037530186094,-1.3813037530186094,1.3678571676732876,0.1153624323877926,0.0044128275155596,0.4115,0.0618043785028161,3.534633333333333,0.7922,0.999784326835278
TCGA-DD-AADV-01A,0.1623002111702165,0.8928399549026537,0.9594338049585663,0.7760819530217279,-1.0385779661715115,0.5362359305764146,-1.3813716519137915,-1.3813716519137915,1.551990230265799,0.145772300019661,-0.0104770794235317,1.21755,0.076273432538201,4.208216666666667,1.0404,0.9996133476239264
TCGA-DD-A119-01A,3.2279097900511466,0.9461086711427467,0.9473548142335058,0.7976967072580179,0.17104797157920848,0.7502552740371244,-1.3888172273268558,-1.3888172273268558,1.50837626256641,0.1449020398651658,0.0001448130596842,0.8787499999999999,0.0588253479353712,3.46075,0.4513,0.9994634478165568
TCGA-RC-A7S9-01A,4.092299555298065,0.8932034260521313,0.8653749367061497,0.7995112584440669,1.2027931255073252,-1.1557306351023893,-1.3915398769118197,-1.3915398769118197,1.2481286449991156,0.0788216794473893,-0.0099283228254004,1.3263,0.0884703975319947,4.4270499999999995,1.4498,0.9996740906647564
TCGA-BC-A5W4-01A,0.0,0.9054789910310127,0.8175110181016586,0.7240526659225232,2.552769732006899,-4.042286214114464,-1.3937803975823766,-1.3937803975823766,1.3503401710624443,0.094090514910271,0.0014406999407394,0.1707499999999999,0.0806068668116211,3.862333333333333,0.8645,0.9998524593496808
TCGA-LG-A9QC-01A,2.141211929980862,0.9017382671176402,0.9266013152882757,0.7729202775393902,-0.10427904749165352,-0.317236878718078,-1.3945441794166955,-1.3945441794166955,1.3653522824610491,0.126057317038722,-0.0134731810929618,0.3169,0.068011496436767,2.97035,2.7936,0.9997484099196204
TCGA-RC-A7SB-01A,2.5369679812764256,0.9424487185959244,0.9106795656091432,0.7351774258988152,0.9791550419048509,-1.5704861141266266,-1.3947371433155018,-1.3947371433155018,1.432773909383812,0.1269944203392878,-0.0035282869553395,0.8858499999999999,0.0674821804333517,4.3363,1.5911,0.9998008501122672
TCGA-NI-A4U2-01A,2.9448643767194604,0.8906069631648915,0.9360766532506649,0.7343285786670106,-0.5222279139955794,-0.9866642049383099,-1.39501241779934,-1.39501241779934,1.2810898039369891,0.135114474617524,-0.0048817599279009,0.2004,0.0399930586050164,3.1681,0.9403,0.9998557342217056
TCGA-FV-A23B-01A,1.0804418956091468,0.8507429282985848,0.908560082117556,0.8091196855899768,-0.5587982827033158,0.09318803825034983,-1.3953599678836413,-1.3953599678836413,1.2615578076607592,0.1054931574606568,-0.0086866337233112,1.7945000000000002,0.065559934548312,4.94555,1.2959,0.9984174424999636
TCGA-FV-A3R2-01A,0.3942553934984244,0.8410301714708803,0.8749833638520599,0.7544382183182728,0.07084708496447356,-1.9722378996675616,-1.3959768685437512,-1.3959768685437512,1.237767422876116,0.1077321414436184,-0.0118344406847687,1.19795,0.0625805256165079,3.9107666666666665,1.601,0.9997632283400824
TCGA-DD-AACQ-01A,0.3588119916391263,0.8505393171454052,0.8706663790716493,0.7504118030898786,0.33812516394121606,-2.1681557436265133,-1.3966311440479162,-1.3966311440479162,1.2209216036824169,0.0941568083831477,-0.0054042052709277,0.70425,0.067180776157716,3.8225666666666664,1.5178,0.9997913732802134
TCGA-ED-A8O6-01A,2.153147793347372,0.9903781109596647,0.9348413714610898,0.7900692352709113,1.2351327370639889,0.2760936569314718,-1.3974357564457036,-1.3974357564457036,1.5308645342521232,0.1192453898987496,0.0012733956568321,1.45615,0.0860264789368492,3.3837833333333336,0.5418,0.9945269965158936
TCGA-CC-A7IE-01A,0.49840968644778316,0.9844144917293486,0.9302306726204954,0.8606731321154059,1.2414064179647215,1.8031844338430838,-1.401116010695861,-1.401116010695861,1.4420769950977967,0.1052764152003848,-0.008537639126854,3.0794,0.0930969137282904,4.997433333333333,1.1145,0.9948970344264924
TCGA-G3-A6UC-01A,0.13618183645740806,0.9027899776196004,0.8526197917383741,0.7544513062711862,1.6719238147179638,-2.50334937356104,-1.4014398688569536,-1.4014398688569536,0.9543123138841848,0.0871825722433767,-0.0100088061030811,0.3059,0.039276968259296,3.530933333333333,1.3246,0.9999079983749112
TCGA-DD-AAVS-01A,2.6043715406992707,0.9927154323792216,0.9421161486131957,0.8021176307813694,1.1027474154301935,0.7282517756649793,-1.402745775560386,-1.402745775560386,1.381462040879618,0.1180268763487123,0.0013090131394284,2.0161,0.0623590173900962,4.356066666666667,0.5328,0.9985154252733546
TCGA-WX-AA47-01A,0.3001743264998085,0.9305887896074175,0.8829610660596576,0.6962426356893519,1.4324059646216458,-3.131685924070165,-1.4054365676676617,-1.4054365676676617,1.4014160936610032,0.1186938308539291,-0.0193093082521393,0.22735,0.0857066428499823,1.8019,0.9099,0.9991183693954176
TCGA-DD-A1EF-01A,0.8741663911372128,0.9218486546519259,0.9419325773255806,0.795772778179765,-0.12028243207404743,0.5768110979506392,-1.4066185921076155,-1.4066185921076155,1.3656706962993228,0.1163564286887238,0.0029509554898319,2.34995,0.0592653722710315,4.28055,1.07,0.9970255696932614
TCGA-DD-AACE-01A,0.0,0.7832449896511686,0.9280897724786867,0.7451439020422814,-2.191917621212445,-0.9257451204792551,-1.4073425370996608,-1.4073425370996608,1.141607348681429,0.1183409534517238,-0.0162191463906946,1.10175,0.0456564458585015,3.9912166666666664,0.8895,0.9995850378945056
TCGA-G3-AAV4-01A,0.06818126209871353,0.8924411462803103,0.8581850612745661,0.7827437210545899,1.360440231100014,-1.7152646115775685,-1.4099746681243217,-1.4099746681243217,1.2867352405620789,0.104246398182615,-0.004761997029096,0.2277,0.0684944831364539,4.238766666666667,1.6789,0.9998720420013192
TCGA-WX-AA44-01A,5.710860223539757,0.9192622881855049,0.914793092212447,0.7627546775408859,0.4798250514361042,-0.8334764561816319,-1.411987077862057,-1.411987077862057,1.5027589699777708,0.1358760751690259,-0.0125946574356375,1.0983,0.0756594176014272,4.1206499999999995,1.1406,0.9989714025628128
TCGA-DD-A4NH-01A,6.976821761533052,0.9625523751829977,0.950940573384917,0.8049147132896943,0.3706414606938181,1.0027808817061459,-1.4122654380103892,-1.4122654380103892,1.4587301723037531,0.1502318946464248,-0.0316016971480045,1.05645,0.0776123615006205,3.50265,1.3821,0.997630456503657
TCGA-ZS-A9CG-01A,0.029951749281784283,0.8670166759217193,0.913337524877734,0.7739897502631613,-0.39046579661641073,-0.6076267833269515,-1.413188450713767,-1.413188450713767,1.327737847063165,0.1339574457543938,-0.0096560581062903,0.87925,0.0518412987602708,4.194266666666667,1.4983,0.999776532665103
TCGA-ED-A7XP-01A,0.7130369655784622,0.8872431722954213,0.9574298184021036,0.7978406747400639,-1.0878928383701187,0.9930000539086922,-1.414962975857455,-1.414962975857455,1.398694309433785,0.1466212887063347,-0.0187715534075004,1.4563,0.0585253970106861,3.7676666666666665,1.2767,0.9994340735331588
TCGA-UB-A7MA-01A,7.918239957764849,0.9908627391589683,0.9355159959430747,0.7874750160327424,1.2274955776793173,0.2319884393715067,-1.4159898962762527,-1.4159898962762527,1.810789433341803,0.1476594340971025,-0.0076494995695453,1.507,0.1118722755018493,3.6474,0.8406,0.993833500880504
TCGA-DD-AACP-01A,0.9360005795881347,0.9813418143268212,0.8528178957529253,0.785699728705433,3.0277113127504625,-1.7742794677260278,-1.4170060001202638,-1.4170060001202638,1.7935205256338602,0.1018496050964352,0.0145923022709867,2.8437,0.1294284669086734,3.705133333333333,0.5809,0.9948892236367796
TCGA-2Y-A9HA-01A,0.31107671894624783,0.8991552661248254,0.8993578064454938,0.7658995256551923,0.4983585911519414,-1.1273577687964353,-1.417271804053804,-1.417271804053804,1.3994906466014838,0.1161350569355496,-0.0078410194254026,0.22785,0.0765663087611769,4.2842666666666664,1.2701,0.9995356745008216
TCGA-DD-AACX-01A,0.0,0.7918000235583152,0.8292358692176958,0.7811292285773581,0.30527107562601663,-2.4405955864338034,-1.417719358490417,-1.417719358490417,1.1124970083807544,0.0855450464557213,-0.013184696708286,1.18585,0.0670736311657863,4.1301499999999995,1.3143,0.9998052301583186
TCGA-DD-AACG-01A,1.9075120442648041,0.9581065845491107,0.7551273755271937,0.7796157003083147,4.94665698089049,-4.236685008381771,-1.4195119177529794,-1.4195119177529794,1.2723900823161318,0.0723632761083957,0.0064508780268271,1.21265,0.0849613984596484,3.469966666666666,0.5399,0.9987116673663248
TCGA-CC-A123-01A,0.033696596678621855,0.9305366247665203,0.8673422090050894,0.7732689779991512,1.8026459110002229,-1.7172995198836138,-1.4201125111649568,-1.4201125111649568,1.4769474110232936,0.1040270484965085,0.0152921432658744,0.4745,0.0764971782080072,2.3914166666666663,0.3602,0.9928651329790408
TCGA-DD-AAVU-01A,0.5274332423750746,0.9127955306510509,0.8552716319640445,0.7382231795124924,1.7822026707432903,-2.816515417233015,-1.4210978660610825,-1.4210978660610825,1.397206402189289,0.0891514063048763,0.0171154981808712,0.2322,0.0774937147893989,2.7569166666666667,0.4313,0.9996366610247704
TCGA-MR-A520-01A,0.0,0.9019166372187726,0.9222124317535495,0.7563004470470774,0.0031012100083566375,-0.8067882656518707,-1.423076233910532,-1.423076233910532,1.1438228270979205,0.1246843069598206,-0.0020986863006688,1.11065,0.0232747951346987,2.929183333333333,1.0213,0.9999194272171592
TCGA-DD-A39Z-01A,0.03593396543131313,0.7756895014050852,0.8808209307982139,0.7517028361593963,-1.1995496128483016,-1.89693085105079,-1.423162568978618,-1.423162568978618,1.4572135179516112,0.0955259085924972,0.0111241770869139,0.83055,0.0880507578214386,2.8771,0.6368,0.9995910691112988
TCGA-2Y-A9GU-01A,3.413539451973084,0.9577431133996333,0.8918918092021226,0.7801850262600427,1.6904939735767517,-0.9736198023443733,-1.4244532306820783,-1.4244532306820783,1.216003058067053,0.1083497456576461,-0.0041678081578954,1.1485,0.0549578975403914,3.285383333333333,0.4642,0.9998235612077544
TCGA-XR-A8TG-01A,3.5227800534627645,0.9049119087283559,0.9537193837511875,0.7826960435118343,-0.6937061828205604,0.5537665761821425,-1.42655011859946,-1.42655011859946,1.5035762708893377,0.1586859372936279,-0.0342664060373124,0.56085,0.0786266612352533,3.7774166666666664,1.7846,0.9996900863129708
TCGA-ZP-A9D4-01A,0.3431203041766719,0.7506436468271998,0.8817693824508908,0.7520244258595513,-1.655874127206866,-1.8669385518033383,-1.4267369240107124,-1.4267369240107124,1.0924092818105282,0.0991104300321361,-0.0097719307601506,0.5788,0.0488538341748041,4.024133333333333,1.3306,0.9997904204924192
TCGA-DD-AADG-01A,0.0,0.832653507664866,0.9092308821977155,0.7592994579717787,-0.8880416843919857,-1.045743237016178,-1.4267654511031789,-1.4267654511031789,1.3902789135653255,0.115501321081615,0.0019772420746713,0.8529,0.0690533788121273,3.171483333333333,0.8739,0.9998739904219252
TCGA-2Y-A9H7-01A,0.04870152759905249,0.866128190889663,0.8649603715482862,0.7732493460697811,0.7437090463203754,-1.7743530668261958,-1.4316454778200058,-1.4316454778200058,1.3272144224731346,0.0879749959364049,0.0134307738808489,0.7827000000000001,0.0713927563313567,3.57915,0.4258,0.9993772321533464
TCGA-CC-A3MA-01A,0.05548577800925378,0.9645262254530771,0.9535511100708741,0.7367077815358899,0.3427950388019786,-0.5162752978454265,-1.4322839711432291,-1.4322839711432291,2.0358210954343914,0.1714164699493043,-0.0011237235405446,1.48405,0.119430997354262,4.353633333333334,0.6129,0.9910363652540806
TCGA-CC-A9FW-01A,0.14185275980355241,0.9702458478469383,0.892179404219386,0.8084914638501391,1.90020371245667,-0.310620835037825,-1.4324312341293457,-1.4324312341293457,1.502124136611377,0.1145938383748126,0.0002808424792101,1.91805,0.0849694921194892,3.9915666666666665,0.9225,0.9991418898527776
TCGA-ZP-A9D0-01A,1.8055383924058832,0.9200212024837195,0.939116287821422,0.7374594039746243,-0.08501123190561499,-0.8418598856407761,-1.432444839971981,-1.432444839971981,1.236212577112611,0.1270459728492169,-0.0074755583228418,0.45055,0.0418692838896847,3.1519166666666663,0.4657,0.9997240486722644
TCGA-BC-A3KF-01A,0.8578257256430387,0.8867198411496459,0.9163098499763652,0.7804551990023241,-0.11984264855559396,-0.3871227720985506,-1.436118843804778,-1.436118843804778,1.279546055150841,0.1082521020690083,-0.005424646999162,0.8127,0.062956814202966,3.725,1.2206,0.9993294346574388
TCGA-DD-AADP-01A,2.1394118158830495,0.9262675214969628,0.9508763234342517,0.7674270767309285,-0.2562749034594409,0.13226190600061838,-1.4362228337470628,-1.4362228337470628,1.3991282337996098,0.1316765314524839,-0.0101802455862868,0.9136,0.0638572284176113,4.288983333333333,0.8802,0.999553365104556
TCGA-DD-AAEE-01A,0.10111740620747618,0.8654046140643142,0.9144335984408678,0.734207047675673,-0.44443171037619894,-1.503774941540975,-1.4384707066121192,-1.4384707066121192,1.5155713989298591,0.1161236120920864,0.0041055864798306,0.6603,0.0820442054232822,3.44275,0.9856,0.9997575676605646
TCGA-CC-A9FS-01A,2.3910927961966095,0.9296632843656922,0.9020800156647499,0.7879228109931327,0.9620620325558475,-0.5521545287371162,-1.438770474458457,-1.438770474458457,1.3179707113744858,0.106965768715428,1.975163777244877e-05,1.1153499999999998,0.0646142410117796,3.97755,0.5879,0.9997171697412416
TCGA-MI-A75G-01A,0.10291159650777455,0.9025947801504366,0.8925809664110436,0.7332796727263889,0.7189647798706967,-2.0445458437914596,-1.4388965930342388,-1.4388965930342388,1.3019559542757126,0.1117966023816618,-0.0074943816756877,0.42555,0.0647997534988051,2.726766666666667,0.9443,0.9998026818615358
TCGA-LG-A6GG-01A,0.65278958372068,0.8895384252948997,0.8963464724482443,0.7357168365295983,0.4033545957895302,-1.8985725951209484,-1.4391571320461367,-1.4391571320461367,1.2024748684206796,0.1096556689821515,-0.0171184770795892,0.2458499999999999,0.0618126971284274,2.9857166666666664,1.2976,0.9998450408231796
TCGA-EP-A2KC-01A,0.12623237618933844,0.8891328857253438,0.9344826425698756,0.7888511207961963,-0.5098807931718641,0.23933252397273397,-1.4406865492848118,-1.4406865492848118,1.3336857152758543,0.1274901213012679,-0.012923671283134,1.0917,0.0606702678283242,4.0880833333333335,1.1658,0.9989167472086934
TCGA-CC-5263-01A,6.573510801086997,0.9623437158194086,0.9201449601267867,0.8049866970307176,1.0988089627598536,0.2726680986499078,-1.4421222888317644,-1.4421222888317644,1.490143363837272,0.1207332331743243,-0.0135379235469365,1.2761,0.0914400441500735,4.4269333333333325,2.5114,0.9989519303470036
TCGA-DD-A4NN-01A,0.34008118079058275,0.9903343598027832,0.9476967157566886,0.7197710356123198,0.9288995848137558,-1.0479972594863727,-1.4429308713029592,-1.4429308713029592,1.792136816011808,0.1331510065940058,0.0136811356881529,0.46815,0.1017856402730445,2.8686,0.2508,0.9819791858286508
TCGA-DD-AADQ-01A,2.187267794533366,0.795910949568378,0.8344049307247854,0.8061561991088974,0.2536411825287008,-1.7376212343920334,-1.443455404557554,-1.443455404557554,1.0779245518945162,0.0947306385841146,-0.0183794631898123,1.60355,0.0563901989525202,4.254666666666667,1.3388,0.9997481565144304
TCGA-DD-AAD8-01A,4.637337033987648,0.843872313931378,0.9210681707274165,0.7322176788328537,-0.9750190480785847,-1.3922358742237537,-1.444447539880906,-1.444447539880906,1.3057204870107306,0.1166263293942077,-0.0188039828681491,1.25915,0.0741930498103486,3.30585,1.0549,0.9997208178216276
TCGA-DD-AACJ-01A,0.020255829482209057,0.8634930250559509,0.8759608809586091,0.7696333316505966,0.43666889991113733,-1.5967752198078586,-1.4487401379186051,-1.4487401379186051,1.1806445887384525,0.08702287353628,0.0080784257436344,0.3419,0.0556511271262632,2.5643166666666666,0.7473,0.9997165543454402
TCGA-DD-AAC8-01A,0.06114383625735355,0.8089555252662931,0.9039249071052797,0.7549411696516547,-1.1724004950376272,-1.2728550579083704,-1.4522442371208633,-1.4522442371208633,1.4075234397196168,0.1196921145157588,-0.0019704581869749,0.619,0.0679125271260133,4.177766666666667,0.624,0.9974922392139346
TCGA-DD-A73E-01A,0.09859683028076295,0.8716526158143605,0.8806052345352664,0.6929547549467787,0.4676290853418522,-3.263882024513033,-1.4548676798756623,-1.4548676798756623,1.4345085643178332,0.1167204021027613,0.0066331833861737,0.33165,0.0694741953966021,2.844083333333333,0.8866,0.9998388695101053
TCGA-BC-A10T-01A,0.13842456144474755,0.9274841402056305,0.9711066442097792,0.7904768315187821,-0.7159268534872913,1.1472963739463389,-1.455127723393403,-1.455127723393403,1.7607011364054148,0.1731265877214904,-0.0045320703929387,1.46765,0.0772355077209981,3.6679166666666663,1.4919,0.9996667504018152
TCGA-DD-A4NG-01A,0.6498811295461778,0.7829639726050448,0.9199193204190931,0.7731605349607268,-2.0026342120990672,-0.4704485735913724,-1.456593347319603,-1.456593347319603,1.3261186726461052,0.1208389376701847,-0.0076955106123826,1.31875,0.060626888019362,3.9337333333333326,1.2886,0.9987034944317148
TCGA-ED-A7PZ-01A,0.12814958835158785,0.9888939370992983,0.9067075418733755,0.7215631503076604,1.87795800764828,-1.9804607879389258,-1.4579405672945775,-1.4579405672945775,1.5893878005420106,0.1020831390752134,0.0087505319955066,0.4720499999999999,0.1045045417973413,2.394516666666666,0.6391,0.9994253979998362
TCGA-RC-A6M3-01A,7.455014351651829,0.9890049977283054,0.901540010127016,0.7926653242166393,2.002675129535476,-0.45505131949475747,-1.4588767238814728,-1.4588767238814728,1.536589329663981,0.1085422048505258,-0.0236227074667986,1.71915,0.1211923614920907,3.589033333333333,5.2953,0.9998312269361764
TCGA-DD-AACK-01A,0.2749110975305991,0.8484981574032007,0.9058103372051577,0.7956680745564586,-0.5323361887182967,-0.28397151927008074,-1.4667163698872103,-1.4667163698872103,1.2192262493238424,0.1108677272403869,-0.0145630066792895,0.8288,0.060239014798118,3.881183333333333,1.3194,0.999821234658944
TCGA-RC-A6M4-01A,0.39214921485017484,0.8767243845390142,0.8807306749151366,0.7081134089817012,0.5524898637726476,-2.9095119907156333,-1.4681990593329657,-1.4681990593329657,1.3391153036750203,0.0988349145933961,0.0008089950719123,0.14165,0.0763214266534655,3.1076333333333332,0.5624,0.9998198319730538
TCGA-DD-AAE1-01A,0.9327606710891353,0.8438538038265435,0.8795810597264482,0.7646187759772494,0.010498728564633852,-1.6269918996359987,-1.470466741401102,-1.470466741401102,1.1542937685140489,0.0878740849439234,-0.0012556417422852,0.6263,0.0600753465013721,4.257416666666666,0.7436,0.9974239637168482
TCGA-DD-AAD0-01A,0.031826000749281075,0.7754589664630556,0.7680867435524409,0.7912555647171227,1.475306134924562,-3.6589167419281075,-1.4760324450331446,-1.4760324450331446,1.1786861874325325,0.083206190623266,-0.0109361105746047,0.4977,0.0777544523091247,4.3231,1.155,0.9997386556018584
TCGA-DD-AACA-01A,0.025198448352092763,0.7806636713951571,0.9121114216525392,0.7358701525494397,-1.8569393973943265,-1.5204036678300297,-1.4773725721871378,-1.4773725721871378,1.5096641810104108,0.1184101980358204,0.0004478184640172,1.4967,0.085070772331316,3.831266666666666,0.9515,0.9997385222662168
TCGA-DD-AAED-01A,0.20777370221378957,0.9462920894542884,0.7791316160239377,0.7945294226530027,4.1716320841092704,-3.3205721787852616,-1.479034372986383,-1.479034372986383,0.9794044833800248,0.0688457555458025,-0.0158169852089157,0.5607,0.0641377498945353,3.107166666666666,0.5198,0.9985049937051668
TCGA-EP-A26S-01A,0.04335027275088478,0.7570414121527251,0.9318621624391729,0.7720265573261686,-2.735397454290374,-0.21294300690540266,-1.4793801513461906,-1.4793801513461906,1.3442675740746597,0.1204555935355606,-0.0005420572614802,0.6083000000000001,0.0566367528329002,3.194883333333333,1.4695,0.9998603239399052
TCGA-FV-A496-01A,0.766883390304709,0.7832584515455938,0.9106505001552708,0.6837950576150384,-1.7772833819519136,-2.7622595807360755,-1.4846575901258925,-1.4846575901258925,1.31625572453012,0.1166089146664232,-0.005112216958813,0.23445,0.0641221120279549,2.702316666666667,0.4995,0.9991859185652532
TCGA-BC-A10U-01A,1.5962246327868035,0.9245275716425194,0.8771556240888362,0.7985249877066729,1.4653793731401084,-0.8986543120412616,-1.4852688655952797,-1.4852688655952797,1.3023852573477397,0.1199702553746438,-0.0138371732219534,0.68815,0.063144181923738,3.069866666666667,0.6135,0.9993743720540756
TCGA-CC-A5UD-01A,0.16055126993299831,0.9359045551685261,0.88471417185638,0.7780199049066735,1.4828152628146114,-1.1943677413981695,-1.485615413991888,-1.485615413991888,1.869915753723598,0.1321673353219743,0.0074572325643679,1.1358,0.120567854969967,4.4933,0.8101,0.995671412169482
TCGA-DD-AA3A-01A,3.1844548860852204,0.9759015262422803,0.9008669154057615,0.7899561179635894,1.7917212449882418,-0.5338472309733848,-1.4870775851015974,-1.4870775851015974,1.9523558865004595,0.1460662412604631,-0.0035197382094254,0.9774,0.1313966692607084,3.6100666666666665,0.6425,0.997543796055204
TCGA-G3-AAV5-01A,0.02463460868098611,0.6822504922005149,0.8906106345906436,0.7899467694257941,-3.050514103105767,-0.7777790304325767,-1.4886186595893378,-1.4886186595893378,1.3170512343753826,0.0914290775005043,0.0061829075951377,1.0518999999999998,0.0759862928492452,2.821633333333333,0.8278,0.9999123975714216
TCGA-DD-A4NQ-01A,6.609560731207757,0.8711023608797348,0.9279979868348792,0.7880004038568328,-0.6680724644510462,0.06552048012279954,-1.489897209978846,-1.489897209978846,1.4175073346201514,0.1371596549806793,-0.0297829101719131,0.7027,0.0820078715636933,4.0999333333333325,1.9763,0.9996331163718566
TCGA-DD-AAW2-01A,0.09232718030722321,0.8876352499705522,0.9208234090105966,0.7734335122643466,-0.21124157770967736,-0.4426373252614669,-1.4916892819944458,-1.4916892819944458,1.3635907220848158,0.1131635412129392,0.0014852553071735,0.7179,0.0669295429777984,3.61765,0.9201,0.9996226946930704
TCGA-MI-A75I-01A,1.5793174254201272,0.9240547226008381,0.8990036668364701,0.7873992928766012,0.9380251802931676,-0.6373918862539075,-1.4923839177599083,-1.4923839177599083,1.446424222913557,0.117854276914731,-0.0044707544209401,1.4199,0.0758732967055799,3.8777,1.157,0.9998001112526296
TCGA-DD-AAVZ-01A,0.8502654744663712,0.9652800915408821,0.9377433275661354,0.7579607473595055,0.731484551334704,-0.39924798267942496,-1.4951131458345814,-1.4951131458345814,1.33780043582274,0.1148723691692403,-0.0037747487368876,0.70135,0.0626974045985385,3.3907,0.4374,0.9989180745725454
TCGA-ZP-A9D2-01A,2.3490368698643156,0.9551113130395276,0.9590031773130366,0.753710902077806,0.05017663110027715,0.0074249727850992375,-1.4972468238263028,-1.4972468238263028,1.782909545896218,0.1720777970237725,-0.0149304425151796,1.3476,0.0896325028814438,4.54865,1.1665,0.9926894042624635
TCGA-CC-A7IL-01A,0.0,0.9395712386625608,0.8298829580065381,0.711846280123326,2.849249050566812,-4.031251133136559,-1.4995575310641016,-1.4995575310641016,1.1415276154621932,0.0810625691209996,0.0006592406638948,0.45775,0.0630166213129404,3.0539166666666664,0.5363,0.999916714035949
TCGA-ED-A7PY-01A,0.5440289818501879,0.9838103892170226,0.8891948410349138,0.7402901412190119,2.2060583677480103,-1.9625006716630917,-1.50276164033179,-1.50276164033179,1.2961294617025936,0.0946686579285059,0.0057016467541279,0.99815,0.0676783348043203,3.960733333333333,0.544,0.9987977033625016
TCGA-ED-A8O5-01A,0.7193378668011454,0.9843471822572232,0.9218322862121137,0.784793855393078,1.4398074749182126,-0.15532237185424663,-1.506756132345659,-1.506756132345659,1.5345950172831362,0.1139116600611804,0.0090477726162012,1.2253,0.0828341452233059,3.3451166666666663,1.0245,0.9981671887152436
TCGA-ED-A66Y-01A,0.06077033002080545,0.8353139145506251,0.9277555197591543,0.7654096622747235,-1.2821563094015715,-0.46391190597215454,-1.5070284879749285,-1.5070284879749285,1.7075866051355575,0.1294737314174587,0.0072648145364666,0.4179,0.0992483952355894,2.3967833333333335,0.2553,0.9922420484209628
TCGA-DD-AADY-01A,0.0,0.8462045871405254,0.9303232231446678,0.7443268398389807,-1.1545481367701638,-0.8916128310630427,-1.5095976811441332,-1.5095976811441332,1.459586913093738,0.1219444599317851,-0.0007451472970756,0.5463,0.0740289356322588,4.162583333333333,1.6008,0.9993180332028492
TCGA-DD-AACS-01A,3.8566009775770786,0.8946135594931597,0.8961889070930414,0.752467546551044,0.49499859310206695,-1.514022409486492,-1.5153995463484202,-1.5153995463484202,1.3408771008083298,0.1027074747946798,-0.0099793791061158,0.4479,0.0816102070434923,3.5039833333333337,0.6445,0.9995447847335396
TCGA-CC-A8HT-01A,2.2099330099937906,0.8927036532215997,0.8782945309524138,0.7955586966642547,0.8871350697637347,-0.9403519199970379,-1.517207786868814,-1.517207786868814,1.3639455289314908,0.0945857933842817,-0.0127189374410817,1.4901,0.0924399194898131,4.871883333333333,1.7361,0.9993360733367108
TCGA-DD-A39Y-01A,1.5868838091730506,0.9059417436518755,0.9047379749333406,0.7503687998160209,0.4880520374338966,-1.3595255640793253,-1.5184080205148596,-1.5184080205148596,1.5874840340412566,0.1040302479490845,0.0062506515001941,0.72425,0.1026643680751691,2.570083333333333,0.5296,0.9998767107773484
TCGA-DD-A1EE-01A,2.4950702785931007,0.7735894458747706,0.908091975334138,0.723129030388357,-1.8839507449493387,-1.9112648540158894,-1.5200963454944851,-1.5200963454944851,1.2082017393967834,0.1129223858896542,-0.0148388481639961,0.1893,0.0567399825529876,3.4802666666666666,1.4069,0.9996847215229632
TCGA-DD-AACW-01A,0.4931742377474681,0.9249482558433035,0.8599243992247172,0.8042846218422977,1.8821228520028057,-1.1745989158797379,-1.521818520934328,-1.521818520934328,1.302681681987956,0.0849400763912993,0.00655412953674,0.91275,0.0747347834198421,3.608283333333333,0.4932,0.9986972766180028
TCGA-DD-AAW3-01A,0.12391876997031198,0.8829235869217695,0.9131287125380719,0.768227311566198,-0.11000082016116847,-0.7461664500297056,-1.5231588610392466,-1.5231588610392466,1.3229857274271806,0.1113501285062636,0.0005973422346618,0.7425,0.061222488492768,3.233033333333333,1.2661,0.9998207719609284
TCGA-G3-AAV7-01A,6.008180600527195,0.9114325138405102,0.944031409047311,0.7930177640915184,-0.3505604931359733,0.5628212872766369,-1.5233247524490068,-1.5233247524490068,1.5873145350402451,0.1401018776342409,-0.0212328040739309,0.91795,0.0955105370179714,4.149983333333333,1.5192,0.9967523104137592
TCGA-DD-AAE9-01A,0.16115975588355164,0.8519982499537248,0.7884922219315676,0.7459815310287318,2.3160586296313213,-4.223518029950868,-1.5288568040486763,-1.5288568040486763,1.3037289310404483,0.0952668517489152,0.0061908362291822,0.57995,0.0684601502097523,4.0114,0.3952,0.9992529282423624
TCGA-CC-A3MB-01A,0.08671096925015649,0.9082942097026605,0.9198497163058725,0.79860818969305,0.16970298578527246,0.11779365730965324,-1.5350044962167544,-1.5350044962167544,1.4612917515291792,0.116125954182946,-0.0121762826177163,1.3858,0.0890575411637881,3.78985,0.504,0.9984409341081748
TCGA-CC-A7II-01A,1.1671163746833673,0.9508287478755447,0.9467765646775188,0.7544054984359896,0.2665389942879858,-0.26700889501571956,-1.535212734775978,-1.535212734775978,2.2917039248068805,0.1435724451700185,0.0193702720965917,0.9162,0.1645850914387862,2.85685,4.8909,0.9884799041659236
TCGA-DD-AAVY-01A,0.10599413958762305,0.7939657058239521,0.798880062169476,0.7230420889868616,1.0641105791386374,-4.508430654903208,-1.5359512416028724,-1.5359512416028724,1.0793667986454656,0.090533205612967,-0.0042120801988513,0.7458,0.0489875717393884,3.6926166666666664,0.8786,0.9997793334007424
TCGA-CC-A8HV-01A,1.9103894317586625,0.9928416376394569,0.9334469945555814,0.7175189728574554,1.3109342133056792,-1.438811111580913,-1.5372517163073116,-1.5372517163073116,1.735061286982563,0.135534785787695,-0.0039862318751707,0.6082,0.1097122717272532,2.30185,0.4927,0.9867445268769108
TCGA-DD-AADD-01A,0.10561108001129539,0.9284449829202215,0.8158948258902825,0.7543045342278014,2.988938829318828,-3.3794294521500046,-1.540210648245122,-1.540210648245122,1.2909629196927734,0.076635370195506,0.0038713275473374,2.31255,0.0852926638972842,3.9631,1.0271,0.9984816399211252
TCGA-EP-A2KB-01A,0.23320236332279776,0.7885843135275212,0.8807123177863752,0.7828512292392347,-0.9736343009491571,-1.1774680724783555,-1.5410954237023549,-1.5410954237023549,1.3483866693072462,0.0991909480805518,-0.0051117691461588,1.4695,0.0808056443052106,3.6623666666666663,0.7119,0.9993508311830492
TCGA-DD-AADL-01A,0.76228151833539,0.837307957662342,0.8813456387286465,0.7574680794176982,-0.14480426824537063,-1.7508196966992626,-1.5426930516610395,-1.5426930516610395,1.3985218245911213,0.1102282690870415,-0.0029188937301728,0.82075,0.0774078700708639,3.6889333333333334,0.9789,0.9998626294183156
TCGA-CC-A9FU-01A,0.12745226867523543,0.9015851380685547,0.8649634310697464,0.7858044323287395,1.3577403496238234,-1.4832438134019343,-1.5453214566342817,-1.5453214566342817,1.5233283754598246,0.0888354904390248,0.0014198950761957,1.5182,0.1115822596943426,4.020966666666666,0.8728,0.9948828464203368
TCGA-CC-A5UC-01A,0.8009034877769812,0.9600383663991116,0.9621957879568057,0.7671634479651037,0.05964728225172877,0.3951298073889383,-1.5458688729893233,-1.5458688729893233,1.8103668631973469,0.1442100284131314,0.0049320693256297,1.22785,0.0992644513081894,3.7336,0.6574,0.9980106193365524
TCGA-XR-A8TC-01A,0.15596477697503916,0.9683308933649688,0.9339273394248405,0.7295552152687798,0.8750010511514354,-1.1483875540885744,-1.5461457816878683,-1.5461457816878683,1.3637341826720737,0.1176412393429588,-0.0059194889803077,0.5490999999999999,0.0691992039864546,3.1706666666666665,0.7689,0.9984924964314436
TCGA-DD-A1EH-01A,2.3607209642230558,0.9774277685227253,0.9608840181307241,0.793358050867264,0.39199762444365793,0.9711698816669119,-1.5467129516932892,-1.5467129516932892,1.621588943663026,0.1473301084980094,0.0046239819604055,1.2837,0.0715925930838274,4.859516666666666,1.002,0.99817583448619
TCGA-DD-A11A-01A,0.5407986757461393,0.9093812576774868,0.9039983356203255,0.7128587267665465,0.5651991143351587,-2.246613589117697,-1.5470073827967146,-1.5470073827967146,1.215173510926992,0.1073916364149758,-0.0130754644181156,0.4519499999999999,0.0636587828843454,3.166833333333333,0.7575,0.9995273156088784
TCGA-CC-A8HU-01A,0.1901725894734958,0.908078819391859,0.9266755086836866,0.7195419964363375,0.0037744503018879993,-1.5528234482559662,-1.548353788153941,-1.548353788153941,1.5366561502517238,0.1078262258574701,-0.0020294282310407,0.4446,0.0972920205430756,2.6956499999999997,0.5784,0.9991148573679745
TCGA-XR-A8TF-01A,0.0640869320078608,0.8621602975078668,0.8823835813840358,0.7873834003623493,0.2609668898603331,-1.032695424502011,-1.5500787093055208,-1.5500787093055208,1.222393728472401,0.0900356561482026,-0.0066182090090283,1.6987,0.0713599103528566,3.497216666666666,1.3473,0.999802052814776
TCGA-5C-A9VG-01A,0.4335158590192549,0.9725983138977232,0.9605214648376849,0.7804178048511433,0.31696805638449477,0.6625898505028459,-1.5558884671260311,-1.5558884671260311,1.772310627989886,0.1496886512682279,0.0053319262234099,0.6689,0.0928807403311439,2.7043666666666666,0.8565,0.9992478562407656
TCGA-CC-A5UE-01A,1.4236906555065463,0.9374425766065929,0.8394424328090843,0.7508567934889304,2.5852240179876946,-2.8998002178107654,-1.556641782830532,-1.556641782830532,1.4008179055288217,0.0815582793042549,0.0041692198659924,1.4360000000000002,0.0965027874298326,3.5647499999999996,0.9319,0.9998582885663522
TCGA-CC-5258-01A,4.068850647288667,0.9163848082521413,0.923710832388706,0.8171182945275529,0.21807994400813072,0.6386219712735242,-1.5582484296475283,-1.5582484296475283,1.6006421675276412,0.1306626107940827,0.0002242171826266,1.2689,0.0858270719904529,4.588466666666667,1.2525,0.9969140640659384
TCGA-G3-AAV6-01A,0.39753023704266255,0.8979386474161576,0.9249193433655042,0.7817200561660151,-0.1301194608840527,-0.1532191390729178,-1.5608569885254933,-1.5608569885254933,1.9846047502879836,0.1223535452309312,0.0291519209297339,3.32775,0.1272320662650344,2.6293166666666665,0.3018,0.997274017428904
TCGA-UB-A7MB-01A,2.985328619104065,0.891919497871338,0.8900897510620365,0.7537875600877268,0.5932695561217493,-1.628354807108804,-1.5673949468017054,-1.5673949468017054,1.4154401081078685,0.1028081154726348,-0.0039945227773228,0.4811999999999999,0.0884478739966128,3.4732833333333333,0.8245,0.9997676043599792
TCGA-DD-A4NF-01A,0.10755656256895359,0.7453564877917446,0.8899115339369769,0.7528115727419075,-1.9409242324267582,-1.6552138323587129,-1.567449303015638,-1.567449303015638,1.3537324908285533,0.1238443341134644,0.0001619495182747,0.6914,0.0552574576821281,2.7335166666666666,1.3273,0.9996818938676628
TCGA-DD-AADR-01A,1.5431900363464433,0.8979083581537012,0.8977507927984985,0.8125038562718405,0.5149492043139056,-0.08522025330807681,-1.5698396418006897,-1.5698396418006897,1.2893113356048966,0.0923442214042367,0.0002301407330598,1.44935,0.0729561050301143,4.47405,0.595,0.9998617325816322
TCGA-CC-5264-01A,6.340128824212715,0.9701129116394904,0.9188377795828955,0.8172229981508593,1.2644310788586628,0.5252530597874961,-1.5703140804057782,-1.5703140804057782,1.4356966458306526,0.109659404431408,-0.013748389577237,1.3873000000000002,0.0943675026477215,3.5138666666666665,0.8423,0.9989751800365552
TCGA-CC-A7IH-01A,0.14785757763441637,0.903855150015986,0.9052290281277107,0.7589152330683958,0.4402441808933042,-1.1497440089531068,-1.5718195266511257,-1.5718195266511257,1.3993543071395371,0.1178181185917643,0.0024822330812064,0.71455,0.0662301440714634,2.922716666666666,0.8118,0.9997726562778038
TCGA-G3-A7M9-01A,3.9273792573949464,0.9657933262658389,0.9205671740883009,0.7696239831128013,1.1485223433393854,-0.5370339274979302,-1.5737947610971792,-1.5737947610971792,2.046444258374928,0.137846046351539,-0.0024017452797623,3.1887,0.1547909743468308,3.6067166666666663,0.8819,0.9987434032018532
TCGA-QA-A7B7-01A,0.42597049449164015,0.8627189661265081,0.8953528928540287,0.7842385522480428,-0.037540674644070626,-0.7974118790859459,-1.5756277072638762,-1.5756277072638762,1.3050013617292116,0.0863576149875203,-0.0058495376298289,0.9588,0.0895121042947492,3.644983333333333,1.8634,0.9998561191102175
TCGA-G3-A25U-01A,0.268000028431383,0.8950123681155031,0.9001823474790307,0.7175442139095023,0.40701162941808783,-2.228677895245236,-1.576880376366719,-1.576880376366719,1.196068328157865,0.0917814274216721,-0.0072591101630442,0.5671,0.0687479361776008,3.104833333333333,1.4269,0.9999105478788524
TCGA-G3-A5SL-01A,0.11736114018163472,0.8885557070018679,0.9239081715228921,0.7782807291111598,-0.2686012652868305,-0.25697337689162936,-1.5938315698607408,-1.5938315698607408,1.3915362704951864,0.128012942259667,0.0019202990397225,0.5318,0.0561696564464641,3.7976666666666663,0.7023,0.9996076445196116
TCGA-DD-A1EJ-01A,0.17655814632887462,0.8720833964359633,0.8901731230218282,0.7487804832446157,0.24773292465478414,-1.7424415696466546,-1.596031977272319,-1.596031977272319,1.465861820039326,0.1050960586652085,0.0050792056740588,1.1464,0.0825828040793638,4.018933333333333,0.8641,0.9992172541044312
TCGA-DD-AADW-01A,0.7415926697927765,0.9550153970417486,0.9569976609958437,0.766919451128649,0.09617151849972594,0.26595316958041393,-1.601699742240262,-1.601699742240262,1.7988845070699009,0.1531810643743393,0.0031154323912177,1.0485,0.0943228931567784,3.8563166666666664,0.8797,0.997752917044298
TCGA-DD-A11B-01A,0.16409568937600383,0.8347804869840308,0.9284385579251548,0.7385064402076871,-1.3076258286894122,-1.0713185668357863,-1.6042561898156735,-1.6042561898156735,1.26614637908042,0.1220552502981317,-0.0031495338628899,0.5583,0.0458937997101003,3.781716666666666,0.9089,0.999574924622162
TCGA-DD-A4NE-01A,5.585018383540287,0.8856664479108822,0.9427433505125463,0.7415465846986872,-0.7662137371186516,-0.6609277392430752,-1.6048654540459653,-1.6048654540459653,1.6240015083829062,0.1423310489513627,-0.0029182941237182,0.19385,0.083815171222891,3.091133333333333,1.3409,0.9997089153668453
TCGA-CC-A8HS-01A,0.9496505736438993,0.9381947599575952,0.9020333579624811,0.7354597517402303,1.1109334113388245,-1.7693972789961085,-1.6153910239717972,-1.6153910239717972,1.6738637073627862,0.1128103321918218,0.0097193975433233,0.9399,0.1065864496225748,3.6559166666666663,0.3733,0.9971665464298392
TCGA-CC-A7IK-01A,0.10617040610344824,0.8968465512309219,0.8716048872795806,0.7305255934919219,1.1178516589417247,-2.606832048616374,-1.617264536526511,-1.617264536526511,1.4898876290324463,0.1044438814705637,0.0016038210790774,0.52555,0.092471383471464,3.75505,1.0222,0.9991484345408728
TCGA-BC-A10Z-01A,0.08567174591570295,0.8526208625708854,0.8501293412697319,0.6908700310184483,0.8621887267558838,-4.036391596169688,-1.6208659869441546,-1.6208659869441546,1.211022873737808,0.0902634708757117,-0.0068600197060515,0.19185,0.0718659070389999,2.1581666666666663,0.8319,0.999933296483338
TCGA-DD-AACV-01A,0.04054170191491757,0.8689922089286014,0.8797072649866835,0.7106945402669569,0.44288963308877993,-2.8739981836291886,-1.6232766627120754,-1.6232766627120754,1.3211587260492232,0.0839969924118355,-0.000675116742429,0.42805,0.0903294647084617,3.5302999999999995,1.1541,0.9997836068977758
TCGA-BC-A10W-01A,8.956870185781863,0.9123580190822353,0.9254027477562236,0.797154492065896,0.10813295233726888,0.21604985786415146,-1.6250303729858009,-1.6250303729858009,1.444571004114482,0.1253552087231053,-0.0122785373901233,1.6337,0.0782506011428362,4.10055,1.4201,0.9991063046876082
TCGA-DD-AADC-01A,0.2666953517531656,0.9501270466286368,0.9196386093251155,0.7413745716032555,0.8992519798883148,-1.2139420437722737,-1.6453820263988082,-1.6453820263988082,1.7304796259327755,0.1237703924035124,0.0011788083789624,1.2347,0.1134446274895299,4.277783333333333,1.1713,0.9986442339357062
TCGA-DD-AAD6-01A,0.9862266598158584,0.8720379625422787,0.7810025133968795,0.7457253810931432,2.8411149789528354,-4.407430142307338,-1.657608508643333,-1.657608508643333,1.2528143696875156,0.0790705907652607,-0.0052464583386769,0.33915,0.0856713292272661,2.1581833333333336,0.4776,0.998771781133326
TCGA-DD-A1EL-01A,0.5359244083423685,0.8963720194524374,0.8752395987743555,0.7529452568323788,1.0232629966874258,-2.0007571068126073,-1.659961189484745,-1.659961189484745,1.5508035687401358,0.1049922762698276,0.0082700901952988,0.88615,0.0953308863137582,3.720333333333333,0.6977,0.9988002630326664
TCGA-UB-A7MC-01A,0.43037753287811137,0.9029481548790954,0.8823185665530054,0.7556077203964529,0.9689456243749249,-1.7708250306793554,-1.6760668791093247,-1.6760668791093247,1.2485898912560134,0.1006946967962784,-0.0182666106700188,0.3445,0.0777069612466992,3.6602166666666665,1.8356,0.9996712746730771
TCGA-5R-AA1C-01A,0.0,0.8366887105187878,0.8616514990890274,0.7630996385855288,0.31245296766401065,-2.0882582420059634,-1.7026356702528156,-1.7026356702528156,1.201362770540238,0.1025952551175957,-0.0004040474652378,1.97075,0.0513636638199566,5.313883333333333,1.0273,0.9999564872003904
TCGA-G3-A5SI-01A,2.0053818200626927,0.9318659868409981,0.9045161596274728,0.7031371823133143,0.9423232750818289,-2.45966165910127,-1.7147525993928767,-1.7147525993928767,1.3980944257975931,0.1013546527440365,-0.0053456993051319,0.261,0.0858164357721577,2.5137,0.5095,0.999739837105003
TCGA-DD-A73B-01A,1.3168685694119888,0.8932353980513907,0.8712706345600484,0.7195756511724001,1.0632502243406279,-2.8686028170179423,-1.731842180510359,-1.731842180510359,1.306265441380475,0.0977160760933861,-0.0052120739284333,0.44095,0.0758115081601006,2.721283333333333,1.1766,0.9998460030261964
TCGA-DD-A73D-01A,0.14098585838496924,0.8866542144143235,0.8388986028695252,0.7431573377608008,1.7185071375994458,-3.0912022913336354,-1.7438383155439492,-1.7438383155439492,1.097940380194433,0.0717137223049736,0.0063188965209309,0.1878999999999999,0.0586766065007135,3.5092833333333333,0.7106,0.99989412229895
TCGA-BW-A5NP-01A,0.3610338795356153,0.9841385228936341,0.9082740168610228,0.7267590676142345,1.758372222148434,-1.8227920347568158,-1.813606058106879,-1.813606058106879,1.6063911570023393,0.1086421966584132,0.0097647168474264,1.1419,0.0983173962330963,3.9608,0.4438,0.9982640877497786
TCGA-BC-A3KG-01A,0.04895630960178901,0.8744863445908425,0.8967457399988068,0.7259429402647132,0.13316933521915708,-2.115651420691334,-1.8146689720965328,-1.8146689720965328,1.5197533333519693,0.1035035251244124,-0.0050921236984477,1.1751,0.1042828399430003,3.7374666666666663,1.518,0.99972871002027
